cosine_sim;;;;;
Right_answer;Answer;Evaluation;Category;head_word;cosine_similarity
many;3 dogs;;;dogs;0.129848897457123
many;Abstract;;;abstract;-0.0493578612804413
many;Action;;;action;0.0298490356653929
many;Agree;;;agree;-0.0376563630998135
many;Alarm;;;alarm;0.0077642179094255
many;Alarm call;;;call;0.0202707592397928
many;Animal sound;;;sound;-0.018830593675375
many;Attention getting;;;getting;0.118030197918415
many;Awkward;;;awkward;0.0113519579172134
many;BOUNCE;;;bounce;0.000267007562797517
many;Ba-dump;;;ba;0.0940216034650803
many;Baby sound;;;sound;-0.018830593675375
many;Ball;;;ball;0.012909927405417
many;Banjo;;;banjo;-0.0585782453417778
many;Be careful;;;be;0.0953559204936028
many;Beat;;;beat;-0.0594762079417706
many;Bird;;;bird;0.0452954806387425
many;Blah blah blah;;;blah;-0.0581895969808102
many;Bong;;;bong;0.00929916184395552
many;Bonk;;;bonk;-0.0439080335199833
many;Bored;;;bored;0.00311735854484141
many;Boringness;;;boringness;-0.01843586191535
many;Bounce;;;bounce;0.000267007562797517
many;Bounces;;;bounces;0.0165357682853937
many;Bouncing;;;bouncing;-0.00619119731709361
many;Calm down;;;calm;-0.0386476926505566
many;Car rear ping;;;rear;-0.0258613638579845
many;Child talk;;;talk;0.0149906659498811
many;Chinese;;;chinese;0.0323398113250732
many;Crickets;;;crickets;0.0737311169505119
many;Cute and tiny;;;cute;0.0473327077925205
many;Cute cartoon character;;;character;0.0511866025626659
many;DON'T KNOW;;;don't;0.166222512722015
many;Danger;;;danger;0.00418793875724077
many;Deepol deepol deepol;;;deepol;
many;Dipo dipo dipo;;;dipo;
many;Do this;;;do;0.214226469397545
many;Echo;;;echo;0.0420030280947685
many;Error;;;error;0.0149806961417198
many;Etcetera;;;etcetera;0.211679190397263
many;Falling;;;falling;-0.0460981540381908
many;Falling down;;;falling;-0.0460981540381908
many;Guitar strings;;;strings;0.0571787282824516
many;Happyness;;;happyness;-0.0199487265199423
many;Horse running;;;running;0.0339100249111652
many;Humming;;;humming;-0.0173918828368187
many;Hurry;;;hurry;0.00921243708580732
many;Hurry up;;;hurry;0.00921243708580732
many;Imitating a sound;;;imitating;0.0145547380670905
many;Imitating beat;;;beat;-0.0594762079417706
many;Impatient sound;;;sound;-0.018830593675375
many;Indecisive;;;indecisive;0.0370642691850662
many;Indicating something;;;indicating;-0.0484052821993828
many;Indifferent;;;indifferent;-0.0565886162221432
many;It is cheap;;;is;0.019067132845521
many;Japanese sounds;;;sounds;0.0305467080324888
many;Jumping;;;jumping;-0.0284143723547459
many;Loading;;;loading;0.0549864955246449
many;Local Dialet;;;dialet;
many;Look;;;look;0.0825779512524605
many;Looking around;;;looking;0.037651538848877
many;My guy;;;guy;0.0159636829048395
many;Pardon;;;pardon;0.0211609862744808
many;Parou;;;parou;
many;Parou Parou Parou;;;parou;
many;Paw;;;paw;0.0258154328912497
many;Pedo PEdo Pedo;;;pedo;-0.0194675419479609
many;People repeated;;;repeated;0.243582785129547
many;Pero pero pero;;;pero;0.0652848556637764
many;Person bored, joking;;;person;0.000870548537932336
many;Playful;;;playful;0.0022973190061748
many;Playfully;;;playfully;0.0389035791158676
many;Playing;;;playing;0.00326221552677453
many;Playing with a kid;;;playing;0.00326221552677453
many;Podeypodey;;;podeypodey;
many;Pointing;;;pointing;-0.00792383030056953
many;Pom;;;pom;-0.00213622488081455
many;Popo Po Poo;;;po;0.0510195270180702
many;Pou-pou-pou-pou;;;pou;0.0400484390556812
many;Pouring water;;;pouring;0.0373917557299137
many;RHYTHM;;;rhythm;-0.0665441676974297
many;Ready;;;ready;-0.0609035976231098
many;Reassuring a comment;;;reassuring;-0.0128571111708879
many;Rejecting idea;;;rejecting;-0.00130437198095024
many;Remind;;;remind;0.115655221045017
many;Repeated;;;repeated;0.243582785129547
many;Resfusing an idea;;;resfusing;
many;Ring the bell;;;ring;0.0433960556983948
many;Robot;;;robot;-0.0325431488454342
many;SING;;;sing;0.0293778348714113
many;SIlly;;;silly;0.042586974799633
many;Seen something;;;seen;0.173281773924828
many;Silly kid sound;;;sound;-0.018830593675375
many;Sing;;;sing;0.0293778348714113
many;Singing;;;singing;0.0151833463460207
many;Singing, strings;;;singing;0.0151833463460207
many;Song;;;song;-0.00643186084926128
many;Strange language;;;language;0.0840415433049202
many;TALK;;;talk;0.0149906659498811
many;Talk;;;talk;0.0149906659498811
many;Talk too much;;;talk;0.0149906659498811
many;Talking;;;talking;0.0183708183467388
many;Telephone ringing;;;ringing;0.0396798737347126
many;Tip toe;;;toe;-0.00875259004533291
many;Tip top;;;top;0.0444597937166691
many;Tipo;;;tipo;-0.0205082539469004
many;Tipo tipo tipo;;;tipo;-0.0205082539469004
many;Trotting;;;trotting;-0.0213441979140043
many;Typing;;;typing;0.0317098051309586
many;Typo;;;typo;-0.0118521377444267
many;Typping;;;typping;
many;Very busy;;;busy;0.129022717475891
many;Vocalising;;;vocalising;0.0885196253657341
many;Vocalization;;;vocalization;0.0598411932587624
many;Wait;;;wait;-0.00512731680646539
many;Walking;;;walking;-0.00342351337894797
many;Warning;;;warning;0.0175501480698586
many;Warning sign;;;sign;-0.0496518723666668
many;Water dropping;;;dropping;-0.0453434213995934
many;Whatever;;;whatever;0.154114305973053
many;Women’s  pooo;;;women;0.153591349720955
many;Women’s pado pado;;;women;0.153591349720955
many;Women’s tipo tipo;;;women;0.153591349720955
many;a beep;;;beep;-0.0149394422769547
many;adult talking child;;;talking;0.0183708183467388
many;adults talking child;;;adults;0.117808140814304
many;after awhile;;;after;0.0805941671133041
many;agreeing;;;agreeing;-0.107505097985268
many;alarm;;;alarm;0.0077642179094255
many;alert sounds from slightly underwater;;;underwater;-0.00422030128538609
many;alien;;;alien;0.0341438166797161
many;alien comunication;;;comunication;
many;amusement;;;amusement;0.0260386243462563
many;amusing noises to pass the time;;;time;0.161479070782661
many;animal sound;;;sound;-0.018830593675375
many;annoying;;;annoying;0.0720609948039055
many;annoying person;;;person;0.000870548537932336
many;anxiousness;;;anxiousness;0.0371450334787369
many;as you say;;;say;0.114957936108112
many;attention;;;attention;0.125048339366913
many;attention please;;;attention;0.125048339366913
many;baby;;;baby;0.0205516144633293
many;baby sound;;;sound;-0.018830593675375
many;baby words;;;words;0.121278695762157
many;badabadabado;;;badabadabado;
many;badop dadop badop;;;dadop;
many;badup badup badup;;;badup;
many;ball;;;ball;0.012909927405417
many;ball bouncing;;;bouncing;-0.00619119731709361
many;ball hitting ground;;;ball;0.012909927405417
many;bao bao bao bao bao;;;bao;0.00621627829968929
many;base;;;base;0.00696173449978232
many;beat;;;beat;-0.0594762079417706
many;beatboxing;;;beatboxing;-0.0947502627968788
many;bedo bedo bedo;;;bedo;-0.0702638328075409
many;being playful;;;being;0.166073679924011
many;bell;;;bell;0.0016955224564299
many;biddup biddup biddup;;;biddup;
many;bidop bidop bidop;;;bidop;
many;bird;;;bird;0.0452954806387425
many;bird chirps;;;chirps;0.00808925274759531
many;blah blah;;;blah;-0.0581895969808102
many;blah blah blah;;;blah;-0.0581895969808102
many;boing;;;boing;-0.043004497885704
many;boing-boing;;;boing;-0.043004497885704
many;bong bong bong;;;bong;0.00929916184395552
many;bong or bounce;;;bong;0.00929916184395552
many;bored;;;bored;0.00311735854484141
many;bored person;;;person;0.000870548537932336
many;boredom;;;boredom;0.012377904728055
many;boring;;;boring;0.0195020046085119
many;bothering;;;bothering;0.0228637512773275
many;bounce;;;bounce;0.000267007562797517
many;bouncing;;;bouncing;-0.00619119731709361
many;bouncing ball;;;ball;0.012909927405417
many;bouncing ping-pong;;;pong;0.0294013489037752
many;bouncy ball;;;ball;0.012909927405417
many;bring it here;;;bring;0.052080076187849
many;bubble with mouth;;;bubble;-0.0162377338856459
many;budum budum;;;budum;
many;building excitement;;;excitement;0.0422809906303883
many;buzzing;;;buzzing;0.0510669387876987
many;call;;;call;0.0202707592397928
many;calling;;;calling;0.0327115058898926
many;calling somebody out;;;calling;0.0327115058898926
many;calm down;;;calm;-0.0386476926505566
many;can you hear;;;hear;0.0610178522765636
many;car horn;;;horn;0.0383440479636192
many;child;;;child;-0.0195865668356419
many;child noise;;;noise;0.021098455414176
many;child singing;;;singing;0.0151833463460207
many;chinese;;;chinese;0.0323398113250732
many;climbing;;;climbing;-0.0148464879021049
many;come;;;come;0.201514273881912
many;come here;;;come;0.201514273881912
many;come over here;;;come;0.201514273881912
many;comedy music;;;music;0.00763306580483913
many;cooing;;;cooing;0.0169950108975172
many;cricket;;;cricket;-9.29779562284239E-05
many;croon;;;croon;-0.0485158711671829
many;dance;;;dance;0.0341590642929077
many;dancing moves;;;dancing;0.0080932630226016
many;dee-bot;;;dee;0.0611105114221573
many;deep deep deep;;;deep;0.0951273441314697
many;deeple deeple deeple;;;deeple;
many;depot;;;depot;0.00672512268647552
many;descending jazz beat;;;descending;-0.0830122977495194
many;do it;;;do;0.214226469397545
many;don't know;;;know;0.227109715342522
many;dont know;;;know;0.227109715342522
many;dripping;;;dripping;-0.0360389202833176
many;drumming;;;drumming;-0.00268769380636513
many;drums;;;drums;-0.000656175019685179
many;emphasis;;;emphasis;0.0689978450536728
many;entertainment;;;entertainment;-0.0180541854351759
many;enunciating;;;enunciating;0.0200538113713264
many;etc etc;;;etc;0.253308951854706
many;excited;;;excited;-0.00313628790900111
many;excuse;;;excuse;-0.0595452561974525
many;falling;;;falling;-0.0460981540381908
many;faster;;;faster;0.125070348381996
many;female adult;;;adult;0.0371838249266148
many;female voice;;;voice;0.0429049208760262
many;fire truck;;;truck;0.00959109421819449
many;flying away;;;flying;0.0395322740077972
many;frivolous;;;frivolous;0.02647122181952
many;gibberish;;;gibberish;-0.0559937134385109
many;gibo;;;gibo;
many;give me attention;;;give;0.0186913385987282
many;go go go;;;go;0.0159455798566341
many;gong;;;gong;-0.0140275917947292
many;goofiness;;;goofiness;-0.010313312523067
many;greeting, signage;;;signage;0.0428716838359833
many;group;;;group;0.0855045840144157
many;guitar;;;guitar;-0.0118511645123363
many;guitar imitation;;;imitation;-0.00547330174595118
many;guitar string;;;string;0.149495854973793
many;happiness;;;happiness;-0.00890293531119824
many;happy;;;happy;0.00680919643491507
many;happy walking;;;walking;-0.00342351337894797
many;hey you;;;hey;0.0448299497365952
many;honk honk honk (like a trumpet);;;like;0.245522081851959
many;honking;;;honking;0.0567206218838692
many;honking or hitting;;;honking;0.0567206218838692
many;horn;;;horn;0.0383440479636192
many;horse;;;horse;-0.0165435131639242
many;hum;;;hum;-0.00706437835469842
many;human mimicking alert sounds;;;mimicking;0.0324203073978424
many;humming;;;humming;-0.0173918828368187
many;humming with boredom;;;humming;-0.0173918828368187
many;hurry;;;hurry;0.00921243708580732
many;hurry hurry;;;hurry;0.00921243708580732
many;hurry up;;;hurry;0.00921243708580732
many;hurry, get it;;;get;0.101940721273422
many;i don't know;;;know;0.227109715342522
many;i dont know;;;know;0.227109715342522
many;i see;;;see;0.11385589838028
many;i understand;;;understand;0.136871322989464
many;idk;;;idk;0.0375093705952168
many;idly passing time;;;passing;0.0781955346465111
many;imitating a song;;;imitating;0.0145547380670905
many;impatience;;;impatience;0.0393559411168098
many;indicating excitedly;;;indicating;-0.0484052821993828
many;instrument;;;instrument;-0.060383390635252
many;instrument playing;;;playing;0.00326221552677453
many;jogging;;;jogging;-0.0272393375635147
many;joke;;;joke;-0.0510033071041107
many;jump;;;jump;-0.0381547138094902
many;jumping;;;jumping;-0.0284143723547459
many;knocking;;;knocking;0.0234741978347302
many;learning;;;learning;0.0535844936966896
many;let's get going;;;let;0.0279468428343534
many;little ball bouncing;;;ball;0.012909927405417
many;look over there;;;look;0.0825779512524605
many;man, humming;;;man;0.0149805955588818
many;melody;;;melody;-0.0230805166065693
many;message;;;message;0.00601828703656793
many;mic test;;;test;0.025213573127985
many;milling, repeating same word;;;word;0.0171454213559628
many;moving along;;;moving;-0.0234183818101883
many;moving on;;;moving;-0.0234183818101883
many;mumble;;;mumble;-0.0325321815907955
many;mumbling;;;mumbling;-0.0370386727154255
many;muppet sound;;;sound;-0.018830593675375
many;music;;;music;0.00763306580483913
many;music instrument;;;instrument;-0.060383390635252
many;music play;;;play;0.0122344875708222
many;musical note;;;note;0.0185518711805344
many;musical sounds;;;sounds;0.0305467080324888
many;object dropping;;;dropping;-0.0453434213995934
many;office;;;office;0.0266058035194874
many;ok ok;;;ok;-0.0502834357321262
many;ok understood;;;understood;0.0665341913700104
many;okay;;;okay;-0.0451378598809242
many;padapadappadap;;;padapadappadap;
many;padoh padoh padoh;;;padoh;
many;pah pah;;;pah;0.02084019780159
many;paro paro paro;;;paro;0.0149364769458771
many;paroparoparo;;;paroparoparo;
many;parrot;;;parrot;0.0168549977242947
many;parup parup parup;;;parup;
many;passing time;;;passing;0.0781955346465111
many;pedon;;;pedon;-0.0728408247232437
many;pedop pedop pedop;;;pedop;
many;pedoppedoppedop;;;pedoppedoppedop;
many;people;;;people;0.346663922071457
many;peoplepeoplepeople;;;peoplepeoplepeople;
many;pero pero pero;;;pero;0.0652848556637764
many;pero, pero, pero;;;pero;0.0652848556637764
many;pero...pero....pero;;;pero;0.0652848556637764
many;peru peru peru;;;peru;-0.00559328310191631
many;phone ringing;;;ringing;0.0396798737347126
many;piano;;;piano;-0.00325487134978175
many;ping pong;;;pong;0.0294013489037752
many;pingpong;;;pingpong;
many;play;;;play;0.0122344875708222
many;playful;;;playful;0.0022973190061748
many;playing;;;playing;0.00326221552677453
many;playing an instrument;;;playing;0.00326221552677453
many;playing guiater;;;playing;0.00326221552677453
many;playing instrument;;;playing;0.00326221552677453
many;playing xylophone;;;playing;0.00326221552677453
many;plunking string;;;plunking;-0.0789436101913452
many;pom pom pom pom pom;;;pom;-0.00213622488081455
many;pon pon pon;;;pon;0.00133690482471138
many;pong;;;pong;0.0294013489037752
many;pong pong;;;pong;0.0294013489037752
many;pong pong pong;;;pong;0.0294013489037752
many;pong pong pong pong pong;;;pong;0.0294013489037752
many;pong pong pong pong pongggg;;;pongggg;
many;ponging;;;ponging;
many;pongpongpong;;;pongpongpong;
many;pongpongpongpong;;;pongpongpongpong;
many;pongpongpongpongpong;;;pongpongpongpongpong;
many;pow pow pow;;;pow;0.00300794513896108
many;pow pow pow pow pow;;;pow;0.00300794513896108
many;powmpowmpowm;;;powmpowmpowm;
many;pr pr pr;;;pr;-0.032892432063818
many;practice;;;practice;0.0510579645633698
many;pro pro pro;;;pro;0.0587748475372791
many;problem;;;problem;0.133207395672798
many;pruprupru;;;pruprupru;
many;put down;;;put;-0.0137452287599444
many;rain;;;rain;-3.28815508510161E-06
many;rain drop;;;drop;-0.0335956700146198
many;random;;;random;0.0344013646245003
many;random tune;;;tune;-0.0466386638581753
many;rebound;;;rebound;-0.00654914509505034
many;relax;;;relax;-0.0103760464116931
many;repeat;;;repeat;0.0840056985616684
many;repeting;;;repeting;
many;repetition;;;repetition;0.105561442673206
many;rhythimic badop;;;badop;
many;rhythmic sound;;;sound;-0.018830593675375
many;right, right;;;right;-0.0130916517227888
many;ringing;;;ringing;0.0396798737347126
many;robot;;;robot;-0.0325431488454342
many;roll out;;;roll;0.0123368501663208
many;rooftop;;;rooftop;0.00342820608057082
many;running;;;running;0.0339100249111652
many;rushing someone;;;rushing;0.0472525283694267
many;rythm;;;rythm;
many;sharp;;;sharp;-0.00175622431561351
many;showing something;;;showing;0.00281827338039875
many;sing;;;sing;0.0293778348714113
many;singing;;;singing;0.0151833463460207
many;singing distracted;;;singing;0.0151833463460207
many;singing woman;;;singing;0.0151833463460207
many;slowing;;;slowing;-0.0297815687954426
many;smacking;;;smacking;-0.101163133978844
many;small rubber ball;;;ball;0.012909927405417
many;someone knocking;;;someone;0.104532063007355
many;something falling;;;falling;-0.0460981540381908
many;song;;;song;-0.00643186084926128
many;sorry;;;sorry;0.0711493343114853
many;sounds;;;sounds;0.0305467080324888
many;spanish person;;;person;0.000870548537932336
many;speaking;;;speaking;-0.0164128392934799
many;splashing water;;;splashing;-0.018196364864707
many;sponging;;;sponging;-0.00921215582638979
many;spring;;;spring;0.0456917025148869
many;spring bouncing;;;bouncing;-0.00619119731709361
many;stairs;;;stairs;0.0395234785974026
many;stepping;;;stepping;-0.0460056141018868
many;steps, marching;;;steps;0.098854273557663
many;stop;;;stop;-0.106107316911221
many;stop that;;;stop;-0.106107316911221
many;strings;;;strings;0.0571787282824516
many;swamp noises;;;noises;0.0415972620248795
many;talk;;;talk;0.0149906659498811
many;talkative;;;talkative;0.0413027629256249
many;talking;;;talking;0.0183708183467388
many;tea pot;;;pot;0.0143482610583305
many;teep teep teep;;;teep;-0.0293685086071491
many;teepo teepo teepo;;;teepo;
many;teepoh;;;teepoh;
many;teepoh teepoh teepoh;;;teepoh;
many;telephone;;;telephone;0.0291914045810699
many;tent;;;tent;-0.00651705823838711
many;tepo tepo tepo;;;tepo;
many;testing;;;testing;0.0492794439196587
many;this one;;;one;0.325255125761032
many;tiny robot;;;robot;-0.0325431488454342
many;tip toe;;;toe;-0.00875259004533291
many;tipo;;;tipo;-0.0205082539469004
many;tipo play;;;play;0.0122344875708222
many;tipo tipo tipo;;;tipo;-0.0205082539469004
many;tipo...tipo...tipo;;;tipo;-0.0205082539469004
many;tipotipotipo;;;tipotipotipo;
many;tired;;;tired;0.0207542311400175
many;tito tito tito;;;tito;0.0345508307218552
many;totototo;;;totototo;
many;touching something;;;touching;-0.040081299841404
many;touching touchscreen;;;touchscreen;0.036160834133625
many;towel;;;towel;0.00273264851421118
many;trumpet;;;trumpet;0.0339568853378296
many;tune bass notes;;;notes;0.0638690143823624
many;twang;;;twang;-0.0551485233008862
many;type;;;type;0.0665028542280197
many;type on keyboard;;;type;0.0665028542280197
many;typing;;;typing;0.0317098051309586
many;typing computer;;;typing;0.0317098051309586
many;typo;;;typo;-0.0118521377444267
many;typo typo typo;;;typo;-0.0118521377444267
many;unhappy;;;unhappy;0.0650065168738365
many;vocal stimming;;;stimming;0.0585657693445683
many;voice;;;voice;0.0429049208760262
many;vow vow vow;;;vow;-0.0408609993755817
many;wah wah wah;;;wah;0.0700094699859619
many;wait;;;wait;-0.00512731680646539
many;waiting;;;waiting;0.039178840816021
many;walk;;;walk;0.00712149031460285
many;walking;;;walking;-0.00342351337894797
many;warning;;;warning;0.0175501480698586
many;watch out;;;watch;0.0304101072251797
many;water;;;water;0.0264905877411366
many;whatever;;;whatever;0.154114305973053
many;woman sound;;;sound;-0.018830593675375
many;word noises;;;noises;0.0415972620248795
many;work;;;work;0.142021536827087
many;yes;;;yes;0.174719154834747
many;;;;nan;0.0411427281796932
water;....;;;....;
water;Air bubbles;;;bubbles;0.368950188159943
water;Baby;;;baby;0.0438435859978199
water;Blblblbl;;;blblblbl;
water;Bloop;;;bloop;0.014859227463603
water;Boredom;;;boredom;-0.0110704163089395
water;Bubble;;;bubble;0.193090975284576
water;Bubbles;;;bubbles;0.368950188159943
water;Bubbling;;;bubbling;0.27653169631958
water;Chewing;;;chewing;-0.0194240603595972
water;Choking on water;;;choking;0.076511025428772
water;DON'T KNOW;;;don't;0.00955483037978411
water;Drain pipe;;;pipe;0.298302173614502
water;Driking;;;driking;
water;Drink;;;drink;0.415255457162857
water;Drinking;;;drinking;0.440030604600906
water;Drinking noises;;;noises;0.0728987157344818
water;Drinking or fish;;;drinking;0.440030604600906
water;Drinking water;;;water;1
water;Dripping;;;dripping;0.3521668612957
water;Droplet;;;droplet;0.331527173519135
water;Droplets;;;droplets;0.39942467212677
water;Dropping;;;dropping;0.106220878660679
water;Drops;;;drops;0.281525373458862
water;Drops of water;;;drops;0.281525373458862
water;Eat;;;eat;0.0898236110806465
water;Eating;;;eating;0.0571997836232185
water;Eww;;;eww;0.0305484384298325
water;Fish;;;fish;0.355244040489197
water;Fishing;;;fishing;0.287088602781296
water;Footsteps;;;footsteps;0.0084190908819437
water;GULP;;;gulp;0.289068907499313
water;Glug;;;glug;0.308504581451416
water;Gluh;;;gluh;
water;Go away;;;go;0.0792085975408554
water;Gu gu gu gu;;;gu;0.0730260014533997
water;Gulp;;;gulp;0.289068907499313
water;Gulp gulp gulp;;;gulp;0.289068907499313
water;Gulp, swallow;;;gulp;0.289068907499313
water;Gulping;;;gulping;0.302558392286301
water;Gulping down drink;;;gulping;0.302558392286301
water;Gulping something;;;gulping;0.302558392286301
water;Hiccups;;;hiccups;0.00597770418971777
water;Horse;;;horse;0.078014113008976
water;Horse hooves;;;hooves;0.00890676211565733
water;Imitating a beat;;;imitating;-0.0168529395014048
water;Just being idle;;;being;0.0691742449998856
water;Leaking;;;leaking;0.345385760068893
water;Licking;;;licking;0.042251493781805
water;Man playing;;;playing;0.0222950652241707
water;Many fish;;;fish;0.355244040489197
water;Men’s  plummm;;;men;0.0298715401440859
water;Mix. It;;;mix;0.087642714381218
water;Mixing;;;mixing;0.146241679787636
water;Mouth clap;;;clap;0.0179820638149977
water;Mouth sounds;;;sounds;0.0480296090245247
water;No sound;;;sound;0.0841290876269341
water;;;;nan;-0.0349221453070641
water;Not sure;;;sure;0.0286123640835285
water;Nothing;;;nothing;0.0196950435638428
water;Plc plc plc;;;plc;0.0446219705045223
water;Plop;;;plop;0.19802725315094
water;Plump lips;;;lips;0.0631774514913559
water;Plunger;;;plunger;0.212234556674957
water;Posing a question;;;posing;0.0242566149681807
water;Pouring a drink;;;pouring;0.325309902429581
water;Prlam;;;prlam;
water;Pumping;;;pumping;0.348150879144669
water;Quiet;;;quiet;0.0434432923793793
water;RUDE;;;rude;-0.0345994643867016
water;Rain;;;rain;0.36287248134613
water;SOUND;;;sound;0.0841290876269341
water;Saliva in mouth;;;saliva;0.173303380608559
water;Silence?;;;silence;0.0112662622705102
water;Sound;;;sound;0.0841290876269341
water;Sound of airplane;;;sound;0.0841290876269341
water;Splash of water;;;splash;0.379559129476547
water;Steps;;;steps;0.0341580808162689
water;Sticky;;;sticky;0.0313777960836887
water;Strange  sounds;;;strange;-0.01914007589221
water;Strange cosmic sound;;;sound;0.0841290876269341
water;Swallow;;;swallow;0.140493556857109
water;Swallowing;;;swallowing;0.167052611708641
water;Swalow;;;swalow;
water;Swim;;;swim;0.423511534929276
water;Swimming;;;swimming;0.419174164533615
water;Tap drip;;;drip;0.385730862617493
water;Tasting;;;tasting;0.0576497726142406
water;Thirsty;;;thirsty;0.34269967675209
water;Trotting through water;;;trotting;0.0167626701295376
water;WHISTLE;;;whistle;0.0862776190042496
water;Water;;;water;1
water;Water Drops;;;drops;0.281525373458862
water;Water drop;;;drop;0.16654135286808
water;Water droplets;;;droplets;0.39942467212677
water;Water droplets droping;;;droplets;0.39942467212677
water;Water drops;;;drops;0.281525373458862
water;Water sounds;;;sounds;0.0480296090245247
water;air bubbles;;;bubbles;0.368950188159943
water;also silent;;;silent;0.026281651109457
water;animal drinking water;;;water;1
water;animal on water;;;animal;0.124997787177563
water;animal walk;;;walk;0.0693325698375702
water;attention;;;attention;0.0818661600351334
water;babababa;;;babababa;
water;baby;;;baby;0.0438435859978199
water;bath;;;bath;0.347546875476837
water;beer;;;beer;0.255012184381485
water;big animal;;;animal;0.124997787177563
water;bird call;;;call;0.009237308986485
water;blow bubbles;;;bubbles;0.368950188159943
water;blowing into straw;;;blowing;0.0944796726107597
water;blu blu blu;;;blu;-0.0237194169312716
water;blup;;;blup;
water;blurps;;;blurps;
water;bored;;;bored;0.00884635746479034
water;bottle;;;bottle;0.329208225011826
water;bubble;;;bubble;0.193090975284576
water;bubbles;;;bubbles;0.368950188159943
water;bubbles popping;;;bubbles;0.368950188159943
water;bubbling;;;bubbling;0.27653169631958
water;cant hear anything;;;hear;0.0384666174650192
water;car sounds;;;sounds;0.0480296090245247
water;chew;;;chew;-0.0264247395098209
water;chipmuk;;;chipmuk;
water;chug;;;chug;0.232309058308601
water;chugging liquid;;;chugging;0.161898970603943
water;clicking;;;clicking;-0.0727947726845741
water;cooling;;;cooling;0.331016063690186
water;dipping;;;dipping;0.269121199846268
water;dog drinking water;;;water;1
water;dog licking water;;;licking;0.042251493781805
water;dog sip;;;sip;0.237271696329117
water;don't know;;;know;0.0330480374395847
water;drink;;;drink;0.415255457162857
water;drink water;;;drink;0.415255457162857
water;drink, thirsty;;;drink;0.415255457162857
water;drinking;;;drinking;0.440030604600906
water;drinking a bottle;;;drinking;0.440030604600906
water;drinking dog;;;dog;0.0786338374018669
water;drinking gulp;;;drinking;0.440030604600906
water;drinking sound;;;drinking;0.440030604600906
water;drinking water;;;water;1
water;drip;;;drip;0.385730862617493
water;drip noise;;;noise;0.0768922418355942
water;drip water;;;water;1
water;dripping;;;dripping;0.3521668612957
water;dripping water;;;water;1
water;drop;;;drop;0.16654135286808
water;drop drop;;;drop;0.16654135286808
water;drop drop drop;;;drop;0.16654135286808
water;drop noise;;;noise;0.0768922418355942
water;droplet;;;droplet;0.331527173519135
water;droplets;;;droplets;0.39942467212677
water;droplets falling;;;falling;0.137846440076828
water;droplets of water;;;droplets;0.39942467212677
water;drops;;;drops;0.281525373458862
water;drops of falling water;;;drops;0.281525373458862
water;drown;;;drown;0.411075741052628
water;drowning;;;drowning;0.397632211446762
water;eat;;;eat;0.0898236110806465
water;eating;;;eating;0.0571997836232185
water;electronic sound;;;sound;0.0841290876269341
water;empty;;;empty;0.107759155333042
water;faint bubbling;;;bubbling;0.27653169631958
water;faint tap;;;tap;0.318104326725006
water;faint water sound;;;water;1
water;fish;;;fish;0.355244040489197
water;fish in water;;;fish;0.355244040489197
water;fish underwater;;;underwater;0.432264000177383
water;flow;;;flow;0.378509730100632
water;fluid sound;;;sound;0.0841290876269341
water;footsteps;;;footsteps;0.0084190908819437
water;gallop;;;gallop;0.0174227822571993
water;galloping;;;galloping;0.00174636207520962
water;galopp on bubbles;;;galopp;
water;gargle;;;gargle;0.326286554336548
water;gloop;;;gloop;0.214493066072464
water;glub...glub;;;glub;0.53145968914032
water;go go;;;go;0.0792085975408554
water;go go go;;;go;0.0792085975408554
water;gogogo;;;gogogo;
water;goo goo goo (like imitation drinking noise);;;like;0.0804304853081703
water;goo-goo-goo-goo;;;goo;0.188513606786728
water;goup goup;;;goup;
water;greeting;;;greeting;-0.0252354200929403
water;gu gu gu;;;gu;0.0730260014533997
water;gu gu gu gu;;;gu;0.0730260014533997
water;gu..gu...gu;;;gu;0.0730260014533997
water;gugugu;;;gugugu;
water;gugugugu;;;gugugugu;
water;gugugugugug;;;gugugugugug;
water;guh guh guh guh;;;guh;0.0659398064017296
water;guhguhguh;;;guhguhguh;
water;gulp;;;gulp;0.289068907499313
water;gulp gulp;;;gulp;0.289068907499313
water;gulp gulp gulp;;;gulp;0.289068907499313
water;gulping;;;gulping;0.302558392286301
water;gulps;;;gulps;0.300194174051285
water;gurgling;;;gurgling;0.25648620724678
water;hand over mouth;;;hand;0.100990273058414
water;hello;;;hello;-0.0429312139749527
water;hens;;;hens;0.0231174062937498
water;hiccups;;;hiccups;0.00597770418971777
water;horse;;;horse;0.078014113008976
water;horse riding;;;riding;0.0360125154256821
water;horse running;;;running;0.151481077075005
water;hungry;;;hungry;0.088782362639904
water;hurry;;;hurry;0.0270866751670837
water;imitating;;;imitating;-0.0168529395014048
water;itowo;;;itowo;
water;jelly;;;jelly;0.0796934366226196
water;keep silent;;;keep;0.0857373028993607
water;kid;;;kid;0.0188966300338507
water;knock;;;knock;-0.0283612348139286
water;licking;;;licking;0.042251493781805
water;licking microphone;;;licking;0.042251493781805
water;lip smacking;;;smacking;0.00449359882622957
water;lips;;;lips;0.0631774514913559
water;liquid;;;liquid;0.449228197336197
water;low bubbly sound;;;sound;0.0841290876269341
water;man;;;man;0.0498881228268147
water;mouth noises;;;noises;0.0728987157344818
water;mouth's noise;;;mouth;0.146681308746338
water;moving water;;;water;1
water;mumbling;;;mumbling;0.0144482767209411
water;munch;;;munch;-0.0476948209106922
water;no idea;;;idea;0.0626697987318039
water;no sound;;;sound;0.0841290876269341
water;nom nom nom;;;nom;-0.0237718317657709
water;nothing;;;nothing;0.0196950435638428
water;notification;;;notification;0.0163306798785925
water;pao pao pao pao;;;pao;-0.0137575976550579
water;passing time;;;passing;0.0260324589908123
water;pee-ee aweah;;;ee;-0.0490536764264107
water;phwep;;;phwep;
water;play with child;;;play;0.026556558907032
water;playing;;;playing;0.0222950652241707
water;playing with tongue;;;playing;0.0222950652241707
water;plep plep plep;;;plep;
water;plepleepellee;;;plepleepellee;
water;pliip plop;;;plop;0.19802725315094
water;plop plop;;;plop;0.19802725315094
water;plop plop plop;;;plop;0.19802725315094
water;pluba pluba pluba pluba pluba;;;pluba;
water;pluh;;;pluh;
water;plumplumploomplommploom;;;plumplumploomplommploom;
water;plup;;;plup;
water;pond;;;pond;0.524800717830658
water;poul poul;;;poul;0.0488941669464111
water;pouring;;;pouring;0.325309902429581
water;pouring water;;;pouring;0.325309902429581
water;pueh pueh pueh;;;pueh;
water;quick;;;quick;0.0721705257892609
water;racking;;;racking;0.0042225387878716
water;rain;;;rain;0.36287248134613
water;really quiet;;;quiet;0.0434432923793793
water;repeated gulping;;;gulping;0.302558392286301
water;ringing;;;ringing;-0.0149494642391801
water;rippling;;;rippling;0.179871991276741
water;run;;;run;0.12223893404007
water;salivating;;;salivating;0.014749176800251
water;silence;;;silence;0.0112662622705102
water;silliness playfulness;;;playfulness;0.0513537898659706
water;sink;;;sink;0.351544409990311
water;siping;;;siping;
water;slapping sound;;;slapping;0.0687545984983444
water;sleeping fish;;;fish;0.355244040489197
water;slurp;;;slurp;0.207605823874474
water;slurp slurp slurp;;;slurp;0.207605823874474
water;smack tongue;;;tongue;0.0233745668083429
water;smacking;;;smacking;0.00449359882622957
water;sound;;;sound;0.0841290876269341
water;sound of water;;;sound;0.0841290876269341
water;spelling G;;;spelling;-0.0130978422239423
water;spitting;;;spitting;0.165877774357796
water;splash;;;splash;0.379559129476547
water;splashing;;;splashing;0.439600199460983
water;steps;;;steps;0.0341580808162689
water;stuttering;;;stuttering;-0.0422909818589687
water;suck;;;suck;0.106221601366997
water;suckers;;;suckers;0.0918320119380951
water;swallow;;;swallow;0.140493556857109
water;swallow liquid;;;liquid;0.449228197336197
water;swallowing;;;swallowing;0.167052611708641
water;swallowing something;;;swallowing;0.167052611708641
water;swallowing while drinking;;;swallowing;0.167052611708641
water;swallowing, gurgling;;;swallowing;0.167052611708641
water;swim;;;swim;0.423511534929276
water;swimming underwater;;;swimming;0.419174164533615
water;talk or use mouth;;;talk;0.0307096298784018
water;talk to baby;;;talk;0.0307096298784018
water;tapping - walking;;;walking;0.0701223984360695
water;tapping sound;;;tapping;0.116185426712036
water;tasting;;;tasting;0.0576497726142406
water;thadthadd;;;thadthadd;
water;thinking;;;thinking;0.0470318868756294
water;throat noises;;;noises;0.0728987157344818
water;tongue;;;tongue;0.0233745668083429
water;tongue beats lips;;;beats;0.014263060875237
water;tongue language;;;language;-0.00580664351582527
water;tongue play;;;play;0.026556558907032
water;trotting;;;trotting;0.0167626701295376
water;tuputputput;;;tuputputput;
water;turkey;;;turkey;0.0141474399715662
water;unclog;;;unclog;0.169821977615356
water;unclogging toilet;;;unclogging;0.13142816722393
water;underwater;;;underwater;0.432264000177383
water;walking;;;walking;0.0701223984360695
water;walking in the rain;;;walking;0.0701223984360695
water;wanting to leave;;;wanting;0.0198184158653021
water;water;;;water;1
water;water being emptied from a vessel;;;vessel;0.273157238960266
water;water dripping;;;dripping;0.3521668612957
water;water dripping sound;;;dripping;0.3521668612957
water;water drop;;;drop;0.16654135286808
water;water droplet;;;droplet;0.331527173519135
water;water drops;;;drops;0.281525373458862
water;water in tap;;;water;1
water;water sound;;;sound;0.0841290876269341
water;water splash;;;splash;0.379559129476547
water;water splashing;;;splashing;0.439600199460983
water;watery sound;;;sound;0.0841290876269341
water;watter drop;;;drop;0.16654135286808
water;wet;;;wet;0.350485771894455
water;whip wap;;;whip;0.0474110543727875
water;work on stone;;;work;0.0234727319329977
water;working;;;working;0.0130947064608336
water;zeroing;;;zeroing;-0.0161112509667873
water;;;;nan;-0.0349221453070641
meat;Agh agh;;;agh;-0.0140888607129455
meat;Anger;;;anger;-0.00655257795006037
meat;Arom t;;;t;0.0332231447100639
meat;Aum am am;;;am;-0.0249709226191044
meat;Awm Awm Awm;;;awm;0.0147717650979757
meat;Bad taste;;;taste;0.23577281832695
meat;Big bites;;;bites;0.137512698769569
meat;Big chomps;;;chomps;0.154563471674919
meat;Chew;;;chew;0.168985888361931
meat;Chew mimick;;;mimick;-0.0486756414175034
meat;Chewing;;;chewing;0.169593796133995
meat;Chomp-chomp;;;chomp;0.16828753054142
meat;Clearing Throat;;;throat;0.12282483279705
meat;Continuously biting;;;biting;0.06929761916399
meat;Delicious;;;delicious;0.303542792797089
meat;Delicious.;;;delicious;0.303542792797089
meat;Devour;;;devour;0.252488940954208
meat;Devouring;;;devouring;0.165837526321411
meat;Disagreement;;;disagreement;0.0377004221081734
meat;Disliking food;;;disliking;0.00950353872030973
meat;EAT;;;eat;0.387982130050659
meat;Eat;;;eat;0.387982130050659
meat;Eating;;;eating;0.390018850564957
meat;Eating delicious food;;;eating;0.390018850564957
meat;Eating disgusting food;;;eating;0.390018850564957
meat;Eating fast;;;eating;0.390018850564957
meat;Eating something;;;eating;0.390018850564957
meat;Eating sound;;;eating;0.390018850564957
meat;Eating sounds;;;sounds;0.0176344979554415
meat;Eating vigourously;;;eating;0.390018850564957
meat;Eating, Man, Vicious;;;eating;0.390018850564957
meat;Eats;;;eats;0.405390620231628
meat;Enjoying eating;;;enjoying;0.0436006337404251
meat;Enjoying food;;;enjoying;0.0436006337404251
meat;Enjoying, eating;;;enjoying;0.0436006337404251
meat;Enjoyment;;;enjoyment;0.0163033008575439
meat;Erum na;;;erum;
meat;Food;;;food;0.520489275455475
meat;Food  just alright;;;food;0.520489275455475
meat;Gibberish;;;gibberish;0.0119613893330097
meat;Gnome;;;gnome;-0.0774652063846588
meat;Good food;;;food;0.520489275455475
meat;Gorge;;;gorge;0.124558500945568
meat;Grunting;;;grunting;0.115126445889473
meat;Gulping;;;gulping;0.0697518661618233
meat;Hunger;;;hunger;0.211985871195793
meat;Hungry;;;hungry;0.263477593660355
meat;I guess so;;;guess;-0.0129864560440183
meat;It is delicious;;;is;0.0103757781907916
meat;It tastes good;;;tastes;0.270633459091187
meat;Loud eating;;;eating;0.390018850564957
meat;Male grunt;;;grunt;0.0919276475906372
meat;Maybe;;;maybe;-0.0317598953843117
meat;Men’s ammmam;;;men;0.0353330597281456
meat;Men’s strange sounds;;;men;0.0353330597281456
meat;Mlam chomp;;;chomp;0.16828753054142
meat;Motor;;;motor;0.0475607849657536
meat;Munching;;;munching;0.16032038629055
meat;Noisy eating / chewing;;;chewing;0.169593796133995
meat;Not now;;;now;-0.00473570823669434
meat;Obnoxious eating;;;eating;0.390018850564957
meat;Ogre;;;ogre;0.0985569953918457
meat;Person swallowing fast;;;swallowing;0.0704061761498451
meat;Pleasure;;;pleasure;0.0551028251647949
meat;Quiet, Eating;;;eating;0.390018850564957
meat;Ravenous;;;ravenous;0.234792187809944
meat;SOUND;;;sound;0.0136349713429809
meat;Salivating;;;salivating;0.120954759418964
meat;Satisfied after meal;;;satisfied;0.0474832803010941
meat;Scarfing food;;;scarfing;0.16056202352047
meat;Scoffing;;;scoffing;0.0164834782481194
meat;Smacking Lips;;;lips;0.0520377270877361
meat;Snore;;;snore;-0.0282888915389776
meat;Snoring;;;snoring;-0.0265438240021467
meat;Snort;;;snort;-0.0218037776648998
meat;Sour;;;sour;0.134617075324059
meat;Speeding up;;;speeding;0.0299061369150877
meat;Spilling out;;;spilling;0.00608278997242451
meat;TASTY;;;tasty;0.345725655555725
meat;Taste very good;;;taste;0.23577281832695
meat;Tasty;;;tasty;0.345725655555725
meat;Thinking;;;thinking;-0.00118592986837029
meat;To chew;;;chew;0.168985888361931
meat;Ueeem nam nam;;;nam;-0.00229578255675733
meat;Voracious;;;voracious;0.156323447823524
meat;Voracious eating;;;eating;0.390018850564957
meat;You eat;;;eat;0.387982130050659
meat;aahrm aahrm;;;aahrm;
meat;adult talking child;;;talking;0.0128254983574152
meat;aggressive eating;;;eating;0.390018850564957
meat;ahumm hummhumm;;;hummhumm;
meat;ammm ammm ammm;;;ammm;
meat;angry chewing;;;chewing;0.169593796133995
meat;angry eat;;;eat;0.387982130050659
meat;angry eating;;;eating;0.390018850564957
meat;animal;;;animal;0.337896287441254
meat;animal eating;;;eating;0.390018850564957
meat;anticipation;;;anticipation;-0.0232175178825855
meat;arghm arghm orghm;;;arghm;
meat;arrchh smack;;;smack;0.0299659874290228
meat;arrogance;;;arrogance;-0.0144168548285961
meat;arrrrm armmm;;;armmm;
meat;aum!,,, am... am!;;;am;-0.0249709226191044
meat;aumk aumk amt;;;aumk;
meat;aumomomom;;;aumomomom;
meat;avid;;;avid;0.0333199054002762
meat;bad taste;;;taste;0.23577281832695
meat;big animal eating;;;animal;0.337896287441254
meat;big bite;;;bite;0.142531365156174
meat;big bites;;;bites;0.137512698769569
meat;big eating;;;eating;0.390018850564957
meat;bite;;;bite;0.142531365156174
meat;biting;;;biting;0.06929761916399
meat;biting loud;;;biting;0.06929761916399
meat;brumm nom nom nah;;;brumm;
meat;car;;;car;0.0432710684835911
meat;carrot;;;carrot;0.239192366600037
meat;cartoon eating;;;eating;0.390018850564957
meat;cha cha;;;cha;0.00889375433325768
meat;chew;;;chew;0.168985888361931
meat;chewing;;;chewing;0.169593796133995
meat;chewing aggressively;;;chewing;0.169593796133995
meat;chewing food;;;chewing;0.169593796133995
meat;chewing sound;;;chewing;0.169593796133995
meat;chewing... mouth noise;;;chewing;0.169593796133995
meat;chomp;;;chomp;0.16828753054142
meat;chomp chomp (like eating);;;chomp;0.16828753054142
meat;chomping;;;chomping;0.142216980457306
meat;chowing;;;chowing;0.249636396765709
meat;clacking;;;clacking;-0.0571596845984459
meat;come eat;;;come;0.0271375309675932
meat;cow;;;cow;0.435138314962387
meat;cromp cromp;;;cromp;
meat;danger;;;danger;0.0474765338003635
meat;delicious;;;delicious;0.303542792797089
meat;delicious food;;;food;0.520489275455475
meat;devour;;;devour;0.252488940954208
meat;devouring;;;devouring;0.165837526321411
meat;disgruntled;;;disgruntled;-0.0305753499269485
meat;disgust;;;disgust;0.0061716353520751
meat;disgusting;;;disgusting;0.0332216806709766
meat;disgusting eating sound;;;sound;0.0136349713429809
meat;dislike;;;dislike;0.0147904520854354
meat;displeased;;;displeased;-0.0164077002555132
meat;distaste;;;distaste;0.0164594408124685
meat;dog;;;dog;0.142998337745667
meat;dog eating;;;eating;0.390018850564957
meat;don't know;;;know;0.0445074439048767
meat;dreaming;;;dreaming;-0.0361266583204269
meat;dry mouth;;;mouth;0.0533154830336571
meat;eat;;;eat;0.387982130050659
meat;eating;;;eating;0.390018850564957
meat;eating ,chewing;;;chewing;0.169593796133995
meat;eating a big man;;;eating;0.390018850564957
meat;eating annoyed;;;eating;0.390018850564957
meat;eating apple;;;eating;0.390018850564957
meat;eating chips;;;eating;0.390018850564957
meat;eating disgusting food;;;eating;0.390018850564957
meat;eating fast;;;eating;0.390018850564957
meat;eating food;;;eating;0.390018850564957
meat;eating good;;;eating;0.390018850564957
meat;eating heartily;;;eating;0.390018850564957
meat;eating loudly;;;eating;0.390018850564957
meat;eating meat;;;eating;0.390018850564957
meat;eating sauce;;;eating;0.390018850564957
meat;eating something;;;eating;0.390018850564957
meat;eating something delicious;;;eating;0.390018850564957
meat;eating sound;;;eating;0.390018850564957
meat;eating upset;;;eating;0.390018850564957
meat;eating while hungry;;;eating;0.390018850564957
meat;eating with enthusiasm;;;eating;0.390018850564957
meat;eating with relish;;;eating;0.390018850564957
meat;eating, full;;;eating;0.390018850564957
meat;eating, hungry;;;eating;0.390018850564957
meat;eating, not liking;;;eating;0.390018850564957
meat;eating?;;;eating;0.390018850564957
meat;emm uhn jank;;;jank;-0.0297666024416685
meat;enjoy chewing;;;chewing;0.169593796133995
meat;enjoying food;;;enjoying;0.0436006337404251
meat;enjoying something;;;enjoying;0.0436006337404251
meat;euueemmm mna mnam nanm;;;mna;-0.00556073570623994
meat;exaggerate;;;exaggerate;-0.0194506924599409
meat;fake eating;;;eating;0.390018850564957
meat;famished;;;famished;0.239891484379768
meat;fat man eating;;;man;0.0732081681489945
meat;feasting;;;feasting;0.276693910360336
meat;food;;;food;0.520489275455475
meat;ggggp ggggp;;;ggggp;
meat;gnhu gnhu;;;gnhu;
meat;go away;;;go;0.0367962494492531
meat;gobble;;;gobble;0.230924248695374
meat;gobble up;;;gobble;0.230924248695374
meat;gobbling food;;;gobbling;0.169727712869644
meat;good;;;good;0.0352913103997707
meat;good food;;;food;0.520489275455475
meat;greedy;;;greedy;0.0748170986771584
meat;groan;;;groan;0.0371725410223007
meat;grunt;;;grunt;0.0919276475906372
meat;grunting;;;grunting;0.115126445889473
meat;gulp;;;gulp;0.0298049412667751
meat;gulp gulp;;;gulp;0.0298049412667751
meat;gulping;;;gulping;0.0697518661618233
meat;haap haaap;;;haaap;
meat;ham ham;;;ham;0.486799985170364
meat;hamm nam nath;;;nam;-0.00229578255675733
meat;happy eater;;;eater;0.342661023139954
meat;hard;;;hard;0.066283792257309
meat;hrom hrom;;;hrom;
meat;huge bites;;;bites;0.137512698769569
meat;hum ha hum;;;hum;-0.0373470187187195
meat;humnummxm;;;humnummxm;
meat;humxhumxhumx;;;humxhumxhumx;
meat;hunger;;;hunger;0.211985871195793
meat;hungry;;;hungry;0.263477593660355
meat;hungry eating;;;eating;0.390018850564957
meat;hungry engine;;;engine;0.0503870323300362
meat;hungry, food;;;food;0.520489275455475
meat;indifferent;;;indifferent;0.00492153456434608
meat;intensely satisfied with ones nourishment;;;nourishment;0.266298323869705
meat;keep going;;;keep;-0.0309397298842669
meat;kgo kgo;;;kgo;
meat;khow khow;;;khow;
meat;lament;;;lament;0.0269872862845659
meat;large;;;large;0.0778724774718285
meat;licking;;;licking;0.068564236164093
meat;licking ice cream;;;licking;0.068564236164093
meat;licking lips;;;licking;0.068564236164093
meat;lip smacking;;;smacking;0.0281711369752884
meat;loud chomp chomp eating noise;;;chomp;0.16828753054142
meat;loud eating;;;eating;0.390018850564957
meat;man eating;;;eating;0.390018850564957
meat;man eating delicious meal;;;man;0.0732081681489945
meat;man, donkey sound;;;sound;0.0136349713429809
meat;meal;;;meal;0.437964975833893
meat;mnham;;;mnham;
meat;motor;;;motor;0.0475607849657536
meat;motorbike;;;motorbike;0.0644577443599701
meat;munch;;;munch;0.190238788723946
meat;munching;;;munching;0.16032038629055
meat;munching and savoring;;;munching;0.16032038629055
meat;nam nam nam;;;nam;-0.00229578255675733
meat;noisy eating;;;eating;0.390018850564957
meat;not enjoying a food;;;enjoying;0.0436006337404251
meat;num num (eating noise);;;num;0.0679468363523483
meat;omomom;;;omomom;
meat;overeating;;;overeating;0.177844539284706
meat;pig;;;pig;0.457459479570389
meat;pig eating;;;eating;0.390018850564957
meat;pig sound;;;sound;0.0136349713429809
meat;posh eating;;;eating;0.390018850564957
meat;preparing to eat;;;preparing;0.124420583248138
meat;pretend to bite;;;pretend;0.00825696904212236
meat;pretending to eat;;;pretending;-0.0167208351194859
meat;quickly;;;quickly;0.0312128942459822
meat;rau rau;;;rau;0.0373260155320168
meat;raum raum;;;raum;
meat;raun raun raun;;;raun;
meat;really enjoying food;;;enjoying;0.0436006337404251
meat;repellent;;;repellent;-0.0216306764632463
meat;retiree;;;retiree;-0.00861006695777178
meat;revelling in eating;;;revelling;-0.0486620739102364
meat;roam-hum-a;;;hum;-0.0373470187187195
meat;rodent;;;rodent;0.141107499599457
meat;roubroub;;;roubroub;
meat;rrhhehmmmmamamam;;;rrhhehmmmmamamam;
meat;ruam ruam;;;ruam;
meat;satisfaction;;;satisfaction;0.0446205623447895
meat;scrumptious meal;;;meal;0.437964975833893
meat;scrunch;;;scrunch;-0.0247579980641603
meat;sleep;;;sleep;-0.015274447388947
meat;sleep talking;;;talking;0.0128254983574152
meat;sleeping;;;sleeping;-0.0381593517959118
meat;slurping;;;slurping;0.0647612437605858
meat;snore;;;snore;-0.0282888915389776
meat;snoring;;;snoring;-0.0265438240021467
meat;snort;;;snort;-0.0218037776648998
meat;sound of disgust;;;sound;0.0136349713429809
meat;ssnore;;;ssnore;
meat;swallowing something big;;;swallowing;0.0704061761498451
meat;tastes bad;;;tastes;0.270633459091187
meat;tasting;;;tasting;0.200600683689117
meat;tasting, munching;;;munching;0.16032038629055
meat;tasty;;;tasty;0.345725655555725
meat;tiger;;;tiger;0.0698042809963226
meat;to chew;;;chew;0.168985888361931
meat;to eat;;;eat;0.387982130050659
meat;to heat something;;;heat;0.140583366155624
meat;to savor;;;savor;0.177775353193283
meat;tribal;;;tribal;-0.0189292412251234
meat;ueermm nam nam eh click;;;click;-0.0552283637225628
meat;uhmm namnam eggh;;;eggh;
meat;uhmnham;;;uhmnham;
meat;uhmuhm;;;uhmuhm;
meat;very good food;;;good;0.0352913103997707
meat;very hungry;;;hungry;0.263477593660355
meat;villain eating;;;eating;0.390018850564957
meat;walking in snow;;;walking;0.0155401499941945
meat;went that way;;;went;0.0110893845558167
meat;wild animal eating sound;;;animal;0.337896287441254
meat;wild eating sound;;;eating;0.390018850564957
meat;wolf food;;;food;0.520489275455475
meat;yammy;;;yammy;0.103940077126026
meat;yawn;;;yawn;-0.0440716929733753
meat;yawning;;;yawning;-0.0461025834083557
meat;yum;;;yum;0.188381761312485
meat;yummy;;;yummy;0.23438173532486
meat;;;;nan;0.0110317915678024
fruit;*chomp chomp* Nom nom nom;;;nom;0.0559666231274605
fruit;*chomp* Mmm~;;;mmm~;
fruit;Aprreciation;;;aprreciation;
fruit;Asmr;;;asmr;-0.0493585541844368
fruit;Ate;;;ate;0.196974352002144
fruit;Awmm Awmm;;;awmm;
fruit;Bite;;;bite;0.138167515397072
fruit;Bite, enjoying food;;;bite;0.138167515397072
fruit;Biting;;;biting;0.072055421769619
fruit;Biting and eating;;;biting;0.072055421769619
fruit;Biting and tasting;;;biting;0.072055421769619
fruit;Biting something crispy;;;biting;0.072055421769619
fruit;COME EAT;;;eat;0.244268089532852
fruit;Can drink;;;drink;0.255253493785858
fruit;Chew;;;chew;0.13240972161293
fruit;Chewing;;;chewing;0.163384273648262
fruit;Chewy;;;chewy;0.221203118562698
fruit;Click;;;click;-0.0686647221446037
fruit;Confirmation;;;confirmation;-0.0236662551760674
fruit;Crab;;;crab;0.151978120207787
fruit;Crunchy;;;crunchy;0.254873633384705
fruit;Crunchy food;;;food;0.274434834718704
fruit;Defile;;;defile;0.0407242700457573
fruit;Delicious;;;delicious;0.29654923081398
fruit;Delight;;;delight;0.130545064806938
fruit;Devour;;;devour;0.0763394981622696
fruit;Drink;;;drink;0.255253493785858
fruit;Drink slip;;;drink;0.255253493785858
fruit;Drink up;;;drink;0.255253493785858
fruit;Drinking;;;drinking;0.150434285402298
fruit;EAT;;;eat;0.244268089532852
fruit;EATING;;;eating;0.255147933959961
fruit;Eat;;;eat;0.244268089532852
fruit;Eat and enjoy;;;eat;0.244268089532852
fruit;Eating;;;eating;0.255147933959961
fruit;Eating and tasting;;;eating;0.255147933959961
fruit;Eating food;;;eating;0.255147933959961
fruit;Eating something tasty;;;eating;0.255147933959961
fruit;Enjoy;;;enjoy;0.0907070636749268
fruit;Enjoying food;;;enjoying;0.0923828184604645
fruit;Finish;;;finish;0.0404019728302956
fruit;Go ahead eat;;;go;0.0123248538002372
fruit;Good;;;good;0.0181054137647152
fruit;Hum, thinking noise;;;hum;-0.00350280129350722
fruit;Hungry;;;hungry;0.0781329199671745
fruit;Hurried eating;;;eating;0.255147933959961
fruit;I'm hungry;;;'m;
fruit;Ice cream;;;cream;0.184000968933105
fruit;It is delicious;;;is;0.0112114204093814
fruit;It tastes good;;;tastes;0.197567656636238
fruit;It was this;;;was;0.0340570360422134
fruit;Jaww mmm;;;mmm;0.0397232696413994
fruit;Joking on someone;;;joking;-0.0340258777141571
fruit;Jrau jrau nam nam nam;;;nam;-0.0286330375820398
fruit;Lick;;;lick;-0.0207226891070604
fruit;Licking;;;licking;-0.00883173663169146
fruit;Licking lips aggressively;;;licking;-0.00883173663169146
fruit;Like tasting food;;;like;0.00251121516339481
fruit;Machine;;;machine;0.105930544435978
fruit;Men’s  grunting;;;’s;
fruit;Mouth;;;mouth;0.105094119906425
fruit;Munching;;;munching;0.179084554314613
fruit;Okay;;;okay;-0.0717038661241531
fruit;Piglet;;;piglet;0.071002684533596
fruit;Pleasure;;;pleasure;0.0584273561835289
fruit;Roar;;;roar;-0.0773987174034119
fruit;SOUND;;;sound;0.0136706130579114
fruit;Saliva;;;saliva;0.0823897868394852
fruit;Satiated;;;satiated;0.0464721508324146
fruit;Savor;;;savor;0.160171642899513
fruit;Savouring;;;savouring;0.197989836335182
fruit;Share. With me;;;share;0.0557685866951942
fruit;Shock;;;shock;-0.0415996126830578
fruit;Sip;;;sip;0.107831373810768
fruit;Slurp;;;slurp;0.0580691173672676
fruit;Slurping;;;slurping;0.0134377619251609
fruit;Small bites;;;bites;0.133643746376038
fruit;Snoring;;;snoring;-0.056007232517004
fruit;Soup;;;soup;0.173269465565681
fruit;Spit;;;spit;0.0596596486866474
fruit;Sticky;;;sticky;0.084367647767067
fruit;Strange sound;;;sound;0.0136706130579114
fruit;Surprise or getting afraid;;;surprise;0.0576519258320332
fruit;Ta;;;ta;0.00198249728418887
fruit;Ta then slurp;;;slurp;0.0580691173672676
fruit;Ta, slurp;;;slurp;0.0580691173672676
fruit;Taa shh;;;shh;-0.087470643222332
fruit;Tac;;;tac;0.0139586618170142
fruit;Tah *slurp*;;;tah;0.00976177118718624
fruit;Taking a bite;;;taking;-0.00791318528354168
fruit;Tap;;;tap;-0.0319095216691494
fruit;Taste;;;taste;0.21535724401474
fruit;Taste good;;;taste;0.21535724401474
fruit;Tastes good;;;tastes;0.197567656636238
fruit;Tasting delicious food;;;tasting;0.267932057380676
fruit;Tasting food;;;tasting;0.267932057380676
fruit;Tasting something;;;tasting;0.267932057380676
fruit;Tasty;;;tasty;0.304534554481506
fruit;Tasty bite;;;bite;0.138167515397072
fruit;Tasty eating;;;eating;0.255147933959961
fruit;Tasty food;;;food;0.274434834718704
fruit;Thag chip;;;chip;0.0902815759181976
fruit;Thank you and eat;;;thank;-0.0348214954137802
fruit;Thanks;;;thanks;-0.035353884100914
fruit;To play;;;play;-0.00780783360823989
fruit;Tongue click and inhaling air;;;click;-0.0686647221446037
fruit;Whatever;;;whatever;0.0317402295768261
fruit;Women’s strange sounds;;;women;0.0230871923267841
fruit;Word and sip;;;word;0.0743931382894516
fruit;Wrong doing;;;doing;-0.00863093882799149
fruit;YUMMY;;;yummy;0.270330667495728
fruit;Yawn;;;yawn;-0.061169471591711
fruit;Yes please;;;yes;-0.0344405397772789
fruit;Yes, slurping noise or licking noise;;;slurping;0.0134377619251609
fruit;absorb;;;absorb;0.0258690975606442
fruit;adult talking child;;;talking;0.00318707199767232
fruit;adults talking child;;;adults;0.0573621168732643
fruit;agreement and lick;;;agreement;0.00861468445509672
fruit;anger;;;anger;-0.00714516825973988
fruit;apetizing;;;apetizing;
fruit;apple;;;apple;0.453662216663361
fruit;attention and lick;;;attention;-0.0123131284490228
fruit;big bite;;;bite;0.138167515397072
fruit;big bite of food;;;bite;0.138167515397072
fruit;bite;;;bite;0.138167515397072
fruit;bite, chew;;;chew;0.13240972161293
fruit;biting;;;biting;0.072055421769619
fruit;biting chewing;;;chewing;0.163384273648262
fruit;biting chips;;;chips;0.186133816838264
fruit;biting satisfying;;;biting;0.072055421769619
fruit;biting, tasting;;;biting;0.072055421769619
fruit;bitting;;;bitting;0.0120372781530023
fruit;breakfast;;;breakfast;0.188440695405006
fruit;breaking and chewing;;;breaking;-0.0224882606416941
fruit;burping;;;burping;-0.0349438302218914
fruit;carrot;;;carrot;0.386690557003021
fruit;cartoon eating;;;eating;0.255147933959961
fruit;cat;;;cat;-0.0414777137339115
fruit;cat eating;;;eating;0.255147933959961
fruit;cat licking its fur;;;cat;-0.0414777137339115
fruit;cat liking;;;liking;0.0200271047651768
fruit;cat scratching;;;scratching;-0.0427690036594868
fruit;cham mmm;;;mmm;0.0397232696413994
fruit;chat and tea;;;chat;-0.00326372729614377
fruit;chew mimick;;;chew;0.13240972161293
fruit;chewing;;;chewing;0.163384273648262
fruit;chewing food;;;chewing;0.163384273648262
fruit;child vocalization;;;vocalization;-0.0115527706220746
fruit;chinese;;;chinese;0.0279231946915388
fruit;chocking;;;chocking;0.0328397415578365
fruit;chomp;;;chomp;0.138107612729073
fruit;chomp chomp lick lips;;;chomp;0.138107612729073
fruit;chomp hummmm;;;hummmm;
fruit;chompppp mmmm;;;mmmm;0.0796779915690422
fruit;clacking;;;clacking;-0.0930783599615097
fruit;click sounds;;;click;-0.0686647221446037
fruit;close;;;close;0.0150580853223801
fruit;crewcrewmtmt;;;crewcrewmtmt;
fruit;croak;;;croak;-0.040215190500021
fruit;crunching;;;crunching;0.112834088504314
fruit;crunching and smacking;;;crunching;0.112834088504314
fruit;crunching sound;;;crunching;0.112834088504314
fruit;crunchy;;;crunchy;0.254873633384705
fruit;crunchy eating;;;eating;0.255147933959961
fruit;crunchy sandwhich;;;sandwhich;
fruit;crushing;;;crushing;0.0759414434432983
fruit;delicious;;;delicious;0.29654923081398
fruit;delicious bite;;;bite;0.138167515397072
fruit;delicious dish;;;dish;0.128042444586754
fruit;devour;;;devour;0.0763394981622696
fruit;devouring something;;;something;0.0320211462676525
fruit;dig in!;;;dig;-0.0165484789758921
fruit;disgusting;;;disgusting;0.0243484973907471
fruit;distrust;;;distrust;-0.0400615744292736
fruit;dog eating;;;eating;0.255147933959961
fruit;drink;;;drink;0.255253493785858
fruit;drinking;;;drinking;0.150434285402298
fruit;drinking a shot;;;drinking;0.150434285402298
fruit;earing;;;earing;0.0542831011116505
fruit;eat;;;eat;0.244268089532852
fruit;eat something tasty;;;eat;0.244268089532852
fruit;eat, hungry;;;eat;0.244268089532852
fruit;eating;;;eating;0.255147933959961
fruit;eating a toast;;;eating;0.255147933959961
fruit;eating an apple;;;eating;0.255147933959961
fruit;eating and enjoying;;;eating;0.255147933959961
fruit;eating and feeling blessed;;;eating;0.255147933959961
fruit;eating apple;;;eating;0.255147933959961
fruit;eating crips;;;eating;0.255147933959961
fruit;eating food;;;eating;0.255147933959961
fruit;eating food with a fork or spoon;;;fork;0.102476075291634
fruit;eating ice cream;;;eating;0.255147933959961
fruit;eating something;;;eating;0.255147933959961
fruit;eating something crunchy;;;eating;0.255147933959961
fruit;eating something good;;;eating;0.255147933959961
fruit;eating something wholesale;;;eating;0.255147933959961
fruit;eating sound mmh;;;eating;0.255147933959961
fruit;eating sounds;;;eating;0.255147933959961
fruit;enjoy;;;enjoy;0.0907070636749268
fruit;enjoy something to eat;;;enjoy;0.0907070636749268
fruit;enjoying  food;;;enjoying;0.0923828184604645
fruit;enjoying a bite;;;enjoying;0.0923828184604645
fruit;enjoying big bites of food;;;enjoying;0.0923828184604645
fruit;filthy;;;filthy;-0.0166129898279905
fruit;finished;;;finished;0.0363933891057968
fruit;food;;;food;0.274434834718704
fruit;frog;;;frog;0.0397697202861309
fruit;frog catching flies;;;frog;0.0397697202861309
fruit;furball then quiet;;;furball;-0.0547545738518238
fruit;garden;;;garden;0.280141949653626
fruit;geum...uummmm;;;geum;0.0758312270045281
fruit;ghaugh mmmm;;;mmmm;0.0796779915690422
fruit;give me some;;;give;0.0579085312783718
fruit;gobble and swallow;;;gobble;0.0712913200259209
fruit;gobble down;;;gobble;0.0712913200259209
fruit;good food;;;food;0.274434834718704
fruit;good food bite;;;bite;0.138167515397072
fruit;goodbye;;;goodbye;-0.0409348383545876
fruit;grab a bite;;;grab;0.0322262533009052
fruit;grateful;;;grateful;-0.0195187609642744
fruit;gratitude followed by slurp;;;gratitude;-0.00411430187523365
fruit;grunting;;;grunting;0.0182080157101154
fruit;gulping;;;gulping;0.0455321930348873
fruit;hawk;;;hawk;-0.0270380824804306
fruit;hello;;;hello;-0.0515213087201119
fruit;hhraaau hmmm;;;hmmm;0.00347866490483284
fruit;how;;;how;-0.00628310721367598
fruit;howmhm;;;howmhm;
fruit;hraap mmhhmmmm;;;mmhhmmmm;
fruit;hrau hrauu mlamlamala;;;mlamlamala;
fruit;huge bite;;;bite;0.138167515397072
fruit;hunger;;;hunger;0.0889297351241112
fruit;hungry;;;hungry;0.0781329199671745
fruit;hungry, tasty;;;tasty;0.304534554481506
fruit;hunt;;;hunt;-0.0667376071214676
fruit;i dont know;;;know;-0.027786061167717
fruit;inhale;;;inhale;-0.0433463528752327
fruit;jaujau;;;jaujau;
fruit;kefkeufauk;;;kefkeufauk;
fruit;khau-kuau mmm;;;kuau;
fruit;khow khow;;;khow;
fruit;kow kow click;;;kow;-0.0248711388558149
fruit;kwep kwep tatuptup;;;kwep;
fruit;kwowp mmmmm;;;mmmmm;0.0829314440488815
fruit;let's eat;;;let;0.0254812929779291
fruit;lick;;;lick;-0.0207226891070604
fruit;licking;;;licking;-0.00883173663169146
fruit;like;;;like;0.00251121516339481
fruit;loud chewing;;;chewing;0.163384273648262
fruit;loud eating;;;eating;0.255147933959961
fruit;make fun;;;make;0.023659061640501
fruit;man, slurping;;;slurping;0.0134377619251609
fruit;marmot;;;marmot;0.0354467257857323
fruit;meal time;;;time;0.0419521890580654
fruit;mmmh;;;mmmh;
fruit;moaning;;;moaning;-0.00875616073608398
fruit;more food;;;food;0.274434834718704
fruit;mouth;;;mouth;0.105094119906425
fruit;mouth noises;;;noises;0.0242441054433584
fruit;munch;;;munch;0.200607642531395
fruit;munch, satisfaction;;;satisfaction;0.0510700717568398
fruit;munching;;;munching;0.179084554314613
fruit;munching on food;;;munching;0.179084554314613
fruit;mxmmxmmxm;;;mxmmxmmxm;
fruit;nham nham;;;nham;
fruit;nibbling;;;nibbling;0.125174760818481
fruit;no clue;;;clue;0.0654087737202644
fruit;open something;;;open;0.075353316962719
fruit;opening a can;;;opening;0.0513280406594276
fruit;opening a drink;;;opening;0.0513280406594276
fruit;opening and eating;;;opening;0.0513280406594276
fruit;opening and slurping;;;opening;0.0513280406594276
fruit;opening can;;;opening;0.0513280406594276
fruit;peeling and eating;;;peeling;0.239000394940376
fruit;pig;;;pig;0.0945972353219986
fruit;pig eating sound;;;pig;0.0945972353219986
fruit;pioup mhhmm;;;mhhmm;
fruit;playing;;;playing;-0.00137850840110332
fruit;pleasure;;;pleasure;0.0584273561835289
fruit;pretend to bite;;;pretend;-0.0265298280864954
fruit;random noises;;;noises;0.0242441054433584
fruit;rat;;;rat;0.0212513729929924
fruit;rau hm;;;rau;0.0292231477797031
fruit;raub hmmmm;;;hmmmm;0.00893157348036766
fruit;receiving and eating;;;receiving;0.0143863949924707
fruit;roar and satisfaction;;;roar;-0.0773987174034119
fruit;satisfaction;;;satisfaction;0.0510700717568398
fruit;satisfied;;;satisfied;0.0174432042986155
fruit;satisfied gulp;;;gulp;0.0475920736789703
fruit;satisfying bite;;;satisfying;0.0770324096083641
fruit;savoring;;;savoring;0.163209334015846
fruit;savoring a bite;;;savoring;0.163209334015846
fruit;savoring food;;;savoring;0.163209334015846
fruit;savoring taste;;;savoring;0.163209334015846
fruit;savour;;;savour;0.187306433916092
fruit;sclllhrpp (like licking);;;sclllhrpp;
fruit;scratch throat;;;throat;-0.00378303416073322
fruit;sexual sound;;;sound;0.0136706130579114
fruit;sickness;;;sickness;0.0567846186459065
fruit;sip;;;sip;0.107831373810768
fruit;sip and chew;;;sip;0.107831373810768
fruit;sipping;;;sipping;0.12680147588253
fruit;slurp;;;slurp;0.0580691173672676
fruit;slurping;;;slurping;0.0134377619251609
fruit;slurping pasta;;;slurping;0.0134377619251609
fruit;smacking;;;smacking;0.0631691664457321
fruit;smacking teeth;;;teeth;0.100507475435734
fruit;snap up;;;snap;0.0316413938999176
fruit;snapping and ripping;;;snapping;-0.0181630942970514
fruit;snore;;;snore;-0.0575367137789726
fruit;someone eating;;;someone;-0.0375215858221054
fruit;something eating;;;something;0.0320211462676525
fruit;soothing throat;;;throat;-0.00378303416073322
fruit;sound;;;sound;0.0136706130579114
fruit;soup;;;soup;0.173269465565681
fruit;speed;;;speed;-0.0124171609058976
fruit;spittle;;;spittle;0.101849764585495
fruit;squirt;;;squirt;0.031949020922184
fruit;sucking;;;sucking;0.0185273829847574
fruit;swallowing;;;swallowing;0.0423785336315632
fruit;swallowing, tasting;;;swallowing;0.0423785336315632
fruit;ta and drink;;;ta;0.00198249728418887
fruit;ta flhec;;;flhec;
fruit;ta nxa licking sound;;;ta;0.00198249728418887
fruit;ta plak shium;;;ta;0.00198249728418887
fruit;ta sluurp;;;sluurp;
fruit;ta, slurp;;;slurp;0.0580691173672676
fruit;taaa pssstt;;;pssstt;
fruit;tac;;;tac;0.0139586618170142
fruit;tac shut;;;shut;0.00669672200456262
fruit;tack;;;tack;-0.0476292185485363
fruit;tack slurp;;;slurp;0.0580691173672676
fruit;tact... ushhhh;;;tact;0.00452564749866724
fruit;tah pff slurp;;;tah;0.00976177118718624
fruit;tah slurp;;;tah;0.00976177118718624
fruit;tah th sh shoo;;;shoo;-0.0527310185134411
fruit;tah, slurp;;;slurp;0.0580691173672676
fruit;tahlum;;;tahlum;
fruit;tak;;;tak;-0.0432253889739513
fruit;taking a bite;;;taking;-0.00791318528354168
fruit;taktch;;;taktch;
fruit;talk and drink;;;talk;0.0130464071407914
fruit;tasiuahtu;;;tasiuahtu;
fruit;taste;;;taste;0.21535724401474
fruit;tastes good;;;tastes;0.197567656636238
fruit;tasting;;;tasting;0.267932057380676
fruit;tasting food;;;food;0.274434834718704
fruit;tasty;;;tasty;0.304534554481506
fruit;tasty food;;;food;0.274434834718704
fruit;tcho tcho  ttttt;;;tcho;
fruit;tearing pieces eating;;;tearing;-0.0242599751800299
fruit;thank you;;;thank;-0.0348214954137802
fruit;thank you delicious;;;thank;-0.0348214954137802
fruit;thanks, eat;;;eat;0.244268089532852
fruit;that;;;that;0.0079254787415266
fruit;thirsty;;;thirsty;0.0924118757247925
fruit;tiger;;;tiger;-0.00782192312180996
fruit;time to eat;;;time;0.0419521890580654
fruit;to suck;;;suck;0.0122384540736675
fruit;try it;;;try;0.0706155002117157
fruit;warm;;;warm;0.013481143862009
fruit;weird combination;;;combination;0.0744087770581245
fruit;wierd sound;;;sound;0.0136706130579114
fruit;yakyakayak;;;yakyakayak;
fruit;yummy;;;yummy;0.270330667495728
fruit;yummy bite;;;bite;0.138167515397072
fruit;yummy thanks;;;thanks;-0.035353884100914
fruit;;;;nan;0.0279926620423794
small;"""tip it"" sound";;;sound;-0.00245132693089545
small;A little bit;;;bit;0.319412887096405
small;Abstract;;;abstract;0.0483965128660202
small;Acceptance;;;acceptance;0.0444488935172558
small;Afraid;;;afraid;0.0649902299046516
small;Alert;;;alert;-0.0518791079521179
small;Animal;;;animal;0.0678564384579659
small;Ashamed;;;ashamed;-0.0217889714986086
small;Asking;;;asking;0.00549796037375927
small;Assenting;;;assenting;-0.0408665277063847
small;BABY;;;baby;0.187293738126755
small;Baby;;;baby;0.187293738126755
small;Bark;;;bark;0.0426099486649036
small;Beg;;;beg;0.0121686970815063
small;Bellowing;;;bellowing;-0.011630991473794
small;Bipping device;;;device;0.109897121787071
small;Bird;;;bird;0.0792189687490463
small;Call;;;call;-0.00042926546302624
small;Calling;;;calling;-0.00555531587451696
small;Calmness;;;calmness;-0.00426324084401131
small;Chi;;;chi;-0.00756093114614487
small;Chirp;;;chirp;0.0496522970497608
small;Click;;;click;0.0723417848348618
small;Confirmed;;;confirmed;-0.0773667171597481
small;Crying;;;crying;0.074577160179615
small;DOG;;;dog;0.131185486912727
small;Dip;;;dip;0.0611968487501144
small;Dippit;;;dippit;
small;Dismissive;;;dismissive;0.0216060876846313
small;Do it;;;do;0.0950527489185333
small;Dog;;;dog;0.131185486912727
small;Dog sound;;;sound;-0.00245132693089545
small;Droplet;;;droplet;0.23890346288681
small;Emergency;;;emergency;0.0177234560251236
small;Excuse me;;;excuse;-0.0325204245746136
small;Fear;;;fear;0.0329955779016018
small;Fixing;;;fixing;0.054958276450634
small;Fool;;;fool;0.00854230299592018
small;Foreigner;;;foreigner;-0.00649902829900384
small;Friend;;;friend;-0.0108777275308967
small;Frog;;;frog;0.126348465681076
small;Frog sound;;;sound;-0.00245132693089545
small;Funny noise;;;noise;0.0708960667252541
small;Gentle;;;gentle;0.205157831311226
small;Gently howl;;;howl;0.029924564063549
small;Get it;;;get;0.0196790117770433
small;Get that;;;get;0.0196790117770433
small;Giving an order;;;giving;0.0598287843167782
small;Grief;;;grief;0.0238297767937183
small;Here;;;here;0.0663756504654884
small;Horn of a car;;;horn;0.0725078284740448
small;Howl;;;howl;0.029924564063549
small;Hurry up;;;hurry;-0.0131496582180262
small;Hurt;;;hurt;0.0320616848766804
small;Hurt animal;;;animal;0.0678564384579659
small;Imitating a sound;;;imitating;-0.0838479399681091
small;Imitating beat;;;beat;-0.0426860600709915
small;Injury or pain;;;injury;0.0425967909395695
small;Instruct;;;instruct;-0.0312525779008865
small;It hurts;;;hurts;0.0693392232060432
small;I’m unsure;;;’m;
small;KEEP IT;;;keep;0.0522869043052197
small;Keep it;;;keep;0.0522869043052197
small;Knock something over;;;knock;0.0151587957516313
small;Look here;;;look;0.0330949388444424
small;Moaning;;;moaning;-0.00202787830494344
small;Monkey;;;monkey;0.0606160312891007
small;Name;;;name;0.05478835105896
small;No, not like that;;;no;0.0992120578885078
small;Not sure;;;sure;0.0127215310931206
small;Ooo;;;ooo;-0.000226024712901562
small;Owl;;;owl;0.0543714836239815
small;Owling;;;owling;-0.00797993410378695
small;Pain or sorrow;;;pain;0.0642919465899468
small;Pain, sorrow;;;pain;0.0642919465899468
small;Paing;;;paing;
small;Peep peep;;;peep;0.0962535068392754
small;Putting down glass;;;putting;0.0685264244675636
small;Quiet;;;quiet;0.198400989174843
small;Quiet, warning;;;warning;0.0325976125895977
small;Relaxed;;;relaxed;0.0495277941226959
small;Request;;;request;0.0243725813925266
small;Robot;;;robot;0.0497699677944183
small;SOUND;;;sound;-0.00245132693089545
small;Sad;;;sad;0.0641458034515381
small;Sad dog;;;dog;0.131185486912727
small;Sad, scared;;;sad;0.0641458034515381
small;Sadness;;;sadness;0.0324766114354134
small;Scared;;;scared;0.0637878030538559
small;Seeze;;;seeze;
small;Sigh;;;sigh;0.0168825015425682
small;Small;;;small;1.00000011920929
small;Smoothness;;;smoothness;-0.0475481972098351
small;Sneeze;;;sneeze;0.0864908248186112
small;Sorry;;;sorry;0.0234256014227867
small;Sound;;;sound;-0.00245132693089545
small;Spit;;;spit;0.0442859977483749
small;Stop;;;stop;0.0447041466832161
small;Strange;;;strange;0.120107680559158
small;TAP;;;tap;0.0338171720504761
small;TEA;;;tea;0.0957944691181183
small;Talking;;;talking;0.0704116448760033
small;Tapete;;;tapete;
small;Tea;;;tea;0.0957944691181183
small;Tenderness;;;tenderness;0.0356707833707333
small;Tepid;;;tepid;0.0462569408118725
small;Tibit;;;tibit;
small;Tic;;;tic;0.0795138850808144
small;Tick;;;tick;0.0842152163386345
small;Tidbit;;;tidbit;0.177364334464073
small;Tik;;;tik;-0.0247024856507778
small;Tiny;;;tiny;0.858996510505676
small;Tip;;;tip;0.140377566218376
small;Tip it;;;tip;0.140377566218376
small;Tipip;;;tipip;
small;Tipit;;;tipit;
small;Tippy top;;;top;0.027623912319541
small;Tired;;;tired;-0.0561379864811897
small;To keep something;;;keep;0.0522869043052197
small;Typing;;;typing;0.0458367057144642
small;Wake up;;;wake;-0.0188794117420912
small;Werid chirp;;;werid;
small;What;;;what;0.0563879944384098
small;Whimper;;;whimper;0.124371781945229
small;Whine;;;whine;0.0772520154714584
small;Whisper;;;whisper;0.155561462044716
small;Women’s inarticulate sounds;;;women;0.0416184328496456
small;Women’s low uuuuu;;;women;0.0416184328496456
small;Women’s tiiiii;;;women;0.0416184328496456
small;Worried;;;worried;0.011616425588727
small;Yelp;;;yelp;0.00878016743808985
small;Yes;;;yes;0.0117244701832533
small;You;;;you;0.0233406219631434
small;a little bit;;;bit;0.319412887096405
small;a sound;;;sound;-0.00245132693089545
small;adult talking child;;;talking;0.0704116448760033
small;adults talking child;;;adults;0.121054969727993
small;affirmative response;;;response;-0.0153514491394162
small;agree;;;agree;-0.0665898397564888
small;agreeing;;;agreeing;-0.0397727116942406
small;alarm;;;alarm;-0.0219630915671587
small;alert;;;alert;-0.0518791079521179
small;alerting someone;;;alerting;-0.0358733236789703
small;animal;;;animal;0.0678564384579659
small;animal impersonation;;;impersonation;-0.153506278991699
small;annoyed;;;annoyed;-0.0227192882448435
small;asking for attention;;;asking;0.00549796037375927
small;assent;;;assent;-0.0363024398684502
small;attention;;;attention;0.0414810478687286
small;awe;;;awe;-0.0175765473395586
small;baby;;;baby;0.187293738126755
small;baby noise;;;noise;0.0708960667252541
small;be quiet;;;be;0.045039352029562
small;beat;;;beat;-0.0426860600709915
small;beat box;;;box;0.132601693272591
small;beep;;;beep;0.0396566204726696
small;beep beep;;;beep;0.0396566204726696
small;being careful;;;being;0.110814273357391
small;bird;;;bird;0.0792189687490463
small;bird calling;;;bird;0.0792189687490463
small;bird chriping;;;chriping;
small;bird name;;;name;0.05478835105896
small;bird sound;;;sound;-0.00245132693089545
small;bird tweet;;;tweet;-0.0115557657554746
small;boy;;;boy;0.184988737106323
small;call;;;call;-0.00042926546302624
small;cannot understand;;;understand;0.0408852584660053
small;careful;;;careful;0.0552625991404057
small;cat eyes;;;eyes;0.0572384968400002
small;chasing away;;;chasing;0.0438214540481567
small;chi;;;chi;-0.00756093114614487
small;child;;;child;0.14108619093895
small;chirp;;;chirp;0.0496522970497608
small;chirping;;;chirping;0.0307161174714565
small;chuckle;;;chuckle;0.0677100867033005
small;cip;;;cip;-0.000521339010447264
small;clean window;;;window;0.100048296153545
small;click;;;click;0.0723417848348618
small;clicking sound;;;clicking;0.028308417648077
small;clink;;;clink;0.036498736590147
small;clock;;;clock;0.02831787802279
small;coin drop;;;drop;0.109839335083961
small;cold;;;cold;0.0221227258443832
small;come;;;come;-0.00640900619328022
small;counting;;;counting;0.0809856504201889
small;cry;;;cry;0.0695079788565636
small;crying;;;crying;0.074577160179615
small;cursing;;;cursing;-0.0682977586984634
small;cute;;;cute;0.277687221765518
small;delicate;;;delicate;0.22758986055851
small;despair;;;despair;-0.0169820282608271
small;distressed;;;distressed;0.0196118615567684
small;do it;;;do;0.0950527489185333
small;dog;;;dog;0.131185486912727
small;dog cry;;;cry;0.0695079788565636
small;dog whimper;;;whimper;0.124371781945229
small;dog whining;;;whining;0.0747628808021545
small;don't know;;;know;-0.00140719267074019
small;done;;;done;-0.0170440096408129
small;dont know;;;know;-0.00140719267074019
small;drink;;;drink;0.024006312713027
small;drop;;;drop;0.109839335083961
small;electrical signal alert;;;signal;-0.0267870556563139
small;expecting something;;;expecting;-0.0490963980555534
small;fast;;;fast;0.0661356970667839
small;fear;;;fear;0.0329955779016018
small;flut;;;flut;
small;fool;;;fool;0.00854230299592018
small;frog;;;frog;0.126348465681076
small;frog jumping;;;jumping;0.0427784398198128
small;frog sound;;;sound;-0.00245132693089545
small;funny;;;funny;0.0560602024197578
small;gentleness;;;gentleness;0.0471325106918812
small;gibberish;;;gibberish;-0.0318205766379833
small;give an order;;;give;0.0410632863640785
small;go away;;;go;-0.00783633626997471
small;groan;;;groan;0.0442840307950974
small;haooooo;;;haooooo;
small;hawk;;;hawk;-0.0240461863577366
small;here you go;;;go;-0.00783633626997471
small;hey;;;hey;0.0265630465000868
small;hit;;;hit;0.025438005104661
small;hop;;;hop;0.0536514520645142
small;howl;;;howl;0.029924564063549
small;howling;;;howling;0.0114219859242439
small;huhmp;;;huhmp;
small;huhuhum;;;huhuhum;
small;humming;;;humming;0.0152264023199677
small;hurry;;;hurry;-0.0131496582180262
small;hurt;;;hurt;0.0320616848766804
small;hym;;;hym;
small;i dont know;;;know;-0.00140719267074019
small;idk;;;idk;-0.0673960521817207
small;impatience;;;impatience;-0.0126947676762939
small;in pain;;;in;0.21782486140728
small;iron clank;;;clank;0.0578646846115589
small;jipit;;;jipit;
small;juwuuus;;;juwuuus;
small;keep;;;keep;0.0522869043052197
small;keep it;;;keep;0.0522869043052197
small;kid giggling;;;giggling;0.0743013173341751
small;light reminder;;;reminder;0.132887676358223
small;liking something;;;liking;0.0038417037576437
small;little;;;little;0.67425549030304
small;little bird;;;bird;0.0792189687490463
small;look;;;look;0.0330949388444424
small;loving;;;loving;0.0382064990699291
small;lullaby;;;lullaby;0.0310583841055632
small;machine beep;;;beep;0.0396566204726696
small;man;;;man;0.0184635501354933
small;microwave;;;microwave;0.10110230743885
small;moan;;;moan;0.0618057399988174
small;moaning;;;moaning;-0.00202787830494344
small;mocking;;;mocking;-0.0257201436907053
small;monkey;;;monkey;0.0606160312891007
small;monster;;;monster;0.0612858049571514
small;moo sound;;;sound;-0.00245132693089545
small;noise;;;noise;0.0708960667252541
small;notification sound;;;sound;-0.00245132693089545
small;nudge;;;nudge;0.177701354026794
small;oh yes;;;oh;-0.0136727187782526
small;ooh;;;ooh;-0.0463401414453983
small;ooooh;;;ooooh;-0.0531574115157127
small;ooooo;;;ooooo;-0.0657959133386612
small;order;;;order;0.0427239127457142
small;order to keep;;;order;0.0427239127457142
small;owl;;;owl;0.0543714836239815
small;owl vocal sounds;;;sounds;0.0110503919422627
small;owoowoo;;;owoowoo;
small;pain;;;pain;0.0642919465899468
small;peh;;;peh;-0.0359826721251011
small;phone;;;phone;0.0206790566444397
small;pleading;;;pleading;0.0289501156657934
small;pouting;;;pouting;0.0195413343608379
small;problem;;;problem;0.0805394276976585
small;puncture;;;puncture;0.170599594712257
small;puppy call;;;call;-0.00042926546302624
small;puppy voice;;;voice;0.0171193741261959
small;puppy yawn;;;yawn;-0.00079240946797654
small;purring;;;purring;0.0227161515504122
small;question;;;question;-0.0225249826908112
small;question, query;;;question;-0.0225249826908112
small;quick;;;quick;0.150558426976204
small;quiet;;;quiet;0.198400989174843
small;quiet down;;;quiet;0.198400989174843
small;quiet sneeze;;;sneeze;0.0864908248186112
small;rabbit;;;rabbit;0.108593180775642
small;rain;;;rain;0.0240997839719057
small;regrets;;;regrets;0.0381528548896313
small;relax;;;relax;0.0784325897693634
small;repeat;;;repeat;0.00846247281879187
small;ring phone;;;ring;0.036532998085022
small;ringing;;;ringing;-0.0256663355976343
small;sad;;;sad;0.0641458034515381
small;sad dog;;;dog;0.131185486912727
small;sad sound;;;sound;-0.00245132693089545
small;saying tea;;;saying;0.0182498805224895
small;scare;;;scare;0.0495376959443092
small;scared;;;scared;0.0637878030538559
small;scaring noise;;;noise;0.0708960667252541
small;seriousness;;;seriousness;0.0383980385959148
small;shht;;;shht;
small;shifting;;;shifting;0.038637351244688
small;shy;;;shy;0.193515092134476
small;sigh;;;sigh;0.0168825015425682
small;signal;;;signal;-0.0267870556563139
small;silence;;;silence;0.0988277122378349
small;sleepy;;;sleepy;0.10976480692625
small;small;;;small;1.00000011920929
small;small animal;;;animal;0.0678564384579659
small;small cries;;;cries;0.0757224336266518
small;small sound;;;sound;-0.00245132693089545
small;sms;;;sms;0.00526561075821519
small;sneeze;;;sneeze;0.0864908248186112
small;soft noise;;;noise;0.0708960667252541
small;something fell;;;fell;0.0450452081859112
small;sound of a bug;;;sound;-0.00245132693089545
small;speaking;;;speaking;0.0584663078188896
small;squeak;;;squeak;0.18003460764885
small;stop;;;stop;0.0447041466832161
small;stop or here;;;stop;0.0447041466832161
small;stop right there;;;stop;0.0447041466832161
small;stop that;;;stop;0.0447041466832161
small;stretching;;;stretching;0.0681231021881104
small;swallowing words;;;swallowing;0.149695307016373
small;sweet sound;;;sound;-0.00245132693089545
small;swish;;;swish;0.0826749503612518
small;take;;;take;0.0908557921648026
small;talking;;;talking;0.0704116448760033
small;tap;;;tap;0.0338171720504761
small;tap dance;;;dance;-0.000230731384363025
small;tapit;;;tapit;
small;tapping;;;tapping;0.000903585168998689
small;tea;;;tea;0.0957944691181183
small;tea ?;;;tea;0.0957944691181183
small;tee;;;tee;0.00134113186504692
small;teee;;;teee;
small;teeth;;;teeth;-0.00189583422616124
small;telling to shush;;;telling;0.0567766055464745
small;thanks;;;thanks;0.00279370229691267
small;thi;;;thi;0.00525202276185155
small;think;;;think;0.0259259901940823
small;thump;;;thump;0.0373983345925808
small;ti sound;;;sound;-0.00245132693089545
small;tibbit;;;tibbit;
small;tibet;;;tibet;-0.0127970334142447
small;tibit;;;tibit;
small;tic;;;tic;0.0795138850808144
small;tick;;;tick;0.0842152163386345
small;tickle;;;tickle;0.0715116560459137
small;tickling;;;tickling;0.0529427379369736
small;tih;;;tih;
small;tiiiiii;;;tiiiiii;
small;tiiit;;;tiiit;
small;tim;;;tim;-0.00761741399765015
small;ting;;;ting;0.0483598038554192
small;tip it;;;tip;0.140377566218376
small;tip titp;;;titp;
small;tip toeing;;;toeing;-0.0306259468197823
small;tip-it;;;tip;0.140377566218376
small;tipic;;;tipic;
small;tipit;;;tipit;
small;tipping;;;tipping;0.0556840561330318
small;tippit;;;tippit;-0.0110570294782519
small;tiptap;;;tiptap;
small;tiptoe;;;tiptoe;0.0604968778789043
small;titi;;;titi;0.0146245239302516
small;tongue;;;tongue;0.0558027997612953
small;toot;;;toot;0.117857240140438
small;touch;;;touch;0.0375798679888248
small;touching glass;;;glass;0.113927870988846
small;truncated word;;;word;0.030762106180191
small;tsk;;;tsk;-0.0765254870057106
small;turn the light;;;turn;0.0380133949220181
small;type it;;;type;0.133382886648178
small;typing;;;typing;0.0458367057144642
small;uauuuu...uauuuu;;;uauuuu;
small;uh uh uh;;;uh;-0.0308739989995956
small;uhhh uhhh;;;uhhh;-0.0126745533198118
small;uhu;;;uhu;-0.0141479391604662
small;uhuu;;;uhuu;
small;unsure;;;unsure;0.0512929260730743
small;unsure expression;;;expression;-0.0100648012012243
small;urgency;;;urgency;-0.0277228318154812
small;uuhh;;;uuhh;
small;uuu;;;uuu;-0.018890468403697
small;uuuu;;;uuuu;
small;uweuwueuw;;;uweuwueuw;
small;uwu;;;uwu;
small;vocal sound;;;sound;-0.00245132693089545
small;vocal stimming;;;stimming;0.0425692647695541
small;water drop;;;drop;0.109839335083961
small;weird comunicate;;;comunicate;
small;weird frog;;;frog;0.126348465681076
small;whimper;;;whimper;0.124371781945229
small;whimpering;;;whimpering;0.153464689850807
small;whimpering dog;;;dog;0.131185486912727
small;whine;;;whine;0.0772520154714584
small;whining;;;whining;0.0747628808021545
small;whisper;;;whisper;0.155561462044716
small;wimpering;;;wimpering;
small;woman;;;woman;0.0137088652700186
small;woof;;;woof;-0.0134091824293137
small;worried;;;worried;0.011616425588727
small;worry, sorrow;;;worry;0.0570002496242523
small;wowowo;;;wowowo;
small;yawn;;;yawn;-0.00079240946797654
small;yes;;;yes;0.0117244701832533
small;;;;nan;0.00825116876512766
fire;???;;;?;
fire;AIR;;;air;0.149094000458717
fire;Air;;;air;0.149094000458717
fire;Air inhalation;;;inhalation;0.212057083845139
fire;Air pressure;;;pressure;0.0807759538292885
fire;Airplane sound;;;sound;0.0724393799901009
fire;Aspiration;;;aspiration;0.0332897752523422
fire;Awe;;;awe;0.00480986805632711
fire;Bad joke reaction;;;reaction;0.106209300458431
fire;Blabbering;;;blabbering;-0.0189783368259668
fire;Blow;;;blow;0.191238254308701
fire;Blow it out;;;blow;0.191238254308701
fire;Blowing;;;blowing;0.186168491840363
fire;Blowing air;;;blowing;0.186168491840363
fire;Blowing out;;;blowing;0.186168491840363
fire;Boiling;;;boiling;0.233957469463348
fire;Breathe;;;breathe;0.141063928604126
fire;Breathing exercises;;;exercises;0.092761404812336
fire;Burning;;;burning;0.656799912452698
fire;Burning yourself;;;burning;0.656799912452698
fire;Call;;;call;0.125517100095749
fire;Cooking;;;cooking;0.241079926490784
fire;Cooling;;;cooling;0.0851762965321541
fire;DANGER;;;danger;0.165971115231514
fire;Danger;;;danger;0.165971115231514
fire;Drum;;;drum;0.0858949273824692
fire;Effort needed;;;needed;-0.00336130964569747
fire;Exasperation;;;exasperation;0.0300044603645802
fire;Exploding;;;exploding;0.320516109466553
fire;Explosion;;;explosion;0.422724038362503
fire;FOOD IS COLD;;;is;0.0327885895967484
fire;Fast;;;fast;0.093002662062645
fire;Fire;;;fire;1
fire;Flying;;;flying;0.0888205096125603
fire;Game;;;game;0.067205473780632
fire;Ggggg;;;ggggg;
fire;Going crazy with a wooden sword;;;sword;0.130905464291573
fire;Happiness;;;happiness;0.000106583109300118
fire;Hiss;;;hiss;0.110478796064854
fire;Hissing;;;hissing;0.152297347784042
fire;Hot;;;hot;0.311794459819794
fire;Hot water;;;water;0.156986087560654
fire;Hot, blow;;;blow;0.191238254308701
fire;I like you;;;like;0.0510181449353695
fire;Imitate;;;imitate;0.0250771660357714
fire;Inhaling;;;inhaling;0.180168971419334
fire;It was crazy;;;was;0.0850587040185928
fire;Jet;;;jet;0.157060503959656
fire;Large;;;large;0.0615826919674873
fire;Laser beam;;;beam;0.149979114532471
fire;Leaking;;;leaking;0.165220499038696
fire;Loud crash;;;crash;0.239578381180763
fire;Missile;;;missile;0.237554669380188
fire;Missile launch;;;launch;0.169698879122734
fire;Mouth;;;mouth;0.0380994528532028
fire;Mouth sounds;;;sounds;0.0592223443090916
fire;Nonsense;;;nonsense;-0.0269983075559139
fire;Not sure;;;sure;0.0222369600087404
fire;Opening a can;;;opening;0.102153837680817
fire;Opening bottle;;;bottle;0.0253534428775311
fire;Outrageous;;;outrageous;0.000219953610212542
fire;Pew-chooooooo;;;chooooooo;
fire;Pishhhuough;;;pishhhuough;
fire;Plane;;;plane;0.0858676880598068
fire;Playful;;;playful;0.00689161894842982
fire;Playing;;;playing;0.0793757066130638
fire;Pretend;;;pretend;0.0405281074345112
fire;Pschew;;;pschew;
fire;Random sampler sounds;;;sampler;-0.000531549099832773
fire;Retarded;;;retarded;0.00440514320507646
fire;Rocket;;;rocket;0.236252009868622
fire;Rocket flying;;;flying;0.0888205096125603
fire;Rocketship, Takeoff, Engine;;;rocketship;0.137241750955582
fire;SOUND;;;sound;0.0724393799901009
fire;Shoot;;;shoot;0.227232918143272
fire;Shuffling lips;;;shuffling;0.0248663537204266
fire;Sip;;;sip;-0.0169193502515554
fire;Sipping;;;sipping;0.00661406666040421
fire;Sipping hard;;;sipping;0.00661406666040421
fire;Sizzling hot;;;hot;0.311794459819794
fire;Sleep;;;sleep;0.0265127997845411
fire;Sleeping;;;sleeping;0.0701872035861015
fire;Sliding;;;sliding;0.0431040152907372
fire;Sluuurp;;;sluuurp;
fire;Snoozing;;;snoozing;0.0602891072630882
fire;Snoring;;;snoring;0.0268444195389748
fire;Space sounds;;;sounds;0.0592223443090916
fire;Speed;;;speed;0.0697817355394363
fire;Storm;;;storm;0.188083007931709
fire;Strange sound;;;sound;0.0724393799901009
fire;Suction;;;suction;0.0421117097139359
fire;Supernatural powers;;;powers;0.0272222105413675
fire;Surfing;;;surfing;-0.00941453687846661
fire;Tah whooh whooh tssss;;;whooh;
fire;Take off;;;take;-0.0129577638581395
fire;Takeoff;;;takeoff;0.0940635353326798
fire;Talking;;;talking;0.0324202179908752
fire;Tap pouring water;;;tap;0.0475171431899071
fire;Tap tss tss;;;tap;0.0475171431899071
fire;Teaching;;;teaching;0.099908746778965
fire;Tha phou phou;;;phou;
fire;Tick tock;;;tock;-0.0585671849548817
fire;Tornado;;;tornado;0.211124986410141
fire;Touching, blowing, burning;;;burning;0.656799912452698
fire;Tough;;;tough;-0.00305499904789031
fire;Turn down;;;turn;0.074604332447052
fire;Very hot;;;hot;0.311794459819794
fire;Vocalising;;;vocalising;-0.0551933199167252
fire;WInd;;;wind;0.110924676060677
fire;Warning;;;warning;0.152862548828125
fire;Wata;;;wata;
fire;Wave;;;wave;0.0487482100725174
fire;What is this;;;is;0.0327885895967484
fire;Whirlwind;;;whirlwind;0.138760834932327
fire;Whoosh;;;whoosh;0.0989107638597488
fire;Wind;;;wind;0.110924676060677
fire;Wind noise;;;noise;0.0674530863761902
fire;Wind or fast;;;wind;0.110924676060677
fire;Windy;;;windy;0.0823767334222794
fire;Windy, chilly;;;windy;0.0823767334222794
fire;Woman communicating in a jungle;;;jungle;0.0474483780562878
fire;Women’ strange sounds;;;sounds;0.0592223443090916
fire;Yawn;;;yawn;0.0452291518449783
fire;Yawning;;;yawning;0.020610298961401
fire;Yoga;;;yoga;0.0429416708648205
fire;You, go there;;;go;0.0185292586684227
fire;`Ta fufu tsss;;;fufu;-0.0304194912314415
fire;acapella;;;acapella;-0.0553649850189686
fire;adults making sounds;;;adults;-0.0133335692808032
fire;air blowing;;;blowing;0.186168491840363
fire;air intake;;;intake;0.0373418480157852
fire;air sound;;;sound;0.0724393799901009
fire;airplane;;;airplane;0.0531001575291157
fire;airplane crash;;;crash;0.239578381180763
fire;airplane flying;;;flying;0.0888205096125603
fire;airplane sound;;;sound;0.0724393799901009
fire;all of that;;;all;0.0480776950716972
fire;annoyed;;;annoyed;-0.0218805130571127
fire;attack;;;attack;0.19852577149868
fire;bad signal;;;signal;0.061601035296917
fire;be calm;;;be;0.0602765679359436
fire;be fast;;;be;0.0602765679359436
fire;bear;;;bear;0.0335274487733841
fire;beatboxing;;;beatboxing;-0.00101438153069466
fire;big;;;big;0.0270532239228487
fire;blow;;;blow;0.191238254308701
fire;blow candle;;;candle;0.379963040351868
fire;blow hiss;;;hiss;0.110478796064854
fire;blow out a candle;;;blow;0.191238254308701
fire;blow the candle;;;blow;0.191238254308701
fire;blow up baloon;;;blow;0.191238254308701
fire;blowing;;;blowing;0.186168491840363
fire;blowing a candle;;;blowing;0.186168491840363
fire;blowing at tea;;;blowing;0.186168491840363
fire;blowing candles;;;blowing;0.186168491840363
fire;blowing on burns;;;blowing;0.186168491840363
fire;blowing out candle;;;blowing;0.186168491840363
fire;blowing out candles;;;blowing;0.186168491840363
fire;blowing something hot;;;blowing;0.186168491840363
fire;blowing something out;;;blowing;0.186168491840363
fire;blowing straw;;;blowing;0.186168491840363
fire;blowing strongly;;;blowing;0.186168491840363
fire;blowing the whistling;;;blowing;0.186168491840363
fire;blowing, extinguishing;;;blowing;0.186168491840363
fire;blowout;;;blowout;0.21863828599453
fire;boat;;;boat;0.0973812341690064
fire;bomb;;;bomb;0.245144188404083
fire;bomb explosion;;;explosion;0.422724038362503
fire;boomerang;;;boomerang;0.0339953750371933
fire;breath;;;breath;0.134348630905151
fire;breath slowly;;;breath;0.134348630905151
fire;breathing hard;;;breathing;0.1810602247715
fire;breathing in;;;breathing;0.1810602247715
fire;burn;;;burn;0.633438408374786
fire;burning;;;burning;0.656799912452698
fire;car passing by;;;car;0.0724399089813232
fire;cartoon sound;;;sound;0.0724393799901009
fire;catcall;;;catcall;0.079636462032795
fire;chaos;;;chaos;0.0896225646138191
fire;chhhooo;;;chhhooo;
fire;child fight;;;fight;0.135948047041893
fire;cleaning spray;;;spray;0.14677020907402
fire;coffee machine;;;machine;0.0189381446689367
fire;cold;;;cold;0.0623751245439053
fire;cold and windy;;;cold;0.0623751245439053
fire;come help me;;;come;0.0400525517761707
fire;cook on fire;;;cook;0.222863733768463
fire;cooking;;;cooking;0.241079926490784
fire;cool off;;;cool;0.057153657078743
fire;coughing;;;coughing;0.101788230240345
fire;craziness;;;craziness;-0.00960788503289223
fire;cut;;;cut;0.0760357528924942
fire;cutting;;;cutting;0.0656797215342522
fire;dah uh uh zzz;;;dah;-0.0423810593783855
fire;danger;;;danger;0.165971115231514
fire;darth vader;;;vader;-0.0354105979204178
fire;deep breath;;;breath;0.134348630905151
fire;destruction;;;destruction;0.182056665420532
fire;distracted;;;distracted;0.0170153807848692
fire;don't know;;;know;0.0192057248204947
fire;drink;;;drink;0.0157286990433931
fire;drink from straw;;;drink;0.0157286990433931
fire;drinking;;;drinking;0.053016908466816
fire;drum;;;drum;0.0858949273824692
fire;drums;;;drums;0.0748780369758606
fire;dunh dung durr;;;dung;0.0650188252329826
fire;dupseee;;;dupseee;
fire;dynamite;;;dynamite;0.235057011246681
fire;escaped air;;;escaped;0.147925645112991
fire;excersie;;;excersie;
fire;exercising;;;exercising;0.0677693262696266
fire;explode;;;explode;0.264679968357086
fire;explosion;;;explosion;0.422724038362503
fire;explosion impression;;;impression;-0.0555898658931255
fire;explotion;;;explotion;
fire;extinguishing flame;;;extinguishing;0.584942281246185
fire;factory sound;;;sound;0.0724393799901009
fire;fake shot;;;shot;0.174964070320129
fire;fast;;;fast;0.093002662062645
fire;fast car;;;car;0.0724399089813232
fire;ffkhohh;;;ffkhohh;
fire;fight;;;fight;0.135948047041893
fire;fire;;;fire;1
fire;fire starting;;;starting;0.0976638346910477
fire;firestarting;;;firestarting;
fire;firework;;;firework;0.451882183551788
fire;firework sound;;;sound;0.0724393799901009
fire;fireworks;;;fireworks;0.411713391542435
fire;firing missiles;;;firing;0.555061936378479
fire;fiss;;;fiss;
fire;fizzy drinks;;;drinks;0.0282806362956762
fire;flight;;;flight;0.0744449868798256
fire;fly;;;fly;0.046603687107563
fire;flying;;;flying;0.0888205096125603
fire;flying through air;;;flying;0.0888205096125603
fire;fojoauh;;;fojoauh;
fire;fooh;;;fooh;
fire;fool;;;fool;0.0633379220962524
fire;fooo;;;fooo;
fire;frooooggggg;;;frooooggggg;
fire;fu fu tsss;;;fu;0.041755884885788
fire;fughuuuuh;;;fughuuuuh;
fire;fuuuuushhhhhh;;;fuuuuushhhhhh;
fire;game of hands;;;game;0.067205473780632
fire;give;;;give;0.0375644862651825
fire;go back;;;go;0.0185292586684227
fire;go to the toilet;;;go;0.0185292586684227
fire;high pressure;;;pressure;0.0807759538292885
fire;hiss;;;hiss;0.110478796064854
fire;hissing;;;hissing;0.152297347784042
fire;hot;;;hot;0.311794459819794
fire;hot and cooled;;;hot;0.311794459819794
fire;hot finger water;;;finger;0.0825637802481651
fire;hot rocks;;;rocks;0.0448865778744221
fire;hush;;;hush;0.000310807197820395
fire;i can do it;;;do;0.0316787883639336
fire;idk;;;idk;-0.040642324835062
fire;imitating a beat;;;imitating;0.0273368805646896
fire;imitating wind;;;wind;0.110924676060677
fire;imitation coffee making noises;;;coffee;0.0487385243177414
fire;inhaling;;;inhaling;0.180168971419334
fire;inspiring breath;;;breath;0.134348630905151
fire;instrument;;;instrument;-0.00667788833379746
fire;its hot;;;hot;0.311794459819794
fire;jet;;;jet;0.157060503959656
fire;kgoo;;;kgoo;
fire;kid playing;;;playing;0.0793757066130638
fire;kitchen;;;kitchen;0.163288995623589
fire;laser;;;laser;0.0941114947199822
fire;laser phaser;;;phaser;0.180399462580681
fire;laser, shooting, sword;;;laser;0.0941114947199822
fire;launch;;;launch;0.169698879122734
fire;letting out the air;;;letting;0.125764042139053
fire;lighting a bonfire;;;lighting;0.345001637935638
fire;lighting a fire;;;lighting;0.345001637935638
fire;lightning bolt;;;bolt;0.120123237371445
fire;lightsaber;;;lightsaber;0.142427086830139
fire;lightsabers;;;lightsabers;0.151283234357834
fire;long;;;long;-0.02955780364573
fire;magic;;;magic;0.10081522166729
fire;magic spell;;;spell;0.122180737555027
fire;making a joke;;;making;0.0750834792852402
fire;making rocket sounds;;;making;0.0750834792852402
fire;man making sound;;;making;0.0750834792852402
fire;milling machine;;;machine;0.0189381446689367
fire;missile;;;missile;0.237554669380188
fire;mockery;;;mockery;0.0310818664729595
fire;mouth blowing;;;blowing;0.186168491840363
fire;mouth sound;;;sound;0.0724393799901009
fire;music;;;music;0.0706497207283974
fire;noise;;;noise;0.0674530863761902
fire;nonsense;;;nonsense;-0.0269983075559139
fire;old man breathing;;;breathing;0.1810602247715
fire;old train;;;train;0.10646740347147
fire;on hot pan;;;on;0.0748401284217835
fire;opening;;;opening;0.102153837680817
fire;opening can;;;opening;0.102153837680817
fire;operating hose from high pressure nozzle  head position;;;nozzle;0.172414839267731
fire;pechewing;;;pechewing;
fire;pfffuuuu;;;pfffuuuu;
fire;plane flying;;;flying;0.0888205096125603
fire;playing;;;playing;0.0793757066130638
fire;playing a beat;;;playing;0.0793757066130638
fire;playing with kids;;;playing;0.0793757066130638
fire;prepare food;;;prepare;0.082923449575901
fire;pschuuggghh;;;pschuuggghh;
fire;psgsgsg;;;psgsgsg;
fire;psguguoguo;;;psguguoguo;
fire;psheeurgh;;;psheeurgh;
fire;pshshshsooohhhoohhh;;;pshshshsooohhhoohhh;
fire;pshwowowow;;;pshwowowow;
fire;psiuuuu;;;psiuuuu;
fire;pst shuw woo wuu;;;wuu;
fire;pstchohohohoh;;;pstchohohohoh;
fire;pststzzzzsss;;;pststzzzzsss;
fire;rain;;;rain;0.138575002551079
fire;rainfall;;;rainfall;0.0941444039344788
fire;random;;;random;0.0231439620256424
fire;random noises;;;noises;0.0743096321821213
fire;random sounds;;;sounds;0.0592223443090916
fire;relaxing routine;;;relaxing;0.0751021504402161
fire;releasing suction;;;releasing;0.103362180292606
fire;relief;;;relief;0.0444900877773762
fire;rhythm;;;rhythm;0.00599249731749296
fire;rock;;;rock;0.00393826654180884
fire;rocket;;;rocket;0.236252009868622
fire;rocket launch;;;launch;0.169698879122734
fire;rocket launcher;;;launcher;0.235359340906143
fire;rocket launching;;;launching;0.142492398619652
fire;rocket plane;;;plane;0.0858676880598068
fire;running;;;running;0.0325579307973385
fire;rustle;;;rustle;0.0038360373582691
fire;scare;;;scare;0.0392316877841949
fire;scratch throat;;;throat;0.0194588303565979
fire;sea wave;;;wave;0.0487482100725174
fire;sequence showing;;;sequence;0.0818269178271294
fire;ship;;;ship;0.123801954090595
fire;shlowowshlowow;;;shlowowshlowow;
fire;shoot;;;shoot;0.227232918143272
fire;shooting;;;shooting;0.296610116958618
fire;shooting imitation;;;shooting;0.296610116958618
fire;shooting out something;;;shooting;0.296610116958618
fire;shooting something;;;shooting;0.296610116958618
fire;sighing;;;sighing;0.0563237108290195
fire;sing;;;sing;0.000346017914125696
fire;singing;;;singing;0.00338959018699825
fire;sizzling;;;sizzling;0.306553781032562
fire;sleep;;;sleep;0.0265127997845411
fire;sleep blow;;;blow;0.191238254308701
fire;sleeping;;;sleeping;0.0701872035861015
fire;slurp noodles;;;noodles;0.0303501207381487
fire;smoking;;;smoking;0.296738982200623
fire;smug;;;smug;-0.0382990911602974
fire;snake;;;snake;0.136788323521614
fire;snore;;;snore;0.0173458606004715
fire;snoring;;;snoring;0.0268444195389748
fire;soft drinks;;;drinks;0.0282806362956762
fire;sound effect;;;effect;0.0353476963937283
fire;sound of wind;;;sound;0.0724393799901009
fire;sounds;;;sounds;0.0592223443090916
fire;spaceship;;;spaceship;0.0667065605521202
fire;spaceship in space;;;spaceship;0.0667065605521202
fire;special effects;;;effects;0.0356593355536461
fire;spelling or teaching;;;spelling;0.00819685310125351
fire;spelling, blowing, hissing;;;spelling;0.00819685310125351
fire;spray;;;spray;0.14677020907402
fire;stadium;;;stadium;0.0431790798902512
fire;star wars sword;;;wars;0.0933803468942642
fire;stay away;;;stay;0.0316424146294594
fire;steam;;;steam;0.210668846964836
fire;stop;;;stop;0.0251347254961729
fire;storm;;;storm;0.188083007931709
fire;stretching;;;stretching;0.0148910665884614
fire;strong wind;;;wind;0.110924676060677
fire;strong winds;;;winds;0.132931560277939
fire;suck;;;suck;0.0235828682780266
fire;sucking;;;sucking;-0.0123027330264449
fire;sucking air;;;air;0.149094000458717
fire;suction;;;suction;0.0421117097139359
fire;swirling;;;swirling;0.0865554958581924
fire;swish;;;swish;-0.00959813687950373
fire;swoosh;;;swoosh;0.00654022488743067
fire;ta ho ho thccc;;;ho;-0.00173305196221918
fire;ta ho ho tsss;;;ho;-0.00173305196221918
fire;ta hu-hu tss;;;tss;-0.0615499466657639
fire;ta ooo tissss;;;ooo;0.0370305217802525
fire;ta pff pff tsssss;;;pff;-0.0104313399642706
fire;ta phew phew pssss;;;phew;0.0490323789417744
fire;ta phew phew tsss;;;phew;0.0490323789417744
fire;ta uhuh ts;;;uhuh;
fire;ta woo woo tsss;;;woo;-0.0332057364284992
fire;ta, hu, cyyy;;;ta;-0.0711933374404907
fire;taah-hoo-hoo-tsss;;;hoo;0.014999208971858
fire;tack whoo whoo tsss;;;whoo;0.0467145405709744
fire;taco;;;taco;0.0518434606492519
fire;take off;;;take;-0.0129577638581395
fire;tap and blow;;;tap;0.0475171431899071
fire;tap psss;;;psss;
fire;tap uh uh ssssss;;;tap;0.0475171431899071
fire;tapp...ushh;;;tapp;-0.00515988934785128
fire;tawhooptsssss;;;tawhooptsssss;
fire;thank you;;;thank;-0.000605876208283007
fire;throwing;;;throwing;0.102852798998356
fire;tojujusssss;;;tojujusssss;
fire;too hot it burns;;;hot;0.311794459819794
fire;train;;;train;0.10646740347147
fire;tuck hmm tsst;;;hmm;-0.021174555644393
fire;tuh huh huh tsss;;;tuh;-0.046085674315691
fire;turn off;;;turn;0.074604332447052
fire;turning and sizzling;;;turning;0.0593024604022503
fire;tut;;;tut;-0.0444058552384377
fire;vent;;;vent;0.174404382705688
fire;very hot;;;hot;0.311794459819794
fire;vocal stimming;;;stimming;-0.00983821507543325
fire;vrrrr;;;vrrrr;
fire;water;;;water;0.156986087560654
fire;water gun;;;gun;0.281270295381546
fire;watergun;;;watergun;
fire;waves;;;waves;0.0527807585895062
fire;wgggggghhhh;;;wgggggghhhh;
fire;where;;;where;0.0204419363290072
fire;whhhhuuuuuuuu;;;whhhhuuuuuuuu;
fire;whhuu (blowing noise);;;blowing;0.186168491840363
fire;whirl;;;whirl;0.0924619510769844
fire;whoohoohoo;;;whoohoohoo;
fire;whoooooeeee;;;whoooooeeee;
fire;whoosh;;;whoosh;0.0989107638597488
fire;whooshing;;;whooshing;0.0478856787085533
fire;wind;;;wind;0.110924676060677
fire;wind blow;;;blow;0.191238254308701
fire;wind gust;;;gust;0.169253453612328
fire;wind noise;;;noise;0.0674530863761902
fire;wind sound;;;sound;0.0724393799901009
fire;wind storm;;;storm;0.188083007931709
fire;wind, wave;;;wave;0.0487482100725174
fire;windy;;;windy;0.0823767334222794
fire;woman;;;woman;0.121652036905289
fire;woosh;;;woosh;0.0677597969770432
fire;workout sounds tired;;;sounds;0.0592223443090916
fire;wow;;;wow;0.0164470300078392
fire;yawn;;;yawn;0.0452291518449783
fire;yawn or intake of breathe;;;yawn;0.0452291518449783
fire;yawning;;;yawning;0.020610298961401
fire;“Get ready!”;;;get;0.0392288491129875
fire;;;;nan;-0.00313030416145921
cut;Accelerated snorting;;;snorting;-0.00286585767753422
cut;Aggressively snoring;;;snoring;-0.0230365805327892
cut;Agony;;;agony;0.00717581389471889
cut;Animal chaser;;;chaser;0.105511955916882
cut;Animal sound;;;sound;0.00419332832098007
cut;Annoyed;;;annoyed;0.0312317460775375
cut;BEAT;;;beat;0.177699893712997
cut;Beat of electronic music;;;beat;0.177699893712997
cut;Breath;;;breath;0.0155205558985472
cut;Breathing heavily;;;breathing;0.0420886054635048
cut;CD spining;;;spining;
cut;Call;;;call;0.0233680903911591
cut;Can;;;can;0.0617419295012951
cut;Catching breath;;;catching;-0.00361526338383555
cut;Chopping;;;chopping;0.548685908317566
cut;Chu chu chu;;;chu;0.0302071534097195
cut;Click;;;click;0.00440783519297838
cut;Cut;;;cut;1
cut;Cut it;;;cut;1
cut;Cutting;;;cutting;0.784980654716492
cut;Cutting hair;;;cutting;0.784980654716492
cut;Cutting something;;;cutting;0.784980654716492
cut;Cutting thinly;;;cutting;0.784980654716492
cut;DON'T KNOW;;;don't;0.0130630219355226
cut;Danger;;;danger;-0.00575890066102147
cut;Deck of cards;;;deck;0.0474222451448441
cut;Desperate;;;desperate;-0.0264263916760683
cut;Digging;;;digging;0.132914125919342
cut;Disappointment;;;disappointment;-0.0487356036901474
cut;Disapproval,;;;disapproval;-0.0169861409813166
cut;Dog;;;dog;0.0124854352325201
cut;Dog breathing;;;breathing;0.0420886054635048
cut;Donkey;;;donkey;-0.027003325521946
cut;Eating;;;eating;0.0740033835172653
cut;Fench buldog;;;buldog;
cut;Flick;;;flick;0.12555930018425
cut;Flicker;;;flicker;-0.00516717415302992
cut;Flicking paper;;;flicking;0.109716519713402
cut;Ft ft ft ft;;;ft;0.0564181320369244
cut;GRUNT;;;grunt;-0.0987402051687241
cut;Gasping;;;gasping;0.00257667433470488
cut;Go away;;;go;0.137731149792671
cut;Growl;;;growl;-0.0603789575397968
cut;HORSE;;;horse;0.0446388982236385
cut;Heavy breathing;;;breathing;0.0420886054635048
cut;Hissing sound;;;hissing;-0.00442264042794704
cut;Hit;;;hit;0.165065035223961
cut;Imitating beat;;;beat;0.177699893712997
cut;Intense;;;intense;0.0408716909587383
cut;Irritated;;;irritated;0.033463753759861
cut;I’m tired;;;’m;
cut;Jujo jujo jujo;;;jujo;
cut;Knocking;;;knocking;0.0753303915262222
cut;Lighter;;;lighter;0.0401287823915482
cut;Lighting a lighter;;;lighting;0.031442753970623
cut;Like opening can;;;like;0.042411919683218
cut;Małe wheezing;;;wheezing;-0.0228581335395575
cut;Mouth;;;mouth;0.0700549483299255
cut;Mouth drums;;;drums;-0.0543403215706348
cut;Mouth sounds;;;sounds;0.00635396037250757
cut;Mystery;;;mystery;-0.0371042788028717
cut;No never;;;never;0.0707128942012787
cut;Not sure;;;sure;0.0246555805206299
cut;Opening;;;opening;0.125654637813568
cut;Opening a lid;;;opening;0.125654637813568
cut;Panting;;;panting;-0.00866516306996346
cut;Paper like sound;;;paper;0.199709847569466
cut;Pig;;;pig;0.019651647657156
cut;Pig noise;;;noise;0.0113792140036821
cut;Pigs;;;pigs;0.0086536230519414
cut;Playing with cards;;;playing;0.044762659817934
cut;Possible;;;possible;0.0520397685468197
cut;Quiet quiet quiet;;;quiet;-0.0200652088969946
cut;Reloading;;;reloading;-0.0273096039891243
cut;SOUND;;;sound;0.00419332832098007
cut;Saw;;;saw;0.316817820072174
cut;Sawing;;;sawing;0.450891703367233
cut;Scissor;;;scissor;0.480472952127457
cut;Scratch;;;scratch;0.142526656389236
cut;Scratching;;;scratching;0.157895863056183
cut;Scratching nose;;;nose;0.112993814051151
cut;Scrubbing;;;scrubbing;0.0776317417621613
cut;Shame on you;;;shame;-0.0504173114895821
cut;Shave;;;shave;0.433083266019821
cut;Short blowing;;;blowing;0.0398571565747261
cut;Shuffle;;;shuffle;0.0862060263752937
cut;Slicing;;;slicing;0.637259542942047
cut;Slicing, whittling;;;slicing;0.637259542942047
cut;Smokker run;;;run;0.176636189222336
cut;Sneak;;;sneak;0.107631355524063
cut;Snipping;;;snipping;0.497961819171906
cut;Snipping or cutting;;;snipping;0.497961819171906
cut;Snoaring;;;snoaring;
cut;Snoozing imitation;;;snoozing;-0.0378810241818428
cut;Snoring;;;snoring;-0.0230365805327892
cut;Snort;;;snort;0.00527662178501487
cut;Soda popping;;;popping;0.0190446395426989
cut;Something dashing fast;;;something;0.0106214443221688
cut;Spray;;;spray;0.0287904087454081
cut;Spray bottle;;;bottle;-0.042365524917841
cut;Spraying;;;spraying;0.0303181074559689
cut;Strange high sounds;;;sounds;0.00635396037250757
cut;Stressed;;;stressed;0.086375318467617
cut;Stuffy, congested;;;congested;0.00727259274572134
cut;Sucking sound;;;sound;0.00419332832098007
cut;Sweeping;;;sweeping;0.0708242282271385
cut;Swipe;;;swipe;0.131158798933029
cut;Tak tsk tsk;;;tak;0.0496759526431561
cut;Tee;;;tee;0.120473362505436
cut;Ticking;;;ticking;-0.00577735202386975
cut;Ticking time;;;time;0.0740653946995735
cut;Tik tok;;;tok;-0.0246889535337687
cut;Tiniest wooden sword sounds;;;sword;0.154183730483055
cut;Tired;;;tired;0.00997143238782883
cut;Tiredness;;;tiredness;0.0110016250982881
cut;Tiredness, physical effort;;;tiredness;0.0110016250982881
cut;To spit;;;spit;0.057587593793869
cut;Train;;;train;0.0605452470481396
cut;Trouble breathing, Pug;;;breathing;0.0420886054635048
cut;Tsikitsikitsiki;;;tsikitsikitsiki;
cut;Tsk tsk tsk;;;tsk;-0.0162818115204573
cut;Tsuk tsuk;;;tsuk;
cut;Typping;;;typping;
cut;Upbeat;;;upbeat;0.0263789780437946
cut;Vocal exercise;;;exercise;-0.00482820998877287
cut;Walk;;;walk;0.0712894946336746
cut;Weird;;;weird;-0.0275015737861395
cut;Women’s ticking;;;’s;
cut;Writing;;;writing;0.0247810613363981
cut;about to spit;;;about;0.0702810287475586
cut;adhesive tape;;;tape;0.202835351228714
cut;adults talking child;;;adults;-0.0415572747588158
cut;aggressive;;;aggressive;0.0320160947740078
cut;anger;;;anger;-0.0126259867101908
cut;anger, agitated;;;anger;-0.0126259867101908
cut;angry;;;angry;0.00962642300873995
cut;angry cat;;;cat;0.0546635426580906
cut;angry dog;;;dog;0.0124854352325201
cut;anxious;;;anxious;-0.0300073120743036
cut;anxious, stressed;;;stressed;0.086375318467617
cut;argument;;;argument;-0.0136865843087435
cut;asmr;;;asmr;-0.103682592511177
cut;attention;;;attention;0.0190890468657017
cut;barking;;;barking;0.00857764761894941
cut;beat;;;beat;0.177699893712997
cut;beat box;;;box;0.00333663285709918
cut;beatboxing;;;beatboxing;0.0309001710265875
cut;bicycle pump;;;pump;0.00765367783606052
cut;bird;;;bird;0.0124849053099751
cut;bored;;;bored;0.0528783388435841
cut;bottle;;;bottle;-0.042365524917841
cut;breathe hard;;;breathe;0.0436017215251923
cut;breathe heavily;;;breathe;0.0436017215251923
cut;breathing loudly;;;breathing;0.0420886054635048
cut;breathing problem;;;breathing;0.0420886054635048
cut;breathless;;;breathless;0.00983235333114862
cut;broken;;;broken;0.21086610853672
cut;buldog;;;buldog;
cut;burd;;;burd;-0.0294469557702541
cut;call;;;call;0.0233680903911591
cut;calling a cat;;;calling;0.013020409271121
cut;camera;;;camera;-0.0161720402538776
cut;can open;;;open;0.148818507790566
cut;can opener;;;opener;0.0748764872550964
cut;can't breath;;;breath;0.0155205558985472
cut;cannot breathe;;;breathe;0.0436017215251923
cut;cat loud purring;;;cat;0.0546635426580906
cut;chachacho;;;chachacho;
cut;chocking;;;chocking;0.027175210416317
cut;chop;;;chop;0.615505218505859
cut;chopping;;;chopping;0.548685908317566
cut;chu, chu, chu, chu;;;chu;0.0302071534097195
cut;clack clakc clack;;;clakc;
cut;cleaning;;;cleaning;0.0103968121111393
cut;clear throat;;;throat;0.290757268667221
cut;click;;;click;0.00440783519297838
cut;clicker or puncher;;;clicker;-0.0281443260610104
cut;clicking;;;clicking;-0.0573533065617085
cut;clicking tongue;;;clicking;-0.0573533065617085
cut;clock;;;clock;0.00590018322691321
cut;clock ticking;;;ticking;-0.00577735202386975
cut;critter;;;critter;0.014622918330133
cut;cut;;;cut;1
cut;cut wood;;;cut;1
cut;cutting;;;cutting;0.784980654716492
cut;cutting leaves;;;cutting;0.784980654716492
cut;cutting noise;;;cutting;0.784980654716492
cut;cutting paper;;;cutting;0.784980654716492
cut;cutting sound;;;cutting;0.784980654716492
cut;cutting with saw;;;cutting;0.784980654716492
cut;cutting wood;;;cutting;0.784980654716492
cut;cyk cyk;;;cyk;
cut;desperate;;;desperate;-0.0264263916760683
cut;dialing;;;dialing;0.0427823178470135
cut;difficult;;;difficult;0.0170158054679632
cut;dip dip dip dip;;;dip;0.196751266717911
cut;disappointed;;;disappointed;0.0360668711364269
cut;disapprove;;;disapprove;0.0314286574721336
cut;dj'ing;;;dj'ing;
cut;do it like this;;;do;0.0695102363824844
cut;dog breathing;;;breathing;0.0420886054635048
cut;dog impression;;;impression;-0.0054655154235661
cut;dog sounds;;;sounds;0.00635396037250757
cut;don't know;;;know;-0.00628946116194129
cut;drinking;;;drinking;-0.00704433396458626
cut;drums;;;drums;-0.0543403215706348
cut;eat;;;eat;0.119202330708504
cut;eating;;;eating;0.0740033835172653
cut;empty water gun;;;gun;-0.0137689365074039
cut;erasing with rubber;;;erasing;0.144301697611809
cut;excited, tired;;;tired;0.00997143238782883
cut;exercising;;;exercising;0.00444024987518787
cut;exertion;;;exertion;-0.029328141361475
cut;exhaustion;;;exhaustion;0.00988037046045065
cut;faster;;;faster;0.0286473426967859
cut;ficfiuctick;;;ficfiuctick;
cut;fire;;;fire;0.0760357528924942
cut;firing the lighter?;;;firing;0.0712116435170174
cut;flick;;;flick;0.12555930018425
cut;flickering;;;flickering;-0.00324829458259046
cut;flicking pages;;;flicking;0.109716519713402
cut;flint and steel;;;flint;0.0817272737622261
cut;follow me;;;follow;0.0311275124549866
cut;frikitfrikitfrikit;;;frikitfrikitfrikit;
cut;fumigate;;;fumigate;0.0144101167097688
cut;gasping;;;gasping;0.00257667433470488
cut;get back;;;get;0.127452939748764
cut;gggagggagga;;;gggagggagga;
cut;giving cards;;;giving;0.0596915706992149
cut;go away;;;go;0.137731149792671
cut;grater;;;grater;0.16225166618824
cut;grunt;;;grunt;-0.0987402051687241
cut;grunting;;;grunting;-0.0852820053696632
cut;grunting mad;;;grunting;-0.0852820053696632
cut;gunfire;;;gunfire;0.0134026492014527
cut;guttural sound;;;sound;0.00419332832098007
cut;hacksaw;;;hacksaw;0.36788272857666
cut;heaving;;;heaving;-0.0311042498797178
cut;heavy breathing;;;breathing;0.0420886054635048
cut;hiss;;;hiss;-0.00283578084781766
cut;hit smthing;;;hit;0.165065035223961
cut;hog;;;hog;0.0764137208461762
cut;hoherhoherhah;;;hoherhoherhah;
cut;horse;;;horse;0.0446388982236385
cut;huh-ah huh-ah huh;;;huh;0.016205970197916
cut;hurry;;;hurry;0.00641168607398868
cut;hurts;;;hurts;0.178574442863464
cut;huuu aa huuu aa huuu;;;huuu;
cut;i dont know;;;know;-0.00628946116194129
cut;impatient;;;impatient;-0.0644885376095772
cut;inflator;;;inflator;-0.0677564218640328
cut;irrigation systems;;;systems;-0.0588772743940353
cut;jajajaoh;;;jajajaoh;
cut;kgokgokgo;;;kgokgokgo;
cut;khu khu khu;;;khu;-0.0286678373813629
cut;knock;;;knock;0.17551064491272
cut;knocking;;;knocking;0.0753303915262222
cut;lags;;;lags;0.0476156324148178
cut;leafes;;;leafes;
cut;light a match;;;light;0.0401564463973045
cut;light brushes against a smooth surface;;;surface;0.0225644968450069
cut;lighter;;;lighter;0.0401287823915482
cut;lighter flicker;;;flicker;-0.00516717415302992
cut;lighter sound;;;sound;0.00419332832098007
cut;lighting a lighter;;;lighting;0.031442753970623
cut;lighting fire;;;fire;0.0760357528924942
cut;lip sound;;;sound;0.00419332832098007
cut;make fun;;;make;0.170644283294678
cut;make the tip;;;make;0.170644283294678
cut;making pig;;;making;0.1122180595994
cut;matches;;;matches;0.0412734560668469
cut;mmrmmr;;;mmrmmr;
cut;mouse;;;mouse;-0.125990077853203
cut;mouse eating;;;eating;0.0740033835172653
cut;mouth sounds;;;sounds;0.00635396037250757
cut;moving things;;;moving;0.00371124688535929
cut;music?;;;music;0.0449514463543892
cut;negation;;;negation;-0.0132158799096942
cut;noise with teeth;;;noise;0.0113792140036821
cut;nose check;;;check;0.0478483140468597
cut;nothing;;;nothing;-0.0266851969063282
cut;open;;;open;0.148818507790566
cut;open can;;;can;0.0617419295012951
cut;open something;;;open;0.148818507790566
cut;opening a can;;;opening;0.125654637813568
cut;opening bottle;;;bottle;-0.042365524917841
cut;opening can;;;opening;0.125654637813568
cut;opening sodas;;;opening;0.125654637813568
cut;openning cans;;;openning;
cut;out of breath;;;out;0.18561190366745
cut;paging;;;paging;-0.0594158060848713
cut;panic;;;panic;-0.0163902528584003
cut;panting;;;panting;-0.00866516306996346
cut;patting something;;;patting;0.0255516096949577
cut;pay attention;;;pay;0.212346136569977
cut;peeling;;;peeling;0.227818578481674
cut;pft pft pft noise (like flicking something);;;like;0.042411919683218
cut;pig;;;pig;0.019651647657156
cut;pig grunt;;;grunt;-0.0987402051687241
cut;pig snorting;;;snorting;-0.00286585767753422
cut;pig sound;;;sound;0.00419332832098007
cut;play guns;;;play;0.0955679416656494
cut;playing;;;playing;0.044762659817934
cut;point this;;;point;0.0380395911633968
cut;ptptptpt;;;ptptptpt;
cut;pupping tires;;;tires;0.00359549978747964
cut;quick;;;quick;0.0340147092938423
cut;quick steps;;;steps;0.048794474452734
cut;r rru;;;rru;
cut;repeated sound;;;sound;0.00419332832098007
cut;roa roa roa;;;roa;-0.0319134332239628
cut;running;;;running;0.112687930464745
cut;saw;;;saw;0.316817820072174
cut;sawing;;;sawing;0.450891703367233
cut;scared breathing;;;breathing;0.0420886054635048
cut;scary panting;;;panting;-0.00866516306996346
cut;schllk schllk schllk (shears);;;schllk;
cut;scissor;;;scissor;0.480472952127457
cut;scissors;;;scissors;0.432704955339432
cut;scissors cutting;;;cutting;0.784980654716492
cut;scrape;;;scrape;0.257502615451813
cut;scrape something;;;scrape;0.257502615451813
cut;scraping;;;scraping;0.202984496951103
cut;scratch;;;scratch;0.142526656389236
cut;scratching;;;scratching;0.157895863056183
cut;scratching a match;;;scratching;0.157895863056183
cut;scrath scratch;;;scratch;0.142526656389236
cut;scrubbing;;;scrubbing;0.0776317417621613
cut;see-sawing something;;;sawing;0.450891703367233
cut;shake;;;shake;-0.000350131798768416
cut;shaking something;;;shaking;-0.0561530888080597
cut;sharp, cutting;;;cutting;0.784980654716492
cut;sharpening;;;sharpening;0.264116376638413
cut;shaving;;;shaving;0.340454518795013
cut;shh shh shh sh;;;shh;0.0287076719105244
cut;shootgun;;;shootgun;
cut;shotgun reload;;;shotgun;-0.0499349050223827
cut;shwoosing;;;shwoosing;
cut;sick;;;sick;0.0344258956611156
cut;sigh;;;sigh;-0.0386868752539158
cut;silence;;;silence;0.000566068920306861
cut;silent?;;;silent;-0.017407089471817
cut;sleep;;;sleep;-0.00872000958770514
cut;sleeping;;;sleeping;-0.0244949143379927
cut;slice;;;slice;0.546599924564362
cut;snap;;;snap;0.202150046825409
cut;snarfl snarfl;;;snarfl;
cut;sneezing;;;sneezing;-0.0316760614514351
cut;snip;;;snip;0.61193972826004
cut;snip, cut;;;snip;0.61193972826004
cut;snore;;;snore;-0.037667129188776
cut;snoring;;;snoring;-0.0230365805327892
cut;snoring fast track;;;snoring;-0.0230365805327892
cut;snoring loud;;;snoring;-0.0230365805327892
cut;snort;;;snort;0.00527662178501487
cut;snort or snore;;;snort;0.00527662178501487
cut;snort snort snort;;;snort;0.00527662178501487
cut;snorting;;;snorting;-0.00286585767753422
cut;snorting dog;;;snorting;-0.00286585767753422
cut;soda;;;soda;0.0665917322039604
cut;soda can opening;;;opening;0.125654637813568
cut;sound;;;sound;0.00419332832098007
cut;sound from a boar;;;sound;0.00419332832098007
cut;spider;;;spider;-0.0401697345077992
cut;spitting;;;spitting;0.00108766439370811
cut;splashing;;;splashing;0.0239296332001686
cut;spray;;;spray;0.0287904087454081
cut;spray bottle;;;bottle;-0.042365524917841
cut;spraying;;;spraying;0.0303181074559689
cut;sprinkler;;;sprinkler;0.0292752608656883
cut;squirrel;;;squirrel;0.00863651558756828
cut;stamps;;;stamps;0.0888231992721558
cut;staple;;;staple;0.187403321266174
cut;stapling;;;stapling;0.172946259379387
cut;start a fire;;;start;0.0271872729063034
cut;step;;;step;0.0915843769907951
cut;steps;;;steps;0.048794474452734
cut;struggling;;;struggling;0.0426281690597534
cut;suq...suq...suqe;;;suqe;
cut;sweep;;;sweep;0.0536119677126408
cut;swiping;;;swiping;0.0404672138392925
cut;swiping the air;;;swiping;0.0404672138392925
cut;swoosh;;;swoosh;0.0534952357411385
cut;take notice;;;take;0.172702670097351
cut;taking;;;taking;0.0964701771736145
cut;taking deep breathes;;;taking;0.0964701771736145
cut;taking photos;;;taking;0.0964701771736145
cut;tapping;;;tapping;0.0809438899159432
cut;territory mark;;;mark;0.0793055519461632
cut;th th th th;;;th;-0.00773519137874246
cut;thck thck thck;;;thck;
cut;throat clearing;;;clearing;0.138911336660385
cut;tic tic tic;;;tic;-0.0791405960917473
cut;tick;;;tick;-0.0244465153664351
cut;tick tick;;;tick;-0.0244465153664351
cut;ticking;;;ticking;-0.00577735202386975
cut;ticking clock;;;ticking;-0.00577735202386975
cut;tik tok sound;;;tok;-0.0246889535337687
cut;time tik;;;tik;0.00741847371682525
cut;tiping on computer;;;tiping;
cut;tipping;;;tipping;0.060641560703516
cut;tired;;;tired;0.00997143238782883
cut;tired dog;;;dog;0.0124854352325201
cut;tired from running;;;tired;0.00997143238782883
cut;tiredness;;;tiredness;0.0110016250982881
cut;tishp tishp tishp;;;tishp;
cut;to cancel;;;cancel;0.229356288909912
cut;to cut;;;cut;1
cut;towards pig;;;towards;-0.0300488937646151
cut;train;;;train;0.0605452470481396
cut;train rolling along;;;rolling;0.1125278621912
cut;try harder;;;try;0.0468851588666439
cut;tsc tsc;;;tsc;
cut;tschtschtsch;;;tschtschtsch;
cut;tshe tshe thshe tshe;;;tshe;
cut;tsk tsk tsk;;;tsk;-0.0162818115204573
cut;tsk tsk tsk tsk;;;tsk;-0.0162818115204573
cut;tsk-uh tsk-uh tsk-uh;;;tsk;-0.0162818115204573
cut;tsking sounds;;;tsking;-0.0458334498107433
cut;tsktsktsk;;;tsktsktsk;
cut;tssk tssk tssk;;;tssk;
cut;tsssk tssk tssk;;;tsssk;
cut;tuc;;;tuc;
cut;turning;;;turning;0.151277869939804
cut;turning cigarette lighter;;;turning;0.151277869939804
cut;tututu;;;tututu;
cut;typing;;;typing;-0.0533634424209595
cut;tzack tzack tzack;;;tzack;
cut;upset;;;upset;0.0612212643027306
cut;walk;;;walk;0.0712894946336746
cut;walked;;;walked;0.114439576864243
cut;walking;;;walking;0.0373688749969006
cut;weariness;;;weariness;-0.0208460837602615
cut;weird breathing exercise;;;exercise;-0.00482820998877287
cut;wheeze;;;wheeze;-0.000960829027462751
cut;whittling;;;whittling;0.399255663156509
cut;winding up;;;winding;0.102884188294411
cut;wiping shoes;;;shoes;-0.00251275720074773
cut;wood carving;;;carving;0.338350921869278
cut;wood cutting;;;cutting;0.784980654716492
cut;woodcutting;;;woodcutting;0.434732496738434
cut;work;;;work;0.077611081302166
cut;working with tool;;;working;0.036779411137104
cut;writing;;;writing;0.0247810613363981
cut;zak zak;;;zak;0.0378612019121647
cut;zipping up;;;zipping;0.0698074474930763
cut;“Over here!”;;;here;-0.045481488108635
cut;;;;nan;-0.043581698089838
big;A word;;;word;0.025851596146822
big;ABSTRACT;;;abstract;-0.0254569202661514
big;Aaah;;;aaah;0.0648028254508972
big;Admiration;;;admiration;0.0373473465442658
big;Admiring;;;admiring;0.0223245993256569
big;Adult in concordance;;;adult;0.134303331375122
big;Amazed;;;amazed;0.0262587927281857
big;Amazement;;;amazement;0.0506737977266312
big;Amazing;;;amazing;0.185959607362747
big;An animal;;;animal;0.0700379386544228
big;Assenting;;;assenting;0.0109951095655561
big;Astonishment;;;astonishment;0.0422991067171097
big;Awakening;;;awakening;0.00259633921086788
big;Awe;;;awe;0.103833191096783
big;Baby crying;;;crying;0.0669196620583534
big;Bad impression surprise;;;surprise;0.177456200122833
big;Beware;;;beware;0.0257215145975351
big;Big;;;big;1.00000011920929
big;Come on;;;come;0.0476738400757313
big;Comprehension;;;comprehension;-0.0103427339345217
big;Danger;;;danger;0.0097957169637084
big;Discovery;;;discovery;0.074354387819767
big;Don’t know;;;know;0.0608413740992546
big;Dreadful, exhaustion;;;dreadful;0.132140442728996
big;Emphasising;;;emphasising;0.115043595433235
big;Enjoyment;;;enjoyment;-0.106938757002354
big;Enunciating;;;enunciating;0.00570241035893559
big;Finally;;;finally;0.00703119719401002
big;Funny sound;;;sound;-0.00697936303913593
big;Getting up from chair;;;getting;0.10371869802475
big;Ghost;;;ghost;0.0283877924084663
big;Greater understanding;;;understanding;0.00478866929188371
big;Groan, oh no;;;groan;0.0934800058603287
big;Groaning;;;groaning;0.0645356401801109
big;Hurt;;;hurt;0.047776822000742
big;Impressive;;;impressive;0.255860775709152
big;Intimidating;;;intimidating;0.169160261750221
big;Korean amazement;;;amazement;0.0506737977266312
big;Lady;;;lady;0.0744481608271599
big;Lazy;;;lazy;0.0498186536133289
big;Likes something;;;likes;0.201745614409447
big;MAOG;;;maog;
big;Ma Oga;;;oga;
big;Malga;;;malga;
big;Maoga;;;maoga;
big;Maow ga;;;ga;0.0479119084775448
big;Mauga;;;mauga;
big;Men’s oooo;;;men;0.0687119141221046
big;Meow;;;meow;-0.00463810190558434
big;Milk;;;milk;0.0935368910431862
big;Moaga;;;moaga;
big;Morgue;;;morgue;-0.0105616571381688
big;Mother;;;mother;0.0634014010429382
big;Mr Bean;;;bean;0.0272467359900475
big;My God;;;god;-0.0121962167322636
big;My god;;;god;-0.0121962167322636
big;Not sure;;;sure;0.140720292925835
big;Overwhelm;;;overwhelm;0.168751120567322
big;Pronunciation;;;pronunciation;-0.0042127687484026
big;Read;;;read;0.00662015425041318
big;Realization;;;realization;0.0351180694997311
big;Roar;;;roar;0.12491213530302
big;Roaring;;;roaring;0.196211040019989
big;SING;;;sing;0.042379941791296
big;SURPRISE;;;surprise;0.177456200122833
big;Satisfied;;;satisfied;-0.052146103233099
big;Scare;;;scare;0.131032720208168
big;Scared;;;scared;0.119899332523346
big;Shock;;;shock;0.138575375080109
big;Small one;;;one;0.202388867735863
big;Snoar;;;snoar;
big;So cool;;;cool;0.0456405207514763
big;Speaking;;;speaking;0.0188758559525013
big;Strange sound;;;sound;-0.00697936303913593
big;Strange sounds;;;sounds;0.00361586408689618
big;Strenght;;;strenght;0.00454106321558356
big;Stunned;;;stunned;0.0123090241104364
big;Suprised;;;suprised;0.0527187660336494
big;Sure;;;sure;0.140720292925835
big;Suroprise;;;suroprise;
big;Surprise;;;surprise;0.177456200122833
big;Surprised;;;surprised;0.06385737657547
big;TALK;;;talk;0.0660250782966614
big;Talking;;;talking;0.0728108584880829
big;Teaching;;;teaching;-0.0353978462517262
big;There you are;;;are;0.0225056111812592
big;This way;;;way;0.0340416058897972
big;Too much;;;much;0.281920075416565
big;Tribe;;;tribe;0.0646927133202553
big;Uau;;;uau;
big;Understanding;;;understanding;0.00478866929188371
big;Uwaah;;;uwaah;
big;Vocalization;;;vocalization;-0.0284628998488188
big;WHoaaah;;;whoaaah;
big;WOAH;;;woah;0.0201866887509823
big;Waaaaa;;;waaaaa;
big;Welcome;;;welcome;0.084556370973587
big;What;;;what;0.116789281368256
big;Whoa;;;whoa;0.0596182979643345
big;Whoa sound;;;sound;-0.00697936303913593
big;Woah;;;woah;0.0201866887509823
big;Women’s strange sounds;;;women;0.0794780179858208
big;Woooaah;;;woooaah;
big;Wooooaaah;;;wooooaaah;
big;Woooooah;;;woooooah;
big;Wow;;;wow;0.0714301094412804
big;Wow! Excitement;;;wow;0.0714301094412804
big;Wow, sound of wonder or surprise;;;wonder;0.0582512691617012
big;YAWN;;;yawn;0.118735335767269
big;Yawn;;;yawn;0.118735335767269
big;Yawning;;;yawning;0.0819310247898102
big;a cat?;;;cat;0.0435229018330574
big;admiration;;;admiration;0.0373473465442658
big;admire;;;admire;0.0195581000298262
big;admired;;;admired;0.0370935574173927
big;adult talking child;;;talking;0.0728108584880829
big;agree;;;agree;0.00505156628787518
big;amazed;;;amazed;0.0262587927281857
big;amazed by something;;;amazed;0.0262587927281857
big;amazed kid;;;kid;0.0869243890047073
big;amazed man;;;man;0.0568559840321541
big;amazed or looking at food;;;amazed;0.0262587927281857
big;amazement;;;amazement;0.0506737977266312
big;amazing;;;amazing;0.185959607362747
big;annoyed;;;annoyed;-0.0112459873780608
big;appreaciating;;;appreaciating;
big;astonished;;;astonished;0.0100812241435051
big;astonishment;;;astonishment;0.0422991067171097
big;awe;;;awe;0.103833191096783
big;awesome;;;awesome;0.181572943925858
big;awestruck;;;awestruck;0.0799404457211494
big;awsome;;;awsome;0.0826826468110085
big;baby;;;baby;0.135995015501976
big;baby talk;;;talk;0.0660250782966614
big;bad baby;;;baby;0.135995015501976
big;bear;;;bear;0.199288547039032
big;before the sleep;;;before;0.0195643790066242
big;being amazed;;;being;0.0536060892045498
big;being impressed;;;impressed;0.0641722679138184
big;big;;;big;1.00000011920929
big;big object;;;object;-0.0316992178559303
big;big surprise;;;surprise;0.177456200122833
big;bodybuilding;;;bodybuilding;0.0958003699779511
big;boredom;;;boredom;-0.0735650807619095
big;bowl;;;bowl;0.0926921293139458
big;breathe;;;breathe;0.0155984172597528
big;buttock;;;buttock;0.0265531465411186
big;bwaah;;;bwaah;
big;call;;;call;-0.0315139554440975
big;calling;;;calling;-0.0393569022417069
big;cat;;;cat;0.0435229018330574
big;child speaking;;;speaking;0.0188758559525013
big;child suprised;;;suprised;0.0527187660336494
big;children;;;children;0.0326451659202576
big;come here;;;come;0.0476738400757313
big;complaining;;;complaining;0.0246831551194191
big;conclussion;;;conclussion;
big;cooing;;;cooing;-0.00470106769353151
big;danger;;;danger;0.0097957169637084
big;delight/awe;;;awe;0.103833191096783
big;discovery;;;discovery;0.074354387819767
big;disgust;;;disgust;-0.0663059428334236
big;don't know;;;know;0.0608413740992546
big;dont know;;;know;0.0608413740992546
big;elder;;;elder;0.129270374774933
big;enlightment;;;enlightment;-0.0236003920435905
big;entusiasm;;;entusiasm;
big;enunciating;;;enunciating;0.00570241035893559
big;enunciation;;;enunciation;-0.042105358093977
big;everything;;;everything;0.136239737272263
big;excitement;;;excitement;0.0806271359324455
big;exclamation;;;exclamation;0.114584863185883
big;exited;;;exited;0.0494206286966801
big;experiencing something incredible;;;experiencing;0.0218281634151936
big;explaining something;;;explaining;0.0124835977330804
big;expressing disbelief;;;expressing;-0.0189629010856152
big;falling;;;falling;0.0292725898325443
big;family, home;;;family;0.0395529642701149
big;feeling shocked;;;feeling;0.021527836099267
big;frustrated;;;frustrated;-0.0230408161878586
big;giant;;;giant;0.608654856681824
big;gibberish;;;gibberish;-0.0609284490346909
big;giving an example;;;giving;0.0672440603375435
big;grand;;;grand;0.42361506819725
big;grandmother;;;grandmother;0.117809265851974
big;groan;;;groan;0.0934800058603287
big;happy;;;happy;0.0693212524056435
big;huaaaaw;;;huaaaaw;
big;hum;;;hum;0.0585064552724361
big;i agree;;;agree;0.00505156628787518
big;i see;;;see;0.0564719252288342
big;impressed;;;impressed;0.0641722679138184
big;impressed male;;;male;0.0445648059248924
big;impressed person;;;person;-0.0136129036545753
big;in awe;;;in;0.144872784614563
big;incomprehensible;;;incomprehensible;0.025291359052062
big;incredulous;;;incredulous;-0.000567375333048403
big;indigenous;;;indigenous;0.103592179715633
big;instruct;;;instruct;-0.100222803652287
big;interested;;;interested;-0.0129539454355836
big;interesting;;;interesting;0.0370276235044003
big;intimidate;;;intimidate;0.114900827407837
big;irony;;;irony;-0.041911743581295
big;kitten;;;kitten;0.00196050223894417
big;large;;;large;0.77510541677475
big;learn;;;learn;-0.01629588752985
big;lion;;;lion;0.10063461959362
big;maaaalga;;;maaaalga;
big;maaaaoogah;;;maaaaoogah;
big;maaaauuugaaaa;;;maaaauuugaaaa;
big;maaauga;;;maaauga;
big;maaauguh;;;maaauguh;
big;maauwga;;;maauwga;
big;maho gah;;;gah;-0.0269956570118666
big;malaga;;;malaga;-0.0542467348277569
big;malga;;;malga;
big;malva;;;malva;0.00619409093633294
big;man;;;man;0.0568559840321541
big;man go;;;go;0.0743120238184929
big;man interested;;;interested;-0.0129539454355836
big;man surprised;;;surprised;0.06385737657547
big;mao ga;;;mao;0.0357818491756916
big;maoga;;;maoga;
big;maoo-ga;;;ga;0.0479119084775448
big;maooga;;;maooga;
big;maooo ga;;;ga;0.0479119084775448
big;maoooo ka;;;ka;0.0188555791974068
big;marveling at something;;;marveling;0.0422745943069458
big;marvelling;;;marvelling;0.0455013401806355
big;mau ga;;;ga;0.0479119084775448
big;mauca;;;mauca;
big;mauga;;;mauga;
big;mauguh;;;mauguh;
big;mawg;;;mawg;
big;mawga;;;mawga;
big;meditation;;;meditation;-0.0714411959052086
big;meowing;;;meowing;-0.0203573908656836
big;mild surprise;;;surprise;0.177456200122833
big;milka;;;milka;
big;miming;;;miming;-0.0725701600313187
big;mind-blowing;;;blowing;0.147415831685066
big;mine;;;mine;-0.0649410858750343
big;mom;;;mom;0.0724194571375847
big;monster impression;;;impression;0.0494491569697857
big;mother;;;mother;0.0634014010429382
big;motivating;;;motivating;0.0415719039738178
big;mounga;;;mounga;
big;mouth;;;mouth;0.111688435077667
big;mowga;;;mowga;
big;mowwoga;;;mowwoga;
big;mug;;;mug;0.0156076392158866
big;mug ?;;;mug;0.0156076392158866
big;mulg;;;mulg;
big;my god;;;god;-0.0121962167322636
big;name;;;name;0.0667014420032501
big;nice;;;nice;0.220361158251762
big;nonsense;;;nonsense;-0.0243338420987129
big;nothing;;;nothing;0.0466403253376484
big;now;;;now;0.00317738251760602
big;now i see;;;see;0.0564719252288342
big;ogre;;;ogre;0.220284253358841
big;oh god why;;;oh;0.0398805178701878
big;oh no;;;oh;0.0398805178701878
big;oh no, sugar;;;oh;0.0398805178701878
big;ohh uau;;;ohh;0.0576832480728626
big;ohhhhh;;;ohhhhh;0.0708718597888947
big;old chinese instrument;;;instrument;-0.0129782808944583
big;oooarrrrr;;;oooarrrrr;
big;oooh;;;oooh;0.039091233164072
big;opening mouth;;;opening;0.143067255616188
big;pain;;;pain;0.066452868282795
big;pleasure;;;pleasure;-0.0346031375229359
big;portuguese;;;portuguese;0.0317330658435822
big;pray;;;pray;-0.0421601310372353
big;praying;;;praying;-0.0193464811891317
big;presenting oneself;;;presenting;0.0085082333534956
big;primitive;;;primitive;0.0257896073162556
big;pronouncing;;;pronouncing;0.0376570411026478
big;pronouncing words;;;pronouncing;0.0376570411026478
big;proud;;;proud;0.127486944198608
big;pulling;;;pulling;0.0824251994490624
big;raw;;;raw;0.0410162098705769
big;relief;;;relief;0.0291244871914387
big;remember;;;remember;0.0616212598979473
big;request;;;request;-0.0380100756883621
big;roaa;;;roaa;
big;roar;;;roar;0.12491213530302
big;sadness;;;sadness;0.0727052241563797
big;samurai;;;samurai;-0.0642828941345215
big;satisfaction;;;satisfaction;-0.0648569911718369
big;scaring someone;;;scaring;0.12222146242857
big;scary;;;scary;0.174132868647575
big;settle down;;;settle;0.0406941473484039
big;shock;;;shock;0.138575375080109
big;shocked;;;shocked;0.0359703376889229
big;shocked/stunned;;;stunned;0.0123090241104364
big;sing;;;sing;0.042379941791296
big;singing;;;singing;0.00860783737152815
big;siren;;;siren;0.0264708213508129
big;sleep;;;sleep;-0.00839150324463844
big;slight amazement;;;amazement;0.0506737977266312
big;slow;;;slow;0.129173070192337
big;speak;;;speak;0.0294972863048315
big;speak slowly;;;speak;0.0294972863048315
big;speech learning;;;learning;0.0458385795354843
big;spelling or teaching;;;spelling;0.0541651882231236
big;sudden understanding;;;understanding;0.00478866929188371
big;suprise;;;suprise;0.166394338011742
big;suprised;;;suprised;0.0527187660336494
big;surprise;;;surprise;0.177456200122833
big;surprise (whale);;;surprise;0.177456200122833
big;surprise expresion;;;expresion;
big;surprise/ delight;;;delight;-0.0345844812691212
big;surprised;;;surprised;0.06385737657547
big;surprised chinese woman;;;woman;0.000626539927907288
big;surprised expresion;;;expresion;
big;surprising;;;surprising;0.160192161798477
big;talk;;;talk;0.0660250782966614
big;talking;;;talking;0.0728108584880829
big;teaching;;;teaching;-0.0353978462517262
big;teaching to talk;;;teaching;-0.0353978462517262
big;there it is;;;is;0.0170979127287865
big;there you go;;;go;0.0743120238184929
big;tired;;;tired;-0.00156725221313536
big;tribe;;;tribe;0.0646927133202553
big;u-waaaah;;;u;0.0394569151103497
big;uncultured yawning;;;yawning;0.0819310247898102
big;understand;;;understand;0.0746862813830376
big;understanding;;;understanding;0.00478866929188371
big;unexpected;;;unexpected;0.124643109738827
big;uooohhhhh... exclamation;;;uooohhhhh;
big;uuhhh-whoaaa;;;whoaaa;
big;uuuuooooooooh;;;uuuuooooooooh;
big;uuuuuewow;;;uuuuuewow;
big;vocal exercise;;;exercise;-0.0419896990060806
big;waaaaa;;;waaaaa;
big;waaaaoh;;;waaaaoh;
big;waking up;;;waking;-0.0319262444972992
big;whaaaa;;;whaaaa;
big;whale;;;whale;0.163511872291565
big;whhaa;;;whhaa;
big;whoa;;;whoa;0.0596182979643345
big;whoaaaa;;;whoaaaa;
big;whoaaaaaa;;;whoaaaaaa;
big;whoo ahhh;;;ahhh;0.0168150961399078
big;widget;;;widget;0.0266326162964106
big;witch magic spell;;;spell;-0.00430193729698658
big;woaaaaah;;;woaaaaah;
big;woaaaahhhhh;;;woaaaahhhhh;
big;woaah (like impressed);;;impressed;0.0641722679138184
big;woah;;;woah;0.0201866887509823
big;woah!;;;woah;0.0201866887509823
big;woman;;;woman;0.000626539927907288
big;wonder;;;wonder;0.0582512691617012
big;wonderful;;;wonderful;0.168444782495499
big;wondering;;;wondering;-0.00152402289677411
big;wonderment;;;wonderment;0.0461825765669346
big;wooah;;;wooah;
big;woooho;;;woooho;
big;woooo;;;woooo;0.0860783979296684
big;wooooo;;;wooooo;
big;woooooa;;;woooooa;
big;woooooaaa;;;woooooaaa;
big;woooooah;;;woooooah;
big;wooooow;;;wooooow;
big;wow;;;wow;0.0714301094412804
big;wow sound;;;sound;-0.00697936303913593
big;wow, amazed;;;amazed;0.0262587927281857
big;wowwaaa;;;wowwaaa;
big;wuuaaaaa;;;wuuaaaaa;
big;wuuuaaahhh;;;wuuuaaahhh;
big;wuuuuuooooooohhhhh;;;wuuuuuooooooohhhhh;
big;wwooah;;;wwooah;
big;yawn;;;yawn;0.118735335767269
big;yawning;;;yawning;0.0819310247898102
big;zombie;;;zombie;-0.0506650470197201
big;;;;nan;0.121881633996964
knife;Amsr;;;amsr;
knife;Annoyance;;;annoyance;-0.0189946442842484
knife;Attacking;;;attacking;0.106899872422218
knife;Attention;;;attention;0.0526201725006104
knife;Awkward;;;awkward;0.0287576150149107
knife;Barking;;;barking;-0.0484155416488647
knife;Barking, imitating dog;;;barking;-0.0484155416488647
knife;Be quiet;;;be;0.00552849425002933
knife;Blow;;;blow;-0.0432769618928432
knife;Blowing;;;blowing;-0.115534827113152
knife;Blowing air;;;blowing;-0.115534827113152
knife;Blowing off candle;;;blowing;-0.115534827113152
knife;Breathing;;;breathing;-0.0242900550365448
knife;Call;;;call;-0.0321239680051804
knife;Calling;;;calling;-0.0274356976151466
knife;Calm environment sound;;;environment;-0.0441739968955517
knife;Carve;;;carve;0.301389396190643
knife;Catching something;;;catching;-0.0235915556550026
knife;Come here;;;come;0.00263358512893319
knife;Cough;;;cough;-0.0552802532911301
knife;Cut it;;;cut;0.350588291883469
knife;Cutting;;;cutting;0.404360473155975
knife;Cutting something;;;cutting;0.404360473155975
knife;Cutting wood;;;cutting;0.404360473155975
knife;DOG;;;dog;0.0194999407976866
knife;DON'T KNOW;;;don't;-0.038480382412672
knife;Danger;;;danger;0.0423458255827427
knife;Duck quack;;;quack;-0.0367146767675877
knife;Excercise;;;excercise;-0.0767448246479034
knife;Exercise;;;exercise;-0.0668341293931007
knife;Exertion;;;exertion;-0.0642980188131332
knife;Fast/fighting;;;fighting;0.113666169345379
knife;Fasten some screws;;;fasten;0.0216580778360367
knife;Feeling sick;;;feeling;-0.0179080590605736
knife;Finish;;;finish;-0.0109334196895361
knife;Go away;;;go;0.023021774366498
knife;Growning;;;growning;
knife;Hit;;;hit;0.0250850878655911
knife;Hush;;;hush;-0.0109039656817913
knife;I killed it;;;killed;0.0882994309067726
knife;I see;;;see;-0.00524402363225818
knife;Inhaling air;;;inhaling;-0.0338769555091858
knife;Ju ju wuip;;;ju;0.0356451645493507
knife;Karate;;;karate;0.157361567020416
knife;Lauching;;;lauching;
knife;Lazo;;;lazo;
knife;Martial arts;;;arts;0.110419206321239
knife;Men’s huuu;;;men;0.0514738634228706
knife;Men’s shhhhiitt;;;men;0.0514738634228706
knife;Mouth;;;mouth;0.11674040555954
knife;Mouth sound;;;sound;-0.0223114863038063
knife;Noise with mouth...uiiikk;;;noise;0.00187951361294836
knife;Not sure;;;sure;-0.0141747202724218
knife;Oh no;;;oh;-0.0422611869871616
knife;Playful;;;playful;-0.0448855012655258
knife;Playing with a mini wooden sword;;;sword;0.634444773197174
knife;Playing with wooden sword;;;playing;-0.00852624140679836
knife;Punch;;;punch;0.115768291056156
knife;Quick;;;quick;0.0430292189121246
knife;Quick snap;;;snap;0.0541422143578529
knife;Quickly;;;quickly;0.0417344160377979
knife;Quiet;;;quiet;0.0173633731901646
knife;SIGNALING;;;signaling;-0.00640989933162928
knife;SOUND;;;sound;-0.0223114863038063
knife;SPitting;;;spitting;0.0324341282248497
knife;Sawing;;;sawing;0.353116512298584
knife;Scare;;;scare;0.0575049184262753
knife;Sh*t or sugar;;;sh*t;
knife;Sharp;;;sharp;0.408763319253922
knife;Shifting;;;shifting;0.0052833310328424
knife;Shit;;;shit;0.0362658053636551
knife;Shooshing;;;shooshing;
knife;Short blowing;;;blowing;-0.115534827113152
knife;Shush;;;shush;0.000162597469170578
knife;Shushing someone;;;shushing;0.0283733233809471
knife;Shut it;;;shut;0.00818337220698595
knife;Shut up;;;shut;0.00818337220698595
knife;Sickness;;;sickness;-0.0223922431468964
knife;Sign;;;sign;0.00346406060270965
knife;Signal;;;signal;-0.0204373374581337
knife;Silence;;;silence;-0.00447736354544759
knife;Sip;;;sip;-0.0333867631852627
knife;Skipping;;;skipping;-0.0137412073090673
knife;Slingshot;;;slingshot;0.179500341415405
knife;Small blowing;;;blowing;-0.115534827113152
knife;Snoring;;;snoring;-0.0300083681941032
knife;Spin;;;spin;-0.00404003821313381
knife;Spit;;;spit;0.0802551209926605
knife;Spitting;;;spitting;0.0324341282248497
knife;Spitting imitation;;;imitation;0.0815959721803665
knife;Strange low sounds;;;sounds;-0.0176755152642727
knife;Strange sound;;;sound;-0.0223114863038063
knife;Summon;;;summon;-0.0335222072899342
knife;Swearing;;;swearing;0.136030331254005
knife;Swinging a rope;;;swinging;0.0822428241372109
knife;Swoosh;;;swoosh;-0.0127862077206373
knife;Sword;;;sword;0.634444773197174
knife;THROAT SOUND;;;sound;-0.0223114863038063
knife;Tennis;;;tennis;0.0260632559657097
knife;Throw;;;throw;0.0870239064097405
knife;Throwing;;;throwing;0.143600314855576
knife;Throwing punches;;;throwing;0.143600314855576
knife;To spit;;;spit;0.0802551209926605
knife;Uf...um;;;uf;-0.0269817616790533
knife;Up and away;;;up;-0.0158828664571047
knife;Using a knife;;;using;0.101783066987991
knife;Using a wip;;;using;0.101783066987991
knife;Walk steps;;;steps;-0.0272449925541878
knife;Weak;;;weak;-0.0128251016139984
knife;Wet slippers, walking;;;wet;-0.0221653115004301
knife;Whack;;;whack;0.0842118188738823
knife;Whip;;;whip;0.153672352433205
knife;Whip whp whip;;;whip;0.153672352433205
knife;Whipping;;;whipping;0.0778880119323731
knife;Whipping towel;;;towel;0.204297766089439
knife;Whisper;;;whisper;0.0224344693124294
knife;Whistle;;;whistle;-0.0064943372271955
knife;Whoh. Whooh. Whick.;;;whick;
knife;Whoosh;;;whoosh;0.0146567719057202
knife;Windy;;;windy;-0.0849868357181549
knife;adults talking child;;;adults;0.0109206195920706
knife;air sound;;;sound;-0.0223114863038063
knife;angry knocking;;;knocking;-0.0213776957243681
knife;animal drinking;;;drinking;0.0459466129541397
knife;arrows flying by;;;arrows;0.224417686462402
knife;asking for silence;;;asking;0.0162442456930876
knife;athlete;;;athlete;-0.0788262113928795
knife;attempt;;;attempt;-0.0330477468669415
knife;attention;;;attention;0.0526201725006104
knife;badminton;;;badminton;-0.00740776024758816
knife;bark;;;bark;0.0395250134170055
knife;barking;;;barking;-0.0484155416488647
knife;be quiet;;;be;0.00552849425002933
knife;beat box;;;box;0.0546148754656315
knife;bird;;;bird;-6.70311856083572E-05
knife;blacksmith;;;blacksmith;0.223581984639168
knife;blow;;;blow;-0.0432769618928432
knife;blow sound;;;sound;-0.0223114863038063
knife;blowing;;;blowing;-0.115534827113152
knife;boar;;;boar;0.142462864518166
knife;boomerang;;;boomerang;0.153394609689713
knife;bored;;;bored;0.0125789390876889
knife;boxing;;;boxing;-0.0105758914723992
knife;breathe;;;breathe;-0.0105960695073009
knife;breathing;;;breathing;-0.0242900550365448
knife;call atention;;;call;-0.0321239680051804
knife;call someone;;;call;-0.0321239680051804
knife;calling;;;calling;-0.0274356976151466
knife;calling discrete;;;calling;-0.0274356976151466
knife;calling someone;;;calling;-0.0274356976151466
knife;candle;;;candle;0.0558950528502464
knife;catcalling;;;catcalling;-0.0352129191160202
knife;check;;;check;0.0210719872266054
knife;chete;;;chete;
knife;chewing eating;;;chewing;0.0494063012301922
knife;chicken;;;chicken;0.0581847243010998
knife;child spitting;;;spitting;0.0324341282248497
knife;chu chu chuik;;;chuik;
knife;clear throat;;;throat;0.297703713178635
knife;come;;;come;0.00263358512893319
knife;come on;;;come;0.00263358512893319
knife;come or stop;;;come;0.00263358512893319
knife;countdown;;;countdown;-0.0161703806370497
knife;crafting;;;crafting;0.118341691792011
knife;cua cua;;;cua;-0.0251967813819647
knife;cut;;;cut;0.350588291883469
knife;cutting;;;cutting;0.404360473155975
knife;cutting grass;;;cutting;0.404360473155975
knife;cutting through air;;;cutting;0.404360473155975
knife;damn;;;damn;0.0149970976635814
knife;digging;;;digging;0.128942787647247
knife;direction;;;direction;0.0518956705927849
knife;distracted;;;distracted;0.0196389053016901
knife;do it quietly;;;do;-0.0205477550625801
knife;dodge;;;dodge;-0.00274866307154298
knife;dodging;;;dodging;0.0313899740576744
knife;dog;;;dog;0.0194999407976866
knife;dog barking;;;barking;-0.0484155416488647
knife;dog sound;;;sound;-0.0223114863038063
knife;don't know;;;know;0.027062363922596
knife;dont know;;;know;0.027062363922596
knife;door knock;;;knock;-0.0156995598226786
knife;draw attention;;;draw;0.113928437232971
knife;drop;;;drop;0.130500510334969
knife;duck;;;duck;0.0622632838785648
knife;ducks;;;ducks;0.0108523545786738
knife;duel;;;duel;0.145534828305244
knife;eating;;;eating;0.0885491818189621
knife;everybody;;;everybody;0.010565809905529
knife;excersise;;;excersise;-0.0830543860793114
knife;excited;;;excited;-0.0037329220212996
knife;exercise;;;exercise;-0.0668341293931007
knife;exercising;;;exercising;-0.054161224514246
knife;fast;;;fast;0.0240035690367222
knife;fast movement;;;movement;-0.075387753546238
knife;fast movement of a stick;;;stick;0.281283795833588
knife;fast swings;;;swings;0.0285438075661659
knife;fast whips;;;whips;0.13986474275589
knife;faster;;;faster;0.0317444242537022
knife;fight;;;fight;0.102231577038765
knife;fight sound mimic;;;fight;0.102231577038765
knife;fighting;;;fighting;0.113666169345379
knife;fighting chops;;;fighting;0.113666169345379
knife;finish;;;finish;-0.0109334196895361
knife;flew;;;flew;0.0573482140898705
knife;flip;;;flip;0.0667019933462143
knife;fly;;;fly;-0.00322814891114831
knife;flying;;;flying;0.0397905297577381
knife;flying.;;;flying;0.0397905297577381
knife;frog;;;frog;-0.0151654435321689
knife;game;;;game;0.0315363854169846
knife;getting the attention of someone;;;getting;-0.00746764754876494
knife;go away;;;go;0.023021774366498
knife;go head;;;go;0.023021774366498
knife;goow goow weeck;;;goow;
knife;guic;;;guic;
knife;gun;;;gun;0.427488505840302
knife;heat;;;heat;-0.0139622464776039
knife;heet;;;heet;
knife;hey;;;hey;-0.0352425836026669
knife;hhhgtp;;;hhhgtp;
knife;hic up;;;hic;-0.0758652091026306
knife;hiss;;;hiss;-0.0905280560255051
knife;hissing nasally;;;hissing;-0.0192844402045012
knife;hit;;;hit;0.0250850878655911
knife;hit-uh;;;hit;0.0250850878655911
knife;hitting something;;;hitting;0.0663261562585831
knife;hoo-hoo-hoo-hoot;;;hoo;-0.0887827053666115
knife;horse;;;horse;0.0334620364010334
knife;hu hu huick;;;hu;-0.00714293355122209
knife;huick;;;huick;
knife;huigh;;;huigh;
knife;hum hum hum whum;;;hum;-0.0917899757623673
knife;hush;;;hush;-0.0109039656817913
knife;hwho whoo wheek;;;wheek;-0.107771173119545
knife;i dont know;;;know;0.027062363922596
knife;imitation whip sound;;;whip;0.153672352433205
knife;injection;;;injection;0.0262966137379408
knife;jumping;;;jumping;-0.00620059389621019
knife;jumping rope;;;rope;0.182122513651848
knife;knife fight;;;fight;0.102231577038765
knife;kung fu fighting;;;fu;0.0617485865950584
knife;lasso;;;lasso;0.1592106372118
knife;lasso beat;;;beat;0.0156148839741945
knife;lifting heavy weight;;;lifting;-0.00424268748611212
knife;marching;;;marching;0.0471501499414444
knife;martial arts;;;arts;0.110419206321239
knife;mouse;;;mouse;0.0087906438857317
knife;mouth sounds;;;sounds;-0.0176755152642727
knife;movement;;;movement;-0.075387753546238
knife;moving fast;;;moving;-0.00790116563439369
knife;nice try;;;try;-0.0120005682110786
knife;noise;;;noise;0.00187951361294836
knife;nudge;;;nudge;0.0295827891677618
knife;nunchucks;;;nunchucks;0.357857137918472
knife;oil spill;;;spill;-0.0801040679216385
knife;open;;;open;0.0580342374742031
knife;pay attention;;;pay;0.0304131489247084
knife;phet;;;phet;
knife;pig sound;;;sound;-0.0223114863038063
knife;playfulness;;;playfulness;-0.0278488285839558
knife;pond;;;pond;0.059529822319746
knife;pss;;;pss;0.0364608392119408
knife;psst;;;psst;-0.0182723477482796
knife;pst!;;;pst;0.0503056272864342
knife;pulling out;;;pulling;0.108806826174259
knife;punches sound;;;sound;-0.0223114863038063
knife;punching;;;punching;0.143641874194145
knife;push;;;push;0.0520498380064964
knife;qua qua quick;;;qua;-0.0621511898934841
knife;quack quack;;;quack;-0.0367146767675877
knife;quack quack quack;;;quack;-0.0367146767675877
knife;quacking;;;quacking;-0.0175821837037802
knife;quick;;;quick;0.0430292189121246
knife;quiet;;;quiet;0.0173633731901646
knife;quiet down;;;quiet;0.0173633731901646
knife;random;;;random;0.0277690216898918
knife;reload;;;reload;0.128365993499756
knife;reverse cough;;;cough;-0.0552802532911301
knife;rope swinging;;;swinging;0.0822428241372109
knife;running;;;running;0.0151165639981627
knife;sand something;;;sand;0.0213400572538376
knife;scared;;;scared;0.0823652148246765
knife;scchct;;;scchct;
knife;schip;;;schip;
knife;scrape;;;scrape;0.242591947317123
knife;seethe;;;seethe;-0.00752990739420056
knife;shake the stick;;;shake;-0.0556019358336926
knife;sheeth;;;sheeth;
knife;shh;;;shh;-0.0158907044678926
knife;shhheet;;;shhheet;
knife;shhing;;;shhing;
knife;shisssst;;;shisssst;
knife;shit;;;shit;0.0362658053636551
knife;shito;;;shito;0.07842156291008
knife;shoo away;;;shoo;0.00808490999042988
knife;shooting arrow;;;shooting;0.171761348843575
knife;shush;;;shush;0.000162597469170578
knife;shushing;;;shushing;0.0283733233809471
knife;shut;;;shut;0.00818337220698595
knife;shut up;;;shut;0.00818337220698595
knife;shutting up;;;shutting;-0.0037345529999584
knife;sigh;;;sigh;-0.0436635240912437
knife;signaling;;;signaling;-0.00640989933162928
knife;silence;;;silence;-0.00447736354544759
knife;sip;;;sip;-0.0333867631852627
knife;sit;;;sit;-0.082721047103405
knife;siuuut;;;siuuut;
knife;slap;;;slap;0.0221429821103811
knife;slashes;;;slashes;0.348457902669907
knife;slashing sound;;;slashing;0.381972134113312
knife;slashing sounds;;;slashing;0.381972134113312
knife;slaying;;;slaying;0.156148642301559
knife;slice;;;slice;0.383463233709335
knife;slicing;;;slicing;0.558151066303253
knife;slide;;;slide;0.157888323068619
knife;sliding open;;;sliding;0.149900928139687
knife;slient;;;slient;
knife;slip;;;slip;0.0949727892875671
knife;slurp;;;slurp;-0.0367730557918549
knife;small dog;;;dog;0.0194999407976866
knife;small mammal;;;mammal;-0.0577687621116638
knife;small spray can;;;spray;0.0940294340252876
knife;sneeze;;;sneeze;-0.0682357400655747
knife;snip;;;snip;0.244181752204895
knife;soda;;;soda;0.0329614728689194
knife;something whiffing;;;something;0.0970152392983437
knife;speakng td someone;;;speakng;
knife;speed, fast, avoiding;;;avoiding;-0.00562041718512774
knife;spinning;;;spinning;0.0380004085600376
knife;spit;;;spit;0.0802551209926605
knife;spiting;;;spiting;
knife;spitting;;;spitting;0.0324341282248497
knife;spitting out sound;;;spitting;0.0324341282248497
knife;spittle;;;spittle;-0.00243482459336519
knife;squeeky shoes;;;shoes;0.0186111815273762
knife;stabbing;;;stabbing;0.587010085582733
knife;stay there;;;stay;-0.0105166975408793
knife;stick;;;stick;0.281283795833588
knife;stop it;;;stop;-0.00648967269808054
knife;strap in air;;;strap;0.193505123257637
knife;stress relief;;;relief;-0.0703750252723694
knife;swallow;;;swallow;0.0218563489615917
knife;swatting;;;swatting;0.049335278570652
knife;swear;;;swear;0.113653302192688
knife;swearing;;;swearing;0.136030331254005
knife;sweep;;;sweep;0.0105527341365814
knife;swinging;;;swinging;0.0822428241372109
knife;swinging a bat;;;swinging;0.0822428241372109
knife;swinging a racket;;;swinging;0.0822428241372109
knife;swinging a sword;;;swinging;0.0822428241372109
knife;swinging rope;;;swinging;0.0822428241372109
knife;swinging something;;;swinging;0.0822428241372109
knife;swinging, hitting;;;swinging;0.0822428241372109
knife;swiping;;;swiping;0.119060732424259
knife;swirling;;;swirling;0.0384522825479507
knife;swish;;;swish;0.0498692393302918
knife;swishing;;;swishing;0.0633963569998741
knife;swoosh;;;swoosh;-0.0127862077206373
knife;sword;;;sword;0.634444773197174
knife;sword swings;;;swings;0.0285438075661659
knife;sword swoosh;;;swoosh;-0.0127862077206373
knife;sword/weapon sound;;;weapon;0.501135468482971
knife;tch;;;tch;0.0118548674508929
knife;tear;;;tear;0.059444572776556
knife;telling secrets;;;telling;0.0440523661673069
knife;throw;;;throw;0.0870239064097405
knife;throwing;;;throwing;0.143600314855576
knife;throwing discus;;;throwing;0.143600314855576
knife;throwing object;;;throwing;0.143600314855576
knife;throwing punches;;;throwing;0.143600314855576
knife;throwing something;;;throwing;0.143600314855576
knife;tiredness, feeling exhausted;;;tiredness;-0.0467720665037632
knife;to play;;;play;-0.0288684461265802
knife;train;;;train;0.00226336228661239
knife;training;;;training;0.0243970602750778
knife;trick;;;trick;0.0928887948393822
knife;tsst.. psst;;;tsst;
knife;turning knob;;;turning;0.0861023440957069
knife;uhuh uhic;;;uhic;
knife;uhuouh;;;uhuouh;
knife;unclear;;;unclear;-0.018335722386837
knife;vum vum;;;vum;0.0272970758378506
knife;waak waak waak;;;waak;
knife;wait;;;wait;0.0135347153991461
knife;walk;;;walk;-0.00340280984528363
knife;walking;;;walking;0.0311299934983253
knife;warm up;;;warm;-0.0756544917821884
knife;water coming out;;;coming;-0.0304486900568008
knife;wauauwaus;;;wauauwaus;
knife;waving something quickly in the air;;;air;-0.0281546395272017
knife;wchwchwch;;;wchwchwch;
knife;weak;;;weak;-0.0128251016139984
knife;weapon;;;weapon;0.501135468482971
knife;weapon stick;;;stick;0.281283795833588
knife;weapon swing;;;swing;0.0278184469789267
knife;weeet;;;weeet;
knife;wheeze;;;wheeze;-0.0681465938687325
knife;whew whew whick;;;whick;
knife;whip;;;whip;0.153672352433205
knife;whip whip;;;whip;0.153672352433205
knife;whip whip whip;;;whip;0.153672352433205
knife;whipping;;;whipping;0.0778880119323731
knife;whips;;;whips;0.13986474275589
knife;whisper;;;whisper;0.0224344693124294
knife;whispering;;;whispering;0.0260426066815853
knife;whistling;;;whistling;0.0108302151784301
knife;who;;;who;-0.0140087632462382
knife;who who who;;;who;-0.0140087632462382
knife;whock whock whock whock;;;whock;
knife;whoo whoo wick;;;wick;0.0564913786947727
knife;whoo-whoo-week;;;week;-0.01618099398911
knife;whoop whoop whoop;;;whoop;-0.0660908594727516
knife;whoop whoop whoop whoop;;;whoop;-0.0660908594727516
knife;whooping sounds;;;sounds;-0.0176755152642727
knife;whoosh;;;whoosh;0.0146567719057202
knife;whoosing;;;whoosing;
knife;whoowhhowhoo;;;whoowhhowhoo;
knife;whoowhoowhoowhoo;;;whoowhoowhoowhoo;
knife;whowhick;;;whowhick;
knife;wind;;;wind;-0.0686959102749825
knife;wind up hit;;;wind;-0.0686959102749825
knife;windy;;;windy;-0.0849868357181549
knife;wit wit wit haa;;;haa;-0.018080597743392
knife;wo wo wo wo;;;wo;0.0456943772733212
knife;work out;;;work;0.041030764579773
knife;working;;;working;0.0282007437199354
knife;wowohuic;;;wowohuic;
knife;zip;;;zip;0.00613904278725386
knife;zip it;;;zip;0.00613904278725386
knife;zoom zoom zoom;;;zoom;-0.0273269899189472
knife;“Shush!”;;;shush;0.000162597469170578
knife;;;;nan;0.0700288191437721
dull;*snore*;;;snore;0.158479407429695
dull;Ahhhh;;;ahhhh;0.0158879216760397
dull;Alarm;;;alarm;-0.0131395058706403
dull;Anger;;;anger;-0.00769417593255639
dull;Annoyed;;;annoyed;0.171228229999542
dull;Annoying;;;annoying;0.36929926276207
dull;Bear;;;bear;-0.0222879443317652
dull;Bewildered;;;bewildered;0.107176095247269
dull;Big boat;;;boat;-0.0196085590869188
dull;Big train;;;train;-0.00218080938793719
dull;Bone;;;bone;0.0328651256859303
dull;Booing or getting bored;;;booing;-0.0179470796138048
dull;Boom;;;boom;-0.0233899168670177
dull;Booo;;;booo;0.110471084713936
dull;Bore;;;bore;0.324807733297348
dull;Bored;;;bored;0.480028629302979
dull;Bored sound, groan;;;sound;0.118625544011593
dull;Boredom;;;boredom;0.397092461585999
dull;Boring;;;boring;0.773113965988159
dull;Boted;;;boted;
dull;Boy;;;boy;-0.0488968305289745
dull;Brother;;;brother;0.0281482227146626
dull;COW;;;cow;0.0119070122018456
dull;Calling;;;calling;-0.040786799043417
dull;Confusion;;;confusion;0.0393907614052296
dull;Count;;;count;-0.0171768330037594
dull;Cow;;;cow;0.0119070122018456
dull;DASHA;;;dasha;-0.0925123244524002
dull;Dance;;;dance;-0.0239835102111101
dull;Dasha;;;dasha;-0.0925123244524002
dull;Disatisfied;;;disatisfied;
dull;Disgust;;;disgust;0.048873495310545
dull;Dislike;;;dislike;0.0962544530630112
dull;Doe sho;;;doe;-0.00852704513818026
dull;Don't go there;;;go;0.0138258328661323
dull;Don't think so;;;think;-0.00060332816792652
dull;Doooo;;;doooo;
dull;Doorbell;;;doorbell;0.0144740948453546
dull;Douche;;;douche;0.0451524816453457
dull;Doughshow;;;doughshow;
dull;Duh, sure;;;duh;0.0389526337385178
dull;Dull shoe;;;shoe;-0.0219794865697622
dull;Dumb;;;dumb;0.326371192932129
dull;Dushu;;;dushu;
dull;Eat;;;eat;-0.0393650978803635
dull;Eee;;;eee;-0.0414033755660057
dull;Ewwww;;;ewwww;
dull;Explision;;;explision;
dull;Give up;;;give;0.0342901647090912
dull;Give warning;;;give;0.0342901647090912
dull;Greeting;;;greeting;-0.0330958478152752
dull;Groan;;;groan;0.146443516016006
dull;Grunting;;;grunting;0.0978958308696747
dull;Gurl;;;gurl;-0.0968128517270088
dull;Harmonizing;;;harmonizing;-0.00534015940502286
dull;Hey;;;hey;-0.0256958287209272
dull;Humming;;;humming;0.125416129827499
dull;Imitating  a sound;;;imitating;0.0461025051772594
dull;Indifferent;;;indifferent;0.359443187713623
dull;Just woke up;;;woke;0.0660931766033173
dull;Like russian language;;;like;0.0994078069925308
dull;Listless;;;listless;0.545729517936707
dull;Look!;;;look;0.091920018196106
dull;Masculine whining;;;whining;0.12914265692234
dull;Meditate;;;meditate;0.0585796982049942
dull;Meditation;;;meditation;0.0885485783219338
dull;Men’s mooo;;;men;-0.059341199696064
dull;Negative;;;negative;0.139997065067291
dull;No sure;;;sure;-0.0252009350806475
dull;Not;;;not;0.0936513543128967
dull;Not again;;;again;-0.0135556552559137
dull;Not good;;;good;0.0981986820697784
dull;Not sure;;;sure;-0.0252009350806475
dull;Obviously;;;obviously;-0.00975221022963524
dull;Oh!;;;oh;0.00242314860224724
dull;Old;;;old;0.071832686662674
dull;Ommm;;;ommm;
dull;One, two? Counting? Don't know;;;counting;-0.0450798124074936
dull;Pronouncing a name;;;pronouncing;-0.00839945953339338
dull;Puzzled;;;puzzled;0.0688203945755959
dull;Rain;;;rain;0.0960851982235909
dull;Realising something;;;realising;-0.006832679733634
dull;Realization;;;realization;0.0173733457922936
dull;Rest;;;rest;0.121224448084831
dull;Roar;;;roar;0.0622120723128319
dull;SING;;;sing;0.00716171739622951
dull;SLEEP;;;sleep;0.0649469494819641
dull;Sheep;;;sheep;0.00457664672285318
dull;Ship sailing;;;sailing;0.00750543083995581
dull;Sick person;;;person;0.0444195196032524
dull;Sickness;;;sickness;0.025168389081955
dull;Sigh;;;sigh;0.111805073916912
dull;Sighimg;;;sighimg;
dull;Sighing;;;sighing;0.0967181995511055
dull;Sing;;;sing;0.00716171739622951
dull;Singer;;;singer;-0.00389839475974441
dull;Singing;;;singing;0.0130901848897338
dull;Singing, bass;;;singing;0.0130901848897338
dull;Sleep;;;sleep;0.0649469494819641
dull;Sleeping;;;sleeping;0.0100722415372729
dull;Sleepy;;;sleepy;0.284760445356369
dull;Snarl;;;snarl;0.0694826617836952
dull;Snoaring;;;snoaring;
dull;Snore;;;snore;0.158479407429695
dull;Snoring;;;snoring;0.103379189968109
dull;Song beginning;;;beginning;0.0310912225395441
dull;Speechless, awestruck;;;awestruck;0.00902929808944464
dull;Spelling;;;spelling;-0.0390216410160065
dull;Steady. Chant;;;steady;0.145758152008057
dull;Sylable of words;;;sylable;
dull;Talk;;;talk;0.056818176060915
dull;Tasty;;;tasty;0.0818965956568718
dull;The shelf;;;shelf;0.042245376855135
dull;The shore;;;shore;-0.00959434919059277
dull;Think;;;think;-0.00060332816792652
dull;Thinking;;;thinking;0.021795941516757
dull;This one;;;one;0.0243661683052778
dull;Tired;;;tired;0.348479866981506
dull;Uhhhhnm;;;uhhhhnm;
dull;Unbothered;;;unbothered;0.165619015693665
dull;Understand;;;understand;-0.0471782274544239
dull;Understanding;;;understanding;-0.0758179873228073
dull;Unsure;;;unsure;0.0411009229719639
dull;Usher;;;usher;0.0242485031485558
dull;Weird;;;weird;0.137912154197693
dull;Women’s  inarticulate sounds;;;sounds;0.153608128428459
dull;Word;;;word;0.0110974293202162
dull;Wow;;;wow;0.0179960448294878
dull;Yes sure;;;sure;-0.0252009350806475
dull;Yes, sure;;;sure;-0.0252009350806475
dull;aaarrgghh;;;aaarrgghh;
dull;adults talking child;;;adults;0.0117361322045326
dull;affection;;;affection;-0.0781952887773514
dull;aggggh;;;aggggh;
dull;agree;;;agree;0.0134438155218959
dull;agreeance;;;agreeance;-0.0366842374205589
dull;agreeing silently;;;agreeing;-0.0547450669109821
dull;ahh;;;ahh;-0.000891239615157247
dull;alert;;;alert;-0.0157524142414331
dull;alien;;;alien;0.0164638720452786
dull;amazement;;;amazement;0.0193052031099796
dull;angry cat;;;cat;-0.0355193354189396
dull;animal;;;animal;-0.0304875578731298
dull;annoyed;;;annoyed;0.171228229999542
dull;annoyed but ok;;;annoyed;0.171228229999542
dull;annoyed, bored;;;annoyed;0.171228229999542
dull;baby;;;baby;-0.0725762397050858
dull;background noise;;;noise;0.12570920586586
dull;ballet;;;ballet;-0.0232931636273861
dull;baloon;;;baloon;0.0130197396501899
dull;baritone;;;baritone;0.0218587573617697
dull;bass moan;;;moan;0.137595549225807
dull;begging;;;begging;-0.0590690225362778
dull;being bored;;;bored;0.480028629302979
dull;being grumpy;;;being;0.0168726649135351
dull;bell;;;bell;-0.00921993050724268
dull;bells;;;bells;0.0184905398637056
dull;big animal;;;animal;-0.0304875578731298
dull;blowing with mouth sound;;;blowing;-0.0305028297007084
dull;bochan boo;;;boo;-0.0558758154511452
dull;bohhhhhww;;;bohhhhhww;
dull;bong;;;bong;-0.0495710745453835
dull;boom;;;boom;-0.0233899168670177
dull;booooong;;;booooong;
dull;booooooooooom;;;booooooooooom;
dull;bored;;;bored;0.480028629302979
dull;bored confirmation;;;confirmation;-0.00641363486647606
dull;boredom;;;boredom;0.397092461585999
dull;boring;;;boring;0.773113965988159
dull;bothersome;;;bothersome;0.338624268770218
dull;brains;;;brains;0.0814235210418701
dull;brand;;;brand;0.00288140960037708
dull;breathing;;;breathing;0.0502106435596943
dull;budda sound;;;sound;0.118625544011593
dull;buh;;;buh;-0.0290490910410881
dull;burp;;;burp;-0.0135066537186503
dull;buuooooooooo;;;buuooooooooo;
dull;buuuuh;;;buuuuh;
dull;buuuuurm;;;buuuuurm;
dull;buuuuuuuuu;;;buuuuuuuuu;
dull;buzzing;;;buzzing;0.159080684185028
dull;calling someone;;;calling;-0.040786799043417
dull;calm explanation;;;explanation;0.0158904753625393
dull;cannot understand;;;understand;-0.0471782274544239
dull;chanting;;;chanting;0.00508622033521533
dull;clock;;;clock;-0.0212508942931891
dull;closing door;;;door;-0.00735843041911721
dull;come in;;;come;-0.0356170795857906
dull;complaint;;;complaint;0.0430488251149654
dull;confused;;;confused;0.140743628144264
dull;confusion;;;confusion;0.0393907614052296
dull;contempt;;;contempt;0.030487148091197
dull;counting;;;counting;-0.0450798124074936
dull;counting in another language;;;counting;-0.0450798124074936
dull;cow;;;cow;0.0119070122018456
dull;cow moo;;;moo;-0.0289262104779482
dull;cow's expression;;;cow;0.0119070122018456
dull;creak or moan;;;creak;0.131262794137001
dull;da sure;;;sure;-0.0252009350806475
dull;danger;;;danger;-0.0668235868215561
dull;dasha;;;dasha;-0.0925123244524002
dull;de je;;;je;-0.0390802696347237
dull;deep throughts;;;throughts;
dull;deixa;;;deixa;
dull;dejection;;;dejection;0.165339276194572
dull;deny;;;deny;-0.0446202717721462
dull;der sher;;;sher;0.0115008279681206
dull;different language;;;language;-0.0223559755831957
dull;dim bell;;;bell;-0.00921993050724268
dull;disagree;;;disagree;0.0199876129627228
dull;disapproval;;;disapproval;-0.02058145403862
dull;disbelief;;;disbelief;0.0310872830450535
dull;discontempt;;;discontempt;
dull;discontent;;;discontent;0.0276298336684704
dull;disgust;;;disgust;0.048873495310545
dull;disgusting;;;disgusting;0.163642168045044
dull;dismissive;;;dismissive;0.185725226998329
dull;disturbed;;;disturbed;0.142466008663178
dull;do show;;;show;0.0430036745965481
dull;do so;;;do;0.0340682826936245
dull;doe not want;;;want;0.0108052091673017
dull;dog;;;dog;-0.0164818204939365
dull;don't feel like it;;;feel;0.105516746640205
dull;don't know;;;know;-0.0587270744144917
dull;don't show;;;show;0.0430036745965481
dull;dont know;;;know;-0.0587270744144917
dull;doo...show;;;doo;-0.0392214730381966
dull;doom;;;doom;0.106365337967873
dull;door bell;;;bell;-0.00921993050724268
dull;dosha;;;dosha;-0.0576087832450867
dull;dosho;;;dosho;
dull;doshou;;;doshou;
dull;doubt;;;doubt;-0.0181810017675161
dull;doucha;;;doucha;
dull;douchou;;;douchou;
dull;droning sound;;;droning;0.438471168279648
dull;drowsy;;;drowsy;0.320878773927689
dull;drunk;;;drunk;0.0646194070577622
dull;du-shu;;;du;-0.0279792882502079
dull;duche;;;duche;
dull;ducher;;;ducher;
dull;duh;;;duh;0.0389526337385178
dull;duh shu;;;duh;0.0389526337385178
dull;duh shuh;;;duh;0.0389526337385178
dull;dulceee;;;dulceee;
dull;dullness;;;dullness;0.569012582302094
dull;dummy, idiot;;;dummy;0.040679331868887
dull;dusher;;;dusher;
dull;duuushuuu;;;duuushuuu;
dull;eehh;;;eehh;
dull;ehhh;;;ehhh;0.123806864023209
dull;ehhh (realisation);;;ehhh;0.123806864023209
dull;eighteen;;;eighteen;-0.0327112972736359
dull;engine;;;engine;0.00298806116916239
dull;entrails;;;entrails;0.0185903701931238
dull;entranced;;;entranced;0.0568177290260792
dull;euuurgh;;;euuurgh;
dull;exhaustion;;;exhaustion;0.131714433431625
dull;explaining;;;explaining;-0.0483358614146709
dull;fat;;;fat;0.0508102774620056
dull;feeling of understanding;;;feeling;0.106877870857716
dull;flatulence;;;flatulence;0.0271262023597956
dull;french;;;french;-0.0680644288659096
dull;girl;;;girl;-0.0276010520756245
dull;gnome;;;gnome;-0.0174918994307518
dull;go away;;;go;0.0138258328661323
dull;gong;;;gong;0.0529164038598537
dull;growl;;;growl;0.0380909107625485
dull;grumble;;;grumble;0.0546743087470531
dull;grumpiness;;;grumpiness;0.111487656831741
dull;grunt;;;grunt;0.120228126645088
dull;heaving;;;heaving;0.0695068016648293
dull;hesitate;;;hesitate;-0.0395093560218811
dull;hum;;;hum;0.155209869146347
dull;humming;;;humming;0.125416129827499
dull;i dont care;;;care;-0.0689738467335701
dull;impatience;;;impatience;0.0499269291758537
dull;inaudable;;;inaudable;
dull;incantation ?;;;incantation;0.00870629586279392
dull;indiference;;;indiference;
dull;instruments;;;instruments;0.0346365012228489
dull;interesting;;;interesting;0.220083981752396
dull;inumerating;;;inumerating;
dull;irrelevance;;;irrelevance;0.207051306962967
dull;lazy;;;lazy;0.321163803339005
dull;lazy grunt;;;grunt;0.120228126645088
dull;learning language;;;learning;-0.00501149380579591
dull;leave it;;;leave;0.0708292275667191
dull;low maaaaaa;;;maaaaaa;
dull;low murmur;;;murmur;0.0563072487711906
dull;lullaby;;;lullaby;-0.0123906387016177
dull;maaaah;;;maaaah;
dull;male moan;;;moan;0.137595549225807
dull;man;;;man;-0.0132998879998922
dull;mantra;;;mantra;0.047584168612957
dull;mau;;;mau;-0.0961260870099068
dull;maybe;;;maybe;0.0394278168678284
dull;meditating sounds;;;sounds;0.153608128428459
dull;meditation;;;meditation;0.0885485783219338
dull;meh;;;meh;0.295294791460037
dull;mhhm;;;mhhm;
dull;mild singing;;;singing;0.0130901848897338
dull;minecraft zombie sound;;;zombie;0.0785618871450424
dull;mmm;;;mmm;-0.0306738596409559
dull;mmmm;;;mmmm;-0.0125437993556261
dull;mocking;;;mocking;0.0783024355769157
dull;monotone;;;monotone;0.527272343635559
dull;mooing;;;mooing;0.0104186432436109
dull;moooh;;;moooh;
dull;moooo;;;moooo;
dull;mosquito;;;mosquito;0.0171945039182901
dull;mow;;;mow;0.100385330617428
dull;mree;;;mree;
dull;mumble;;;mumble;0.0399586744606495
dull;murmur;;;murmur;0.0563072487711906
dull;murmuring;;;murmuring;0.0173978693783283
dull;music notes;;;notes;0.00640020426362753
dull;muuuu;;;muuuu;
dull;nah;;;nah;0.0604367889463902
dull;negative;;;negative;0.139997065067291
dull;nervousness;;;nervousness;0.0479471608996391
dull;night;;;night;0.114396296441555
dull;no idea;;;idea;0.0111103225499392
dull;no sure;;;sure;-0.0252009350806475
dull;no, i won't;;;wo;0.0624625980854034
dull;noise;;;noise;0.12570920586586
dull;noo;;;noo;-0.0523818507790566
dull;not amused;;;amused;0.115270219743252
dull;not impressed;;;impressed;0.0500905141234398
dull;nothing;;;nothing;0.199540734291077
dull;noughhhhhh;;;noughhhhhh;
dull;numbers;;;numbers;0.0205975137650967
dull;obvious;;;obvious;0.153675347566605
dull;obviously;;;obviously;-0.00975221022963524
dull;oh-ahhh;;;oh;0.00242314860224724
dull;ok boring;;;boring;0.773113965988159
dull;pensative;;;pensative;
dull;phone;;;phone;0.00118368992116302
dull;phone message;;;message;0.00997065845876932
dull;pleasing;;;pleasing;0.219447210431099
dull;priest;;;priest;-0.0047953873872757
dull;pronunciation;;;pronunciation;0.0025693557690829
dull;question;;;question;-0.03566799685359
dull;rage;;;rage;0.0243901964277029
dull;random noise;;;noise;0.12570920586586
dull;reading;;;reading;0.0839160978794098
dull;realization;;;realization;0.0173733457922936
dull;realizing;;;realizing;-0.0293793715536594
dull;relax;;;relax;0.0718262940645218
dull;relaying information;;;relaying;-0.0384779796004295
dull;roar;;;roar;0.0622120723128319
dull;rocking;;;rocking;0.000269645679509267
dull;rooor;;;rooor;
dull;russian;;;russian;-0.0355019345879555
dull;rythm;;;rythm;
dull;sad;;;sad;0.312796860933304
dull;say mmm;;;say;-0.00535527244210243
dull;sheep;;;sheep;0.00457664672285318
dull;shocked;;;shocked;0.0596910752356052
dull;shoe;;;shoe;-0.0219794865697622
dull;shoes;;;shoes;-0.00470996228978038
dull;show me;;;show;0.0430036745965481
dull;sigh;;;sigh;0.111805073916912
dull;sighing;;;sighing;0.0967181995511055
dull;sing;;;sing;0.00716171739622951
dull;sing mimic;;;sing;0.00716171739622951
dull;singing;;;singing;0.0130901848897338
dull;sleep;;;sleep;0.0649469494819641
dull;sleep talking;;;talking;0.0133128231391311
dull;sleeping;;;sleeping;0.0100722415372729
dull;sleepy;;;sleepy;0.284760445356369
dull;slow;;;slow;0.297409325838089
dull;snore;;;snore;0.158479407429695
dull;snoring;;;snoring;0.103379189968109
dull;snoring animal;;;snoring;0.103379189968109
dull;soft mooing noise;;;noise;0.12570920586586
dull;sounds;;;sounds;0.153608128428459
dull;speaking;;;speaking;-0.0137544777244329
dull;spelling;;;spelling;-0.0390216410160065
dull;start;;;start;0.0438451804220676
dull;summer heat;;;heat;0.0585568882524967
dull;surprise;;;surprise;0.0604655854403973
dull;sweet;;;sweet;0.0253534950315952
dull;talk;;;talk;0.056818176060915
dull;talking to yourself;;;talking;0.0133128231391311
dull;tasty;;;tasty;0.0818965956568718
dull;teach;;;teach;-0.026201143860817
dull;teaching;;;teaching;-0.0314486622810364
dull;teaching something;;;teaching;-0.0314486622810364
dull;the cat;;;cat;-0.0355193354189396
dull;the show;;;show;0.0430036745965481
dull;the sun;;;sun;0.0528615042567253
dull;there;;;there;-0.0773998722434044
dull;thinking;;;thinking;0.021795941516757
dull;tired;;;tired;0.348479866981506
dull;tired, exhausted;;;tired;0.348479866981506
dull;tireness;;;tireness;
dull;to moan;;;moan;0.137595549225807
dull;train;;;train;-0.00218080938793719
dull;turtle;;;turtle;-0.0547375828027725
dull;ugh;;;ugh;0.117383398115635
dull;uhhh;;;uhhh;0.0382354408502579
dull;uhhhhhh;;;uhhhhhh;
dull;ummm;;;ummm;0.023756293579936
dull;understand;;;understand;-0.0471782274544239
dull;understanding;;;understanding;-0.0758179873228073
dull;understanding casually;;;understanding;-0.0758179873228073
dull;understanding something;;;understanding;-0.0758179873228073
dull;unsure;;;unsure;0.0411009229719639
dull;unusual;;;unusual;0.107793137431145
dull;uuhh;;;uuhh;
dull;vocal cord vibration;;;cord;0.00317133404314518
dull;waking up;;;waking;0.0824827626347542
dull;water;;;water;-0.0289665851742029
dull;we can;;;can;0.0414897315204144
dull;week transmitting sound;;;transmitting;-0.0325309559702873
dull;weird vocal sound;;;sound;0.118625544011593
dull;whhhhhrrr;;;whhhhhrrr;
dull;whining;;;whining;0.12914265692234
dull;why;;;why;-0.0295015703886747
dull;woman;;;woman;0.00758909853175283
dull;woman singing;;;singing;0.0130901848897338
dull;wonder;;;wonder;-0.00913498736917973
dull;wondering;;;wondering;0.0255242176353931
dull;wrr;;;wrr;
dull;yawn;;;yawn;0.335946798324585
dull;yawning;;;yawning;0.230049401521683
dull;zombie;;;zombie;0.0785618871450424
dull;zoombie;;;zoombie;
dull;;;;nan;-0.00461223442107439
sharp;ASMR;;;asmr;-0.0513217113912106
sharp;Action;;;action;0.0969301238656044
sharp;Alert;;;alert;0.217198178172112
sharp;Asmr;;;asmr;-0.0513217113912106
sharp;BREATH;;;breath;0.00881512742489576
sharp;Baby;;;baby;-0.0385325960814953
sharp;Baby cry;;;cry;0.0264081377536058
sharp;Beep;;;beep;0.0218209251761436
sharp;Bergh;;;bergh;0.0324990265071392
sharp;Bip;;;bip;-0.0609587207436562
sharp;Blow;;;blow;0.0569991692900658
sharp;Blow air;;;air;-0.0289680361747742
sharp;Blowing;;;blowing;-0.00760981254279614
sharp;Blowing air;;;blowing;-0.00760981254279614
sharp;Blowing smoke;;;blowing;-0.00760981254279614
sharp;Break;;;break;0.073340930044651
sharp;Breaking;;;breaking;0.0758616253733635
sharp;Burning sensation;;;sensation;0.114182315766811
sharp;CRYING;;;crying;-0.00200964882969856
sharp;Call;;;call;0.0237977784126997
sharp;Calling someone;;;calling;0.0324930064380169
sharp;Captured;;;captured;0.0797620937228203
sharp;Cat hissing;;;hissing;0.123855404555798
sharp;Cat meow;;;meow;-0.031192610040307
sharp;Check;;;check;-0.0170681085437536
sharp;Chicken;;;chicken;-0.00935826264321804
sharp;Child;;;child;-0.0290117505937815
sharp;Clashed;;;clashed;0.129466995596886
sharp;Close;;;close;0.140942230820656
sharp;Come here;;;come;0.0536809861660004
sharp;Complain;;;complain;-0.0561684146523476
sharp;Cry;;;cry;0.0264081377536058
sharp;Danger;;;danger;0.0458296723663807
sharp;Despise;;;despise;-0.0749260038137436
sharp;Dolphin;;;dolphin;0.0628817155957222
sharp;Don't know;;;know;-0.051664873957634
sharp;Door closing;;;closing;0.10121313482523
sharp;Duck;;;duck;-0.0264794379472733
sharp;Eeeek;;;eeeek;
sharp;Eww;;;eww;-0.0253830254077911
sharp;Exhale;;;exhale;-0.013524848036468
sharp;Exhausted;;;exhausted;-0.00706459628418088
sharp;Falling;;;falling;0.15342016518116
sharp;Fast;;;fast;0.184407606720924
sharp;Fear;;;fear;0.0164991337805986
sharp;Fighting;;;fighting;0.0786740779876709
sharp;Fuuou;;;fuuou;
sharp;Gun cocking back;;;cocking;0.0556300729513168
sharp;Hello;;;hello;-0.0252486318349838
sharp;Hey;;;hey;0.0149556770920753
sharp;High pitched voice;;;pitched;0.162808254361153
sharp;Hihat;;;hihat;
sharp;Hissing;;;hissing;0.123855404555798
sharp;Honk;;;honk;-0.0342724323272705
sharp;Horn;;;horn;0.0264611840248108
sharp;Human  high sound;;;human;-0.0516806617379189
sharp;I dont know;;;know;-0.051664873957634
sharp;Ignorant;;;ignorant;0.00115757517050952
sharp;Iii;;;iii;-0.0366277508437634
sharp;Kill;;;kill;0.048493817448616
sharp;Maybe;;;maybe;-0.0879962742328644
sharp;Men’s  whoosh;;;men;0.00122913112863898
sharp;Mosquito;;;mosquito;0.00924758613109589
sharp;Mouth;;;mouth;0.0884697958827019
sharp;Mouth sound baby;;;sound;0.0553549081087112
sharp;My love;;;love;-0.127884894609451
sharp;Nervous;;;nervous;0.0670075938105583
sharp;Nonsense;;;nonsense;-0.0387941524386406
sharp;Not good;;;good;0.117743141949177
sharp;Not sure;;;sure;0.0962517410516739
sharp;Nouth sound;;;sound;0.0553549081087112
sharp;Old furniture from a horror movie;;;movie;-0.031407006084919
sharp;Opening a soda;;;opening;0.0953137502074242
sharp;Pain;;;pain;0.137446269392967
sharp;Person feels exhausted;;;feels;-0.0176804978400469
sharp;Phew;;;phew;-0.0176806803792715
sharp;Pinched sound;;;sound;0.0553549081087112
sharp;Play;;;play;0.00161286408547312
sharp;Playing;;;playing;-0.00419869925826788
sharp;Presence;;;presence;0.00385025888681412
sharp;Pronunciation;;;pronunciation;0.00121113879140466
sharp;Reactions;;;reactions;0.0299859363585711
sharp;Relief;;;relief;0.013868804089725
sharp;SHUUUUU!;;;shuuuuu;
sharp;SIGH;;;sigh;-0.0262870509177446
sharp;SOUND;;;sound;0.0553549081087112
sharp;Sad;;;sad;0.0181495379656553
sharp;Safe;;;safe;0.0123421987518668
sharp;Scared;;;scared;0.0423829630017281
sharp;Shock;;;shock;0.158704102039337
sharp;Shooo;;;shooo;
sharp;Shoooh;;;shoooh;
sharp;Sigh;;;sigh;-0.0262870509177446
sharp;Silence;;;silence;0.0192678980529308
sharp;Silence!;;;silence;0.0192678980529308
sharp;Sip;;;sip;-0.0461670458316803
sharp;Sipping;;;sipping;-0.0362810902297497
sharp;Slamming door;;;slamming;0.0938651636242867
sharp;Smiling;;;smiling;0.0184174757450819
sharp;Sneeze;;;sneeze;0.0448140017688274
sharp;Snicker;;;snicker;-0.0134654166176915
sharp;Something flying;;;flying;0.0739779844880104
sharp;Squeak;;;squeak;0.0435334146022797
sharp;Squeal;;;squeal;0.012371220625937
sharp;Startled;;;startled;0.126177236437798
sharp;Stop;;;stop;-0.0201366487890482
sharp;Strange high sounds;;;sounds;0.0196216031908989
sharp;Sucking;;;sucking;-0.00721082650125027
sharp;Surprise;;;surprise;0.129540130496025
sharp;Takeshi;;;takeshi;0.119712293148041
sharp;Taking photo;;;taking;0.0682646706700325
sharp;Talking;;;talking;-0.0132725145667791
sharp;Tchk!;;;tchk;
sharp;Tease;;;tease;0.00326591869816184
sharp;Teen;;;teen;-0.00571617670357227
sharp;Threat;;;threat;0.0311176218092442
sharp;Ticket;;;ticket;-0.0269304271787405
sharp;Tkish;;;tkish;
sharp;Uncomfortable;;;uncomfortable;0.0609542988240719
sharp;Venting air;;;air;-0.0289680361747742
sharp;Whip;;;whip;0.174901083111763
sharp;Whip sound;;;sound;0.0553549081087112
sharp;Whistle;;;whistle;0.0558207482099533
sharp;Whoosh;;;whoosh;0.0889127403497696
sharp;Wind;;;wind;0.034961961209774
sharp;Wind Blow;;;blow;0.0569991692900658
sharp;Wind blowing;;;blowing;-0.00760981254279614
sharp;Window cleaning;;;cleaning;0.032651349902153
sharp;air;;;air;-0.0289680361747742
sharp;airplane;;;airplane;0.0192033555358648
sharp;alarm;;;alarm;0.0401841141283512
sharp;anger;;;anger;0.0444562062621117
sharp;animal;;;animal;0.0087514640763402
sharp;annoyed;;;annoyed;0.0101141231134534
sharp;annoying;;;annoying;0.0441694147884846
sharp;attention;;;attention;0.161771520972252
sharp;baaa;;;baaa;-0.0212114024907351
sharp;baby;;;baby;-0.0385325960814953
sharp;baby crying;;;crying;-0.00200964882969856
sharp;balloon;;;balloon;-0.0703980624675751
sharp;be quiet;;;be;-0.0189211908727884
sharp;beat box;;;box;-0.0409208312630653
sharp;beatboxing;;;beatboxing;-0.0321254767477512
sharp;beep;;;beep;0.0218209251761436
sharp;beeping;;;beeping;0.0394896641373634
sharp;bird song;;;song;-0.076257236301899
sharp;bird sound;;;sound;0.0553549081087112
sharp;bite;;;bite;0.205466002225876
sharp;bless you;;;bless;-0.098013274371624
sharp;blow;;;blow;0.0569991692900658
sharp;blowing;;;blowing;-0.00760981254279614
sharp;blowing a candle;;;blowing;-0.00760981254279614
sharp;blowing on something;;;blowing;-0.00760981254279614
sharp;bottle opening;;;opening;0.0953137502074242
sharp;braggart;;;braggart;-0.0531861484050751
sharp;braking;;;braking;-0.0347253046929836
sharp;break something;;;break;0.073340930044651
sharp;breaking something;;;breaking;0.0758616253733635
sharp;breath;;;breath;0.00881512742489576
sharp;breathe out;;;breathe;-0.0394682884216309
sharp;breathing;;;breathing;0.0103702833876014
sharp;buzzing;;;buzzing;0.0656829476356506
sharp;can of soda;;;can;-0.0196219347417355
sharp;can opening;;;opening;0.0953137502074242
sharp;car alarm;;;alarm;0.0401841141283512
sharp;carpet;;;carpet;0.00771076930686832
sharp;catching a breath;;;catching;0.0634162947535515
sharp;caution ?;;;caution;0.142862156033516
sharp;chicket;;;chicket;
sharp;child;;;child;-0.0290117505937815
sharp;clacking;;;clacking;0.14633920788765
sharp;clanking;;;clanking;0.121494740247726
sharp;clash;;;clash;0.134501531720161
sharp;clashing sound;;;clashing;0.166218280792236
sharp;close;;;close;0.140942230820656
sharp;close box;;;box;-0.0409208312630653
sharp;close call;;;call;0.0237977784126997
sharp;closing a draw;;;closing;0.10121313482523
sharp;cold;;;cold;0.112109668552876
sharp;collecting oneself;;;collecting;0.00266894651576877
sharp;come here;;;come;0.0536809861660004
sharp;confused;;;confused;0.0159401260316372
sharp;crack;;;crack;0.159139335155487
sharp;cracking;;;cracking;0.118885487318039
sharp;creak;;;creak;0.0666211023926735
sharp;creek;;;creek;0.0366258919239044
sharp;cry;;;cry;0.0264081377536058
sharp;crying;;;crying;-0.00200964882969856
sharp;cut;;;cut;0.297124296426773
sharp;cutting;;;cutting;0.326704055070877
sharp;danger;;;danger;0.0458296723663807
sharp;disagree;;;disagree;0.0300182346254587
sharp;disagreement;;;disagreement;0.130684956908226
sharp;disparing;;;disparing;
sharp;don't know;;;know;-0.051664873957634
sharp;donkey;;;donkey;0.0115880817174912
sharp;door;;;door;0.00858524348586798
sharp;door open;;;open;0.107669152319431
sharp;door opening;;;opening;0.0953137502074242
sharp;doorbell;;;doorbell;-0.00971807725727558
sharp;doubt;;;doubt;0.0264479778707027
sharp;draft;;;draft;0.00906146131455898
sharp;draw attention;;;draw;0.133209854364395
sharp;drifting;;;drifting;0.0276179146021605
sharp;dropping something;;;dropping;0.124971844255924
sharp;drum cymbal noise;;;drum;0.0278029572218657
sharp;eeee;;;eeee;-0.00533552467823029
sharp;eeeeh;;;eeeeh;
sharp;eeeh;;;eeeh;
sharp;eeeiiioooo;;;eeeiiioooo;
sharp;eeh;;;eeh;0.0429572425782681
sharp;ei!!;;;ei;0.00371874659322202
sharp;euh;;;euh;0.0277440082281828
sharp;exhale;;;exhale;-0.013524848036468
sharp;exited;;;exited;0.0788805484771729
sharp;explosion;;;explosion;0.0291249100118876
sharp;fake excitement;;;excitement;0.0176896676421165
sharp;female vocal;;;vocal;0.0605855733156204
sharp;fhuu;;;fhuu;
sharp;fire;;;fire;0.0254735238850117
sharp;fiu;;;fiu;-0.0146191380918026
sharp;fly;;;fly;0.00131130695808679
sharp;flying;;;flying;0.0739779844880104
sharp;fright, worry;;;worry;0.00714784534648061
sharp;frightened;;;frightened;0.0522436574101448
sharp;frustration;;;frustration;-0.035505261272192
sharp;gather;;;gather;0.0318336673080921
sharp;giggle;;;giggle;-0.0216498430818319
sharp;goat;;;goat;-0.0261143147945404
sharp;goofing;;;goofing;-0.0776089280843735
sharp;groan;;;groan;0.0122143756598234
sharp;gun;;;gun;0.0782953500747681
sharp;gun reload;;;reload;-0.075140580534935
sharp;gunshot;;;gunshot;0.145281612873077
sharp;gust of wind;;;gust;0.0616086199879646
sharp;happy;;;happy;0.00220669014379382
sharp;help;;;help;0.00328141357749701
sharp;here;;;here;0.0131861018016934
sharp;hha;;;hha;
sharp;hiccups;;;hiccups;0.0198432188481092
sharp;high-pitched shout;;;pitched;0.162808254361153
sharp;hiii;;;hiii;
sharp;hiiimwooo;;;hiiimwooo;
sharp;hissing;;;hissing;0.123855404555798
sharp;hit;;;hit;0.140656918287277
sharp;hitting;;;hitting;0.142228364944458
sharp;holding breath;;;holding;0.0344716534018517
sharp;honk;;;honk;-0.0342724323272705
sharp;honking;;;honking;0.00378291821107268
sharp;horn;;;horn;0.0264611840248108
sharp;horse;;;horse;0.0226143263280392
sharp;humm;;;humm;0.0403418131172657
sharp;i dont know;;;know;-0.051664873957634
sharp;ihhh;;;ihhh;
sharp;iiih;;;iiih;
sharp;imitating ticking;;;ticking;-0.00753553584218025
sharp;indeference;;;indeference;
sharp;inhale;;;inhale;-0.0366583056747913
sharp;inhaling;;;inhaling;-0.0322296656668186
sharp;iuueiee;;;iuueiee;
sharp;jau;;;jau;
sharp;joy;;;joy;-0.0479637533426285
sharp;kashaw;;;kashaw;
sharp;keep quiet;;;keep;0.0948600322008133
sharp;khew;;;khew;
sharp;kind of;;;of;-0.0114612933248281
sharp;kiss;;;kiss;-0.12340871244669
sharp;kitten moan;;;moan;-0.0134487636387348
sharp;lash;;;lash;0.0578075759112835
sharp;laugh;;;laugh;0.0544253252446651
sharp;laughter;;;laughter;0.0429991446435452
sharp;lazo;;;lazo;
sharp;lighter;;;lighter;0.051903460174799
sharp;lighting matches;;;matches;0.0606536790728569
sharp;listen here;;;listen;-0.0223136562854052
sharp;little sound;;;sound;0.0553549081087112
sharp;look;;;look;0.0597648099064827
sharp;making a sound;;;making;0.0257311332970858
sharp;making faces;;;making;0.0257311332970858
sharp;making fun;;;making;0.0257311332970858
sharp;maybe;;;maybe;-0.0879962742328644
sharp;me;;;me;-0.0280155800282955
sharp;mild alerting;;;alerting;0.121103040874004
sharp;mmhm;;;mmhm;
sharp;mocking;;;mocking;0.0659979432821274
sharp;mouse;;;mouse;0.00989237707108259
sharp;mouse squek;;;squek;
sharp;music;;;music;-0.0143199367448688
sharp;no clue;;;clue;0.0192523710429668
sharp;noise;;;noise;0.0716278329491615
sharp;nudge;;;nudge;0.0742520987987518
sharp;open;;;open;0.107669152319431
sharp;open can soda;;;soda;0.0206268839538097
sharp;opening a can;;;opening;0.0953137502074242
sharp;opening a tin can;;;opening;0.0953137502074242
sharp;pay attention;;;pay;0.0603328086435795
sharp;pe pish;;;pish;0.0223207753151655
sharp;peep;;;peep;0.0390385575592518
sharp;peeping;;;peeping;0.00732694892212749
sharp;pfiu;;;pfiu;
sharp;phew;;;phew;-0.0176806803792715
sharp;pheww;;;pheww;
sharp;phewww;;;phewww;
sharp;pick;;;pick;0.0695124864578247
sharp;playing;;;playing;-0.00419869925826788
sharp;pop can;;;can;-0.0196219347417355
sharp;prick;;;prick;0.183166310191154
sharp;quick, gone;;;quick;0.271606773138046
sharp;quickly;;;quickly;0.145054399967194
sharp;quiet;;;quiet;0.111371330916882
sharp;releaved;;;releaved;
sharp;relief;;;relief;0.013868804089725
sharp;relieve;;;relieve;-0.00725621124729514
sharp;reload;;;reload;-0.075140580534935
sharp;reload of gun;;;reload;-0.075140580534935
sharp;reloading;;;reloading;-0.0868111848831177
sharp;right;;;right;0.0595977045595646
sharp;ring;;;ring;0.00290120812132955
sharp;sad;;;sad;0.0181495379656553
sharp;scare;;;scare;0.0482586659491062
sharp;scared;;;scared;0.0423829630017281
sharp;schwoop;;;schwoop;
sharp;screech;;;screech;0.116172730922699
sharp;see;;;see;0.036068145185709
sharp;sheu;;;sheu;
sharp;shhh;;;shhh;-0.0236922539770603
sharp;shining a laser;;;shining;0.180188909173012
sharp;shoot;;;shoot;0.105120420455933
sharp;shooting;;;shooting;0.124310046434402
sharp;shot;;;shot;0.127518683671951
sharp;shots;;;shots;0.109405323863029
sharp;shshshtsssk;;;shshshtsssk;
sharp;shutter;;;shutter;0.10953576862812
sharp;shuuush;;;shuuush;
sharp;shy;;;shy;0.0582368969917297
sharp;sigh;;;sigh;-0.0262870509177446
sharp;sighing;;;sighing;-0.035496611148119
sharp;signaling;;;signaling;0.0800959095358849
sharp;silencing;;;silencing;-0.00449312990531325
sharp;silencing someone;;;silencing;-0.00449312990531325
sharp;sleep;;;sleep;-0.0483884550631046
sharp;slingshot;;;slingshot;0.0526861883699894
sharp;small;;;small;0.0824371799826622
sharp;small animal;;;animal;0.0087514640763402
sharp;small mouse;;;mouse;0.00989237707108259
sharp;snap;;;snap;0.20610399544239
sharp;sneaky;;;sneaky;0.195488095283508
sharp;sneeze;;;sneeze;0.0448140017688274
sharp;sneezing;;;sneezing;0.0831658467650414
sharp;sniper;;;sniper;0.0977718159556389
sharp;snorting;;;snorting;0.0507545247673988
sharp;so what;;;what;-0.0551081635057926
sharp;soda;;;soda;0.0206268839538097
sharp;something dropping;;;something;-0.00404719216749072
sharp;sorrow or help;;;sorrow;0.0438844971358776
sharp;sound;;;sound;0.0553549081087112
sharp;sound for kinda;;;sound;0.0553549081087112
sharp;spark;;;spark;0.157959222793579
sharp;speed;;;speed;0.0537555888295174
sharp;squeak;;;squeak;0.0435334146022797
sharp;squeek;;;squeek;
sharp;stapler;;;stapler;0.10556448251009
sharp;stove turning on;;;stove;0.00013095153553877
sharp;stress;;;stress;0.0346754640340805
sharp;strike, hit;;;strike;0.174936547875404
sharp;strong blow;;;blow;0.0569991692900658
sharp;submission;;;submission;-0.0181303974241018
sharp;suck;;;suck;-0.0257455408573151
sharp;sucking a straw;;;sucking;-0.00721082650125027
sharp;sudden snap;;;snap;0.20610399544239
sharp;surprise;;;surprise;0.129540130496025
sharp;surprised;;;surprised;0.091760665178299
sharp;swallow;;;swallow;0.0786304101347923
sharp;swish;;;swish;0.0999880582094193
sharp;swoosh;;;swoosh;0.0717101395130158
sharp;t chiss;;;chiss;
sharp;t-kishi;;;kishi;0.0563080012798309
sharp;taking a picture;;;taking;0.0682646706700325
sharp;takish;;;takish;
sharp;takishe;;;takishe;
sharp;tcxi;;;tcxi;
sharp;teasing;;;teasing;0.0935044139623642
sharp;tekes;;;tekes;
sharp;tekishhhh;;;tekishhhh;
sharp;tequixe....;;;tequixe;
sharp;thank you;;;thank;-0.0473319813609123
sharp;the end;;;end;0.0638897493481636
sharp;the kitchen;;;kitchen;0.0955002754926682
sharp;thickish;;;thickish;0.110368125140667
sharp;tiiiiii;;;tiiiiii;
sharp;tikichyn;;;tikichyn;
sharp;tikish;;;tikish;
sharp;tikishi;;;tikishi;
sharp;tiposhi;;;tiposhi;
sharp;tired;;;tired;0.0464969798922539
sharp;tissue please;;;tissue;-0.00972519349306822
sharp;tk shhh;;;shhh;-0.0236922539770603
sharp;tkish;;;tkish;
sharp;tksh;;;tksh;
sharp;tkshe;;;tkshe;
sharp;to brake;;;brake;-0.0304119139909744
sharp;to strike;;;strike;0.174936547875404
sharp;tooth noise;;;noise;0.0716278329491615
sharp;touch;;;touch;0.0808231830596924
sharp;toy duck;;;duck;-0.0264794379472733
sharp;train;;;train;-0.0314717926084995
sharp;trumpet;;;trumpet;0.00897458661347628
sharp;tsk;;;tsk;-0.0333131514489651
sharp;tsktsk;;;tsktsk;-0.0490900538861752
sharp;turkish;;;turkish;-0.0503976047039032
sharp;understand;;;understand;-0.0260693691670895
sharp;unlock;;;unlock;-0.0106765665113926
sharp;unlocking something;;;unlocking;-0.0185249336063862
sharp;wait;;;wait;-0.0454813875257969
sharp;washing floor;;;floor;0.00888204015791416
sharp;weapon;;;weapon;0.109669782221317
sharp;weeee;;;weeee;
sharp;weird japanese stuff;;;stuff;-0.05466178804636
sharp;weird sound;;;sound;0.0553549081087112
sharp;what you doing?;;;doing;-0.0734338238835335
sharp;wheew;;;wheew;
sharp;wheeze;;;wheeze;0.0441774129867554
sharp;whimpering;;;whimpering;0.0252756644040346
sharp;whip;;;whip;0.174901083111763
sharp;whipping something;;;whipping;0.117938950657845
sharp;whisper;;;whisper;0.00613532774150372
sharp;whispering;;;whispering;0.0308600999414921
sharp;whistle;;;whistle;0.0558207482099533
sharp;whiteboard marker;;;marker;0.126473248004913
sharp;whoosh;;;whoosh;0.0889127403497696
sharp;whoosh (imitation wind blowing);;;whoosh;0.0889127403497696
sharp;wimper;;;wimper;
sharp;wind;;;wind;0.034961961209774
sharp;wip;;;wip;-0.0265151150524616
sharp;woosh;;;woosh;0.0558737404644489
sharp;yawn;;;yawn;0.0545509494841099
sharp;yawning;;;yawning;0.138521492481232
sharp;;;;nan;-0.0146831925958395
hide;*gasp* Mmmmm...;;;gasp;0.0533365160226822
hide;:o uh;;;:o;
hide;Aaah;;;aaah;0.0723953172564507
hide;Alert;;;alert;0.00986513309180737
hide;Amazing;;;amazing;0.0212864801287651
hide;Amuzed sound;;;sound;0.0317202471196651
hide;Ashhh;;;ashhh;
hide;Asmr;;;asmr;-0.00184473022818565
hide;Be quiet;;;be;0.00849902536720038
hide;Be quite;;;be;0.00849902536720038
hide;CRYING;;;crying;0.106053590774536
hide;Call;;;call;-0.00924986228346825
hide;Control the cry;;;control;0.127431705594063
hide;Cry;;;cry;0.131045296788216
hide;Crying;;;crying;0.106053590774536
hide;Discomfort;;;discomfort;0.109903693199158
hide;Dislike;;;dislike;0.152474954724312
hide;Don't believe;;;believe;0.0240748673677444
hide;Engine start;;;start;-0.0650663003325462
hide;Fast;;;fast;0.0436280108988285
hide;Fear;;;fear;0.138623908162117
hide;Fright;;;fright;0.0606984235346317
hide;Frustrated;;;frustrated;-0.0305229425430298
hide;Fusshh;;;fusshh;
hide;Gasp;;;gasp;0.0533365160226822
hide;Gasp, Shock, Surprise;;;surprise;0.13457715511322
hide;Gasping;;;gasping;-0.0163638889789581
hide;Grasping;;;grasping;0.00707784434780479
hide;Ha!;;;ha;0.0388348512351513
hide;Huh;;;huh;0.0520733967423439
hide;Hush;;;hush;0.233421459794045
hide;Hushing someone;;;hushing;0.170603662729263
hide;I'm afraid;;;'m;
hide;I'm scared;;;'m;
hide;I’m scared;;;’m;
hide;Keep quit;;;quit;0.129185259342194
hide;Male suprise  sounds;;;suprise;0.142431646585464
hide;Maybe;;;maybe;0.00388879491947591
hide;Men’s inarticulate  sounds;;;sounds;0.0132590085268021
hide;Mouth;;;mouth;0.0482053160667419
hide;No way;;;way;0.0524468347430229
hide;Ocean;;;ocean;0.00365610886365175
hide;Oh no!;;;oh;0.0678004249930382
hide;Oh no, sugar, drat;;;sugar;3.16476616717409E-05
hide;Ohhh huuu;;;huuu;
hide;Oshe;;;oshe;
hide;Piller;;;piller;0.0651412829756737
hide;Push;;;push;0.0718909725546837
hide;Quiet;;;quiet;0.185461550951004
hide;SHOCK;;;shock;0.0381401032209396
hide;SHUSH;;;shush;0.184616014361382
hide;SHUT UP;;;up;0.0446345135569572
hide;SIGH;;;sigh;0.0367767252027988
hide;Sad;;;sad;0.0230894405394793
hide;Scared;;;scared;0.100273102521896
hide;Scared, Crying;;;scared;0.100273102521896
hide;Scared, worried;;;scared;0.100273102521896
hide;Secret;;;secret;0.428407669067383
hide;Sharp inhale;;;inhale;0.000882885593455285
hide;Shh;;;shh;0.22094900906086
hide;Shock;;;shock;0.0381401032209396
hide;Shock and Fear;;;shock;0.0381401032209396
hide;Shock and fear;;;shock;0.0381401032209396
hide;Shocked;;;shocked;-0.00189944007433951
hide;Shocked scared;;;scared;0.100273102521896
hide;Shook;;;shook;0.0350449346005917
hide;Shoosh;;;shoosh;0.154240354895592
hide;Shooshing;;;shooshing;
hide;Shushing;;;shushing;0.14973159134388
hide;Sighing;;;sighing;0.0574186630547047
hide;Silence;;;silence;0.206420958042145
hide;Silence instruction;;;instruction;-0.0788957476615906
hide;Sobbing;;;sobbing;0.100471518933773
hide;Something passing  by;;;something;0.0769732147455216
hide;Sound of surprise or shock;;;sound;0.0317202471196651
hide;Speed, fast;;;speed;0.0132164750248194
hide;Surprise;;;surprise;0.13457715511322
hide;Surprise and fear;;;surprise;0.13457715511322
hide;Surprised;;;surprised;0.0270387828350067
hide;Suspire;;;suspire;0.00689111137762666
hide;Swoop;;;swoop;0.0549753718078136
hide;Swoosh;;;swoosh;0.0482770875096321
hide;Taken aback;;;taken;-0.0273826755583286
hide;Waking up from a bad dream;;;dream;-0.0594828650355339
hide;Whisper;;;whisper;0.209053918719292
hide;Whispering;;;whispering;0.194936871528626
hide;Whoosh;;;whoosh;0.0304471347481012
hide;Women’s oshiii;;;women;0.0359069183468819
hide;Woosh;;;woosh;-0.0011254318524152
hide;Yes;;;yes;0.0431235730648041
hide;Yoga;;;yoga;-0.0214408040046692
hide;aaaaa;;;aaaaa;0.0544636137783527
hide;aaaaahhhh;;;aaaaahhhh;
hide;aah;;;aah;0.080036886036396
hide;aahhhh!;;;aahhhh;
hide;admired;;;admired;0.0179079659283161
hide;adults talking child;;;adults;0.0228838138282299
hide;affraid;;;affraid;0.0456534847617149
hide;afraid;;;afraid;0.105971954762936
hide;aghhumm;;;aghhumm;
hide;ah hummmm;;;hummmm;
hide;ah mmhhhhh;;;mmhhhhh;
hide;aham;;;aham;
hide;ahemmmm;;;ahemmmm;
hide;ahhh;;;ahhh;0.0634288862347603
hide;ahmmmm;;;ahmmmm;
hide;air punch;;;punch;-0.0335827246308327
hide;air swoosh;;;swoosh;0.0482770875096321
hide;alerted and accepting;;;alerted;0.0322020202875137
hide;amazed;;;amazed;0.00639332691207528
hide;amazement;;;amazement;0.0658996477723122
hide;angry;;;angry;0.00804397277534008
hide;animal;;;animal;0.0596769899129868
hide;animal sound;;;sound;0.0317202471196651
hide;annoyed;;;annoyed;-0.0120789706707001
hide;answer;;;answer;0.0900133922696114
hide;asking for silence;;;asking;-0.0273303519934416
hide;astonished;;;astonished;-0.0110528748482466
hide;awe;;;awe;0.0405054539442062
hide;be cautious;;;be;0.00849902536720038
hide;be gone;;;gone;0.119004756212235
hide;be quiet;;;be;0.00849902536720038
hide;bee;;;bee;-0.0423073247075081
hide;bee sound;;;sound;0.0317202471196651
hide;being scared;;;being;0.0183033626526594
hide;being shocked;;;shocked;-0.00189944007433951
hide;being upset;;;being;0.0183033626526594
hide;big surprise;;;surprise;0.13457715511322
hide;blow;;;blow;0.0307884737849236
hide;breath;;;breath;-0.0468701981008053
hide;breathing;;;breathing;-0.0492101833224297
hide;breathing in;;;breathing;-0.0492101833224297
hide;bullshit;;;bullshit;0.0258672013878822
hide;can of soda;;;can;0.0525763630867004
hide;chanting;;;chanting;-0.0395874716341496
hide;come here;;;come;0.0514464154839516
hide;crash;;;crash;-0.0106235351413488
hide;cry;;;cry;0.131045296788216
hide;crying;;;crying;0.106053590774536
hide;cshhh;;;cshhh;
hide;danger;;;danger;0.0771237909793854
hide;disapointment;;;disapointment;
hide;disbelief;;;disbelief;0.0246957112103701
hide;disgusting;;;disgusting;0.0772483870387077
hide;distress;;;distress;0.0471276715397835
hide;dog;;;dog;0.000208046010811813
hide;don't know;;;know;0.15415920317173
hide;donkey;;;donkey;0.0714809596538544
hide;dont know;;;know;0.15415920317173
hide;draw attention;;;draw;0.0622570551931858
hide;"effort ""ha""";;;effort;0.01262067258358
hide;excited shock;;;shock;0.0381401032209396
hide;exhale air;;;air;-0.0129295010119677
hide;expressing astonishment;;;expressing;0.115936160087585
hide;expressing shock;;;expressing;0.115936160087585
hide;fast;;;fast;0.0436280108988285
hide;fast car;;;car;0.0181482844054699
hide;fear;;;fear;0.138623908162117
hide;fearful gasp hum;;;hum;0.0111944125965238
hide;freight;;;freight;0.0119535364210606
hide;fright;;;fright;0.0606984235346317
hide;frightened;;;frightened;0.0910078659653664
hide;gasp;;;gasp;0.0533365160226822
hide;gasp emmmmmmm;;;emmmmmmm;
hide;gasp in fear;;;gasp;0.0533365160226822
hide;gasp mmmmmm;;;mmmmmm;0.0542004145681858
hide;gasp, then afraid;;;gasp;0.0533365160226822
hide;gasp/scared;;;scared;0.100273102521896
hide;gasped;;;gasped;0.0485310442745686
hide;gasping;;;gasping;-0.0163638889789581
hide;getting startled;;;startled;0.0374971814453602
hide;go away;;;go;0.0946881473064423
hide;going away;;;going;-0.0122998207807541
hide;gorge;;;gorge;0.0320129208266735
hide;got scared;;;got;0.0710845589637756
hide;gssshhh;;;gssshhh;
hide;gust;;;gust;-0.0473348014056683
hide;ha hmmmmm;;;hmmmmm;
hide;haammmm;;;haammmm;
hide;hammm;;;hammm;
hide;hha;;;hha;
hide;hhhaaa;;;hhhaaa;
hide;hiccups;;;hiccups;-0.0279863346368074
hide;hick up;;;hick;-0.0489922314882278
hide;hint of crying;;;hint;0.192483514547348
hide;hiss;;;hiss;0.10873094946146
hide;hit;;;hit;0.0399403274059296
hide;hold breath;;;hold;0.123888805508614
hide;hooooshh;;;hooooshh;
hide;horror;;;horror;0.0545543879270554
hide;hoshh;;;hoshh;
hide;how;;;how;0.0334075316786766
hide;huffing;;;huffing;-0.0143048102036119
hide;huge bite;;;bite;-0.0056032850407064
hide;huh;;;huh;0.0520733967423439
hide;humming;;;humming;-0.0203965846449137
hide;hurry;;;hurry;0.105134189128876
hide;hush;;;hush;0.233421459794045
hide;hushing;;;hushing;0.170603662729263
hide;huu-ha;;;huu;
hide;huuh;;;huuh;
hide;hwaah;;;hwaah;
hide;i dont know;;;know;0.15415920317173
hide;i know;;;know;0.15415920317173
hide;i'm scared;;;'m;
hide;imperative;;;imperative;-0.0459579341113567
hide;inhale;;;inhale;0.000882885593455285
hide;keep quiet;;;keep;0.254703760147095
hide;kiss;;;kiss;0.0339215770363808
hide;kwashhh;;;kwashhh;
hide;lament;;;lament;0.0371893346309662
hide;look here;;;look;0.161340117454529
hide;loud sadness;;;sadness;0.154666543006897
hide;man;;;man;0.00585445994511247
hide;meditation;;;meditation;-0.0192442815750837
hide;mild shock;;;shock;0.0381401032209396
hide;move;;;move;0.107424639165401
hide;mrraaaaahhhh mhh;;;mrraaaaahhhh;
hide;murrr;;;murrr;
hide;mute;;;mute;0.216346472501755
hide;nudge;;;nudge;0.0337894596159458
hide;oh no;;;oh;0.0678004249930382
hide;oh she;;;oh;0.0678004249930382
hide;ooh hmm;;;ooh;0.0512912049889565
hide;opening bottle;;;bottle;-0.00240338011644781
hide;osh;;;osh;-0.0571343638002873
hide;oshhh;;;oshhh;
hide;oshhsss;;;oshhsss;
hide;osshhh;;;osshhh;
hide;pig;;;pig;0.0946502834558487
hide;purr;;;purr;0.00482897693291307
hide;push;;;push;0.0718909725546837
hide;quiet;;;quiet;0.185461550951004
hide;remembered forgotten item;;;remembered;0.065877690911293
hide;roar mmm;;;mmm;0.0414969623088837
hide;sad;;;sad;0.0230894405394793
hide;sarcastic sympathy;;;sympathy;0.0196003671735525
hide;scare;;;scare;0.125608041882515
hide;scared;;;scared;0.100273102521896
hide;scared gasp;;;gasp;0.0533365160226822
hide;scared mimic;;;mimic;0.200796484947205
hide;scared person;;;person;-0.0226289015263319
hide;scary;;;scary;0.0468015857040882
hide;seeing something scary;;;seeing;0.0392150171101093
hide;sharp intake;;;intake;-0.0481200851500034
hide;shhh;;;shhh;0.264771848917007
hide;shhshing someone;;;shhshing;
hide;shock;;;shock;0.0381401032209396
hide;shock then refusal;;;refusal;0.0399823598563671
hide;shocked;;;shocked;-0.00189944007433951
hide;shocked becomes impared;;;becomes;-0.0228921100497246
hide;shooing;;;shooing;0.0978683605790138
hide;shush;;;shush;0.184616014361382
hide;shut up;;;shut;0.128337040543556
hide;sigh;;;sigh;0.0367767252027988
hide;sighs;;;sighs;0.0671493709087372
hide;silence;;;silence;0.206420958042145
hide;silence psss;;;psss;
hide;silence, annoyed;;;silence;0.206420958042145
hide;silencing;;;silencing;0.13767197728157
hide;silencing someone;;;silencing;0.13767197728157
hide;slash;;;slash;0.147263273596764
hide;slashing;;;slashing;-0.00363134825602174
hide;sleep;;;sleep;0.11247207224369
hide;sneeze;;;sneeze;0.0501195788383484
hide;sneezing;;;sneezing;0.00411296309903264
hide;snore;;;snore;0.0601091720163822
hide;speak softly;;;speak;0.0711625516414642
hide;splash, windy;;;splash;0.0458297207951546
hide;splashing;;;splashing;0.0244519766420126
hide;squashing;;;squashing;0.00498698698356748
hide;startled;;;startled;0.0374971814453602
hide;startling;;;startling;0.0403841212391853
hide;stealing;;;stealing;0.139382898807526
hide;suffering;;;suffering;0.0702976509928703
hide;suprise;;;suprise;0.142431646585464
hide;suprised negatvity;;;suprised;0.0414413139224052
hide;surprise;;;surprise;0.13457715511322
hide;surprise and fear;;;surprise;0.13457715511322
hide;surprise pain;;;pain;0.127461671829224
hide;surprise, calm;;;surprise;0.13457715511322
hide;surprised;;;surprised;0.0270387828350067
hide;surprised doubt;;;doubt;-0.00181621813680977
hide;surprised gasp;;;gasp;0.0533365160226822
hide;surprised or shocked;;;surprised;0.0270387828350067
hide;surprised scared;;;scared;0.100273102521896
hide;sush sound;;;sound;0.0317202471196651
hide;swearing;;;swearing;-0.000387561129173264
hide;sweep;;;sweep;0.0831822901964188
hide;swinging something;;;swinging;-0.0231502149254084
hide;sword swing;;;swing;-0.033696636557579
hide;taken aback;;;taken;-0.0273826755583286
hide;taking deep breathe;;;taking;-0.062208004295826
hide;throw;;;throw;0.121108137071133
hide;to dive;;;dive;0.0843191593885422
hide;train;;;train;-0.0100207813084126
hide;ugah-hhhhhng;;;hhhhhng;
hide;uh hmmmmmmm;;;hmmmmmmm;
hide;uh-aaahh;;;aaahh;0.105076037347317
hide;understood;;;understood;0.0969668552279472
hide;unhappy;;;unhappy;-0.0303385201841593
hide;upper cut;;;cut;0.0971037149429321
hide;upset;;;upset;-0.0228689014911652
hide;ush;;;ush;-0.0459590218961239
hide;uuuhh! mmmmmmmm..;;;uuuhh;
hide;very sad;;;sad;0.0230894405394793
hide;water sound;;;sound;0.0317202471196651
hide;water spray;;;spray;-0.00529539957642555
hide;waves crashing;;;crashing;-0.0193057302385569
hide;what?;;;what;0.029772974550724
hide;whip;;;whip;0.0897544696927071
hide;whisper;;;whisper;0.209053918719292
hide;whispering;;;whispering;0.194936871528626
hide;whoosh;;;whoosh;0.0304471347481012
hide;whooshing;;;whooshing;0.00685559120029211
hide;wimper;;;wimper;
hide;wind;;;wind;0.0128659317269921
hide;wind blowing;;;blowing;-0.010566895827651
hide;windy;;;windy;-0.0582026690244675
hide;without air;;;without;0.0872054919600487
hide;woman;;;woman;-0.00778302969411016
hide;wonder;;;wonder;0.0645987764000893
hide;woosh;;;woosh;-0.0011254318524152
hide;yawn;;;yawn;0.00744552444666624
hide;yum;;;yum;0.036305096000433
hide;;;;nan;-0.00578748760744929
child;Agony;;;agony;-0.0100803803652525
child;Amazement;;;amazement;0.0433119013905525
child;Anime sounds;;;sounds;0.110019855201244
child;Baby;;;baby;0.71971070766449
child;Baby cry;;;cry;0.149419665336609
child;Baby crying;;;crying;0.20400857925415
child;Baby laser beam;;;beam;0.00617888011038303
child;Baby talk;;;talk;0.0291986595839262
child;Baby wail;;;wail;0.114045441150665
child;Baby whining;;;whining;0.0973316952586174
child;Bawling;;;bawling;0.177457123994827
child;But why;;;why;0.0298339352011681
child;CRY;;;cry;0.149419665336609
child;CRYING;;;crying;0.20400857925415
child;Cat;;;cat;0.079922191798687
child;Cat Snoar;;;snoar;
child;Cat sounds;;;sounds;0.110019855201244
child;Child;;;child;1
child;Child crying;;;crying;0.20400857925415
child;Child interacting;;;interacting;0.0583011470735073
child;Child whining;;;whining;0.0973316952586174
child;Childish;;;childish;0.44807568192482
child;Chinese;;;chinese;0.0625001937150955
child;Come on;;;come;0.0651015415787697
child;Come on true;;;come;0.0651015415787697
child;Come on, hun;;;come;0.0651015415787697
child;Counting;;;counting;0.0374037474393845
child;Cry;;;cry;0.149419665336609
child;Crybaby;;;crybaby;0.167511567473412
child;Crying;;;crying;0.20400857925415
child;Crying baby;;;baby;0.71971070766449
child;Crying imitation;;;imitation;0.0388954430818558
child;Crying, sneezing;;;crying;0.20400857925415
child;Cute sneeze;;;sneeze;0.0563006848096848
child;Danger;;;danger;0.0945529714226723
child;Dog whining;;;whining;0.0973316952586174
child;Door closing;;;closing;-0.0210268646478653
child;Door opening;;;opening;0.0187368132174015
child;Eh eh eeeeeh;;;eeeeeh;
child;Go away;;;go;0.0641487166285515
child;Human  meow;;;human;0.119171001017094
child;Infant;;;infant;0.780373930931091
child;Japanese sneeze;;;sneeze;0.0563006848096848
child;Kitten;;;kitten;0.244238659739494
child;Lets go;;;go;0.0641487166285515
child;MOANING;;;moaning;0.0169707760214806
child;Man crying like a baby;;;baby;0.71971070766449
child;Men’s eeee;;;men;0.0505503490567207
child;Moaning;;;moaning;0.0169707760214806
child;Pain, or crying;;;pain;0.0298021622002125
child;Person imitating cat;;;imitating;0.0863251313567162
child;Playing with baby;;;playing;0.156211286783218
child;Pleading;;;pleading;0.0471767298877239
child;Please;;;please;0.0527504608035088
child;Purring;;;purring;-0.018087275326252
child;Quanchu;;;quanchu;
child;Request;;;request;0.103766694664955
child;SOUND;;;sound;0.102702960371971
child;Sad;;;sad;0.0175149291753769
child;Sad child;;;child;1
child;Sad sound;;;sound;0.102702960371971
child;Sad surprise;;;surprise;0.0399082452058792
child;Sadness;;;sadness;0.0213035624474287
child;Scared;;;scared;0.0659738108515739
child;Sick;;;sick;0.0992494821548462
child;Sing;;;sing;0.0941262021660805
child;Sneezing;;;sneezing;0.0285952500998974
child;Sobbing;;;sobbing;0.119052045047283
child;Sobing;;;sobing;
child;Talking;;;talking;0.0500644743442535
child;Uaaa chee;;;chee;-0.00534869497641921
child;Unhappy;;;unhappy;0.0243810229003429
child;Upset;;;upset;0.023974260315299
child;Wail;;;wail;0.114045441150665
child;Wailing;;;wailing;0.121800906956196
child;Weeee;;;weeee;
child;Whine;;;whine;0.067384660243988
child;Whine / cry;;;cry;0.149419665336609
child;Whining;;;whining;0.0973316952586174
child;Whining, complaining;;;whining;0.0973316952586174
child;Why not;;;not;0.0630316287279129
child;Women’s squeals;;;women;0.0883420258760452
child;Wooaah;;;wooaah;
child;aaahchew!;;;aaahchew;
child;adorable puppy;;;puppy;0.32586658000946
child;adults talking child;;;adults;0.480419188737869
child;amazed woman;;;woman;0.297484338283539
child;animal;;;animal;0.158978164196014
child;animal noises;;;noises;0.0628593936562538
child;annoyed child;;;child;1
child;asking;;;asking;0.0952050685882568
child;asking for attention;;;asking;0.0952050685882568
child;attention seeking;;;seeking;0.0291238464415073
child;aww, cute;;;cute;0.207359835505486
child;baby;;;baby;0.71971070766449
child;baby bird;;;bird;0.0699879378080368
child;baby calling;;;calling;0.0368923097848892
child;baby cry;;;cry;0.149419665336609
child;baby cry attention;;;cry;0.149419665336609
child;baby cry sound;;;cry;0.149419665336609
child;baby crying;;;crying;0.20400857925415
child;baby crying imitation;;;crying;0.20400857925415
child;baby noise;;;noise;0.0449131801724434
child;baby noises;;;noises;0.0628593936562538
child;baby sickness;;;sickness;0.0539963729679585
child;baby whimpering;;;whimpering;0.118415810167789
child;baby, door;;;baby;0.71971070766449
child;babyish cry;;;cry;0.149419665336609
child;beeping;;;beeping;0.0490343980491161
child;beg;;;beg;0.0412443913519383
child;begging;;;begging;0.0518268793821335
child;bird;;;bird;0.0699879378080368
child;bird getting shot;;;shot;-0.0133172851055861
child;bored;;;bored;-0.00793791934847832
child;c'mon;;;c'm;
child;cars;;;cars;0.0657920390367508
child;cartoon;;;cartoon;0.0716081336140633
child;cat;;;cat;0.079922191798687
child;cat cry;;;cry;0.149419665336609
child;cat meow;;;meow;-0.0523987263441086
child;cat sneezing;;;sneezing;0.0285952500998974
child;cat whining;;;whining;0.0973316952586174
child;chicken sound;;;sound;0.102702960371971
child;child;;;child;1
child;child crying (imitating);;;crying;0.20400857925415
child;child surprised;;;surprised;-0.014443838968873
child;child whimper;;;whimper;0.075108028948307
child;childish;;;childish;0.44807568192482
child;childish crying sound;;;sound;0.102702960371971
child;childish sneezing;;;sneezing;0.0285952500998974
child;chirp;;;chirp;0.0111961616203189
child;chirps;;;chirps;0.0171104855835438
child;chu;;;chu;0.0331295281648636
child;close door;;;door;0.0850066542625427
child;closing door;;;door;0.0850066542625427
child;come here;;;come;0.0651015415787697
child;come on, go;;;come;0.0651015415787697
child;come with;;;come;0.0651015415787697
child;complaining;;;complaining;-0.00119690131396055
child;complaints;;;complaints;0.0143270241096616
child;cooam-tup;;;tup;-0.0401112735271454
child;corrnn-tshooo;;;tshooo;
child;coummm...chu;;;coummm;
child;counting;;;counting;0.0374037474393845
child;craaa chew;;;chew;0.0502585284411907
child;cries;;;cries;0.219598412513733
child;cring;;;cring;
child;crrwuuh te;;;crrwuuh;
child;crunchy;;;crunchy;0.0601769499480724
child;cry;;;cry;0.149419665336609
child;crying;;;crying;0.20400857925415
child;crying baby;;;crying;0.20400857925415
child;crying for something;;;crying;0.20400857925415
child;crying or weeping;;;crying;0.20400857925415
child;crying, baby's cry;;;cry;0.149419665336609
child;cryyy;;;cryyy;
child;cuatu;;;cuatu;
child;cub;;;cub;0.379794418811798
child;cute;;;cute;0.207359835505486
child;despair;;;despair;-0.0370846129953861
child;disgust;;;disgust;-0.0711915418505669
child;displeased;;;displeased;-0.0252716019749641
child;distress;;;distress;0.0434537455439568
child;distressed infant;;;infant;0.780373930931091
child;dog crying;;;crying;0.20400857925415
child;dog mimic;;;mimic;0.0816173702478409
child;don't know;;;know;0.0437584482133389
child;dont know;;;know;0.0437584482133389
child;door;;;door;0.0850066542625427
child;door open;;;open;0.0453698188066483
child;door opening;;;opening;0.0187368132174015
child;e ee eeee;;;eeee;0.0161916092038155
child;e eh ehh;;;e;0.0552372820675373
child;ear ear ear;;;ear;0.120219729840755
child;ee-ee-eeeeh;;;eeeeh;
child;effort;;;effort;0.011073861271143
child;ehehehh;;;ehehehh;
child;ehehehhe;;;ehehehhe;
child;ehhh eeehhh eeeeeeeeeh;;;eeehhh;
child;endearing;;;endearing;0.185832023620605
child;erg erg errrggggg;;;errrggggg;
child;ewain;;;ewain;
child;fake baby crying;;;crying;0.20400857925415
child;fake crying;;;crying;0.20400857925415
child;fart;;;fart;-0.0441977940499783
child;fast;;;fast;-0.0264598708599806
child;feline;;;feline;0.000481942028272897
child;flies buzzing;;;buzzing;0.00744413351640105
child;get up;;;get;0.047543853521347
child;groan of pain;;;groan;0.0268078669905663
child;gurrhr;;;gurrhr;
child;he-he-heee;;;he;0.151618734002113
child;hen;;;hen;0.0592038929462433
child;hurt;;;hurt;0.0534111484885216
child;huuuuuaa ciuu;;;ciuu;
child;infant or toddler in distress;;;infant;0.780373930931091
child;insect;;;insect;0.0952174887061119
child;intimidated;;;intimidated;-0.0206194762140512
child;ki ki ki;;;ki;0.0308808349072933
child;kitten;;;kitten;0.244238659739494
child;kitten moan;;;moan;0.00847905408591032
child;kua tchu;;;tchu;
child;kuwan wimp;;;wimp;0.022315913811326
child;laser shooting;;;shooting;-0.0433389768004417
child;laughing;;;laughing;0.0668450370430946
child;lazy;;;lazy;-0.0318938009440899
child;little cries;;;cries;0.219598412513733
child;man;;;man;0.202659443020821
child;man immitating baby crying;;;immitating;
child;manly baby;;;baby;0.71971070766449
child;me too;;;me;0.126133725047112
child;meow;;;meow;-0.0523987263441086
child;meowing;;;meowing;-0.00487309275195003
child;meowing, creak;;;meowing;-0.00487309275195003
child;mewing;;;mewing;0.016160050407052
child;miaow;;;miaow;-0.0222943238914013
child;miau;;;miau;
child;mimic baby cry;;;baby;0.71971070766449
child;mmheemhee;;;mmheemhee;
child;mmhmmmhmm;;;mmhmmmhmm;
child;moaning;;;moaning;0.0169707760214806
child;mosquito;;;mosquito;0.0448549203574657
child;moved;;;moved;0.0344684645533562
child;muffled crying;;;muffled;0.0204587373882532
child;mum sneeze;;;sneeze;0.0563006848096848
child;nagging cry;;;cry;0.149419665336609
child;nagging sound;;;sound;0.102702960371971
child;newborn;;;newborn;0.635699927806854
child;newborn crying;;;crying;0.20400857925415
child;no idea;;;idea;0.113549649715424
child;oh no;;;oh;0.0116985328495502
child;old door;;;door;0.0850066542625427
child;one two;;;two;0.0554076284170151
child;owa o;;;owa;
child;planes;;;planes;0.0391619391739368
child;playful;;;playful;0.257829189300537
child;playing;;;playing;0.156211286783218
child;playing with kids;;;playing;0.156211286783218
child;pleading;;;pleading;0.0471767298877239
child;please;;;please;0.0527504608035088
child;please help me;;;help;0.0631142929196358
child;princess sneeze;;;sneeze;0.0563006848096848
child;qaaaa ping;;;ping;0.0239812321960926
child;sad;;;sad;0.0175149291753769
child;sad baby;;;baby;0.71971070766449
child;sad cat;;;cat;0.079922191798687
child;sad, crying;;;sad;0.0175149291753769
child;sarcastic baby cry;;;baby;0.71971070766449
child;scare;;;scare;0.0217904150485992
child;scared;;;scared;0.0659738108515739
child;sheep;;;sheep;0.024337112903595
child;sheep sound;;;sound;0.102702960371971
child;shoot;;;shoot;-0.0120388371869922
child;shoots;;;shoots;0.0479367151856422
child;sick;;;sick;0.0992494821548462
child;silent?;;;silent;-0.0406976416707039
child;singing;;;singing;0.0989063680171967
child;sleep;;;sleep;0.107036471366882
child;sleepy;;;sleepy;0.0579904578626156
child;sneeze;;;sneeze;0.0563006848096848
child;sneeze ?;;;sneeze;0.0563006848096848
child;sneeze impression;;;impression;-0.00493802921846509
child;sneezing;;;sneezing;0.0285952500998974
child;sneezing parrot;;;sneezing;0.0285952500998974
child;sneezing sound;;;sneezing;0.0285952500998974
child;sob;;;sob;0.0367919132113457
child;speaking;;;speaking;0.000448242120910436
child;speking;;;speking;
child;squeak;;;squeak;0.1172930970788
child;squeaking;;;squeaking;0.0986544564366341
child;starting to cry;;;starting;0.0615542903542519
child;stop whining;;;stop;0.0253931134939194
child;stretching;;;stretching;0.0209056213498116
child;successfully completed;;;completed;-0.00845533236861229
child;talking to baby;;;talking;0.0500644743442535
child;teacher;;;teacher;0.210766777396202
child;teenager;;;teenager;0.50901073217392
child;to sneeze;;;sneeze;0.0563006848096848
child;toy;;;toy;0.402053952217102
child;train;;;train;0.0845218822360039
child;uenuenuen;;;uenuenuen;
child;uenuuen;;;uenuuen;
child;waaaa;;;waaaa;
child;waaaaah;;;waaaaah;
child;waaeee;;;waaeee;
child;waatchu;;;waatchu;
child;wah wah waah;;;waah;-0.0189656466245651
child;wailing;;;wailing;0.121800906956196
child;waking up;;;waking;0.0793421044945717
child;want;;;want;0.0707277283072472
child;weeaaah;;;weeaaah;
child;weeeeh;;;weeeeh;
child;weeping;;;weeping;0.128268539905548
child;weeping child;;;child;1
child;weird sneeze;;;sneeze;0.0563006848096848
child;wheeeeeeee;;;wheeeeeeee;
child;whehhhh;;;whehhhh;
child;wheining;;;wheining;
child;whimpering;;;whimpering;0.118415810167789
child;whine;;;whine;0.067384660243988
child;whinge;;;whinge;0.0658938065171242
child;whinging;;;whinging;0.081361211836338
child;whining;;;whining;0.0973316952586174
child;whining baby;;;whining;0.0973316952586174
child;wieee;;;wieee;
child;woman crying;;;crying;0.20400857925415
child;woooo shu;;;shu;-0.0900195389986038
child;yawn?;;;yawn;-0.063714399933815
child;yes;;;yes;0.00917798187583685
child;;;;nan;0.0715936124324799
that;AAAAhhh surprised;;;surprised;0.13942164182663
that;Aaaaaam;;;aaaaaam;
that;Aaaaah?;;;aaaaah;0.0858142524957657
that;Aaaah;;;aaaah;0.0726912319660187
that;Acknowledge;;;acknowledge;0.110951818525791
that;Addressing someone;;;addressing;0.0555444546043873
that;Admiration;;;admiration;-0.00609669694676995
that;Admired;;;admired;-0.0333757065236568
that;Agree;;;agree;0.100512787699699
that;Ah, questioning or understanding;;;ah;0.16613794863224
that;Aha;;;aha;0.243610948324204
that;Ahem;;;ahem;0.0270765218883753
that;Ahh;;;ahh;0.100709490478039
that;Ahhh then spit;;;spit;-0.0305996052920818
that;Ahhhh;;;ahhhh;0.100145056843758
that;Amm;;;amm;
that;Anne, name;;;anne;-0.0538499318063259
that;Approval;;;approval;-0.00193280621897429
that;Assenting;;;assenting;0.0231188572943211
that;Awe;;;awe;0.0414793007075787
that;Bite;;;bite;0.0158714931458235
that;Bored;;;bored;-0.0521791316568852
that;Boring;;;boring;-0.008744977414608
that;Calm;;;calm;0.0549951791763306
that;Closing door;;;door;0.0805135294795036
that;Contemplating;;;contemplating;0.0133116720244288
that;Danger;;;danger;0.0343686230480671
that;Delicious;;;delicious;-0.0235845614224672
that;Disappointed;;;disappointed;0.047799039632082
that;Discovery;;;discovery;0.16796113550663
that;Discredit;;;discredit;0.0289986133575439
that;Doubt;;;doubt;0.200524941086769
that;EATING;;;eating;0.0552789568901062
that;Eat;;;eat;0.0439703948795795
that;Eating;;;eating;0.0552789568901062
that;Enlightened;;;enlightened;-0.00460635451599956
that;Ergh;;;ergh;
that;Esting;;;esting;
that;Falling;;;falling;0.0663619041442871
that;Feeding;;;feeding;0.0441555380821228
that;Feeding baby;;;baby;0.0543953441083431
that;Feminine annm;;;annm;
that;Filler words;;;words;0.122301451861858
that;Fimding something out;;;fimding;
that;Finding something out;;;finding;0.191448867321014
that;Food;;;food;0.0305365938693285
that;Groanibg, mooing;;;groanibg;
that;How?;;;how;0.571897327899933
that;Hurt;;;hurt;0.104777917265892
that;I See;;;see;0.170773521065712
that;I get it;;;get;0.156262770295143
that;I like it;;;like;0.375867128372192
that;I see;;;see;0.170773521065712
that;I see what you mean now;;;mean;0.281766533851624
that;I understand;;;understand;0.200746044516563
that;I understand now;;;understand;0.200746044516563
that;I understand. Now;;;understand;0.200746044516563
that;Indecisive;;;indecisive;-0.0613189563155174
that;Inspiration;;;inspiration;-0.0493073016405106
that;Interest/Intrigue;;;intrigue;0.00578433508053422
that;Interesting;;;interesting;0.107792101800442
that;Loud voice;;;voice;0.0760748684406281
that;Male  strange sounds;;;male;-0.0255763120949268
that;Maybe;;;maybe;0.367140531539917
that;Men’s ouuu;;;men;0.0837309956550598
that;Mild agree;;;agree;0.100512787699699
that;Mild surprise;;;surprise;0.109341219067574
that;Oh;;;oh;0.200241729617119
that;Oh I see;;;see;0.170773521065712
that;Okay;;;okay;0.155213966965675
that;Old man understands;;;man;0.14177905023098
that;Oooh;;;oooh;0.0565841645002365
that;Opening mouth;;;mouth;0.0467323549091816
that;Pain;;;pain;0.0818551257252693
that;Pause;;;pause;0.00394745310768485
that;Perplexed;;;perplexed;0.0251290164887905
that;Plane eating;;;eating;0.0552789568901062
that;RELIEVE;;;relieve;0.0662777796387672
that;Realising;;;realising;0.139302715659142
that;Realization;;;realization;0.0948165133595467
that;Realize;;;realize;0.218410804867744
that;Realizing;;;realizing;0.183188319206238
that;Really?;;;really;0.555795967578888
that;Really? A question mark;;;mark;-0.00314616062678397
that;SING;;;sing;0.0341816991567612
that;SOUND;;;sound;0.107984580099583
that;Saying what;;;saying;0.408635318279266
that;Sigh;;;sigh;-0.0116628548130393
that;Surprise;;;surprise;0.109341219067574
that;Surprised;;;surprised;0.13942164182663
that;Think;;;think;0.383430689573288
that;Thinking;;;thinking;0.19917319715023
that;Thinking,;;;thinking;0.19917319715023
that;Ummm;;;ummm;0.0908693820238113
that;Undecided;;;undecided;-0.0195108726620674
that;Understand;;;understand;0.200746044516563
that;Understanding;;;understanding;0.091855950653553
that;Undestanding;;;undestanding;
that;Uuuuuh;;;uuuuuh;
that;Verbal affirmation;;;affirmation;0.113922402262688
that;What, Em;;;what;0.686444580554962
that;Woman;;;woman;0.106122203171253
that;Woman enjoying food;;;enjoying;-0.0520645193755627
that;Woman singing;;;singing;0.0569058433175087
that;Wondering;;;wondering;0.168293938040733
that;Yawn;;;yawn;-0.0470781363546848
that;Yawning;;;yawning;0.019007496535778
that;Yes;;;yes;0.311775922775269
that;Yum;;;yum;-0.0210487190634012
that;aa, like discovering;;;aa;0.00303679588250816
that;aaaaaa;;;aaaaaa;
that;aaaaaammmm;;;aaaaaammmm;
that;aaaahaha;;;aaaahaha;
that;aaaahhhhht;;;aaaahhhhht;
that;aaaahhht;;;aaaahhht;
that;aaaammmm;;;aaaammmm;
that;aaah;;;aaah;0.0947861224412918
that;aaahg;;;aaahg;
that;aaahhhh;;;aaahhhh;
that;aaahme;;;aaahme;
that;aaahmmm;;;aaahmmm;
that;aaam;;;aaam;
that;aaammmmm;;;aaammmmm;
that;aaerm;;;aaerm;
that;aah - understanding;;;understanding;0.091855950653553
that;aahhhatwt;;;aahhhatwt;
that;aahm;;;aahm;
that;aahmm;;;aahmm;
that;ache;;;ache;0.0170401558279991
that;acknowledgement, understanding;;;acknowledgement;-0.0105153545737267
that;acknowledging;;;acknowledging;0.118564575910568
that;admirery of idea;;;admirery;
that;adults talking child;;;adults;-0.014721623621881
that;again?;;;again;0.235755085945129
that;agree;;;agree;0.100512787699699
that;agreeing;;;agreeing;0.0838301256299019
that;ahh;;;ahh;0.100709490478039
that;ahhh;;;ahhh;0.0899376645684242
that;ahhhh;;;ahhhh;0.100145056843758
that;ahhhh tu;;;ahhhh;0.100145056843758
that;ahm;;;ahm;0.0407560728490353
that;ahm (expression);;;ahm;0.0407560728490353
that;alright;;;alright;0.117280192673206
that;amazed;;;amazed;0.0542405508458614
that;amazed man;;;man;0.14177905023098
that;amazement;;;amazement;0.0673321709036827
that;amm;;;amm;
that;ammm;;;ammm;
that;and;;;and;0.513392508029938
that;angry;;;angry;0.0375580303370953
that;annoy;;;annoy;0.0134896729141474
that;annoyance;;;annoyance;0.00395349925383925
that;annoyed;;;annoyed;0.00769851030781865
that;approval;;;approval;-0.00193280621897429
that;arg;;;arg;0.0762826800346375
that;asking to stop;;;asking;0.127897322177887
that;assent;;;assent;0.0201312471181154
that;assenting;;;assenting;0.0231188572943211
that;assenting unpleasant comment;;;assenting;0.0231188572943211
that;attempt to catch air;;;attempt;0.0221100710332394
that;attention;;;attention;0.0395080000162125
that;awe;;;awe;0.0414793007075787
that;baby;;;baby;0.0543953441083431
that;babytalk;;;babytalk;0.0298519693315029
that;be calm;;;be;0.388073921203613
that;being pleasantly surprised;;;being;0.41207417845726
that;being startled;;;startled;0.0594468824565411
that;big bite;;;bite;0.0158714931458235
that;bored;;;bored;-0.0521791316568852
that;boring;;;boring;-0.008744977414608
that;calm understanding;;;understanding;0.091855950653553
that;cartoon farmer;;;farmer;0.0377954393625259
that;come;;;come;0.16486831009388
that;complaint;;;complaint;0.0494524426758289
that;comprehension;;;comprehension;-0.00778038380667567
that;confused;;;confused;0.0272768884897232
that;confusion;;;confusion;0.0636157020926476
that;disbelief;;;disbelief;0.105338551104069
that;discontent;;;discontent;0.0327242538332939
that;discovering;;;discovering;0.1405218988657
that;discovering something;;;discovering;0.1405218988657
that;disgust;;;disgust;0.0336317345499992
that;do it;;;do;0.364032715559006
that;doctor;;;doctor;-0.0162310898303986
that;don't know;;;know;0.385923236608505
that;dont know;;;know;0.385923236608505
that;doubt;;;doubt;0.200524941086769
that;doubtful;;;doubtful;0.0774082690477371
that;eating;;;eating;0.0552789568901062
that;eating delicious meal;;;eating;0.0552789568901062
that;eeem;;;eeem;
that;epiphany;;;epiphany;-0.0211543031036854
that;errrrm (thinking);;;errrrm;
that;exacerbate;;;exacerbate;0.00497620785608888
that;exclamation;;;exclamation;0.047013945877552
that;explaining;;;explaining;0.135805666446686
that;facinastion;;;facinastion;
that;fearful groan;;;groan;-0.0295796170830727
that;feed;;;feed;0.0250074956566095
that;feeding child;;;feeding;0.0441555380821228
that;female noise;;;noise;0.0752841979265213
that;figuring out;;;figuring;0.144927576184273
that;finally understanding something;;;understanding;0.091855950653553
that;find solution;;;find;0.185885608196259
that;gentle attention;;;attention;0.0395080000162125
that;gh-huhh;;;huhh;
that;glee;;;glee;0.00425533531233668
that;goat;;;goat;0.0231801308691502
that;got it;;;got;0.226167842745781
that;grateful surprise;;;surprise;0.109341219067574
that;greeting;;;greeting;-0.0776816084980965
that;grunt;;;grunt;-0.0421946495771408
that;haaa;;;haaa;-0.00230109412223101
that;haaaam;;;haaaam;
that;ham;;;ham;-0.0462484508752823
that;heat;;;heat;0.0422045104205608
that;hhaaa;;;hhaaa;
that;hhowa;;;hhowa;
that;huagh;;;huagh;
that;huam;;;huam;
that;huh;;;huh;0.267159759998322
that;hum;;;hum;0.0315166935324669
that;humm;;;humm;0.146936744451523
that;hungry;;;hungry;0.0036552487872541
that;i didn't understand;;;understand;0.200746044516563
that;i dont know;;;know;0.385923236608505
that;i like it;;;like;0.375867128372192
that;i see;;;see;0.170773521065712
that;i understand now;;;understand;0.200746044516563
that;i undertand;;;undertand;
that;idea;;;idea;0.220885321497917
that;idk;;;idk;0.0542630441486836
that;impatience;;;impatience;0.0161040928214788
that;impatient;;;impatient;-0.0726061835885048
that;interesting;;;interesting;0.107792101800442
that;its ok;;;ok;0.119893111288548
that;knowledge;;;knowledge;0.0809642672538757
that;known;;;known;0.148565202951431
that;lament;;;lament;-0.0190458633005619
that;look;;;look;0.153996482491493
that;looking for words;;;looking;0.0797417983412743
that;low scream;;;scream;-0.018448943272233
that;male vocal;;;vocal;-0.0228034369647503
that;man;;;man;0.14177905023098
that;man intrigued;;;intrigued;0.0480219759047031
that;mild surprise;;;surprise;0.109341219067574
that;mimick sound;;;sound;0.107984580099583
that;moaning;;;moaning;-0.0397155173122883
that;mom;;;mom;0.0507027357816696
that;moo;;;moo;0.00472063105553389
that;mooing;;;mooing;0.00977219548076391
that;nervous filler word “um”;;;word;0.135998263955116
that;nice surprise;;;surprise;0.109341219067574
that;not bad;;;bad;0.125282764434814
that;not sure;;;sure;0.434403747320175
that;now;;;now;0.437344402074814
that;oahhh;;;oahhh;
that;oh I see;;;see;0.170773521065712
that;oh I understand;;;understand;0.200746044516563
that;oh cool;;;cool;0.100756123661995
that;oh my;;;oh;0.200241729617119
that;oh ok;;;ok;0.119893111288548
that;oh right;;;oh;0.200241729617119
that;oh wow;;;oh;0.200241729617119
that;oh, really?;;;really;0.555795967578888
that;ohh;;;ohh;0.160659551620483
that;ohhh;;;ohhh;0.162797674536705
that;ok ok;;;ok;0.119893111288548
that;ooo;;;ooo;0.00128321838565171
that;ooohhh;;;ooohhh;0.111386813223362
that;open;;;open;0.0621721781790257
that;open mouth;;;mouth;0.0467323549091816
that;open wide;;;open;0.0621721781790257
that;opening mouth;;;opening;0.06074308604002
that;opening wide;;;opening;0.06074308604002
that;out;;;out;0.227337554097176
that;pain;;;pain;0.0818551257252693
that;person understanding something;;;person;0.189296871423721
that;pondering;;;pondering;0.00105250859633088
that;pondering, not sure;;;pondering;0.00105250859633088
that;puzzled;;;puzzled;0.0435030572116375
that;questioning an action;;;questioning;0.0420927107334137
that;realisation;;;realisation;0.0558004043996334
that;realise;;;realise;0.151201546192169
that;realise something;;;realise;0.151201546192169
that;realization;;;realization;0.0948165133595467
that;realize;;;realize;0.218410804867744
that;realizing;;;realizing;0.183188319206238
that;realizing something;;;realizing;0.183188319206238
that;realizing, understand;;;understand;0.200746044516563
that;really?;;;really;0.555795967578888
that;reflecting;;;reflecting;0.0354164429008961
that;relief;;;relief;0.0658406838774681
that;revelation;;;revelation;0.129619672894478
that;right;;;right;0.266856789588928
that;satisfaction;;;satisfaction;0.0166413113474846
that;satisfied;;;satisfied;0.0358117073774338
that;say ah;;;say;0.319371610879898
that;scared;;;scared;0.0536441691219807
that;scream;;;scream;-0.018448943272233
that;shock;;;shock;0.0535686388611794
that;sigh;;;sigh;-0.0116628548130393
that;sing;;;sing;0.0341816991567612
that;singing;;;singing;0.0569058433175087
that;sleep;;;sleep;0.0324970856308937
that;sleepiness;;;sleepiness;0.0351700596511364
that;sleeping;;;sleeping;0.0538872294127941
that;sleepy;;;sleepy;-0.00119938654825091
that;snoring;;;snoring;0.0551886968314648
that;sound of astonishment;;;sound;0.107984580099583
that;started to understand;;;started;0.0242149624973536
that;startled;;;startled;0.0594468824565411
that;sudden realization;;;realization;0.0948165133595467
that;suddenly clicked;;;clicked;0.102255456149578
that;suprised;;;suprised;0.091360867023468
that;surprise;;;surprise;0.109341219067574
that;surprise, intrigue;;;surprise;0.109341219067574
that;surprised;;;surprised;0.13942164182663
that;surprised man;;;man;0.14177905023098
that;surprising;;;surprising;0.146944493055344
that;taking a bite;;;taking;0.138349503278732
that;tasting;;;tasting;-0.0167618803679943
that;teaching to eat;;;teaching;0.0562370456755161
that;thank you;;;thank;-0.0494825430214405
that;there you are;;;are;0.322216778993607
that;think;;;think;0.383430689573288
that;thinking;;;thinking;0.19917319715023
that;thought;;;thought;0.332179099321365
that;tired;;;tired;-0.0463216714560986
that;tiredness;;;tiredness;0.0368619970977306
that;to hesitate;;;hesitate;0.00104160676710308
that;towards cow;;;towards;0.114542432129383
that;ueaAaAA tup;;;ueaaaaa;
that;uhhh (realisation noise);;;uhhh;0.147686123847961
that;uhm;;;uhm;0.162352278828621
that;umm;;;umm;0.228138223290443
that;ummmm..;;;ummmm;
that;uncertainty;;;uncertainty;0.0945674628019333
that;understand;;;understand;0.200746044516563
that;understanding;;;understanding;0.091855950653553
that;understanding noises;;;understanding;0.091855950653553
that;understanding something;;;understanding;0.091855950653553
that;understandment;;;understandment;
that;understood;;;understood;0.198128208518028
that;undestand;;;undestand;
that;unique excitement;;;excitement;0.0774254202842712
that;unsure;;;unsure;0.0580876469612122
that;uohh... salutation.. surprise;;;salutation;-0.0603535734117031
that;uohs;;;uohs;
that;upset;;;upset;0.0886468961834908
that;uuhm;;;uuhm;
that;uuuhhm;;;uuuhhm;
that;uuummmmm sound;;;sound;0.107984580099583
that;uuurh (realisation);;;uuurh;
that;uuuuee;;;uuuuee;
that;uuuuhhh pt;;;pt;-0.118577353656292
that;vomit;;;vomit;-0.0171823538839817
that;waa;;;waa;0.0447434671223164
that;wake up;;;wake;0.00451980717480183
that;waking up;;;waking;0.0150275500491261
that;walked;;;walked;0.0333724804222584
that;weakness;;;weakness;0.0419524125754833
that;what;;;what;0.686444580554962
that;who;;;who;0.558362245559692
that;whoa!;;;whoa;0.14962762594223
that;whooooa;;;whooooa;
that;willing to eat;;;willing;0.0953985974192619
that;woah;;;woah;0.155712828040123
that;woman liking her food;;;liking;0.0791556760668755
that;wonder;;;wonder;0.155892342329025
that;wondering;;;wondering;0.168293938040733
that;wooh;;;wooh;0.0712219178676605
that;wouw;;;wouw;
that;yaw;;;yaw;-0.000664459366817027
that;yawn;;;yawn;-0.0470781363546848
that;yawning;;;yawning;0.019007496535778
that;yes;;;yes;0.311775922775269
that;yum;;;yum;-0.0210487190634012
that;;;;nan;0.0329219773411751
gather;"""azali""";;;azali;
gather;Adult;;;adult;0.0109024299308658
gather;Alali;;;alali;
gather;Aley-aley stick stick plock plock;;;stick;0.0726150199770927
gather;Ali Ali Sneak here;;;sneak;0.161343514919281
gather;Ali Ali stick on it;;;ali;0.00835231319069862
gather;Ali Ali, stick stick plop plop;;;plop;0.0877213850617409
gather;Ali, Ali, stick, stick, crop, crop (no idea);;;stick;0.0726150199770927
gather;Aliali Sneak Sneak;;;sneak;0.161343514919281
gather;Allahli;;;allahli;
gather;Allis allis pic pac pac;;;pac;0.0518801771104336
gather;Amazon;;;amazon;-0.0489779077470303
gather;And then he;;;he;-0.0261571817100048
gather;Annoyed;;;annoyed;-0.053689856082201
gather;Annoying sound;;;sound;0.00746257556602359
gather;Asali;;;asali;
gather;Attention seeking;;;seeking;0.158420071005821
gather;Azaleh;;;azaleh;
gather;Azali;;;azali;
gather;BEAT;;;beat;0.0551890507340431
gather;Badoo badoo;;;badoo;
gather;Bird flying away;;;flying;0.0252988785505295
gather;Bored;;;bored;-0.0615684166550636
gather;Boredom;;;boredom;-0.0607309639453888
gather;Bread, bread, bread;;;bread;0.0225564409047365
gather;Breaking to song;;;breaking;-0.0358510352671146
gather;Broken bicycle;;;bicycle;-0.00188594695646316
gather;Calling name;;;calling;0.0424379371106625
gather;Calling someone;;;calling;0.0424379371106625
gather;Chinese;;;chinese;-0.0345164909958839
gather;Click;;;click;0.0611396133899689
gather;Come here;;;come;0.251613527536392
gather;Come here? Calling;;;come;0.251613527536392
gather;Come to me;;;come;0.251613527536392
gather;Confirmation;;;confirmation;0.0428479351103306
gather;DON'T KNOW;;;don't;-0.0227099508047104
gather;Discontent;;;discontent;0.0109254857525229
gather;Dripping;;;dripping;0.0921585485339165
gather;Drunk man;;;man;-0.00930630322545767
gather;Drunken man;;;man;-0.00930630322545767
gather;Eli shick;;;shick;
gather;Endearment;;;endearment;-0.00893513020128012
gather;Excited;;;excited;0.0187861584126949
gather;Fast talk;;;talk;0.150289088487625
gather;Female  spit;;;female;0.0359387099742889
gather;Female Ali Ali;;;ali;0.00835231319069862
gather;Found over there;;;found;0.155388325452805
gather;Frustration;;;frustration;-0.0194610022008419
gather;Funny;;;funny;-0.0136570846661925
gather;Gaining attention;;;gaining;0.193597957491875
gather;Giving an order in french;;;giving;0.0564740151166916
gather;Go down stairs;;;go;0.14795495569706
gather;Goofy;;;goofy;-0.0064409882761538
gather;Greeting;;;greeting;0.109956346452236
gather;Guru guru guru;;;guru;-0.0209952220320702
gather;Happy;;;happy;-0.0109542747959495
gather;Here, here;;;here;0.114746056497097
gather;Horse;;;horse;0.0318235531449318
gather;Horse running;;;running;-0.0638046860694885
gather;How are you;;;are;0.0490039959549904
gather;Hum;;;hum;0.0432309545576572
gather;Humming;;;humming;0.0480650514364243
gather;Hurry;;;hurry;0.0732383653521538
gather;Hurry up;;;hurry;0.0732383653521538
gather;I apologize;;;apologize;-0.00916707422584295
gather;I love you;;;love;-0.0537787936627865
gather;Im going to leave;;;leave;0.118420913815498
gather;Indian;;;indian;-0.0415256507694721
gather;Indifferent;;;indifferent;-0.0691246837377548
gather;I’m sick;;;’m;
gather;Jungle;;;jungle;-0.0442226119339466
gather;Just like that;;;like;-0.0232436005026102
gather;Let me think;;;let;0.111488088965416
gather;Lets go;;;go;0.14795495569706
gather;Light beat;;;beat;0.0551890507340431
gather;Like french sound;;;like;-0.0232436005026102
gather;Look there;;;look;0.0900311693549156
gather;Male strange sounds;;;sounds;0.0101618384942412
gather;Movement;;;movement;0.132158681750298
gather;Mumbling;;;mumbling;0.138916298747063
gather;Mumbling sound;;;sound;0.00746257556602359
gather;Musical scale practice;;;scale;-0.0198122076690197
gather;No way;;;way;-0.0213340353220701
gather;Nonsense;;;nonsense;-0.0161748584359884
gather;Not sure;;;sure;0.0151490019634366
gather;Oh no or oh my gosh;;;oh;0.0236785225570202
gather;Otherwise;;;otherwise;-0.0129212131723762
gather;Over there;;;there;0.101954363286495
gather;Parup;;;parup;
gather;Peace;;;peace;0.0289148893207312
gather;Placing thing;;;placing;0.0417742468416691
gather;Playful;;;playful;-0.00693425070494413
gather;Please;;;please;0.0630132853984833
gather;Pointing an object;;;pointing;-0.0711129084229469
gather;Pointing something;;;pointing;-0.0711129084229469
gather;Poodoom poodom;;;poodom;
gather;Pouring sauce;;;pouring;0.117795154452324
gather;Praising;;;praising;-0.0292279366403818
gather;Proverb;;;proverb;0.00417297193780541
gather;RHYTHM;;;rhythm;0.011969436891377
gather;Raindrop;;;raindrop;0.0220985077321529
gather;Read;;;read;0.0974932312965393
gather;Replying to a comment;;;replying;-0.0332063175737858
gather;Sad;;;sad;-0.0342981033027172
gather;Sad sound;;;sound;0.00746257556602359
gather;Sadness;;;sadness;-0.00948234647512436
gather;Sing;;;sing;0.151277273893356
gather;Singing;;;singing;0.0420132242143154
gather;Singing sound;;;sound;0.00746257556602359
gather;Siren wailing;;;wailing;0.10556548833847
gather;Sleepiness;;;sleepiness;0.0179334860295057
gather;Sleeptalking;;;sleeptalking;0.044219147413969
gather;Sleepy;;;sleepy;-0.0188018586486578
gather;Slow;;;slow;-0.0153472675010562
gather;Something is hoping;;;hoping;0.133535370230675
gather;Song;;;song;-0.0413390062749386
gather;Song, Jazz;;;song;-0.0413390062749386
gather;Spanish;;;spanish;-0.0229909457266331
gather;Speaking;;;speaking;0.0189864691346884
gather;Speaking a native language;;;speaking;0.0189864691346884
gather;Strange dialect;;;dialect;0.00573870167136192
gather;Strange sound;;;sound;0.00746257556602359
gather;Surprise;;;surprise;0.0185349844396114
gather;Surprised;;;surprised;-0.0474679321050644
gather;TALK;;;talk;0.150289088487625
gather;TALKING;;;talking;0.0576135069131851
gather;Talk;;;talk;0.150289088487625
gather;Talking;;;talking;0.0576135069131851
gather;Tip;;;tip;0.0375458523631096
gather;Tired;;;tired;-0.0410440228879452
gather;Ugly;;;ugly;-0.0206712726503611
gather;Underneath;;;underneath;0.050661139190197
gather;Unknown;;;unknown;0.0315370745956898
gather;Vocalizing;;;vocalizing;0.0765178203582764
gather;Waiting;;;waiting;0.12691867351532
gather;Waking someone;;;waking;-0.0277459248900414
gather;Walking;;;walking;0.010271524079144
gather;War cry;;;cry;0.135012000799179
gather;Warning;;;warning;-0.0290613044053316
gather;Watch out;;;watch;0.111440010368824
gather;Water something(example: plants);;;something(example;
gather;Weird dialect;;;dialect;0.00573870167136192
gather;Weird sound;;;sound;0.00746257556602359
gather;Well well well;;;well;0.0236986149102449
gather;Yes I undertand;;;undertand;
gather;a la li;;;li;-0.0225371234118938
gather;adalee;;;adalee;
gather;adalid;;;adalid;
gather;adolii;;;adolii;
gather;adoni;;;adoni;
gather;adult talking child;;;talking;0.0576135069131851
gather;adults talking child;;;adults;0.0621283650398254
gather;agreed;;;agreed;0.0686638504266739
gather;agrreing;;;agrreing;
gather;ahlahlee;;;ahlahlee;
gather;ahlee ahlee steek steek prock prock;;;prock;
gather;aiaisiksikpokpok;;;aiaisiksikpokpok;
gather;alali;;;alali;
gather;alalii;;;alalii;
gather;ale ale shi shi to to;;;to;0.214465647935867
gather;aleluia;;;aleluia;
gather;alert;;;alert;0.00796076189726591
gather;alerta;;;alerta;
gather;alerting;;;alerting;-0.00104507571086288
gather;alerting someone;;;alerting;-0.00104507571086288
gather;ali ali;;;ali;0.00835231319069862
gather;ali ali bloc;;;bloc;0.0961910262703896
gather;ali ali six oclcok;;;ali;0.00835231319069862
gather;ali ali snick snick block block;;;block;0.0559019856154919
gather;ali ali snuksnik dopdop;;;ali;0.00835231319069862
gather;ali ali stick;;;stick;0.0726150199770927
gather;ali ali stick stick plok;;;plok;
gather;ali ali stick stick ploplo;;;ploplo;
gather;ali ali stick stick pow;;;pow;0.0636114031076431
gather;ali ali stik stik plo plock;;;plock;0.072399415075779
gather;ali ali tss tss tock tock;;;tock;-0.0121757034212351
gather;ali oli sticty propo;;;propo;
gather;alien language;;;language;-0.0342110097408295
gather;alili stik stik poc poc;;;poc;0.00443722447380424
gather;allaalee;;;allaalee;
gather;allyallly histikblokblok;;;histikblokblok;
gather;an alien word;;;word;0.0553163290023804
gather;animal;;;animal;0.0541073456406593
gather;another language;;;language;-0.0342110097408295
gather;arab;;;arab;-0.043801199644804
gather;argument;;;argument;0.0405384115874767
gather;asali;;;asali;
gather;asking a question;;;asking;0.133220165967941
gather;attention;;;attention;0.100144185125828
gather;attracting attention;;;attracting;0.0771801173686981
gather;aza lee;;;lee;0.0244088098406792
gather;azaaliee;;;azaaliee;
gather;azale;;;azale;
gather;azalea;;;azalea;-0.0403092503547668
gather;azalee;;;azalee;
gather;azali;;;azali;
gather;azalie;;;azalie;
gather;azaly;;;azaly;
gather;babbling;;;babbling;0.0713666826486588
gather;baby;;;baby;0.00786036159843206
gather;badop badop badop;;;badop;
gather;bazar;;;bazar;0.0497098304331303
gather;be careful;;;be;0.0497932285070419
gather;beatboxing;;;beatboxing;-0.0696701779961586
gather;bedo bedo bedo;;;bedo;0.12118174135685
gather;being playful;;;being;-0.0977201461791992
gather;biddup biddup biddup;;;biddup;
gather;bidet;;;bidet;-0.111222006380558
gather;bidock bidock bidock;;;bidock;
gather;bidoo;;;bidoo;
gather;bird :D;;;bird;0.022668331861496
gather;bird talking;;;talking;0.0576135069131851
gather;birds sound;;;sound;0.00746257556602359
gather;blabber;;;blabber;0.113873764872551
gather;bored;;;bored;-0.0615684166550636
gather;boredom;;;boredom;-0.0607309639453888
gather;bounce;;;bounce;0.0331130027770996
gather;bouroup bouroup;;;bouroup;
gather;bru bru bru;;;bru;-0.04628561809659
gather;bubbles;;;bubbles;-0.0011171210790053
gather;bubbly;;;bubbly;-0.00481022382155061
gather;budoo budoo;;;budoo;
gather;budukbudukbuduk;;;budukbudukbuduk;
gather;budup budup budup;;;budup;
gather;burden;;;burden;0.0180693827569485
gather;but;;;but;-0.0471109822392464
gather;call;;;call;0.135541930794716
gather;call atention;;;call;0.135541930794716
gather;call someone;;;call;0.135541930794716
gather;calling;;;calling;0.0424379371106625
gather;calling name;;;calling;0.0424379371106625
gather;calling out;;;calling;0.0424379371106625
gather;calling someone;;;calling;0.0424379371106625
gather;calorie;;;calorie;-0.0292494557797909
gather;caring call;;;call;0.135541930794716
gather;celebration;;;celebration;0.173886477947235
gather;chant;;;chant;0.140068143606186
gather;chicken;;;chicken;-0.0297309458255768
gather;chicken sounds;;;sounds;0.0101618384942412
gather;child;;;child;0.00174040673300624
gather;child playing;;;playing;-0.000369047716958448
gather;chinese woman;;;woman;-0.0341901071369648
gather;come;;;come;0.251613527536392
gather;come ali ali;;;come;0.251613527536392
gather;come closer;;;come;0.251613527536392
gather;come here;;;come;0.251613527536392
gather;come on;;;come;0.251613527536392
gather;come on, let's go;;;go;0.14795495569706
gather;complain;;;complain;0.121892713010311
gather;concern;;;concern;-0.0297409314662218
gather;crazy;;;crazy;-0.0166206378489733
gather;dance rythm;;;rythm;
gather;dancing;;;dancing;0.0680538415908814
gather;daydream;;;daydream;-0.0443964563310146
gather;directing attention;;;directing;-0.00934426486492157
gather;distracted singing;;;singing;0.0420132242143154
gather;do bado bado;;;bado;
gather;do i have to?;;;have;0.132569029927254
gather;do know;;;know;0.11355534940958
gather;doing nails;;;doing;-0.0296373441815376
gather;don't know;;;know;0.11355534940958
gather;don't move;;;move;0.146827712655067
gather;dont know;;;know;0.11355534940958
gather;doop bedoop peddoop;;;peddoop;
gather;doreign language;;;doreign;
gather;drawing attention;;;drawing;0.100956723093987
gather;drawn out sigh;;;drawn;0.0855957791209221
gather;dress;;;dress;0.0898451805114746
gather;dripping;;;dripping;0.0921585485339165
gather;drops of water;;;drops;0.0965927988290787
gather;drums;;;drums;0.0461732260882854
gather;drunk;;;drunk;0.0832629948854446
gather;dull;;;dull;-0.0198318287730217
gather;dupadupadup;;;dupadupadup;
gather;dupduppedup;;;dupduppedup;
gather;ellee ellee tock (gibberish);;;gibberish;0.0579366572201252
gather;excited;;;excited;0.0187861584126949
gather;excitement;;;excitement;0.0283294357359409
gather;fall down;;;fall;0.0537655353546143
gather;fatigue;;;fatigue;-0.014263684861362
gather;feeding chickens;;;chickens;0.0469530187547207
gather;footsteps;;;footsteps;-0.0097453324124217
gather;french;;;french;-0.0195302627980709
gather;french people running;;;people;0.112001329660416
gather;friend;;;friend;0.0307980943471193
gather;frog;;;frog;-0.0258832890540361
gather;frustrated, give up;;;give;0.174159407615662
gather;galloping;;;galloping;0.0267627947032452
gather;get me that;;;get;0.278034061193466
gather;gibberish;;;gibberish;0.0579366572201252
gather;girl;;;girl;-0.019646592438221
gather;giving the time;;;giving;0.0564740151166916
gather;glycerine;;;glycerine;-0.0795061215758324
gather;going down;;;going;0.0192574355751276
gather;good morning;;;morning;0.0765530169010162
gather;goodbye;;;goodbye;0.0764398723840714
gather;grab attention;;;grab;0.307675898075104
gather;greeting;;;greeting;0.109956346452236
gather;greeting, welcome;;;welcome;0.122894898056984
gather;groan;;;groan;0.134960204362869
gather;gulping;;;gulping;0.0899331867694855
gather;happiness;;;happiness;0.0251877494156361
gather;happy;;;happy;-0.0109542747959495
gather;happy jumping;;;jumping;-0.0429372154176235
gather;happy walking;;;walking;0.010271524079144
gather;hello;;;hello;0.0407849550247192
gather;here;;;here;0.114746056497097
gather;hey listen;;;listen;0.163669630885124
gather;hey you;;;hey;0.0608839504420757
gather;hopping;;;hopping;-0.0339173786342144
gather;horn;;;horn;0.030338516458869
gather;hum;;;hum;0.0432309545576572
gather;humming;;;humming;0.0480650514364243
gather;hurry now;;;hurry;0.0732383653521538
gather;hurry up;;;hurry;0.0732383653521538
gather;i believe;;;believe;0.0297217965126038
gather;i dont know;;;know;0.11355534940958
gather;i love you;;;love;-0.0537787936627865
gather;i want;;;want;0.0980144888162613
gather;imitation of arabian;;;imitation;-0.018761383369565
gather;imitation of someone walking;;;imitation;-0.018761383369565
gather;impatience;;;impatience;-0.000122944125905633
gather;impersonating;;;impersonating;0.00779781909659505
gather;improvisation;;;improvisation;0.00333090010099113
gather;incite;;;incite;0.118731074035168
gather;indian english;;;english;-0.0277626030147076
gather;invitation;;;invitation;0.118134714663029
gather;is not here;;;is;-0.0294619835913181
gather;its right there;;;right;0.0553802698850632
gather;jump;;;jump;0.00940038915723562
gather;jumping along;;;jumping;-0.0429372154176235
gather;just go along;;;go;0.14795495569706
gather;kid;;;kid;-0.0449194684624672
gather;kudulee;;;kudulee;
gather;laugh;;;laugh;0.072305478155613
gather;lazy;;;lazy;0.0433782786130905
gather;leak;;;leak;0.0761024877429009
gather;let's go;;;let;0.111488088965416
gather;look in there;;;look;0.0900311693549156
gather;look out;;;look;0.0900311693549156
gather;loud excessive noise;;;noise;0.0696230158209801
gather;making sounds;;;making;0.0120937414467335
gather;man;;;man;-0.00930630322545767
gather;meander;;;meander;0.138862654566765
gather;mimic;;;mimic;0.0457350499927998
gather;mouth sounds;;;sounds;0.0101618384942412
gather;moving on;;;moving;0.0779241248965263
gather;mumble;;;mumble;0.222295984625816
gather;mumble after sleep;;;mumble;0.222295984625816
gather;mumbling;;;mumbling;0.138916298747063
gather;muppet;;;muppet;-0.0639020130038261
gather;music;;;music;-0.00970972049981356
gather;name;;;name;-0.0175137352198362
gather;natalie;;;natalie;-0.0071742138825357
gather;nervous;;;nervous;0.0133474916219711
gather;no clue;;;clue;0.114368356764317
gather;no idea;;;idea;-0.00930505152791739
gather;not interested;;;interested;-0.0391417630016804
gather;oh my god;;;oh;0.0236785225570202
gather;okay;;;okay;0.0487650372087956
gather;otherly;;;otherly;-0.0137291867285967
gather;over there;;;there;0.101954363286495
gather;pad dup padup padup;;;dup;0.0197340827435255
gather;padooh padooh padooh;;;padooh;
gather;padu?;;;padu;
gather;paru paru paru;;;paru;
gather;parup parup parup;;;parup;
gather;passing time;;;passing;0.0601495914161205
gather;perhaps;;;perhaps;0.081675261259079
gather;permission;;;permission;0.0558688938617706
gather;phrase;;;phrase;0.0346212238073349
gather;pink panther;;;panther;-0.0343999266624451
gather;playing a beat;;;playing;-0.000369047716958448
gather;please;;;please;0.0630132853984833
gather;please leave;;;leave;0.118420913815498
gather;positive conversation;;;conversation;0.087102934718132
gather;pour;;;pour;0.189070329070091
gather;pozoli;;;pozoli;
gather;primitive alien comunication;;;comunication;
gather;pruprurp;;;pruprurp;
gather;pulse;;;pulse;0.0117575190961361
gather;question;;;question;0.0514878332614899
gather;rain;;;rain;0.101649463176727
gather;rain drop;;;drop;0.0573973096907139
gather;rain drops;;;drops;0.0965927988290787
gather;random noise;;;noise;0.0696230158209801
gather;relieved;;;relieved;-0.0770224332809448
gather;repetition;;;repetition;-0.0140563193708658
gather;resignation;;;resignation;-0.0707384869456291
gather;rhyme;;;rhyme;-0.00747626088559628
gather;rhythmic badoop;;;badoop;
gather;roaming happily;;;roaming;0.109727390110493
gather;run;;;run;-0.0084860036149621
gather;rythm;;;rythm;
gather;saying - run;;;saying;-0.0277300737798214
gather;sesame street;;;street;0.0371888056397438
gather;set a date;;;set;0.128090143203735
gather;shouting;;;shouting;0.111727215349674
gather;showing someting;;;showing;0.0652032271027565
gather;signing at something;;;signing;-0.0142763117328286
gather;simple vocalism;;;vocalism;-0.0481010638177395
gather;sing;;;sing;0.151277273893356
gather;singing;;;singing;0.0420132242143154
gather;singing ritms;;;singing;0.0420132242143154
gather;skipping;;;skipping;-0.0468463338911533
gather;sleep;;;sleep;0.0347160138189793
gather;sleep talk;;;talk;0.150289088487625
gather;sleep talking;;;talking;0.0576135069131851
gather;sleepiness;;;sleepiness;0.0179334860295057
gather;sleeping;;;sleeping;-0.0149415573105216
gather;sleepy;;;sleepy;-0.0188018586486578
gather;sleepy mumbling;;;mumbling;0.138916298747063
gather;slowly;;;slowly;0.107326343655586
gather;slur;;;slur;0.0514210388064384
gather;slurring;;;slurring;0.0595456473529339
gather;sneaking;;;sneaking;0.0857100933790207
gather;sorry;;;sorry;-0.0706966146826744
gather;sound;;;sound;0.00746257556602359
gather;sound effects;;;effects;-0.00384485139511526
gather;spaced jazz beat;;;jazz;0.0331009924411774
gather;speak;;;speak;0.16545781493187
gather;speaking;;;speaking;0.0189864691346884
gather;speaking other language;;;speaking;0.0189864691346884
gather;step lightly;;;step;0.0149844074621797
gather;steps;;;steps;0.0346074514091015
gather;surprise;;;surprise;0.0185349844396114
gather;take care;;;take;0.246691048145294
gather;taking a stroll;;;taking;0.106589019298553
gather;talk;;;talk;0.150289088487625
gather;talking;;;talking;0.0576135069131851
gather;talking fish;;;fish;0.0184193439781666
gather;talking to someone;;;talking;0.0576135069131851
gather;teach;;;teach;0.102552875876427
gather;that was me;;;was;-0.0720110535621643
gather;there;;;there;0.101954363286495
gather;there! go;;;there;0.101954363286495
gather;this one;;;one;-0.00482687586918473
gather;tic toc;;;toc;-0.0313871316611767
gather;tired;;;tired;-0.0410440228879452
gather;tiredness;;;tiredness;-0.0512232556939125
gather;to incite;;;incite;0.118731074035168
gather;to ro;;;ro;0.0124066332355142
gather;to rush;;;rush;0.118544712662697
gather;tu...peru...peru;;;tu;0.00654979608952999
gather;tuprupbru;;;tuprupbru;
gather;turu turu duru;;;turu;
gather;uh uh lee;;;uh;0.0551470331847668
gather;unsure;;;unsure;-0.00844733044505119
gather;upset;;;upset;-0.0250587835907936
gather;vocal stimming;;;stimming;-0.0529932528734207
gather;waiting;;;waiting;0.12691867351532
gather;walk;;;walk;0.117367923259735
gather;walk slow;;;walk;0.117367923259735
gather;walking;;;walking;0.010271524079144
gather;walking downstairs;;;walking;0.010271524079144
gather;walking sound;;;walking;0.010271524079144
gather;warning of danger;;;warning;-0.0290613044053316
gather;water;;;water;0.0367972999811173
gather;water dripping;;;dripping;0.0921585485339165
gather;water drops;;;drops;0.0965927988290787
gather;welcome;;;welcome;0.122894898056984
gather;whisper;;;whisper;0.126625090837479
gather;woman;;;woman;-0.0341901071369648
gather;word noises;;;noises;0.0403480306267738
gather;;;;nan;-0.0661083310842514
deer;;laugh;;nan;-0.0265787839889526
deer;Activating some buttons;;;activating;-0.0129018276929855
deer;Agggg;;;agggg;
deer;Ahahaha tr tr tr;;;ahahaha;
deer;Ahahaha trk trk trk;;;trk;
deer;Alarm clock;;;clock;0.0187364630401135
deer;Animal sound;;;sound;0.0881331339478493
deer;Animal sounds;;;sounds;0.0752731859683991
deer;Annoyed;;;annoyed;0.00777247315272689
deer;Attention, quiet;;;attention;-0.0115844635292888
deer;Awkward but funny;;;awkward;0.0283747799694538
deer;Beat box;;;box;-0.0390117838978767
deer;Beatbox click;;;click;0.0554497092962265
deer;Bewildered;;;bewildered;0.0612485036253929
deer;Bored feeling;;;feeling;0.0110900085419416
deer;Braying;;;braying;0.155602589249611
deer;Broken;;;broken;0.0158053282648325
deer;CALLING;;;calling;-0.00873271003365517
deer;COW;;;cow;0.405348211526871
deer;Click;;;click;0.0554497092962265
deer;Click sound;;;click;0.0554497092962265
deer;Clicking;;;clicking;0.0653554275631905
deer;Clicking tongue;;;clicking;0.0653554275631905
deer;Clicking, Dolphin;;;clicking;0.0653554275631905
deer;Clock;;;clock;0.0187364630401135
deer;Clunk clunk, hmm hmm.;;;hmm;-0.0103375725448132
deer;Come with me;;;come;0.0324128977954388
deer;Complain;;;complain;-0.0272651240229607
deer;Cow;;;cow;0.405348211526871
deer;Cow Sound;;;sound;0.0881331339478493
deer;Cow's noise;;;cow;0.405348211526871
deer;Crazy;;;crazy;0.0177593193948269
deer;Cucla cucla mmm;;;cucla;
deer;Curious horse;;;horse;0.280042171478272
deer;Danger;;;danger;0.0488691106438637
deer;Disgust;;;disgust;-0.0196174029260874
deer;Don't want to;;;want;-0.0434418022632599
deer;Donkey;;;donkey;0.166687741875649
deer;Donkey bray;;;bray;0.0409692712128162
deer;Drinking;;;drinking;0.0787216722965241
deer;Fear;;;fear;0.0689525082707405
deer;Figure out;;;figure;-0.012372650206089
deer;Frustration;;;frustration;0.0188497006893158
deer;Funny;;;funny;0.00474159000441432
deer;Funny laughing feeling;;;feeling;0.0110900085419416
deer;Funny thing;;;thing;0.0480557158589363
deer;Funny, go away;;;go;-0.0077031166292727
deer;Go away;;;go;-0.0077031166292727
deer;Groan, oh no;;;groan;0.0475601926445961
deer;HORSE;;;horse;0.280042171478272
deer;Ha ha ha;;;ha;0.0667393729090691
deer;Hahaha;;;hahaha;-0.00139827211387455
deer;Happy and follow;;;happy;-0.00951924920082092
deer;Hop hop;;;hop;5.54390244360548E-05
deer;Horse;;;horse;0.280042171478272
deer;Horse neighing;;;neighing;0.190866768360138
deer;Horse trot;;;trot;0.13991904258728
deer;Horse walking, sad animal;;;animal;0.42171436548233
deer;Hurry up;;;hurry;0.0200488865375519
deer;Hurt;;;hurt;0.0580201670527458
deer;I don't want;;;want;-0.0434418022632599
deer;It hurts;;;hurts;0.0755339711904526
deer;Joke;;;joke;-0.0476734675467014
deer;Kinda funny;;;funny;0.00474159000441432
deer;LAUGH;;;laugh;-0.00189946196042001
deer;Laugh;;;laugh;-0.00189946196042001
deer;Laughing;;;laughing;0.00729530863463879
deer;Laughing then trch trch trch;;;trch;
deer;Laughter;;;laughter;-0.0102711115032434
deer;Let's play;;;let;0.0154628781601787
deer;Male strange sounds;;;sounds;0.0752731859683991
deer;Man in jungle calling someone;;;man;0.0453240722417831
deer;Man thinks he is a sheep;;;sheep;0.421043545007706
deer;Men’s  plumcans;;;men;0.0427970699965954
deer;Men’s ooooo;;;men;0.0427970699965954
deer;Message notification;;;notification;0.0304230824112892
deer;Moan;;;moan;0.0212283302098513
deer;Moan, Pleasure;;;moan;0.0212283302098513
deer;Moaning;;;moaning;0.0201984625309706
deer;Mocking;;;mocking;-0.0506287179887295
deer;Moo;;;moo;0.198016107082367
deer;Mooing;;;mooing;0.272642523050308
deer;Mouth sounds;;;sounds;0.0752731859683991
deer;Mowing;;;mowing;0.158010005950928
deer;Noding no;;;noding;
deer;Owl;;;owl;0.270958364009857
deer;Pain;;;pain;0.0484537407755852
deer;Ping pong;;;pong;0.0246254522353411
deer;Playful mouth;;;mouth;-0.0205618720501661
deer;Playful shooting;;;shooting;0.25226041674614
deer;Plead;;;plead;-0.00631205877289176
deer;Pleasure;;;pleasure;0.0757228583097458
deer;Request;;;request;0.00372239714488387
deer;Rooster;;;rooster;0.211623758077621
deer;SNORE;;;snore;0.0249371957033873
deer;SOUND;;;sound;0.0881331339478493
deer;Satisfaction;;;satisfaction;0.0246286243200302
deer;Sex;;;sex;0.0466085001826286
deer;Sheep;;;sheep;0.421043545007706
deer;Sheep baaing;;;baaing;0.23708213865757
deer;Sign language alert;;;sign;0.074244536459446
deer;Sleepiness;;;sleepiness;0.0488327890634537
deer;Snoar;;;snoar;
deer;Snore;;;snore;0.0249371957033873
deer;Some alarm;;;alarm;0.0713603496551514
deer;Something was difficult;;;was;-0.0159371495246887
deer;That was funny;;;was;-0.0159371495246887
deer;To snap;;;snap;0.0492708943784237
deer;Tongue;;;tongue;-0.0287315528839827
deer;Tongue clicking;;;clicking;0.0653554275631905
deer;Tongue clicking and swallow;;;clicking;0.0653554275631905
deer;Tongue clicks;;;clicks;0.078065000474453
deer;Tounge clicks;;;clicks;0.078065000474453
deer;Unwillingness;;;unwillingness;-0.0493368469178677
deer;Vechicle;;;vechicle;
deer;Very funny;;;funny;0.00474159000441432
deer;Vibration;;;vibration;0.0496771670877934
deer;Walking;;;walking;0.0881456285715103
deer;Yelp;;;yelp;0.0555958077311516
deer;You go there;;;go;-0.0077031166292727
deer;a dog;;;dog;0.217006132006645
deer;a horse stopping;;;horse;0.280042171478272
deer;aaaa;;;aaaa;0.0200618263334036
deer;aaaahhhh gew gew;;;gew;
deer;adults laughing;;;laughing;0.00729530863463879
deer;adults talking child;;;adults;0.0441435500979424
deer;agony;;;agony;0.0156965740025044
deer;agree;;;agree;-0.0326011963188648
deer;aha through through;;;aha;0.0696587339043617
deer;ahaha.. horror laughing;;;ahaha;-0.0606891326606274
deer;ahahah troock troock troock;;;troock;
deer;ahahaha trk trk trk;;;trk;
deer;ahahahaha;;;ahahahaha;
deer;ahahahaha....truc..truc...truc;;;truc;
deer;ahh;;;ahh;0.0449711009860039
deer;ahh haa haa trp trp;;;haa;0.0838910639286041
deer;ahh truc truc;;;truc;
deer;ahha trugtrug treug;;;treug;
deer;ahhahahtrktrktrk;;;ahhahahtrktrktrk;
deer;ahhhhh;;;ahhhhh;0.0310234427452087
deer;ahn;;;ahn;-0.0111860828474164
deer;alien comunication;;;comunication;
deer;amused;;;amused;-0.0073421816341579
deer;animal;;;animal;0.42171436548233
deer;animal sound;;;sound;0.0881331339478493
deer;annoyed;;;annoyed;0.00777247315272689
deer;annoying laugh;;;laugh;-0.00189946196042001
deer;arggg;;;arggg;
deer;asking something;;;asking;0.00153962429612875
deer;attention;;;attention;-0.0115844635292888
deer;baa;;;baa;0.204968616366386
deer;baaaaa;;;baaaaa;
deer;beat box;;;box;-0.0390117838978767
deer;being in pain;;;being;0.0352104678750038
deer;bird;;;bird;0.276508837938309
deer;bored;;;bored;-0.0204871892929077
deer;bothered;;;bothered;0.0190481673926115
deer;brief laugh;;;laugh;-0.00189946196042001
deer;calling a dog;;;calling;-0.00873271003365517
deer;calling seals;;;calling;-0.00873271003365517
deer;car;;;car;0.110594242811203
deer;car noise;;;noise;0.0780312865972519
deer;car signal;;;signal;0.0780936628580093
deer;car starting;;;starting;-0.0592818222939968
deer;cart;;;cart;0.0708806067705154
deer;cartoon sound effects;;;sound;0.0881331339478493
deer;child;;;child;-0.0133128752931952
deer;chuckling;;;chuckling;0.0259537044912577
deer;clacking;;;clacking;0.0268188938498497
deer;click and hum;;;click;0.0554497092962265
deer;clicking;;;clicking;0.0653554275631905
deer;clicking hmmm;;;clicking;0.0653554275631905
deer;clicking noises;;;noises;0.102450288832188
deer;clicking of tongue, hmm hmm hmm;;;hmm;-0.0103375725448132
deer;clicking tongue;;;clicking;0.0653554275631905
deer;clip clop;;;clip;0.113144166767597
deer;clip clop clip clop hmmm hmmm;;;hmmm;0.0135038653388619
deer;cloaak clooak;;;clooak;
deer;cloc..clac...clac...uum..uumm;;;clac;
deer;clock;;;clock;0.0187364630401135
deer;clock ticking;;;ticking;0.0393252223730087
deer;clocking and eming;;;clocking;-0.0290775708854198
deer;cloclo mhmhmh;;;mhmhmh;
deer;clop clop hmm hmm;;;clop;0.15232615172863
deer;clu cla clu cla hum hum;;;hum;0.0650244355201721
deer;cluc cluc;;;cluc;
deer;clucking;;;clucking;0.133798882365227
deer;comedy;;;comedy;-0.0731908902525902
deer;complaining;;;complaining;-0.034836370497942
deer;concert;;;concert;-0.033075287938118
deer;content satisfaction;;;satisfaction;0.0246286243200302
deer;cow;;;cow;0.405348211526871
deer;cow mooing;;;mooing;0.272642523050308
deer;cow mowing;;;mowing;0.158010005950928
deer;cow sound;;;sound;0.0881331339478493
deer;ctuctuctu;;;ctuctuctu;
deer;dancing;;;dancing;0.00694265123456717
deer;deer;;;deer;1.00000011920929
deer;dismayed;;;dismayed;0.0316704958677292
deer;doesn't care;;;care;-0.0157413557171822
deer;dog sounds;;;sounds;0.0752731859683991
deer;don't know;;;know;-0.00353528396226466
deer;donkey;;;donkey;0.166687741875649
deer;doubt;;;doubt;-0.0451298505067825
deer;drinking;;;drinking;0.0787216722965241
deer;eat;;;eat;0.0876770839095116
deer;eating;;;eating;0.114424273371696
deer;eating happily;;;eating;0.114424273371696
deer;eating plesure;;;eating;0.114424273371696
deer;effort;;;effort;-0.0246065091341734
deer;ehahahea tryk tryk tryk tryk;;;tryk;
deer;engine;;;engine;0.0247086603194475
deer;evaluating food;;;evaluating;0.00274881953373551
deer;expressing joy;;;expressing;0.0113183949142694
deer;fake laugh;;;laugh;-0.00189946196042001
deer;fast and slow;;;fast;0.0345166213810444
deer;foolish;;;foolish;0.0322590619325638
deer;frustration;;;frustration;0.0188497006893158
deer;funny;;;funny;0.00474159000441432
deer;gallop;;;gallop;0.11196756362915
deer;galopp to water;;;galopp;
deer;getting hurt;;;hurt;0.0580201670527458
deer;getting up;;;getting;0.0082914512604475
deer;go and try it;;;go;-0.0077031166292727
deer;goan of frustration;;;goan;0.0258142650127411
deer;goat;;;goat;0.345922321081162
deer;goat sound;;;sound;0.0881331339478493
deer;goats crying;;;crying;-0.0190606415271759
deer;goofy;;;goofy;0.0459898449480534
deer;goofy laugh;;;laugh;-0.00189946196042001
deer;grade;;;grade;-0.039729755371809
deer;groan;;;groan;0.0475601926445961
deer;groaning;;;groaning;0.0482825972139835
deer;ha ha ha;;;ha;0.0667393729090691
deer;haha trktrktrk;;;trktrktrk;
deer;hahaha truck truck truck;;;truck;0.144850075244904
deer;hahahaha ch ch ch;;;ch;0.0278706829994917
deer;hahahahaha;;;hahahahaha;
deer;happy;;;happy;-0.00951924920082092
deer;hard work, passing time;;;work;0.00128617405425757
deer;having fun;;;having;0.00383684434928
deer;hhh uuuuuhhh;;;uuuuuhhh;
deer;hhohhoohhoo;;;hhohhoohhoo;
deer;hm hm hm;;;hm;0.0438727289438248
deer;horse;;;horse;0.280042171478272
deer;horse gallop;;;gallop;0.11196756362915
deer;horse galloping;;;galloping;0.195860311388969
deer;horse halt;;;halt;0.0316650308668613
deer;horse hooves;;;hooves;0.366813838481903
deer;horse noises;;;noises;0.102450288832188
deer;horse ride;;;ride;0.0605394206941128
deer;horse riding;;;riding;0.16336852312088
deer;horse slaughter;;;slaughter;0.291094779968262
deer;horse sound;;;sound;0.0881331339478493
deer;horse trotting;;;trotting;0.182672366499901
deer;horse type sounds;;;type;0.00360849546268582
deer;horse/animal;;;animal;0.42171436548233
deer;horseride;;;horseride;
deer;hu ha hu ha m mm;;;hu;0.0439480654895306
deer;hurt;;;hurt;0.0580201670527458
deer;hurt, pained;;;pained;0.0367034003138542
deer;hurts;;;hurts;0.0755339711904526
deer;hysterical laughter;;;laughter;-0.0102711115032434
deer;iaaah;;;iaaah;
deer;idk;;;idk;-0.0435399077832699
deer;imitating horse;;;horse;0.280042171478272
deer;immitating a horse;;;immitating;
deer;impatient;;;impatient;0.00433253357186914
deer;in pain;;;in;-0.0159898642450571
deer;ironic laughter;;;laughter;-0.0102711115032434
deer;its that;;;that;0.0242864042520523
deer;joke;;;joke;-0.0476734675467014
deer;joy;;;joy;0.0346525944769383
deer;kid playing sound;;;playing;-0.0159261263906956
deer;knick knack mmh;;;knick;0.0153501480817795
deer;knocking;;;knocking;0.0230394061654806
deer;lament;;;lament;0.0337244644761086
deer;laugh;;;laugh;-0.00189946196042001
deer;laugh and footsteps;;;laugh;-0.00189946196042001
deer;laugh sound training;;;laugh;-0.00189946196042001
deer;laugh, snap;;;laugh;-0.00189946196042001
deer;laughing;;;laughing;0.00729530863463879
deer;laughing and shooting;;;laughing;0.00729530863463879
deer;laughing and walking;;;laughing;0.00729530863463879
deer;laughing on horse;;;laughing;0.00729530863463879
deer;laughing sound;;;laughing;0.00729530863463879
deer;laught;;;laught;-0.00678755016997457
deer;laughter;;;laughter;-0.0102711115032434
deer;laughter, mimicry;;;laughter;-0.0102711115032434
deer;laughting;;;laughting;
deer;lazy;;;lazy;0.00667748646810651
deer;loud and soft;;;loud;0.0531561672687531
deer;making a sound;;;making;-0.00259078573435545
deer;making galloping noises;;;making;-0.00259078573435545
deer;man hurting;;;hurting;0.0431333258748055
deer;message received;;;received;-0.0285792537033558
deer;mh-ohhh;;;mh;0.0743163824081421
deer;mimic;;;mimic;-0.000707174185663462
deer;moan;;;moan;0.0212283302098513
deer;moaning;;;moaning;0.0201984625309706
deer;moaning out of pain;;;moaning;0.0201984625309706
deer;moans;;;moans;0.0318370163440704
deer;mooching;;;mooching;0.0120134223252535
deer;mooing;;;mooing;0.272642523050308
deer;mooo;;;mooo;
deer;mouth nnoises;;;nnoises;
deer;mouth noises;;;noises;0.102450288832188
deer;mouth sounds;;;sounds;0.0752731859683991
deer;muuu;;;muuu;
deer;no idea;;;idea;0.0138259418308735
deer;noc hum hum;;;hum;0.0650244355201721
deer;not allowed;;;allowed;0.0237817447632551
deer;not very funny;;;funny;0.00474159000441432
deer;oh i see;;;see;0.0188115797936916
deer;ohh;;;ohh;0.0422725304961205
deer;ohhhh;;;ohhhh;0.0189478192478418
deer;ohhhh (in pain);;;ohhhh;0.0189478192478418
deer;old school horn;;;horn;0.289761871099472
deer;onomatopoeia;;;onomatopoeia;0.0388898849487305
deer;ooh;;;ooh;0.0541908964514732
deer;oohhh;;;oohhh;
deer;oooh;;;oooh;0.0622781179845333
deer;oooooh;;;oooooh;0.0127809448167682
deer;ooooooah;;;ooooooah;
deer;ouch;;;ouch;0.0171055477112532
deer;over there;;;there;0.038043349981308
deer;pain;;;pain;0.0484537407755852
deer;pain/irritation;;;irritation;-0.0254742689430714
deer;painful;;;painful;0.0274722632020712
deer;pay attention;;;pay;-0.0703389048576355
deer;playful;;;playful;0.0244872458279133
deer;playing;;;playing;-0.0159261263906956
deer;playing tongue;;;playing;-0.0159261263906956
deer;printer;;;printer;0.0167814716696739
deer;random;;;random;0.0186160616576672
deer;random noises;;;noises;0.102450288832188
deer;ride;;;ride;0.0605394206941128
deer;sad;;;sad;0.00650869868695736
deer;scream;;;scream;0.0285792332142591
deer;sheep;;;sheep;0.421043545007706
deer;sheep and tractor;;;sheep;0.421043545007706
deer;sheep towards;;;sheep;0.421043545007706
deer;shooting;;;shooting;0.25226041674614
deer;silly;;;silly;0.0451830923557282
deer;silly cowboy;;;cowboy;0.222637966275215
deer;sleep;;;sleep;0.0136066880077124
deer;slight pain;;;pain;0.0484537407755852
deer;smacking tongue;;;tongue;-0.0287315528839827
deer;snickering;;;snickering;0.00160843727644533
deer;snore;;;snore;0.0249371957033873
deer;snoring;;;snoring;0.0354517623782158
deer;staccato laugh;;;laugh;-0.00189946196042001
deer;story;;;story;-0.0799428895115852
deer;strange;;;strange;-0.000670607027132064
deer;suffering;;;suffering;-0.0030056422110647
deer;surprise;;;surprise;0.0459872968494892
deer;tasting;;;tasting;0.0157093610614538
deer;tchotka tchotka m m m;;;tchotka;
deer;telling a joke;;;telling;-0.0254737976938486
deer;that's funny;;;'s;
deer;thats funny;;;s;-0.0410936735570431
deer;think;;;think;0.00433947844430804
deer;thinking;;;thinking;0.0598544366657734
deer;tick tock;;;tock;0.0268744695931673
deer;tick tock clock;;;tick;0.0970948562026024
deer;tickles;;;tickles;-0.0448671020567417
deer;tiktok tiktok ahem ahem ahem;;;ahem;-0.00480216508731246
deer;time;;;time;0.00927362311631441
deer;timer ticking down;;;ticking;0.0393252223730087
deer;tired;;;tired;0.0167165845632553
deer;to approve;;;approve;0.00746554415673018
deer;to laugh;;;laugh;-0.00189946196042001
deer;tongue clicking;;;clicking;0.0653554275631905
deer;tongue clucking crying;;;clucking;0.133798882365227
deer;tongue hitting palate;;;tongue;-0.0287315528839827
deer;tongue noises;;;noises;0.102450288832188
deer;tongue pop;;;pop;-0.0291942898184061
deer;toung clicking;;;clicking;0.0653554275631905
deer;train noise;;;noise;0.0780312865972519
deer;trot;;;trot;0.13991904258728
deer;understand;;;understand;-0.00870598386973143
deer;understanding click;;;click;0.0554497092962265
deer;variation of clucking;;;variation;-0.0146780218929052
deer;very funny;;;funny;0.00474159000441432
deer;vocal stim;;;stim;0.0213413368910551
deer;vocal stimming;;;stimming;0.0118411211296916
deer;waking up;;;waking;0.0258185192942619
deer;walk;;;walk;0.0316855348646641
deer;walking;;;walking;0.0881456285715103
deer;walking and looking;;;walking;0.0881456285715103
deer;water;;;water;0.0331815965473652
deer;weird;;;weird;0.00330553343519568
deer;weird laugh;;;laugh;-0.00189946196042001
deer;weird vocal sound;;;sound;0.0881331339478493
deer;whining;;;whining;-0.00105500454083085
deer;woman;;;woman;0.0302557442337275
deer;xoxo uuu;;;uuu;0.0446251444518566
deer;yawn;;;yawn;-0.0399244278669357
deer;yawp;;;yawp;0.049732506275177
deer;;;;nan;-0.0265787839889526
bad;0;;;0;0.102788880467415
bad;Adult disgust;negative;emotion;disgust;0.159529507160187
bad;Anger;negative;emotion;anger;0.0802912265062332
bad;Anger, Mother;negative;emotion;anger;0.0802912265062332
bad;Angry;negative;emotion;angry;0.17108491063118
bad;Angry maybe;negative;emotion;angry;0.17108491063118
bad;Angry voice;negative;emotion;voice;-0.0126951662823558
bad;Annoyed;negative;emotion;annoyed;0.145343810319901
bad;Bewilderment;negative;emotion;bewilderment;-0.0465421378612518
bad;Blah;neutral;other;blah;0.179004341363907
bad;Calling angerly;negative;emotion;calling;0.0114876972511411
bad;Cheering;positive;emotion;cheering;-0.00371198495849967
bad;Curiousity;neutral;state;curiousity;-0.0288724564015865
bad;DISGUST;negative;emotion;disgust;0.159529507160187
bad;DISGUSTING;negative;emotion;disgusting;0.442950904369354
bad;Discusting;negative;emotion;discusting;
bad;Disgust;negative;emotion;disgust;0.159529507160187
bad;Disgusted;negative;emotion;disgusted;0.214240863919258
bad;Disgusted feeling;negative;emotion;feeling;0.121887169778347
bad;Disgusting;negative;emotion;disgusting;0.442950904369354
bad;Dislike;negative;emotion;dislike;0.194064572453499
bad;Don't agre;neutral/negative;state;agre;
bad;Eugh eeughh;negative;vocalization / onomatopoeia;eeughh;
bad;Eww;negative;vocalization / onomatopoeia;eww;0.306000113487244
bad;FRUSTRATED;negative;emotion;frustrated;0.104880534112453
bad;Feels like disgusting;neutral;emotion;feels;0.126824289560318
bad;Frustrated;negative;emotion;frustrated;0.104880534112453
bad;Give me;neutral;speech act;give;0.0101625081151724
bad;Groan;neutral;vocalization / onomatopoeia;groan;0.0183567404747009
bad;Gross;negative;evaluation;gross;0.28407022356987
bad;Gross  yuck;negative;evaluation;gross;0.28407022356987
bad;Grosse;negative;evaluation;grosse;0.0782332569360733
bad;Grossed out;negative;evaluation;grossed;0.120762899518013
bad;Gurgle;neutral;vocalization / onomatopoeia;gurgle;-0.000628267356660217
bad;HARSH;negative;evaluation;harsh;0.38983416557312
bad;Happy;positive;emotion;happy;0.13404156267643
bad;Harsh instruction;neutral/negative;speech act;instruction;-0.00365097331814468
bad;Hitting;neutral/negative;action or event;hitting;0.0540634319186211
bad;How come?;neutral;speech act;come;0.0540613122284412
bad;I dislike;negative;evaluation;dislike;0.194064572453499
bad;IDK;;other;idk;0.0968414545059204
bad;Imitate an animal;neutral;other;imitate;0.0418300442397594
bad;Incitement;negative;action or event;incitement;-0.0328645743429661
bad;Irritation;negative;state;irritation;0.072640135884285
bad;Like a something;;;like;0.186486512422562
bad;Listen!;;;listen;0.0132745364680886
bad;MIPI;;;mipi;
bad;Makes sense;;;makes;0.084974005818367
bad;Maybe;;;maybe;0.0634712055325508
bad;Me too;;;me;0.0363321080803871
bad;Men’s oooo;;;men;0.00240751355886459
bad;Men’s strange sounds;;;men;0.00240751355886459
bad;Miky;;;miky;0.00991526339203119
bad;Mipi;;;mipi;
bad;Mitsy;;;mitsy;
bad;More;;;more;0.00529344333335757
bad;Murphy;;;murphy;0.0240910314023495
bad;My pee;;;pee;0.0378761887550354
bad;Name of person;;;name;0.0164663959294558
bad;Nasty;;;nasty;0.596798717975617
bad;Nauseated;;;nauseated;0.223400756716728
bad;Nippy;;;nippy;0.191874608397484
bad;Not liking something;;;liking;0.10739216953516
bad;Not sure;;;sure;0.120890781283379
bad;Offensive  Smell;;;offensive;0.215314567089081
bad;Offensive smell;;;smell;0.165797621011734
bad;Ohhhh;;;ohhhh;0.121286101639271
bad;Ough ough;;;ough;0.0608974620699883
bad;Pokemon;;;pokemon;0.00193293299525976
bad;Quit it!;;;quit;0.0581876710057259
bad;REIEVE;;;reieve;
bad;Really?;;;really;0.231417000293732
bad;Refusing;;;refusing;0.00860503036528826
bad;Rejection or disgusting;;;rejection;0.0736204832792282
bad;Repulsed;;;repulsed;0.0921389609575272
bad;Satisfaction;;;satisfaction;-0.0214443635195494
bad;Scolding;;;scolding;0.141286283731461
bad;Screaming;;;screaming;0.0458293594419956
bad;Shout;;;shout;-0.0273782946169376
bad;Shout danger;;;shout;-0.0273782946169376
bad;Sick;;;sick;0.307843267917633
bad;Sing;;;sing;0.0524759069085121
bad;Stop;;;stop;0.0888341814279556
bad;Strange sound s;;;sound;0.0792164206504822
bad;Stress, anger;;;stress;0.0722898617386818
bad;Surprise;;;surprise;0.0606704726815224
bad;Tired;;;tired;0.14359775185585
bad;Tired, Disgust;;;tired;0.14359775185585
bad;Uooh;;;uooh;
bad;Utter disgust;;;disgust;0.159529507160187
bad;What happened?;;;happened;0.181004479527473
bad;Woaah;;;woaah;
bad;Yeuch, that's disgusting;;;'s;
bad;Yuck;;;yuck;0.332371592521668
bad;a groan;;;groan;0.0183567404747009
bad;aaaagh;;;aaaagh;
bad;admiring;;;admiring;-0.0819390341639519
bad;adults celebrating;;;adults;0.0319615453481674
bad;agitated;;;agitated;0.00563822872936726
bad;anger;;;anger;0.0802912265062332
bad;angry;;;angry;0.17108491063118
bad;angry alien parent;;;parent;0.0264979228377342
bad;angry meepee;;;meepee;
bad;angry name shouting;;;name;0.0164663959294558
bad;angry person;;;person;0.0816675499081612
bad;angry woman;;;woman;-0.000514798448421061
bad;angry, accusation;;;angry;0.17108491063118
bad;animal;;;animal;-0.0171633251011372
bad;animal imitation;;;imitation;0.0497278422117233
bad;annoyance;;;annoyance;0.0799602940678597
bad;annoyed;;;annoyed;0.145343810319901
bad;argh argh;;;argh;0.185986861586571
bad;arghh;;;arghh;
bad;attack;;;attack;0.0507917180657387
bad;away;;;away;0.0532565675675869
bad;awgoh;;;awgoh;
bad;awww;;;awww;
bad;backchat?;;;backchat;0.0619616620242596
bad;bad;;;bad;1.00000011920929
bad;bad smell;;;smell;0.165797621011734
bad;bad taste;;;taste;0.138895452022553
bad;beat it;;;beat;0.0306019671261311
bad;being disgusted;;;being;0.0250559505075216
bad;bored;;;bored;0.0710747614502907
bad;boredom;;;boredom;0.0816434547305107
bad;bother;;;bother;0.150055453181267
bad;buzzer;;;buzzer;0.00549332378432155
bad;calling;;;calling;0.0114876972511411
bad;calling out dog;;;calling;0.0114876972511411
bad;cat;;;cat;-0.0286528505384922
bad;celebrating;;;celebrating;-0.00779761280864477
bad;child;;;child;-0.0124849416315556
bad;come here!;;;come;0.0540613122284412
bad;come on;;;come;0.0540613122284412
bad;complain;;;complain;0.182132199406624
bad;creepy;;;creepy;0.299522072076798
bad;cross;;;cross;-0.0487434193491936
bad;crying;;;crying;0.0561875477433205
bad;cughh;;;cughh;
bad;danger;;;danger;0.132792696356773
bad;digest;;;digest;0.108543157577515
bad;disapointment;;;disapointment;
bad;disappoint;;;disappoint;0.128216251730919
bad;disappointment;;;disappointment;0.14631275832653
bad;disapproving;;;disapproving;0.173978224396706
bad;discussing;;;discussing;-0.0106830578297377
bad;discusting;;;discusting;
bad;disguss;;;disguss;
bad;disgussed;;;disgussed;
bad;disgust;;;disgust;0.159529507160187
bad;disgust noises;;;noises;0.0781079232692719
bad;disgust sound;;;sound;0.0792164206504822
bad;disgust, messy;;;disgust;0.159529507160187
bad;disgusted;;;disgusted;0.214240863919258
bad;disgusting;;;disgusting;0.442950904369354
bad;dislike;;;dislike;0.194064572453499
bad;distaste;;;distaste;0.119292564690113
bad;distgust;;;distgust;
bad;do not like;;;like;0.186486512422562
bad;don't enjoy this;;;enjoy;-0.0423634424805641
bad;don't know;;;know;0.111217372119427
bad;don't like;;;like;0.186486512422562
bad;dont know;;;know;0.111217372119427
bad;double disgust;;;disgust;0.159529507160187
bad;eat;;;eat;0.102081641554832
bad;ecxclamation;;;ecxclamation;
bad;ehaa;;;ehaa;
bad;electronic sound;;;sound;0.0792164206504822
bad;ew gross;;;gross;0.28407022356987
bad;ewrr;;;ewrr;
bad;eww;;;eww;0.306000113487244
bad;ewww;;;ewww;
bad;excited;;;excited;0.00176115788053721
bad;expressing disgust;;;expressing;0.0272292941808701
bad;friend;;;friend;-0.0336357653141022
bad;fury;;;fury;-0.00892712268978357
bad;gag;;;gag;0.05705426633358
bad;grandmother;;;grandmother;-0.0287382863461971
bad;gross;;;gross;0.28407022356987
bad;grunting;;;grunting;-0.0125456172972918
bad;how dare you;;;dare;0.0468336716294289
bad;i dont know;;;know;0.111217372119427
bad;insult;;;insult;0.110891923308373
bad;irritated;;;irritated;0.134924843907356
bad;irritation;;;irritation;0.072640135884285
bad;it's mine;;;'s;
bad;keewwl;;;keewwl;
bad;lach awo;;;awo;
bad;lah loh;;;loh;0.0157438777387142
bad;leahhh leaoh;;;leaoh;
bad;leave him;;;leave;0.0237020384520292
bad;lgh-uuuhhh;;;lgh;
bad;listen now!;;;listen;0.0132745364680886
bad;llloaah;;;llloaah;
bad;loaa;;;loaa;
bad;lol;;;lol;0.10724962502718
bad;louaa;;;louaa;
bad;lough;;;lough;0.0338707827031612
bad;luaagg;;;luaagg;
bad;mad;;;mad;0.197624936699867
bad;mad at something;;;mad;0.197624936699867
bad;mad person;;;person;0.0816675499081612
bad;man;;;man;-0.0327395163476467
bad;mapy;;;mapy;
bad;maybe;;;maybe;0.0634712055325508
bad;meaty!;;;meaty;0.0145888710394502
bad;mee pee;;;pee;0.0378761887550354
bad;meepee;;;meepee;
bad;meepee!;;;meepee;
bad;meepi meepi;;;meepi;
bad;meepie;;;meepie;
bad;meeppyy;;;meeppyy;
bad;meepy;;;meepy;
bad;mepee;;;mepee;
bad;mi-pee with anger;;;mi;0.0676871687173843
bad;mild detest;;;detest;0.200747802853584
bad;minecraft;;;minecraft;-0.0153181655332446
bad;mipi;;;mipi;
bad;mipie;;;mipie;
bad;nauseous;;;nauseous;0.239613503217697
bad;nippy;;;nippy;0.191874608397484
bad;not beliving;;;beliving;
bad;not nice;;;nice;0.345651626586914
bad;oahh errh (like disgust);;;errh;
bad;oh no;;;oh;0.116793818771839
bad;oh right;;;oh;0.116793818771839
bad;oohh (realisation noise);;;oohh;0.0877470523118973
bad;person name;;;name;0.0164663959294558
bad;puke;;;puke;0.132539242506027
bad;pushing something;;;pushing;-0.0297838784754276
bad;rage;;;rage;0.0279534142464399
bad;realise;;;realise;0.00857034232467413
bad;reepy;;;reepy;
bad;rejection;;;rejection;0.0736204832792282
bad;reprimand;;;reprimand;0.107776917517185
bad;reprimanding;;;reprimanding;0.13172759115696
bad;repugnant;;;repugnant;0.324580252170563
bad;repulsive;;;repulsive;0.345893085002899
bad;right now;;;now;-0.00222234451211989
bad;rudeness;;;rudeness;0.131529375910759
bad;scare;;;scare;0.113118946552277
bad;scary;;;scary;0.397710055112839
bad;scoff;;;scoff;0.0309213250875473
bad;scold;;;scold;0.13483339548111
bad;scolding;;;scolding;0.141286283731461
bad;scream;;;scream;0.02588733099401
bad;screaming;;;screaming;0.0458293594419956
bad;screw you;;;screw;0.135052606463432
bad;shouting;;;shouting;-0.00693800393491983
bad;sick;;;sick;0.307843267917633
bad;snarl;;;snarl;0.0620281994342804
bad;sneezing;;;sneezing;0.112518407404423
bad;sound of disgust;;;sound;0.0792164206504822
bad;speaking;;;speaking;0.0327530018985271
bad;stern;;;stern;0.0429182313382626
bad;stretching;;;stretching;-0.0431019738316536
bad;surprise;;;surprise;0.0606704726815224
bad;surprizing;;;surprizing;
bad;there;;;there;0.0489884950220585
bad;tired;;;tired;0.14359775185585
bad;to scare;;;scare;0.113118946552277
bad;uagg...disgust;;;uagg;
bad;uehh ouhh;;;ouhh;
bad;ugggh;;;ugggh;
bad;ugh;;;ugh;0.282574713230133
bad;ugh uegh;;;ugh;0.282574713230133
bad;ugh ugh;;;ugh;0.282574713230133
bad;ugly;;;ugly;0.549347460269928
bad;uhuho;;;uhuho;
bad;uoooo;;;uoooo;
bad;upset;;;upset;0.176569268107414
bad;urgh;;;urgh;0.235767811536789
bad;utter disgust;;;disgust;0.159529507160187
bad;uughh;;;uughh;
bad;very angry;;;angry;0.17108491063118
bad;vomit;;;vomit;0.0921061933040619
bad;vomiting;;;vomiting;0.0995641946792603
bad;wake up;;;wake;0.00336440932005644
bad;wants to vomit;;;wants;0.0378464162349701
bad;weird vocal sound;;;sound;0.0792164206504822
bad;whippy;;;whippy;0.0153558719903231
bad;whoack whoack;;;whoack;
bad;wifi;;;wifi;0.0592653676867485
bad;witch;;;witch;0.103470034897327
bad;woah;;;woah;0.117286875844002
bad;wooo;;;wooo;0.0141072403639555
bad;wuuuueeel;;;wuuuueeel;
bad;yak;;;yak;0.0137511398643255
bad;yak - disgusting;;;disgusting;0.442950904369354
bad;yawning;;;yawning;0.02888741530478
bad;yawning deeper;;;yawning;0.02888741530478
bad;yelling;;;yelling;0.036001056432724
bad;yeugh;;;yeugh;0.261121600866318
bad;yipee;;;yipee;
bad;yippii;;;yippii;
bad;yuck;;;yuck;0.332371592521668
bad;yuckkk;;;yuckkk;
bad;yucky;;;yucky;0.51555734872818
bad;“Get out!”;;;get;0.0876859948039055
bad;;;;nan;-0.00263504404574633
cook;Air taste;;;taste;0.178374096751213
cook;Airplane;;;airplane;-0.023339195176959
cook;Amsr;;;amsr;
cook;Amusement;;;amusement;-0.00209803367033601
cook;Bad Joke;;;joke;0.0575887933373451
cook;Beat;;;beat;0.0375063829123974
cook;Beat box;;;box;-0.022179126739502
cook;Beat boxing;;;boxing;-0.0211863145232201
cook;Beatbox;;;beatbox;0.109169065952301
cook;Bird, snake, flying;;;flying;0.0339286290109158
cook;Blowing;;;blowing;-0.00305369473062456
cook;Blowing a kiss;;;blowing;-0.00305369473062456
cook;Blowing and eating;;;blowing;-0.00305369473062456
cook;Blowing on food to cool it;;;cool;0.121146664023399
cook;Blowing, eating;;;blowing;-0.00305369473062456
cook;Boredom;;;boredom;-0.0301674380898476
cook;Bottle opening;;;opening;0.0255978405475616
cook;Brush teeth;;;teeth;-0.0306029282510281
cook;Burn something;;;burn;0.248264566063881
cook;Call;;;call;0.0596409812569618
cook;Canned drink;;;drink;0.0392796695232391
cook;Cat;;;cat;0.0532202981412411
cook;Chewing;;;chewing;0.0505820736289024
cook;Chs chs chsss pa pa;;;pa;0.0411218777298927
cook;Clashing;;;clashing;-0.0867893248796463
cook;Cold;;;cold;0.0776097625494003
cook;Confusion;;;confusion;0.0143354013562202
cook;Cooking;;;cooking;0.785385608673096
cook;Cooking spunds;;;spunds;
cook;Cymbals;;;cymbals;-0.0351039431989193
cook;DON'T KNOW;;;don't;-0.00380259286612272
cook;Dancing;;;dancing;0.0379420518875122
cook;Danger;;;danger;0.0543780215084553
cook;Deception;;;deception;0.00516724865883589
cook;Disgust;;;disgust;0.00520256487652659
cook;Disgusting;;;disgusting;0.0190983340144157
cook;Drink;;;drink;0.0392796695232391
cook;Drink soup;;;soup;0.412209928035736
cook;Drinking;;;drinking;-0.0194282680749893
cook;Drinking broth;;;broth;0.402454793453217
cook;Drowning;;;drowning;-0.0294350553303957
cook;Drum;;;drum;0.0127081582322717
cook;Drum hi-hat;;;drum;0.0127081582322717
cook;Drum sounds;;;sounds;0.0201688446104527
cook;Drums, Hi-Hats;;;hats;-0.0550746768712997
cook;EAT;;;eat;0.332569897174835
cook;Eat;;;eat;0.332569897174835
cook;Eat or chew;;;eat;0.332569897174835
cook;Eating;;;eating;0.261821746826172
cook;Fire hissing;;;hissing;0.0349410101771355
cook;Freezing;;;freezing;0.091727651655674
cook;Funny;;;funny;0.0352734252810478
cook;Go away;;;go;0.0812040865421295
cook;HISSING;;;hissing;0.0349410101771355
cook;HOT;;;hot;0.210754722356796
cook;Hard;;;hard;-0.00988088268786669
cook;Hi hat;;;hat;-0.0251961909234524
cook;Hihat beatbox;;;beatbox;0.109169065952301
cook;Hissing;;;hissing;0.0349410101771355
cook;Hot;;;hot;0.210754722356796
cook;Hot food;;;food;0.384475082159042
cook;Hot or steam;;;hot;0.210754722356796
cook;I was walking;;;walking;0.0170872118324041
cook;Imitating beat;;;beat;0.0375063829123974
cook;Inarticulate sounds;;;sounds;0.0201688446104527
cook;Insult;;;insult;0.038012083619833
cook;It’s windy;;;’s;
cook;Lighting up candle;;;lighting;0.0681261569261551
cook;Like a beat;;;like;0.00445111328735948
cook;Lip smacking;;;smacking;-0.00460534682497382
cook;Lubdub;;;lubdub;
cook;Making nonsense noise;;;making;0.119919426739216
cook;Men’s ccc;;;men;-0.0193632747977972
cook;Mouth;;;mouth;-0.00907587260007858
cook;Munching;;;munching;0.00408355100080371
cook;Music;;;music;0.042426947504282
cook;Open  the drink;;;open;0.0859494358301163
cook;Open soda and pu it in glass;;;in;0.0278351493179798
cook;Opening pop can;;;pop;0.0271108970046043
cook;Opening soda;;;soda;0.00290575437247753
cook;Percussions;;;percussions;
cook;Perfume;;;perfume;-0.0320014208555222
cook;Person tasting food;;;tasting;0.136237993836403
cook;Playing;;;playing;-0.00142536929342896
cook;Playing drums;;;drums;-0.00244307657703757
cook;Please no;;;please;0.0128154819831252
cook;Press play;;;play;0.035963986068964
cook;Putting out candle;;;putting;0.0462132804095745
cook;Quiet;;;quiet;0.0410713851451874
cook;Quiet hiss;;;hiss;0.0317234508693218
cook;Rambling;;;rambling;-0.020415810868144
cook;Rapping;;;rapping;0.0611812770366669
cook;Rejection;;;rejection;-0.0429428070783615
cook;SOUND;;;sound;-0.0076008359901607
cook;Scornful;;;scornful;-0.0494373701512814
cook;Scratching tsk tsk;;;scratching;0.0013389412779361
cook;Shower;;;shower;0.0780263096094132
cook;Sighing;;;sighing;-0.0322271883487701
cook;Silly;;;silly;-0.0230457298457623
cook;Silly music;;;music;0.042426947504282
cook;Singing;;;singing;0.0882150828838348
cook;Sip;;;sip;-0.0367065221071243
cook;Sippinng;;;sippinng;
cook;Sizzle;;;sizzle;0.261498183012009
cook;Slurp smack;;;smack;0.00795808620750904
cook;Smack lips;;;lips;-0.053019791841507
cook;Snake;;;snake;-0.0262342058122158
cook;Snore;;;snore;0.00159647909458727
cook;Snoring;;;snoring;0.00199186149984598
cook;Snorring;;;snorring;
cook;Sound;;;sound;-0.0076008359901607
cook;Sound imitation;;;imitation;-0.0144153414294124
cook;Sour taste;;;taste;0.178374096751213
cook;Spray;;;spray;0.0206978376954794
cook;Starting car;;;car;-0.0225655939429998
cook;Stopped;;;stopped;-0.0649489909410477
cook;Strange sound;;;sound;-0.0076008359901607
cook;Sunth;;;sunth;
cook;Taste;;;taste;0.178374096751213
cook;Tasting;;;tasting;0.136237993836403
cook;Tiredness;;;tiredness;-0.041847251355648
cook;Train;;;train;0.0644371435046196
cook;Ts ts;;;ts;0.0117855882272124
cook;Ts tsss;;;tsss;
cook;Tsk Tsk;;;tsk;-0.00303658284246922
cook;Tsk tsk tssss, bloop bloop;;;bloop;-0.0192622318863869
cook;Tss tss;;;tss;-0.104757562279701
cook;Uneducated;;;uneducated;-0.0105558224022388
cook;Vacuum cleaner;;;cleaner;0.151649653911591
cook;Very tasty;;;tasty;0.244088724255562
cook;Vocal exercise;;;exercise;0.0294261872768402
cook;Warming voice;;;voice;0.035958107560873
cook;Whisper;;;whisper;-0.0171760134398937
cook;Windy day;;;day;0.0486511141061783
cook;Yawn;;;yawn;-0.0319113694131374
cook;adults talking child;;;adults;0.0580441541969776
cook;air intake;;;intake;0.0413878709077835
cook;alien gibberish;;;gibberish;-0.0819423347711563
cook;annoyance;;;annoyance;0.0103184087201953
cook;annoying;;;annoying;-0.00647218618541956
cook;attention;;;attention;-0.05050328373909
cook;ba dum tssss;;;tssss;
cook;babbling;;;babbling;-0.0353963971138001
cook;barbeque;;;barbeque;0.389153122901917
cook;bath;;;bath;0.146657049655914
cook;battery plates;;;plates;0.218260481953621
cook;be quiet;;;be;0.0878040194511414
cook;beat;;;beat;0.0375063829123974
cook;beat box;;;box;-0.022179126739502
cook;beat boxing;;;boxing;-0.0211863145232201
cook;beat with mouth;;;beat;0.0375063829123974
cook;beatbox;;;beatbox;0.109169065952301
cook;beatboxing;;;beatboxing;0.0985496118664742
cook;blow;;;blow;0.0528436452150345
cook;blow and eat;;;blow;0.0528436452150345
cook;blowing and eating;;;blowing;-0.00305369473062456
cook;blowing on food, then smacking lips together;;;blowing;-0.00305369473062456
cook;blowing out;;;blowing;-0.00305369473062456
cook;boast;;;boast;0.0646185278892517
cook;boil water;;;water;0.0842880234122276
cook;boiling;;;boiling;0.42905592918396
cook;boiling pot;;;pot;0.375004798173904
cook;boiling water;;;water;0.0842880234122276
cook;bored;;;bored;-0.0503394044935703
cook;breathing in;;;breathing;-0.000777214067056775
cook;burning;;;burning;0.163627430796623
cook;burns;;;burns;0.31204080581665
cook;bus making stops;;;making;0.119919426739216
cook;calling a dog for food;;;calling;0.0205767471343279
cook;calm;;;calm;0.0588972382247448
cook;can of soda;;;can;0.0846181958913803
cook;can of soda opening;;;can;0.0846181958913803
cook;car;;;car;-0.0225655939429998
cook;caution;;;caution;0.0164089072495699
cook;cheering up someone;;;cheering;-0.0700992569327354
cook;chewing;;;chewing;0.0505820736289024
cook;chewing and savoring;;;chewing;0.0505820736289024
cook;chho thm thm thm;;;chho;
cook;chick chick Tss;;;chick;0.147075459361076
cook;child;;;child;0.0511984452605248
cook;childish;;;childish;-0.0118425190448761
cook;chinchinytsss;;;chinchinytsss;
cook;chink chink tsss rabdam rabdadam;;;rabdadam;
cook;chisk chisk tssss gurgle gurgle gurgle;;;gurgle;0.0604780912399292
cook;chit..chit....sssss...blabla!;;;sssss;
cook;cho cho shhh;;;cho;0.0927635505795479
cook;chu chu;;;chu;0.0464857816696167
cook;ciuk ciuk cii blupblupblup;;;ciuk;
cook;cleaning teeth;;;cleaning;0.202283009886742
cook;coffee;;;coffee;0.102591551840305
cook;cold;;;cold;0.0776097625494003
cook;come;;;come;0.00469826906919479
cook;completely have no idea, kinda of stange sounds;;;kinda;-0.00993042625486851
cook;confused;;;confused;-0.0306299813091755
cook;contemplating;;;contemplating;-0.0380676873028278
cook;cooking;;;cooking;0.785385608673096
cook;cooking, boiling;;;cooking;0.785385608673096
cook;coughing, gurgling;;;coughing;-0.00178835785482079
cook;cymbal;;;cymbal;-0.0346061177551746
cook;cymbals;;;cymbals;-0.0351039431989193
cook;cymbals crashing;;;crashing;-0.0858487635850906
cook;danger;;;danger;0.0543780215084553
cook;deflate;;;deflate;0.0273651611059904
cook;delicate;;;delicate;0.0151924639940262
cook;delicious;;;delicious;0.25278103351593
cook;delicous;;;delicous;
cook;disappointed;;;disappointed;-0.00429808767512441
cook;disapproving;;;disapproving;-0.00842864159494638
cook;disbelieve;;;disbelieve;-0.0300940852612257
cook;dishsoap in water;;;dishsoap;
cook;diss;;;diss;0.0292157623916864
cook;dissapointment;;;dissapointment;
cook;distracted;;;distracted;0.0144126508384943
cook;diving;;;diving;0.0413377173244953
cook;do not know;;;know;0.0497216656804085
cook;dog sleeping;;;sleeping;0.058550737798214
cook;doing an impression;;;doing;0.0463601164519787
cook;don't belive it;;;belive;0.0714717134833336
cook;don't know;;;know;0.0497216656804085
cook;don't try it;;;try;0.099553607404232
cook;drink;;;drink;0.0392796695232391
cook;drink someting;;;drink;0.0392796695232391
cook;drinking;;;drinking;-0.0194282680749893
cook;drinking and tasting;;;drinking;-0.0194282680749893
cook;drinking from a straw;;;drinking;-0.0194282680749893
cook;drinking hot drink;;;drinking;-0.0194282680749893
cook;drinking smoothie;;;smoothie;0.0674105584621429
cook;drinking, swallowing;;;drinking;-0.0194282680749893
cook;drowned;;;drowned;-0.0159869585186243
cook;drowning;;;drowning;-0.0294350553303957
cook;drum;;;drum;0.0127081582322717
cook;drum cymbal noise;;;drum;0.0127081582322717
cook;drum cymbals;;;cymbals;-0.0351039431989193
cook;drumbeat;;;drumbeat;-0.0531494468450546
cook;drums;;;drums;-0.00244307657703757
cook;dynamite under water;;;dynamite;0.0271555613726378
cook;eat;;;eat;0.332569897174835
cook;eating;;;eating;0.261821746826172
cook;eating (vacuum);;;eating;0.261821746826172
cook;eating soup;;;eating;0.261821746826172
cook;eating spaghetti;;;eating;0.261821746826172
cook;echo;;;echo;-0.08936807513237
cook;engine start;;;start;0.0797983333468437
cook;excited to eat;;;excited;-0.0153420390561223
cook;fall down stairs;;;fall;0.011325622908771
cook;fast;;;fast;0.0760152935981751
cook;fear;;;fear;0.0263112094253302
cook;feeding child airplane;;;feeding;0.113455079495907
cook;feeling lazy;;;feeling;-0.0463187098503113
cook;fhhhh mlask mlask mlask;;;mlask;
cook;fire;;;fire;0.222863733768463
cook;firework;;;firework;0.0847472921013832
cook;fruaah;;;fruaah;
cook;frying egg;;;frying;0.584123253822327
cook;funny mouth sounds;;;mouth;-0.00907587260007858
cook;garble;;;garble;0.0114381248131394
cook;get back;;;get;0.0112695209681988
cook;gibberish;;;gibberish;-0.0819423347711563
cook;give you;;;give;0.0724132135510445
cook;glass breaking;;;breaking;-0.00950973574072123
cook;grilling;;;grilling;0.569543480873108
cook;gun sounds;;;sounds;0.0201688446104527
cook;gurgling;;;gurgling;0.025052847340703
cook;having a shower;;;having;0.0344472825527191
cook;having soup;;;having;0.0344472825527191
cook;heat in water;;;heat;0.307089418172836
cook;heating hot food;;;heating;0.277551203966141
cook;hey;;;hey;-0.014019601047039
cook;hhowmcmmcmmcm;;;hhowmcmmcmmcm;
cook;hi hat;;;hat;-0.0251961909234524
cook;hi-hat;;;hi;-0.0398326776921749
cook;hiiii nam nam;;;nam;-0.0228336099535227
cook;hiss;;;hiss;0.0317234508693218
cook;hisses;;;hisses;0.0534050539135933
cook;hissing;;;hissing;0.0349410101771355
cook;horse eating;;;eating;0.261821746826172
cook;hot;;;hot;0.210754722356796
cook;hot oil;;;oil;0.0794359743595123
cook;hum;;;hum;0.0215595811605454
cook;i dont know;;;know;0.0497216656804085
cook;idk;;;idk;-0.0509219169616699
cook;ignite;;;ignite;0.157522767782211
cook;imitating;;;imitating;0.00206851097755134
cook;immitating bird;;;bird;0.134563937783241
cook;incoherent sounds;;;sounds;0.0201688446104527
cook;inhale and savor;;;inhale;0.0852877125144005
cook;insect;;;insect;-0.0270467214286327
cook;instrumental music;;;music;0.042426947504282
cook;jazz;;;jazz;0.0458108857274056
cook;juuuuuu ppp;;;ppp;-0.054429654031992
cook;keep talking;;;keep;0.056998498737812
cook;khow gup;;;gup;-0.074594184756279
cook;kwaa tap tap tap;;;tap;-0.0178582593798637
cook;lighting up;;;lighting;0.0681261569261551
cook;like;;;like;0.00445111328735948
cook;machine;;;machine;0.0225503798574209
cook;madness;;;madness;-0.0179473590105772
cook;make fun;;;make;0.191837504506111
cook;mess;;;mess;0.207000955939293
cook;mimic music;;;music;0.042426947504282
cook;minecraft lava intem;;;intem;
cook;modern music;;;music;0.042426947504282
cook;motor;;;motor;0.00770335597917438
cook;moutbh noise and sipping;;;noise;0.014782315120101
cook;mouth drum;;;drum;0.0127081582322717
cook;mouth sound;;;sound;-0.0076008359901607
cook;mouth warmup;;;warmup;0.0662474110722542
cook;munch;;;munch;0.0567531287670136
cook;munching;;;munching;0.00408355100080371
cook;music;;;music;0.042426947504282
cook;noises;;;noises;0.0201594531536102
cook;nudge;;;nudge;0.0187025498598814
cook;of course;;;of;-0.0915649235248566
cook;oomtutu;;;oomtutu;
cook;open and pour;;;open;0.0859494358301163
cook;open the bottle;;;open;0.0859494358301163
cook;opening;;;opening;0.0255978405475616
cook;opening a can;;;opening;0.0255978405475616
cook;opening a pump;;;opening;0.0255978405475616
cook;opening coke and drink;;;opening;0.0255978405475616
cook;pasta;;;pasta;0.403737723827362
cook;pff mnham mham;;;mham;
cook;photo;;;photo;-0.00700232991948724
cook;playing;;;playing;-0.00142536929342896
cook;playing , silly;;;playing;-0.00142536929342896
cook;playing a baby;;;playing;-0.00142536929342896
cook;playing cymbals;;;playing;-0.00142536929342896
cook;playing train;;;playing;-0.00142536929342896
cook;pouring water;;;pouring;-0.00823647808283567
cook;pressure release;;;release;0.000899506558198482
cook;printer;;;printer;0.0212078895419836
cook;pssss psssss;;;psssss;
cook;psuhhhf...psuhhff;;;psuhhff;
cook;ptsiptsi;;;ptsiptsi;
cook;quiet;;;quiet;0.0410713851451874
cook;quiet, too noisy;;;noisy;0.0118303140625358
cook;rain;;;rain;-0.0328411050140858
cook;random;;;random;-0.0537732653319836
cook;rooomtmtmt;;;rooomtmtmt;
cook;run;;;run;0.132707461714745
cook;rythm;;;rythm;
cook;sarcasm;;;sarcasm;-0.0231218952685595
cook;sauna;;;sauna;0.115155793726444
cook;savoring taste;;;savoring;0.127634838223457
cook;shaking bottle cola;;;cola;-0.0439828597009182
cook;shooting;;;shooting;0.0412001684308052
cook;show off;;;show;0.0548534840345383
cook;showing off;;;showing;-0.0372895114123821
cook;silly;;;silly;-0.0230457298457623
cook;silly noises;;;noises;0.0201594531536102
cook;sim;;;sim;0.0573819428682327
cook;sing;;;sing;0.143233075737953
cook;sink sounds;;;sounds;0.0201688446104527
cook;sipping;;;sipping;-0.0642844140529633
cook;sizzle;;;sizzle;0.261498183012009
cook;sizzling and drinking;;;sizzling;0.212455257773399
cook;sleep;;;sleep;0.0592552870512009
cook;sleeping;;;sleeping;0.058550737798214
cook;sleeping noises;;;noises;0.0201594531536102
cook;slow;;;slow;0.144916191697121
cook;slurp;;;slurp;0.0482166558504105
cook;slurp noodles;;;noodles;0.363994032144547
cook;slurping;;;slurping;0.0082489550113678
cook;slurping soup;;;slurping;0.0082489550113678
cook;smack;;;smack;0.00795808620750904
cook;smacking mouth;;;mouth;-0.00907587260007858
cook;smell and eat;;;smell;0.0924055874347687
cook;smoking;;;smoking;0.0981347188353539
cook;snake;;;snake;-0.0262342058122158
cook;snake sound;;;sound;-0.0076008359901607
cook;snake sounds;;;sounds;0.0201688446104527
cook;sniffing;;;sniffing;-0.0171298142522573
cook;snore;;;snore;0.00159647909458727
cook;snoring;;;snoring;0.00199186149984598
cook;snoring while lipping lips;;;snoring;0.00199186149984598
cook;snoring, slurping;;;snoring;0.00199186149984598
cook;snort;;;snort;0.000396219198592007
cook;snort smack smack smack;;;smack;0.00795808620750904
cook;soda can;;;can;0.0846181958913803
cook;soft drinks;;;drinks;0.0725026428699493
cook;soft tst tst (like a cymbal);;;like;0.00445111328735948
cook;sound, man;;;sound;-0.0076008359901607
cook;soup;;;soup;0.412209928035736
cook;spicy;;;spicy;0.269968509674072
cook;splashing;;;splashing;-0.0300075691193342
cook;spray;;;spray;0.0206978376954794
cook;spraying;;;spraying;-0.0691611543297768
cook;starting engine;;;starting;0.0329363904893398
cook;starting machine;;;starting;0.0329363904893398
cook;steam iron;;;iron;0.0931162387132645
cook;steam train;;;train;0.0644371435046196
cook;straw;;;straw;-0.0726383030414581
cook;stretching after waking;;;stretching;-0.0621289610862732
cook;suck;;;suck;0.0189216751605272
cook;sucking;;;sucking;-0.0752342492341995
cook;swimming;;;swimming;0.0633747056126595
cook;taste;;;taste;0.178374096751213
cook;taste testing;;;testing;-0.0148340426385403
cook;tasting;;;tasting;0.136237993836403
cook;tasty;;;tasty;0.244088724255562
cook;tch tch tsss blah blah blah;;;blah;-0.0390805639326572
cook;tea drinking;;;drinking;-0.0194282680749893
cook;tease;;;tease;0.0555450804531574
cook;thank you;;;thank;0.000238165812334046
cook;that's enough;;;'s;
cook;thinking;;;thinking;-0.0116285681724548
cook;thirsty;;;thirsty;-0.141019091010094
cook;this is what happened;;;is;0.0108712371438742
cook;throwing;;;throwing;0.0389139465987682
cook;tink tink tsss bllrb;;;tink;0.0706034451723099
cook;tire pressure;;;pressure;0.0721835643053055
cook;tiss;;;tiss;
cook;tititshibububu;;;tititshibububu;
cook;to sniff;;;sniff;0.030383912846446
cook;tongue;;;tongue;0.0350905656814575
cook;tongue sounds;;;sounds;0.0201688446104527
cook;too hot;;;hot;0.210754722356796
cook;toothbrush;;;toothbrush;0.0350696220993996
cook;train;;;train;0.0644371435046196
cook;truck braking;;;braking;-0.0328199155628681
cook;ts ts;;;ts;0.0117855882272124
cook;ts ts ts blblblblbl;;;blblblblbl;
cook;ts tss;;;tss;-0.104757562279701
cook;tsc tsc;;;tsc;
cook;tsc tsc blum;;;blum;0.0942614153027535
cook;tschh  tschh;;;tschh;
cook;tse tse;;;tse;0.0158744025975466
cook;tsh tsh ccc blbblbl;;;tsh;-0.0348457284271717
cook;tsk;;;tsk;-0.00303658284246922
cook;tsk tsk;;;tsk;-0.00303658284246922
cook;tss tss;;;tss;-0.104757562279701
cook;tss tsss;;;tsss;
cook;tss-tss;;;tss;-0.104757562279701
cook;tssk tssk tissss;;;tissss;
cook;tsss tss;;;tss;-0.104757562279701
cook;tsss tss..;;;tss;-0.104757562279701
cook;tsss tsss;;;tsss;
cook;tsss tssss;;;tssss;
cook;tsts;;;tsts;
cook;tststs;;;tststs;
cook;tststststss;;;tststststss;
cook;tuk tuk tuk tss plup;;;plup;
cook;turning on water;;;turning;0.083954393863678
cook;turning up the oven;;;turning;0.083954393863678
cook;tut;;;tut;-0.0458897650241852
cook;tututshh mlmlml;;;mlmlml;
cook;using a spoon;;;using;0.00721029099076986
cook;using tools;;;using;0.00721029099076986
cook;vehicle voices?;;;voices;-0.000946329208090901
cook;vocal nonsense;;;nonsense;-0.0496053621172905
cook;waiting;;;waiting;0.0789249762892723
cook;wake up;;;wake;0.0592927485704422
cook;warm ups;;;ups;0.00616667699068785
cook;warning;;;warning;0.0348238497972488
cook;wash;;;wash;0.207330957055092
cook;waste;;;waste;0.0691302418708801
cook;water;;;water;0.0842880234122276
cook;water effects;;;effects;-0.016542149707675
cook;weapons;;;weapons;0.0222094487398863
cook;weird vocal sitimming;;;sitimming;
cook;who knows!;;;knows;0.0578066967427731
cook;whoosh chomp chomp chomp;;;chomp;0.0587782934308052
cook;whuuu platt platt platt;;;whuuu;
cook;whuuuuuu ciam ciam ciam;;;ciam;
cook;wind;;;wind;-0.00721393525600433
cook;wine tasting sound;;;tasting;0.136237993836403
cook;yummy soup;;;soup;0.412209928035736
cook;“Looks delicious!”;;;looks;0.0287942830473185
cook;“Turn it on”;;;turn;0.186417385935783
cook;;;;nan;0.120489202439785
woman;A BANANA;;;banana;0.0296244863420725
woman;A calling;;;calling;0.0232277251780033
woman;Adult sound;;;sound;0.052092120051384
woman;Amanana;;;amanana;
woman;Amazed;;;amazed;0.0384575165808201
woman;Amused;;;amused;-0.0386488251388073
woman;Amusement;;;amusement;-0.0533906668424606
woman;Animal;;;animal;0.0997136533260346
woman;Auu;;;auu;
woman;Auuummmmmm.....;;;auuummmmmm;
woman;Auuuu;;;auuuu;
woman;BABY;;;baby;0.176700308918953
woman;Babble;;;babble;-0.034832801669836
woman;Baby;;;baby;0.176700308918953
woman;Bark sound;;;sound;0.052092120051384
woman;Blah blah;;;blah;-0.029223408550024
woman;Careful;;;careful;0.00125991727691144
woman;Cartoon sleeping;;;sleeping;0.0414242893457413
woman;Chill;;;chill;-0.0126597490161657
woman;Cold;;;cold;0.0181421302258968
woman;Complain;;;complain;0.0395333543419838
woman;Confusion;;;confusion;0.108847856521606
woman;Cozy;;;cozy;-0.0856285244226456
woman;Danger;;;danger;0.0183402951806784
woman;Depressed person;;;person;0.464752554893494
woman;Disbelief;;;disbelief;0.0881552547216415
woman;Enjoyment;;;enjoyment;-0.0209797061979771
woman;Excitement;;;excitement;-0.028910418972373
woman;Excitement, surprised;;;excitement;-0.028910418972373
woman;Exclamation, Surprised;;;exclamation;0.0573283061385155
woman;Exictement and surprise;;;exictement;
woman;Falling. Gently;;;falling;0.124489665031433
woman;Fatigue;;;fatigue;0.0430385209619999
woman;Feeling of surprise;;;feeling;0.110426880419254
woman;Female wail;;;wail;0.0583427250385284
woman;Finding out something;;;finding;0.0701855719089508
woman;Fright;;;fright;0.0255679618567228
woman;Funny;;;funny;0.0709719508886337
woman;Giggle;;;giggle;-0.0488713681697845
woman;HURRAY;;;hurray;-0.0770039856433868
woman;Happiness;;;happiness;0.0214575566351414
woman;Happy;;;happy;-0.0492393784224987
woman;Hmmmmm;;;hmmmmm;
woman;Horse;;;horse;0.0973636880517006
woman;Horse neighing;;;neighing;0.00839281920343638
woman;How are you;;;are;0.00713373720645905
woman;Hurry up;;;hurry;-0.0235867518931627
woman;I am Lora;;;am;0.204178974032402
woman;I am tired;;;am;0.204178974032402
woman;I don't know;;;know;0.0317696072161198
woman;I dunno;;;dunno;0.0468107052147388
woman;I'm a runner;;;'m;
woman;I'm admired;;;admired;0.034984216094017
woman;I'm alone;;;'m;
woman;I'm surprised;;;'m;
woman;Imitating a trumpet;;;imitating;-0.000174824366695248
woman;Imitating beat;;;beat;0.0541496016085148
woman;Imitating wolf sound;;;imitating;-0.000174824366695248
woman;Impressed, surprised;;;surprised;-0.0101387286558747
woman;Inquireness;;;inquireness;
woman;Japanese woman singing;;;woman;1.00000011920929
woman;LAUGHING;;;laughing;0.0418500788509846
woman;Laugh;;;laugh;0.0367783233523369
woman;Laughter;;;laughter;0.0524320900440216
woman;Lets go, no?;;;go;0.0213152356445789
woman;Light snicker;;;snicker;-0.0445050075650215
woman;Like italian language;;;like;0.00207461882382631
woman;Making fun;;;making;0.056366253644228
woman;Men’s low  uuuu;;;uuuu;
woman;Monkey;;;monkey;0.0215005446225405
woman;Mumbling;;;mumbling;0.0558369532227516
woman;Naughty;;;naughty;-0.135273635387421
woman;Nervousness;;;nervousness;-0.0418729074299336
woman;Noding;;;noding;
woman;Nonsense;;;nonsense;0.0240618977695704
woman;Not sure;;;sure;-0.0128486966714263
woman;Oh dear or what is it;;;is;0.137559205293655
woman;Oh no no;;;oh;0.0349167734384537
woman;Oh what? A questioning sound;;;sound;0.052092120051384
woman;Oh!;;;oh;0.0349167734384537
woman;Oooh!;;;oooh;-0.0211338829249144
woman;Pleasantly surprised;;;surprised;-0.0101387286558747
woman;Pleased;;;pleased;-0.0753669366240501
woman;Pomodoro;;;pomodoro;0.0309285949915648
woman;Pronunciation;;;pronunciation;0.0192877501249313
woman;Questioning;;;questioning;0.172246545553207
woman;Realization;;;realization;0.0206151120364666
woman;Reject idea;;;idea;0.10782902687788
woman;Relief;;;relief;-0.0423539578914642
woman;SHOUT;;;shout;0.0506633557379246
woman;SLEEP;;;sleep;-0.0264656879007816
woman;Satisfied;;;satisfied;-0.0516853854060173
woman;Scared;;;scared;0.0391409918665886
woman;Scary;;;scary;0.0218101274222136
woman;Shivering;;;shivering;0.000511669204570353
woman;Shivers;;;shivers;-0.0328140109777451
woman;Shock;;;shock;0.0112763121724129
woman;Shyness;;;shyness;-0.0133111923933029
woman;Sigh;;;sigh;9.40662503126077E-05
woman;Sing;;;sing;0.000604083470534533
woman;Singing;;;singing;0.0327948145568371
woman;So good;;;good;0.00864588655531406
woman;Soothing;;;soothing;-0.0312118772417307
woman;Strange dialect;;;dialect;0.0420986190438271
woman;Suprise;;;suprise;-0.0315801128745079
woman;Surprise;;;surprise;-0.0201838202774525
woman;Surprise d;;;surprise;-0.0201838202774525
woman;Surprised;;;surprised;-0.0101387286558747
woman;Surprised inquiry;;;inquiry;0.0887863487005234
woman;Surprize;;;surprize;-0.0416099056601524
woman;Suspense;;;suspense;0.00309582427144051
woman;Talk;;;talk;0.0118010444566607
woman;Talking;;;talking;0.0638200044631958
woman;The person doesn't know something;;;know;0.0317696072161198
woman;Tired;;;tired;0.037138108164072
woman;Uuh;;;uuh;
woman;Vamo Nuno;;;nuno;0.019242525100708
woman;Vocalist;;;vocalist;0.0315600745379925
woman;Welcome;;;welcome;-0.109467998147011
woman;Welcome home;;;welcome;-0.109467998147011
woman;What a surprise;;;surprise;-0.0201838202774525
woman;What we doing now;;;doing;0.0538712441921234
woman;Whimsy, joy;;;whimsy;-0.0100118387490511
woman;Whinny;;;whinny;-0.00271475897170603
woman;Woman;;;woman;1.00000011920929
woman;Woman, Quiet;;;woman;1.00000011920929
woman;Women’s  inarticulate.sounds;;;women;0.635679483413696
woman;Wow;;;wow;-0.0129437418654561
woman;Yawn;;;yawn;-0.080943651497364
woman;Yawning;;;yawning;-0.0172574855387211
woman;a banana;;;banana;0.0296244863420725
woman;a request;;;request;0.0187950413674116
woman;aahaaa;;;aahaaa;
woman;admired sound;;;sound;0.052092120051384
woman;agree;;;agree;-0.0477559790015221
woman;agreeing sound;;;agreeing;-0.00637820921838284
woman;amazed;;;amazed;0.0384575165808201
woman;amazement;;;amazement;0.0611499845981598
woman;amazing;;;amazing;-0.00212617008946836
woman;amerola;;;amerola;
woman;amerono;;;amerono;
woman;amonana;;;amonana;
woman;amonona;;;amonona;
woman;amusement;;;amusement;-0.0533906668424606
woman;annoyed;;;annoyed;-0.00531820533797145
woman;asleep;;;asleep;-0.000859705090988427
woman;astonishment;;;astonishment;0.0650688633322716
woman;attention;;;attention;-0.00297946180216968
woman;awakening;;;awakening;-0.0291833095252514
woman;awe;;;awe;0.058318916708231
woman;awhoowhoowhoo;;;awhoowhoowhoo;
woman;babble;;;babble;-0.034832801669836
woman;baby cooing;;;cooing;-0.0107311196625233
woman;baby talk;;;talk;0.0118010444566607
woman;banana;;;banana;0.0296244863420725
woman;be quiet;;;be;0.0751132518053055
woman;being startled;;;startled;0.0370247550308704
woman;bewilderment;;;bewilderment;0.0943294540047646
woman;bored;;;bored;-0.0327641852200031
woman;bottom kick;;;kick;-0.00236888276413083
woman;but why?;;;why;0.0702882185578346
woman;c'mon Bruno;;;c'm;
woman;calling someone;;;calling;0.0232277251780033
woman;cartoon character talking;;;character;0.0416127219796181
woman;cheerful;;;cheerful;-0.0114867044612765
woman;cheering;;;cheering;-0.0185736957937479
woman;child;;;child;0.297484338283539
woman;child vocalization;;;vocalization;0.00708162412047386
woman;chills;;;chills;-0.000467325269710273
woman;chinese woman calling others;;;woman;1.00000011920929
woman;chipper;;;chipper;-0.0196386519819498
woman;chuckle;;;chuckle;0.00380857172422111
woman;cloun;;;cloun;
woman;cold;;;cold;0.0181421302258968
woman;come along;;;come;-0.000521556008607149
woman;come on;;;come;-0.000521556008607149
woman;complaint;;;complaint;0.0531983003020287
woman;confused;;;confused;0.123452603816986
woman;confusion;;;confusion;0.108847856521606
woman;coyness;;;coyness;-0.00829945411533117
woman;cozy;;;cozy;-0.0856285244226456
woman;damage;;;damage;0.0222786217927933
woman;dancing;;;dancing;-0.00425820797681809
woman;delight;;;delight;-0.0444986633956432
woman;delighted;;;delighted;-0.0673774480819702
woman;disapproval;;;disapproval;0.0174649097025394
woman;distance;;;distance;0.0140451537445188
woman;distrust;;;distrust;0.0707847997546196
woman;dog;;;dog;0.139520868659019
woman;dog bark;;;bark;-0.00859519559890032
woman;don't know;;;know;0.0317696072161198
woman;dont know;;;know;0.0317696072161198
woman;drunk;;;drunk;0.0397874750196934
woman;enjoyment;;;enjoyment;-0.0209797061979771
woman;excited;;;excited;-0.107051193714142
woman;excitment;;;excitment;-0.0206848289817572
woman;exclamation;;;exclamation;0.0573283061385155
woman;exitement;;;exitement;
woman;expressing pleasant surprise;;;expressing;0.100830599665642
woman;fairy;;;fairy;-0.0305019523948431
woman;fake italian;;;italian;0.12276952713728
woman;family;;;family;0.138661116361618
woman;fantastic;;;fantastic;-0.0392942540347576
woman;feeling giddy;;;feeling;0.110426880419254
woman;forlorn;;;forlorn;0.0855038389563561
woman;freaked;;;freaked;0.046038705855608
woman;freight;;;freight;0.0119031043723226
woman;frightened;;;frightened;0.0664283409714699
woman;funny;;;funny;0.0709719508886337
woman;getting icy cold;;;getting;0.056638341397047
woman;getting to sleep;;;getting;0.056638341397047
woman;ghost;;;ghost;-0.0318927094340324
woman;giggle;;;giggle;-0.0488713681697845
woman;giggling;;;giggling;-0.0287404004484415
woman;giggly;;;giggly;-0.0663244351744652
woman;girl;;;girl;0.59540319442749
woman;goosebumps;;;goosebumps;-0.0400998368859291
woman;got it;;;got;0.0771183595061302
woman;gtreetings;;;gtreetings;
woman;hahhhhhhhmrrrdddhhh;;;hahhhhhhhmrrrdddhhh;
woman;hahohohoho;;;hahohohoho;
woman;hammanono;;;hammanono;
woman;happiness;;;happiness;0.0214575566351414
woman;happy;;;happy;-0.0492393784224987
woman;happy horse;;;horse;0.0973636880517006
woman;happy surprise;;;surprise;-0.0201838202774525
woman;happy woman;;;woman;1.00000011920929
woman;happy, whimsical;;;happy;-0.0492393784224987
woman;having fun;;;having;0.178575158119202
woman;here i come;;;come;-0.000521556008607149
woman;hhhmmmmmm;;;hhhmmmmmm;
woman;hmmhmmmmhmmhmhm;;;hmmhmmmmhmmhmhm;
woman;hold on;;;hold;0.0916336625814438
woman;holding someone back;;;holding;0.105794861912727
woman;home alone;;;home;0.0552001036703587
woman;honolulu;;;honolulu;0.011505807749927
woman;horse;;;horse;0.0973636880517006
woman;horse neigh;;;neigh;0.00357311172410846
woman;horse neighing;;;neighing;0.00839281920343638
woman;horse shy;;;shy;0.00869705714285374
woman;horse sound;;;sound;0.052092120051384
woman;horse sounds;;;sounds;0.0596718341112137
woman;how are you;;;are;0.00713373720645905
woman;hu-hu-hu-hum;;;hu;0.165499046444893
woman;hum;;;hum;-0.0337269529700279
woman;humming;;;humming;-0.0191916655749083
woman;humming with excitement;;;humming;-0.0191916655749083
woman;hurry;;;hurry;-0.0235867518931627
woman;hurt;;;hurt;0.06900554895401
woman;i don't know;;;know;0.0317696072161198
woman;i'll consider it;;;consider;0.0651953369379044
woman;idiot;;;idiot;-0.00716512883082032
woman;idk;;;idk;-0.0683097541332245
woman;impatience;;;impatience;-0.0131684774532914
woman;impersonating;;;impersonating;0.0163146406412125
woman;in love;;;in;0.152131840586662
woman;information;;;information;0.0116592841222882
woman;interesting;;;interesting;-0.0205573700368404
woman;joke;;;joke;0.0454818643629551
woman;lady;;;lady;0.58128696680069
woman;laugh;;;laugh;0.0367783233523369
woman;laughing;;;laughing;0.0418500788509846
woman;laughing horse;;;horse;0.0973636880517006
woman;laughter;;;laughter;0.0524320900440216
woman;laziness;;;laziness;-0.0943789407610893
woman;let's go;;;let;-0.0304713621735573
woman;mama;;;mama;0.173042550683022
woman;man;;;man;0.70974063873291
woman;man sound;;;sound;0.052092120051384
woman;mananana;;;mananana;
woman;mocking;;;mocking;-0.029419120401144
woman;mouth sound;;;sound;0.052092120051384
woman;mumble;;;mumble;-0.00681395921856165
woman;mumbling;;;mumbling;0.0558369532227516
woman;murmur;;;murmur;0.0244606286287308
woman;nap;;;nap;-0.087847150862217
woman;neighing noise;;;neighing;0.00839281920343638
woman;nooo;;;nooo;-0.0225006993860006
woman;oeuhhh;;;oeuhhh;
woman;oh mo no no;;;mo;0.0839777812361717
woman;oh my;;;oh;0.0349167734384537
woman;oh no;;;oh;0.0349167734384537
woman;oh wow;;;oh;0.0349167734384537
woman;ohh;;;ohh;0.00529319792985916
woman;ohhh;;;ohhh;0.0133656617254019
woman;ohhh (surprise);;;ohhh;0.0133656617254019
woman;omanora;;;omanora;
woman;ommmihhsss;;;ommmihhsss;
woman;omolola;;;omolola;
woman;omonono;;;omonono;
woman;ooh;;;ooh;0.0202177446335554
woman;ooh excitement;;;excitement;-0.028910418972373
woman;oohhh sound;;;sound;0.052092120051384
woman;oooh;;;oooh;-0.0211338829249144
woman;oooo;;;oooo;0.00749359326437116
woman;ooooh;;;ooooh;0.00753462826833129
woman;oul;;;oul;0.0646790117025375
woman;owl;;;owl;0.00705142412334681
woman;owww;;;owww;
woman;playful smile;;;smile;-0.0105452444404364
woman;pleasant;;;pleasant;-0.000330644572386518
woman;pleasantly surprised;;;surprised;-0.0101387286558747
woman;pleased;;;pleased;-0.0753669366240501
woman;pleasur;;;pleasur;
woman;pleasure;;;pleasure;0.0178742296993732
woman;pomeroro;;;pomeroro;
woman;prolongued whimper;;;whimper;0.0222603976726532
woman;question;;;question;0.128657117486
woman;questioning;;;questioning;0.172246545553207
woman;rabbit;;;rabbit;-0.0064037055708468
woman;realization;;;realization;0.0206151120364666
woman;relief;;;relief;-0.0423539578914642
woman;relief and pleasant surprise;;;relief;-0.0423539578914642
woman;sadness;;;sadness;0.0758512765169144
woman;satisfaction;;;satisfaction;-0.0223672743886709
woman;satisfaing;;;satisfaing;
woman;satisfied;;;satisfied;-0.0516853854060173
woman;saying - but why?;;;saying;0.140217125415802
woman;saying no;;;saying;0.140217125415802
woman;scared;;;scared;0.0391409918665886
woman;shiver;;;shiver;-0.0536497719585896
woman;shivering;;;shivering;0.000511669204570353
woman;shivering in cold;;;shivering;0.000511669204570353
woman;shock;;;shock;0.0112763121724129
woman;shocked;;;shocked;0.0290690995752811
woman;shuddering;;;shuddering;0.0245243366807699
woman;shy;;;shy;0.00869705714285374
woman;sigh;;;sigh;9.40662503126077E-05
woman;silliness;;;silliness;-0.0337743125855923
woman;sing;;;sing;0.000604083470534533
woman;singing;;;singing;0.0327948145568371
woman;singing puppet song;;;singing;0.0327948145568371
woman;singing softly;;;singing;0.0327948145568371
woman;singing?;;;singing;0.0327948145568371
woman;sinking;;;sinking;0.0178951229900122
woman;sleep;;;sleep;-0.0264656879007816
woman;sleeping;;;sleeping;0.0414242893457413
woman;smiling;;;smiling;0.0442429184913635
woman;snickering;;;snickering;-0.0302133020013571
woman;snoring;;;snoring;0.0046660965308547
woman;soft meh meh meh ma;;;ma;0.153700098395348
woman;something is rolling;;;rolling;-0.00927193369716406
woman;something tasty;;;something;0.153702944517136
woman;sound;;;sound;0.052092120051384
woman;speaking;;;speaking;0.0746922641992569
woman;speaking without being able;;;speaking;0.0746922641992569
woman;strange;;;strange;0.215393409132957
woman;suprise;;;suprise;-0.0315801128745079
woman;suprised;;;suprised;-0.0354293026030064
woman;surprise;;;surprise;-0.0201838202774525
woman;surprise expresion;;;expresion;
woman;surprise, unexpected;;;surprise;-0.0201838202774525
woman;surprised;;;surprised;-0.0101387286558747
woman;surprised gay man;;;man;0.70974063873291
woman;surprised grunt;;;grunt;0.0154916997998953
woman;surprised woman;;;woman;1.00000011920929
woman;taking care;;;taking;0.0447208993136883
woman;talking;;;talking;0.0638200044631958
woman;teeheeee;;;teeheeee;
woman;tired;;;tired;0.037138108164072
woman;titter;;;titter;-0.0283198319375515
woman;trying to laugh;;;trying;0.138318568468094
woman;uh-hmmm;;;hmmm;0.0564176291227341
woman;uhh;;;uhh;-0.0214509684592485
woman;uhhh;;;uhhh;0.0175420343875885
woman;uhm uhm;;;uhm;0.0151684917509556
woman;uhuhhhh;;;uhuhhhh;
woman;um un uno;;;uno;0.0612964779138565
woman;ummadono;;;ummadono;
woman;underarmour;;;underarmour;
woman;understanding awe;;;understanding;0.111474931240082
woman;unintellible noises;;;noises;0.0301250219345093
woman;uuuuuuuu;;;uuuuuuuu;
woman;vamos uno;;;vamos;0.00666301604360342
woman;waking up;;;waking;0.0312209483236074
woman;warming up;;;warming;-0.050807997584343
woman;went that way;;;went;0.0593374073505402
woman;what;;;what;0.0810405761003494
woman;whine;;;whine;-0.00822509359568358
woman;whoooo;;;whoooo;0.00941894203424454
woman;witch;;;witch;0.0705293789505959
woman;woman calling someone;;;calling;0.0232277251780033
woman;wondering;;;wondering;0.103806413710117
woman;woo;;;woo;0.0114822201430798
woman;woohoo;;;woohoo;-0.0402144826948643
woman;woooah;;;woooah;
woman;woooh;;;woooh;
woman;worried;;;worried;0.0128220105543733
woman;worried for someone or showing empathy;;;showing;0.0731399431824684
woman;worry;;;worry;0.00266470643691719
woman;wow;;;wow;-0.0129437418654561
woman;wowowow;;;wowowow;
woman;yawn;;;yawn;-0.080943651497364
woman;yawning;;;yawning;-0.0172574855387211
woman;yawning/stretching;;;stretching;0.0413002595305443
woman;yelp;;;yelp;-0.0683389008045197
woman;young;;;young;0.276299685239792
woman;;;;nan;0.102781809866428
pound;"""doom""";;;doom;0.0378383696079254
pound;Anger, violence;;;anger;-0.0209594666957855
pound;Angry;;;angry;0.0225320905447006
pound;Anxiety;;;anxiety;-0.00733815506100655
pound;BEAT;;;beat;0.287500739097595
pound;Bang;;;bang;0.197268798947334
pound;Bang or thump;;;bang;0.197268798947334
pound;Beat;;;beat;0.287500739097595
pound;Beatbox;;;beatbox;0.150372430682182
pound;Beating;;;beating;0.256616532802582
pound;Big bangs;;;bangs;0.0637291222810745
pound;Bmop bmp;;;bmp;-0.0393697805702686
pound;Bomb;;;bomb;0.175651893019676
pound;Bombs;;;bombs;0.211000129580498
pound;Boom Boom;;;boom;0.0993993282318115
pound;Bump;;;bump;0.151919290423393
pound;Call;;;call;0.0508882328867912
pound;Car;;;car;-0.00303611601702869
pound;Car door closing;;;door;0.087135337293148
pound;Clank clank!;;;clank;0.099309504032135
pound;Closed;;;closed;-0.00431102700531483
pound;Colision;;;colision;
pound;Come Come;;;come;0.012663540430367
pound;Cough;;;cough;0.0324517823755741
pound;DUM;;;dum;-0.00334935379214585
pound;Danger;;;danger;-0.0248491000384092
pound;Dinosaur;;;dinosaur;-0.0234074760228395
pound;Done;;;done;-0.0652401819825172
pound;Dont;;;do;-0.0355944111943245
pound;Don’t;;;do;-0.0355944111943245
pound;Doom;;;doom;0.0378383696079254
pound;Doomp;;;doomp;
pound;Doop;;;doop;0.0919798985123634
pound;Door knock;;;knock;0.244245678186417
pound;Dor Knocking;;;knocking;0.216410905122757
pound;Drop;;;drop;0.199984431266785
pound;Drum;;;drum;0.167675390839577
pound;Drum kick;;;kick;0.106778360903263
pound;Drum sound;;;sound;0.0545915886759758
pound;Drumming;;;drumming;0.0999816358089447
pound;Drums;;;drums;0.147404283285141
pound;Dum;;;dum;-0.00334935379214585
pound;Dumb, stupid;;;stupid;-0.00860076025128365
pound;Dump;;;dump;0.160974115133286
pound;Dunk;;;dunk;0.106829762458801
pound;Dunk Dunk dunk;;;dunk;0.106829762458801
pound;Dunk-dunk-dunk;;;dunk;0.106829762458801
pound;Encroach;;;encroach;-0.031249824911356
pound;Excitement;;;excitement;-0.0408449470996857
pound;Explosion;;;explosion;0.064375564455986
pound;FALL;;;fall;0.0961120799183846
pound;Fall;;;fall;0.0961120799183846
pound;Fall to the ground;;;fall;0.0961120799183846
pound;Giant;;;giant;0.150536134839058
pound;Gun;;;gun;0.00204098783433437
pound;Gun firing;;;firing;-0.0110662896186113
pound;Gun shot;;;shot;0.0490930527448654
pound;Gunshots;;;gunshots;0.00411021430045366
pound;Hammering;;;hammering;0.269438564777374
pound;Hard thump;;;thump;0.315597265958786
pound;Heavy;;;heavy;0.263199865818024
pound;Hit;;;hit;0.228313624858856
pound;Hitting;;;hitting;0.259260594844818
pound;Imitating a beat;;;imitating;0.0322910882532597
pound;Imitating beat;;;beat;0.287500739097595
pound;Imitating train;;;train;0.0673770979046822
pound;Impact;;;impact;0.121051877737045
pound;Joy;;;joy;-0.0208209659904242
pound;Jumping;;;jumping;0.046888679265976
pound;Knock;;;knock;0.244245678186417
pound;Knock Knock;;;knock;0.244245678186417
pound;Knock door;;;door;0.087135337293148
pound;Knock knock knock;;;knock;0.244245678186417
pound;Knocking;;;knocking;0.216410905122757
pound;Knot the door;;;knot;0.0596523396670818
pound;Like shooting, fear;;;like;0.0508769452571869
pound;Like techno sound;;;sound;0.0545915886759758
pound;Loud footsteps;;;footsteps;0.0975495725870132
pound;Male.  Inarticulate sounds;;;sounds;0.0516800731420517
pound;Moto;;;moto;-0.0775220766663551
pound;Move;;;move;0.104956649243832
pound;Music;;;music;-0.0439471080899239
pound;Music player;;;player;0.00166291219647974
pound;Music, bass;;;music;-0.0439471080899239
pound;Nail something;;;nail;0.142129674553871
pound;Pam pam;;;pam;0.115703664720058
pound;Pew Pew;;;pew;-0.0371727459132671
pound;Playing;;;playing;-0.0152322929352522
pound;Pounding;;;pounding;0.409337073564529
pound;Pumping;;;pumping;0.130203813314438
pound;Pumps;;;pumps;0.0953152030706406
pound;RHYTHM;;;rhythm;0.114845208823681
pound;Rejection;;;rejection;0.0438465438783169
pound;Rhythm;;;rhythm;0.114845208823681
pound;Shock;;;shock;0.089494876563549
pound;Shoot;;;shoot;0.052495215088129
pound;Shot;;;shot;0.0490930527448654
pound;Shots;;;shots;0.0439578145742416
pound;Shutting something down;;;shutting;0.0204736348241568
pound;Sing;;;sing;0.00238723447546363
pound;Singing;;;singing;0.0120579255744815
pound;Singing dum;;;singing;0.0120579255744815
pound;Singing in a tribe;;;singing;0.0120579255744815
pound;Slap shot;;;shot;0.0490930527448654
pound;Snare;;;snare;0.113761596381664
pound;Something falling;;;falling;0.182465732097626
pound;Spitting;;;spitting;0.0438497439026833
pound;Sroping on ground;;;sroping;
pound;Steps;;;steps;0.0553642362356186
pound;Stomping;;;stomping;0.176235601305962
pound;Stop;;;stop;-0.000903322943486273
pound;Stoping on ground;;;stoping;-0.0321827940642834
pound;Striking;;;striking;0.1376823335886
pound;Strong shooting sound with mouth;;;sound;0.0545915886759758
pound;Stupid or annoyed;;;stupid;-0.00860076025128365
pound;Tenis;;;tenis;
pound;Thud;;;thud;0.245821207761765
pound;Thumping;;;thumping;0.295522630214691
pound;Thunder;;;thunder;0.0593437738716602
pound;Tongue;;;tongue;0.0160008314996958
pound;Tump tump tump;;;tump;0.229161977767944
pound;Two;;;two;0.113531999289989
pound;Violent drop;;;drop;0.199984431266785
pound;Vocal instrument;;;instrument;0.0551177933812141
pound;Walking;;;walking;0.0671862214803696
pound;Women’s dom dom;;;women;-0.0269775986671448
pound;Women’s doommm;;;women;-0.0269775986671448
pound;a lot of explosions;;;lot;0.071721188724041
pound;adult making sounds;;;making;0.0453067645430565
pound;adults making sounds;;;adults;0.0303788166493177
pound;angry;;;angry;0.0225320905447006
pound;angry steps;;;steps;0.0553642362356186
pound;bang;;;bang;0.197268798947334
pound;bang bang;;;bang;0.197268798947334
pound;bangbang;;;bangbang;
pound;banging;;;banging;0.252997517585754
pound;bashing something;;;bashing;0.181327700614929
pound;bass;;;bass;0.18225009739399
pound;beat;;;beat;0.287500739097595
pound;beat box;;;box;0.194367602467537
pound;beat sound;;;beat;0.287500739097595
pound;beat sounds voice;;;sounds;0.0516800731420517
pound;beatboxing;;;beatboxing;0.110472165048122
pound;beating;;;beating;0.256616532802582
pound;beating up;;;beating;0.256616532802582
pound;big;;;big;0.09934251755476
pound;big sound;;;sound;0.0545915886759758
pound;big stomps;;;stomps;0.203745394945145
pound;bitbox;;;bitbox;
pound;bomb;;;bomb;0.175651893019676
pound;bombs;;;bombs;0.211000129580498
pound;bored;;;bored;-0.0791154205799103
pound;bounce;;;bounce;0.185548439621925
pound;bouncing;;;bouncing;0.224937856197357
pound;bouncing a ball;;;bouncing;0.224937856197357
pound;breaking;;;breaking;0.130485996603966
pound;brum brum;;;brum;0.174477487802506
pound;building tension;;;building;0.086634673178196
pound;bum bum;;;bum;0.0546056590974331
pound;bump;;;bump;0.151919290423393
pound;car engine;;;engine;0.022898206487298
pound;car starting;;;starting;0.0528035163879395
pound;chopping;;;chopping;0.148876219987869
pound;clank;;;clank;0.099309504032135
pound;clapping;;;clapping;0.0212499052286148
pound;climbing up;;;climbing;0.105067491531372
pound;collusion with ground;;;collusion;-0.0165005810558796
pound;confusion;;;confusion;-0.0184101909399033
pound;cough;;;cough;0.0324517823755741
pound;coughing;;;coughing;0.0212854314595461
pound;crafting;;;crafting;-0.000915566517505795
pound;crucial realisation;;;realisation;-0.03520492836833
pound;cyclope walking;;;walking;0.0671862214803696
pound;damn;;;damn;0.0118590286001563
pound;dance;;;dance;0.00238623912446201
pound;danger;;;danger;-0.0248491000384092
pound;dangerous heavy;;;heavy;0.263199865818024
pound;deul;;;deul;
pound;dnk dnk dnk (drum beat);;;beat;0.287500739097595
pound;do sound;;;sound;0.0545915886759758
pound;dodo;;;dodo;-0.0664306879043579
pound;domp;;;domp;
pound;don't;;;do;-0.0355944111943245
pound;don't know;;;know;-0.000826148607302457
pound;done;;;done;-0.0652401819825172
pound;donk donk donk;;;donk;0.103205971419811
pound;doo;;;doo;-0.0119380718097091
pound;doom;;;doom;0.0378383696079254
pound;doonk doonk doonk;;;doonk;
pound;doonk-doonk-doonk;;;doonk;
pound;doonkdoonkdoonk;;;doonkdoonkdoonk;
pound;dope;;;dope;0.0503506846725941
pound;dramatic step;;;step;0.082187719643116
pound;drop;;;drop;0.199984431266785
pound;drop something heavy;;;drop;0.199984431266785
pound;dropping something heavy;;;dropping;0.26089933514595
pound;drum;;;drum;0.167675390839577
pound;drum beat;;;beat;0.287500739097595
pound;drum song;;;song;-0.0192476157099009
pound;drum sound;;;sound;0.0545915886759758
pound;drumming;;;drumming;0.0999816358089447
pound;drums;;;drums;0.147404283285141
pound;dry blow;;;blow;0.186851739883423
pound;duh;;;duh;-0.0989753305912018
pound;duhnk duhnk duhnk;;;duhnk;
pound;dum;;;dum;-0.00334935379214585
pound;dumb  speacker;;;dumb;0.0237107947468758
pound;dumm;;;dumm;
pound;dummm;;;dummm;
pound;dun;;;dun;-0.117392741143703
pound;dunc dunc dunc;;;dunc;0.0314147137105465
pound;dunk;;;dunk;0.106829762458801
pound;dunk dunk dunk;;;dunk;0.106829762458801
pound;dunkdunkdunk;;;dunkdunkdunk;
pound;dunn;;;dunn;0.0117608439177275
pound;dup;;;dup;0.066544309258461
pound;emphasis;;;emphasis;0.0221962854266167
pound;energy;;;energy;-0.0238661002367735
pound;engine start;;;start;0.00759104499593377
pound;engine starting;;;starting;0.0528035163879395
pound;especial effects;;;effects;-0.00112682534381747
pound;excavate;;;excavate;0.122381307184696
pound;explosion;;;explosion;0.064375564455986
pound;fake steps;;;steps;0.0553642362356186
pound;fall;;;fall;0.0961120799183846
pound;falling;;;falling;0.182465732097626
pound;falling down stairs;;;falling;0.182465732097626
pound;feet stomp;;;stomp;0.207562536001205
pound;finished;;;finished;-0.031364668160677
pound;fire arm;;;arm;0.0652797967195511
pound;footsteps;;;footsteps;0.0975495725870132
pound;gaming;;;gaming;-0.0494617931544781
pound;giant;;;giant;0.150536134839058
pound;giant steps;;;steps;0.0553642362356186
pound;giant stomp;;;stomp;0.207562536001205
pound;going up;;;going;0.0822165980935097
pound;gulping;;;gulping;0.0853682830929756
pound;gun;;;gun;0.00204098783433437
pound;gun shots;;;shots;0.0439578145742416
pound;gunshot;;;gunshot;0.000705381680745632
pound;hammer;;;hammer;0.274882793426514
pound;hammering;;;hammering;0.269438564777374
pound;hammering, gunshots;;;hammering;0.269438564777374
pound;heart;;;heart;0.134033873677254
pound;heart beat;;;beat;0.287500739097595
pound;heart beat?;;;beat;0.287500739097595
pound;heartbeat;;;heartbeat;0.164717614650726
pound;heavy footsteps;;;footsteps;0.0975495725870132
pound;heavy steps;;;steps;0.0553642362356186
pound;heavy steps/knocking;;;steps;0.0553642362356186
pound;heavy walking;;;walking;0.0671862214803696
pound;hit;;;hit;0.228313624858856
pound;hit hard;;;hit;0.228313624858856
pound;hit on something;;;hit;0.228313624858856
pound;hit plate;;;hit;0.228313624858856
pound;hit something with a hammer;;;hammer;0.274882793426514
pound;hitting;;;hitting;0.259260594844818
pound;hitting pans;;;hitting;0.259260594844818
pound;hommer;;;hommer;
pound;huffing;;;huffing;0.0456913784146309
pound;huge;;;huge;0.0931127220392227
pound;human mimicking car pulling heavy load over speed bump;;;load;0.159160614013672
pound;humming a song;;;humming;0.0175159983336926
pound;i dont know;;;know;-0.000826148607302457
pound;i won't;;;wo;-0.0381073690950871
pound;idiot;;;idiot;-0.00829755980521441
pound;imitating a song;;;imitating;0.0322910882532597
pound;immitating gunshots;;;gunshots;0.00411021430045366
pound;impact;;;impact;0.121051877737045
pound;impact noise;;;noise;0.0113840587437153
pound;kick it;;;kick;0.106778360903263
pound;knock;;;knock;0.244245678186417
pound;knock knock;;;knock;0.244245678186417
pound;knock sound;;;knock;0.244245678186417
pound;knocking;;;knocking;0.216410905122757
pound;knocking on a door;;;knocking;0.216410905122757
pound;knocking sounds;;;sounds;0.0516800731420517
pound;knocking the door;;;knocking;0.216410905122757
pound;knocking?;;;knocking;0.216410905122757
pound;looking;;;looking;0.052403636276722
pound;loud dom;;;dom;0.0231798216700554
pound;loud noise;;;noise;0.0113840587437153
pound;loud steps;;;steps;0.0553642362356186
pound;low;;;low;0.0896294638514519
pound;making a rythm;;;making;0.0453067645430565
pound;making loud noise;;;making;0.0453067645430565
pound;making music sound;;;making;0.0453067645430565
pound;man;;;man;0.0429634191095829
pound;metal hit;;;hit;0.228313624858856
pound;mimick instrument;;;instrument;0.0551177933812141
pound;motorbike;;;motorbike;-0.0485079288482666
pound;motorcycle;;;motorcycle;-0.0487576425075531
pound;movie soundtrack;;;soundtrack;-0.0185882207006216
pound;music;;;music;-0.0439471080899239
pound;music beat;;;beat;0.287500739097595
pound;negation;;;negation;-0.0133901638910174
pound;noise;;;noise;0.0113840587437153
pound;noises;;;noises;0.0101890685036778
pound;noisy;;;noisy;-0.00351601163856685
pound;note;;;note;0.118180334568024
pound;pam pAM;;;pam;0.115703664720058
pound;patter;;;patter;0.0913554504513741
pound;percussion;;;percussion;0.114392541348934
pound;pha pha;;;pha;-0.0619156509637833
pound;play drums;;;play;-0.0248711258172989
pound;playing;;;playing;-0.0152322929352522
pound;playing drums;;;playing;-0.0152322929352522
pound;playing music;;;playing;-0.0152322929352522
pound;playing with someone;;;playing;-0.0152322929352522
pound;plop;;;plop;0.167125523090363
pound;plot twist;;;twist;0.0548036508262157
pound;pmpm;;;pmpm;
pound;prohibition;;;prohibition;-0.025342894718051
pound;prum prum;;;prum;
pound;pruum prumm;;;prumm;
pound;pum pum;;;pum;0.0492145381867886
pound;punch;;;punch;0.237821489572525
pound;push;;;push;0.188536450266838
pound;respect;;;respect;-0.0396217107772827
pound;reving engine;;;reving;
pound;ritual;;;ritual;-0.126400887966156
pound;road bumps;;;bumps;0.0861497893929482
pound;roam;;;roam;0.0503341555595398
pound;rumble;;;rumble;0.166250556707382
pound;rumbling;;;rumbling;0.14735159277916
pound;rumor;;;rumor;0.037665106356144
pound;saying no;;;saying;0.0180673897266388
pound;scary;;;scary;-0.027781942859292
pound;scold;;;scold;-0.0165488943457603
pound;shock;;;shock;0.089494876563549
pound;shock, intrigue;;;shock;0.089494876563549
pound;shoot;;;shoot;0.052495215088129
pound;shooting;;;shooting;0.00328710302710533
pound;shooting sound;;;shooting;0.00328710302710533
pound;shooting sounds;;;sounds;0.0516800731420517
pound;shoting gun;;;gun;0.00204098783433437
pound;shots;;;shots;0.0439578145742416
pound;shuffling;;;shuffling;-0.0218973308801651
pound;singing;;;singing;0.0120579255744815
pound;singing?;;;singing;0.0120579255744815
pound;single rap noise;;;noise;0.0113840587437153
pound;sink;;;sink;0.0659571662545204
pound;slam;;;slam;0.255112588405609
pound;slammin feet;;;feet;0.251346468925476
pound;slamming;;;slamming;0.265321433544159
pound;slap;;;slap;0.139045029878616
pound;sleep;;;sleep;0.00308215152472258
pound;smack;;;smack;0.191990584135056
pound;snorting;;;snorting;0.120032824575901
pound;snorting ?;;;snorting;0.120032824575901
pound;someones coming;;;coming;0.0165980700403452
pound;something breaking;;;breaking;0.130485996603966
pound;something droped;;;something;0.0624540634453297
pound;something dropped into water;;;dropped;0.217739522457123
pound;speaker;;;speaker;0.00181018060538918
pound;stairs;;;stairs;0.0352434068918228
pound;starting motorcycle;;;starting;0.0528035163879395
pound;steam train;;;train;0.0673770979046822
pound;step;;;step;0.082187719643116
pound;steps;;;steps;0.0553642362356186
pound;stomp;;;stomp;0.207562536001205
pound;stomping;;;stomping;0.176235601305962
pound;strong knock mimic;;;knock;0.244245678186417
pound;strong steping;;;steping;0.135942041873932
pound;stump;;;stump;0.0148208877071738
pound;stuttering;;;stuttering;0.0159059017896652
pound;suddenly;;;suddenly;0.0103497104719281
pound;surprise effect;;;effect;-0.0274923071265221
pound;suspence;;;suspence;
pound;suspense;;;suspense;-0.0866370275616646
pound;tap;;;tap;0.0639145597815514
pound;tham tham;;;tham;-0.127632513642311
pound;this one;;;one;0.141060099005699
pound;thomp;;;thomp;
pound;thud;;;thud;0.245821207761765
pound;thuds;;;thuds;0.231622725725174
pound;thump;;;thump;0.315597265958786
pound;thumping;;;thumping;0.295522630214691
pound;thumping rhythm;;;rhythm;0.114845208823681
pound;thumping sound;;;sound;0.0545915886759758
pound;thunk;;;thunk;0.0819283500313759
pound;thus or sound of door closing;;;closing;0.0340895056724548
pound;tick;;;tick;0.113317042589188
pound;time;;;time;0.015072725713253
pound;ting tang;;;tang;-0.053667102009058
pound;tnk tnk (like a machine noise);;;noise;0.0113840587437153
pound;to rush;;;rush;0.0983572900295258
pound;toonk toonk toonk;;;toonk;
pound;train;;;train;0.0673770979046822
pound;tribal;;;tribal;-0.0440243296325207
pound;tum;;;tum;0.00533763691782951
pound;tum tum;;;tum;0.00533763691782951
pound;tumm;;;tumm;
pound;tumm (one beat);;;tumm;
pound;tumtum;;;tumtum;-0.0351191349327564
pound;tunc tunc tunc;;;tunc;
pound;tunctunc;;;tunctunc;
pound;tung tung tung;;;tung;-0.0828292667865753
pound;tunk sounds;;;sounds;0.0516800731420517
pound;tunk tunk tunk;;;tunk;0.158304572105408
pound;tunk...tunk...tunk...tunk;;;tunk;0.158304572105408
pound;tunktunk;;;tunktunk;
pound;tuntunj;;;tuntunj;
pound;unsure;;;unsure;0.0285150464624167
pound;using a hammer;;;using;0.082951158285141
pound;using hammer;;;using;0.082951158285141
pound;using tools;;;using;0.082951158285141
pound;violence/fighting;;;fighting;0.172229692339897
pound;vocal stimming;;;stimming;-0.0289952550083399
pound;walk;;;walk;0.0373017378151417
pound;walk loud;;;walk;0.0373017378151417
pound;walking;;;walking;0.0671862214803696
pound;walking loudly;;;walking;0.0671862214803696
pound;walking upstairs;;;walking;0.0671862214803696
pound;walking with boots;;;walking;0.0671862214803696
pound;warning;;;warning;0.0119235040619969
pound;work;;;work;-0.0550063624978066
pound;working sound;;;sound;0.0545915886759758
pound;wrong wrong;;;wrong;0.0177508536726236
pound;;;;nan;-0.0542795993387699
this;ANNOYANCE;;;annoyance;-0.0309440866112709
this;Accepting an idea;;;accepting;-0.0192269701510668
this;Acknowledge;;;acknowledge;0.0396951138973236
this;Address;;;address;0.129146561026573
this;Affirmation;;;affirmation;0.0790068209171295
this;Agree;;;agree;0.0551242344081402
this;Agreeable;;;agreeable;0.00252538360655308
this;Agreement;;;agreement;0.0864725187420845
this;Beer;;;beer;0.00468570133671165
this;Calm;;;calm;0.0510664358735085
this;Closing a box;;;closing;0.139613330364227
this;Closing a window;;;closing;0.139613330364227
this;Consent;;;consent;-0.00548108713701367
this;Consenting;;;consenting;-0.0156506504863501
this;Contented;;;contented;-0.00853548385202885
this;Continue;;;continue;0.100345209240913
this;Defeat, tiredness;;;tiredness;0.0139788249507546
this;Dentro;;;dentro;0.0417067967355251
this;Disgust;;;disgust;-0.0521368309855461
this;Disinterest;;;disinterest;-0.0440046861767769
this;Dismissive;;;dismissive;-0.0213715955615044
this;Doubt;;;doubt;0.140057101845741
this;Doubting;;;doubting;0.0456464849412441
this;Ehm;;;ehm;0.0454307235777378
this;Em, what, question;;;question;0.198186188936234
this;Em.;;;em;0.0373648032546043
this;Emmm;;;emmm;
this;Energyless agreeing;;;agreeing;0.0494754910469055
this;Enter;;;enter;0.157323583960533
this;Erm;;;erm;0.0978122279047966
this;Excuse me;;;excuse;0.0159195885062218
this;Funny;;;funny;0.0874645113945007
this;HIM;;;him;0.322072505950928
this;Hee;;;hee;-0.0330057963728905
this;Heh;;;heh;0.0518488772213459
this;Hey;;;hey;0.149499982595444
this;Him;;;him;0.322072505950928
this;Hmm;;;hmm;0.0892713665962219
this;Hmm hmm;;;hmm;0.0892713665962219
this;Hmm hmmm;;;hmmm;0.0733639523386955
this;Hmm, what;;;hmm;0.0892713665962219
this;Hmmph;;;hmmph;-0.0309969000518322
this;Hmph;;;hmph;-0.00825330708175898
this;Ho hum;;;hum;-0.0107964491471648
this;Hum;;;hum;-0.0107964491471648
this;Humming;;;humming;-0.040496688336134
this;I am;;;am;0.205982759594917
this;I don't believe you;;;believe;0.207371100783348
this;I see;;;see;0.23454549908638
this;I think so;;;think;0.28364035487175
this;Ihm;;;ihm;
this;In;;;in;0.393186837434769
this;Indiference;;;indiference;
this;Indifference;;;indifference;-0.0313467718660831
this;Indifferent;;;indifferent;-0.0909934043884277
this;Indifferent acknowledgment;;;acknowledgment;0.0191773641854525
this;Inn;;;inn;-0.00725034484639764
this;Interesting;;;interesting;0.157733112573624
this;Is that so;;;is;0.543855965137482
this;Just accepting an idea;;;accepting;-0.0192269701510668
this;Laugh;;;laugh;-0.0356207229197025
this;Laughing;;;laughing;-0.0397148244082928
this;Letter M;;;m;0.117841079831123
this;Low;;;low;0.0375229939818382
this;Low sound;;;sound;0.029794117435813
this;MMH;;;mmh;0.0231866743415594
this;Machine;;;machine;0.0375153236091137
this;Meh;;;meh;-0.0176361091434956
this;Men’s low eeeeee;;;men;0.0601711384952068
this;Men’s mmm;;;men;0.0601711384952068
this;Mh mh;;;mh;-0.0259995274245739
this;Mild;;;mild;0.0177867282181978
this;Mischievous sneer;;;sneer;-0.0732845515012741
this;Mum;;;mum;-0.0242656487971544
this;No with sigh;;;no;0.181767955422401
this;Not sure;;;sure;0.288538068532944
this;Now I see;;;see;0.23454549908638
this;Ok;;;ok;0.0553194470703602
this;Ok sound;;;sound;0.029794117435813
this;Ok!;;;ok;0.0553194470703602
this;Okay;;;okay;0.0889474079012871
this;Pause;;;pause;0.021893011406064
this;Pondering;;;pondering;0.0505998581647873
this;Possibly;;;possibly;0.259400218725204
this;Proud of myself;;;proud;0.0747696161270142
this;Quiet sound;;;sound;0.029794117435813
this;Reading;;;reading;0.150244891643524
this;Realising;;;realising;0.0208023265004158
this;Realization;;;realization;0.0421358272433281
this;Right;;;right;0.209223255515099
this;SOUND;;;sound;0.029794117435813
this;Satisfied;;;satisfied;-0.00481754029169679
this;Short sound;;;sound;0.029794117435813
this;Shrug;;;shrug;-0.0540242604911327
this;Sigh;;;sigh;-0.027461115270853
this;Sneeze;;;sneeze;-0.00753258680924773
this;So what;;;what;0.52098822593689
this;Speak;;;speak;-0.00105104281101376
this;Speaking;;;speaking;0.00346801220439374
this;Strange sound;;;sound;0.029794117435813
this;Surprise;;;surprise;0.0809313505887985
this;Talk;;;talk;0.0205584838986397
this;Think;;;think;0.28364035487175
this;Thoughtful;;;thoughtful;0.0602958127856255
this;Thoughtful, pensive;;;pensive;0.00680319406092167
this;Tired;;;tired;-0.0145520865917206
this;Uhm.;;;uhm;0.0895916521549225
this;Uhum;;;uhum;
this;Um;;;um;0.107261493802071
this;Um, um....;;;um;0.107261493802071
this;Umm;;;umm;0.129747226834297
this;Undecided;;;undecided;-0.0503528229892254
this;Understand;;;understand;0.161779716610909
this;Unfazed;;;unfazed;-0.0853057131171227
this;Unimpressed;;;unimpressed;-0.101971708238125
this;Unsure;;;unsure;0.00649199262261391
this;Voice exercise;;;exercise;0.119095981121063
this;Whatever;;;whatever;0.342696875333786
this;Women’s emmm;;;women;0.0854306742548943
this;Wonder;;;wonder;0.124549813568592
this;Worry;;;worry;0.0171868149191141
this;Yes;;;yes;0.201550751924515
this;Young;;;young;0.122849904000759
this;a little disappointed;;;little;0.213143199682236
this;accept;;;accept;0.0224123578518629
this;acknowledge;;;acknowledge;0.0396951138973236
this;acknowledgement;;;acknowledgement;-0.00375974853523076
this;acquiescence;;;acquiescence;-0.0536688417196274
this;adults talking child;;;adults;0.000494169187732041
this;affirmation;;;affirmation;0.0790068209171295
this;affirmative;;;affirmative;0.0291070099920034
this;affirmative response;;;response;0.0929688513278961
this;affirming;;;affirming;0.0456539615988731
this;affirmitive sound;;;sound;0.029794117435813
this;afirmation;;;afirmation;
this;agree;;;agree;0.0551242344081402
this;agree, ok;;;agree;0.0551242344081402
this;agreeing;;;agreeing;0.0494754910469055
this;agreeing with someone;;;agreeing;0.0494754910469055
this;agreement;;;agreement;0.0864725187420845
this;aha;;;aha;0.145977139472961
this;ahem;;;ahem;0.0213620606809855
this;aim;;;aim;0.0213262401521206
this;alert;;;alert;0.0262567307800055
this;alphabet;;;alphabet;0.0244507305324078
this;amusement;;;amusement;-0.0260171517729759
this;apathy;;;apathy;0.0210065636783838
this;appreciating;;;appreciating;0.0546761676669121
this;approval;;;approval;-0.0202426519244909
this;approval ? consent ?;;;approval;-0.0202426519244909
this;approving;;;approving;-0.0125299682840705
this;assens;;;assens;
this;assent;;;assent;-0.0600632503628731
this;attention;;;attention;0.0651878491044045
this;baby crying;;;crying;-0.0265034157782793
this;being unimpressed;;;being;0.30864828824997
this;bin;;;bin;0.0201233979314566
this;bird;;;bird;0.0548004694283009
this;bleat;;;bleat;-0.00677150208503008
this;bored;;;bored;-0.0349134542047977
this;buzz;;;buzz;0.011982605792582
this;calm;;;calm;0.0510664358735085
this;chair;;;chair;0.0208070557564497
this;child;;;child;0.102991834282875
this;come;;;come;0.097435362637043
this;comprehension;;;comprehension;-0.0488314814865589
this;comunicate;;;comunicate;
this;confirming;;;confirming;0.0597243458032608
this;confused;;;confused;0.0170871187001467
this;consent;;;consent;-0.00548108713701367
this;contempt;;;contempt;-0.0113679459318519
this;content;;;content;0.104390561580658
this;continue talking;;;continue;0.100345209240913
this;correct;;;correct;0.11720459908247
this;could be either;;;be;0.260433554649353
this;cry;;;cry;-0.00380557030439377
this;curious;;;curious;0.0933056548237801
this;curiousness;;;curiousness;0.0361880585551262
this;disagree;;;disagree;-0.020099401473999
this;disapointed;;;disapointed;
this;disapointement;;;disapointement;
this;disappointment;;;disappointment;0.0529229678213596
this;disapproval;;;disapproval;-0.057030912488699
this;discord;;;discord;-0.00531324511393905
this;discouraged;;;discouraged;-0.0464229136705399
this;disdain;;;disdain;-0.0644660741090775
this;disinterest;;;disinterest;-0.0440046861767769
this;dismissal;;;dismissal;-0.0139484442770481
this;dispproval;;;dispproval;
this;dissaprove;;;dissaprove;
this;distaste;;;distaste;-0.0662300288677216
this;distrust;;;distrust;-0.00648739514872432
this;don't know;;;know;0.234900578856468
this;dont know;;;know;0.234900578856468
this;door;;;door;0.0201023370027542
this;doubt;;;doubt;0.140057101845741
this;doubt ?;;;doubt;0.140057101845741
this;doubting;;;doubting;0.0456464849412441
this;drinking;;;drinking;0.0235050804913044
this;ear;;;ear;-0.0448670722544193
this;eating;;;eating;0.019274091348052
this;eee;;;eee;0.0697429105639458
this;ehhh;;;ehhh;0.0214259400963783
this;ehm;;;ehm;0.0454307235777378
this;ehmm;;;ehmm;
this;eiii;;;eiii;
this;ekhm;;;ekhm;
this;emee;;;emee;
this;emm;;;emm;0.0740091949701309
this;emm thinking;;;thinking;0.135260835289955
this;enjoy;;;enjoy;0.0567395426332951
this;enjoyment;;;enjoyment;-0.00834031123667955
this;envy;;;envy;0.0420233048498631
this;ergh;;;ergh;
this;erm;;;erm;0.0978122279047966
this;erm, like a filler word when talking;;;word;0.13139320909977
this;erm?;;;erm;0.0978122279047966
this;explaining;;;explaining;0.10871409624815
this;female vocal;;;vocal;-0.0517179071903229
this;fine;;;fine;0.0767619907855988
this;friend;;;friend;0.0441267751157284
this;funny;;;funny;0.0874645113945007
this;giggle;;;giggle;-0.0367321707308292
this;go away;;;go;0.109890453517437
this;good;;;good;0.084147997200489
this;got it;;;got;0.139921382069588
this;grunting;;;grunting;-0.0383736491203308
this;hand;;;hand;0.09510687738657
this;hearing;;;hearing;0.0544459372758865
this;heeeem;;;heeeem;
this;hesitate;;;hesitate;0.0397383198142052
this;hey;;;hey;0.149499982595444
this;hiim;;;hiim;
this;him;;;him;0.322072505950928
this;hm hm;;;hm;0.0457061044871807
this;hm m;;;m;0.117841079831123
this;hmm;;;hmm;0.0892713665962219
this;hmm (bored hmmm);;;hmmm;0.0733639523386955
this;hmm hee (as in don't know);;;hee;-0.0330057963728905
this;hmmm;;;hmmm;0.0733639523386955
this;hmmm hum;;;hum;-0.0107964491471648
this;hmmmm;;;hmmmm;0.0442438833415508
this;how do i say this;;;say;0.156383201479912
this;huargh;;;huargh;
this;hum;;;hum;-0.0107964491471648
this;hum in agreement;;;hum;-0.0107964491471648
this;hum in question;;;hum;-0.0107964491471648
this;hum of acknowledgment;;;hum;-0.0107964491471648
this;hum-hum;;;hum;-0.0107964491471648
this;humming;;;humming;-0.040496688336134
this;hunger;;;hunger;0.0681964084506035
this;i don't care;;;care;0.0530063882470131
this;i dont know;;;know;0.234900578856468
this;i understand;;;understand;0.161779716610909
this;i'm;;;'m;
this;idk;;;idk;0.0200269781053066
this;ihm;;;ihm;
this;ihmm;;;ihmm;
this;imm;;;imm;0.091047927737236
this;immm;;;immm;
this;imp;;;imp;-0.0685741305351257
this;impatience, annoyance;;;impatience;-0.00281949574127793
this;impatient;;;impatient;-0.0683477520942688
this;indecisive;;;indecisive;-0.0540593191981316
this;indiference;;;indiference;
this;indifference;;;indifference;-0.0313467718660831
this;indifferent;;;indifferent;-0.0909934043884277
this;inh;;;inh;
this;insecurity;;;insecurity;0.0724596381187439
this;inside;;;inside;0.136030822992325
this;interesting;;;interesting;0.157733112573624
this;intrigue;;;intrigue;0.0652581006288528
this;its her;;;her;0.231168448925018
this;kirby;;;kirby;0.0473107025027275
this;laugh;;;laugh;-0.0356207229197025
this;laughter;;;laughter;-0.0214675609022379
this;letter M;;;m;0.117841079831123
this;letter m;;;letter;0.124382607638836
this;like it;;;like;0.246814325451851
this;listening;;;listening;0.0608193799853325
this;little joyful comment;;;comment;0.205569222569466
this;low volume moan;;;volume;0.0680809840559959
this;m letter;;;letter;0.124382607638836
this;maem;;;maem;
this;making noise;;;making;0.164529427886009
this;man;;;man;0.145446315407753
this;maybe;;;maybe;0.230925425887108
this;meh;;;meh;-0.0176361091434956
this;mew;;;mew;0.0128813022747636
this;mhh;;;mhh;-0.00311695598065853
this;mhhh;;;mhhh;
this;mhm;;;mhm;0.0874876454472542
this;mhm uhm;;;uhm;0.0895916521549225
this;mhmmh;;;mhmmh;
this;mm-hm;;;mm;0.0340447351336479
this;mm-hmm;;;mm;0.0340447351336479
this;mmh;;;mmh;0.0231866743415594
this;mmh mmh;;;mmh;0.0231866743415594
this;mmm;;;mmm;0.0607112981379032
this;mmm....;;;mmm;0.0607112981379032
this;mmmju;;;mmmju;
this;myself;;;myself;0.233914136886597
this;neutral talking;;;talking;0.0251815747469664
this;nice;;;nice;0.112483412027359
this;no idea;;;idea;0.165727123618126
this;nod;;;nod;-0.0955388098955154
this;nodding;;;nodding;-0.11977756768465
this;not amused;;;amused;-0.0322741232812405
this;not caring;;;caring;0.00104060210287571
this;not emotinal sound;;;emotinal;
this;not impressed;;;impressed;0.0264718178659678
this;not interesting;;;interesting;0.157733112573624
this;not nice comment;;;nice;0.112483412027359
this;not surprised man;;;surprised;0.0564486421644688
this;not understood;;;understood;0.0807212516665459
this;nothing;;;nothing;0.261737316846848
this;now;;;now;0.414879530668259
this;of course;;;of;0.287101358175278
this;oh right;;;oh;0.110202111303806
this;ok.;;;ok;0.0553194470703602
this;okay;;;okay;0.0889474079012871
this;olay;;;olay;0.0695907771587372
this;pause;;;pause;0.021893011406064
this;pausing;;;pausing;-0.0147167602553964
this;pausing a sentence;;;pausing;-0.0147167602553964
this;pleased;;;pleased;0.0769444927573204
this;pointing;;;pointing;0.0791847035288811
this;pointing at someone;;;pointing;0.0791847035288811
this;positively accepting;;;accepting;-0.0192269701510668
this;prayer;;;prayer;0.0667713806033135
this;pronouncing m;;;pronouncing;-0.0226873103529215
this;quiet;;;quiet;0.0675863400101662
this;reading;;;reading;0.150244891643524
this;realize;;;realize;0.110788874328136
this;realizing;;;realizing;0.0425205826759338
this;really;;;really;0.427042156457901
this;reflection;;;reflection;0.0804131403565407
this;sad;;;sad;0.117347419261932
this;sadness;;;sadness;0.0374230295419693
this;sated;;;sated;-0.0150304920971394
this;satisfaction;;;satisfaction;-0.0404208563268185
this;satisfied;;;satisfied;-0.00481754029169679
this;say em;;;say;0.156383201479912
this;saying a letter;;;saying;0.220800623297691
this;saying m;;;saying;0.220800623297691
this;shrug;;;shrug;-0.0540242604911327
this;shrugging off an idea;;;shrugging;-0.0636380910873413
this;sigh;;;sigh;-0.027461115270853
this;silence;;;silence;0.0126529196277261
this;sleep;;;sleep;0.0107921687886119
this;slight agree;;;agree;0.0551242344081402
this;so so;;;so;0.49093309044838
this;someone;;;someone;0.255923479795456
this;someone (him);;;someone;0.255923479795456
this;something smelling;;;something;0.400454670190811
this;speaking;;;speaking;0.00346801220439374
this;spelling;;;spelling;-0.00714752543717623
this;spelling m;;;spelling;-0.00714752543717623
this;statement;;;statement;0.218922257423401
this;sure;;;sure;0.288538068532944
this;surprise;;;surprise;0.0809313505887985
this;syllable;;;syllable;0.0163334123790264
this;talking;;;talking;0.0251815747469664
this;tasting;;;tasting;-0.00950345862656832
this;them;;;them;0.226837620139122
this;there;;;there;0.331312477588654
this;think;;;think;0.28364035487175
this;thinking;;;thinking;0.135260835289955
this;this;;;this;1
this;throat clear;;;throat;-0.0358034558594227
this;tick;;;tick;-0.00757711380720139
this;to nod;;;nod;-0.0955388098955154
this;to think;;;think;0.28364035487175
this;token;;;token;0.0771052986383438
this;uh huh;;;uh;0.105347186326981
this;uhu;;;uhu;0.0289758983999491
this;um hesitant;;;hesitant;-0.0408317483961582
this;umming;;;umming;
this;unamused;;;unamused;-0.0832590833306313
this;uncertainty;;;uncertainty;0.0921096727252007
this;understanding;;;understanding;0.0475626103579998
this;understood;;;understood;0.0807212516665459
this;uninsterest;;;uninsterest;
this;unsure;;;unsure;0.00649199262261391
this;vocalize;;;vocalize;-0.0246229991316795
this;weird;;;weird;0.102826438844204
this;whatever;;;whatever;0.342696875333786
this;whining;;;whining;0.000286480091745034
this;why;;;why;0.355768531560898
this;woman;;;woman;0.116655334830284
this;wonder;;;wonder;0.124549813568592
this;wondering;;;wondering;0.142393290996552
this;work;;;work;0.157104432582855
this;yeet;;;yeet;0.149753659963608
this;yes;;;yes;0.201550751924515
this;yes, correct;;;correct;0.11720459908247
this;yum;;;yum;-0.017101813107729
this;;;;nan;-0.00520920101553202
one;A drop;;;drop;0.122687809169292
one;Agree;;;agree;0.0829184353351593
one;Agreement;;;agreement;0.0021433406509459
one;Amazement;;;amazement;0.00745517387986183
one;Annoyed;;;annoyed;-0.013033458031714
one;Asking question;;;asking;0.111386522650719
one;Boop sound;;;sound;0.0205989331007004
one;Breaking something;;;breaking;0.132297575473785
one;Broken;;;broken;0.129409641027451
one;Bubble;;;bubble;0.0201671104878187
one;CLICK;;;click;0.119294159114361
one;Clank;;;clank;0.027179753407836
one;Click;;;click;0.119294159114361
one;Clicking something;;;clicking;0.0579384341835976
one;Closed mouth;;;mouth;0.0125358495861292
one;Come;;;come;0.0948940217494965
one;Convinced;;;convinced;0.0500347279012203
one;DUP;;;dup;0.0865276232361794
one;Deep;;;deep;0.00838790368288755
one;Dip;;;dip;0.031397633254528
one;Disaproval;;;disaproval;
one;Disgust;;;disgust;-0.0276392232626677
one;Dismissive;;;dismissive;0.0441805310547352
one;Do;;;do;0.182645663619041
one;Don't care;;;care;0.0843615084886551
one;Doo;;;doo;-0.0183778312057257
one;Doop;;;doop;-0.0699522271752358
one;Doubt;;;doubt;0.159344479441643
one;Doup;;;doup;0.0599408261477947
one;Drop;;;drop;0.122687809169292
one;Dropping sometihng;;;sometihng;
one;Drum stick;;;stick;0.0446220263838768
one;Dum;;;dum;0.0158400852233171
one;Dup;;;dup;0.0865276232361794
one;Dupe;;;dupe;0.0603349842131138
one;Exactly;;;exactly;0.165424808859825
one;Fall;;;fall;0.0769977271556854
one;Feeling sudden pain;;;feeling;0.0111968759447336
one;Feminine  mm;;;feminine;0.026782875880599
one;Finger snap;;;snap;0.142823457717896
one;Fingers click;;;click;0.119294159114361
one;Frustration;;;frustration;0.0618894957005978
one;Grunt;;;grunt;0.0159312523901463
one;Here , this spot;;;spot;0.203878089785576
one;Hesitation;;;hesitation;0.0934753641486168
one;Hiccup;;;hiccup;0.164826154708862
one;Hit;;;hit;0.185149878263474
one;Hm!;;;hm;-0.0630910694599152
one;Hmm;;;hmm;0.0139254610985518
one;Hmm sound;;;sound;0.0205989331007004
one;Holding back;;;holding;0.150452226400375
one;Holding back laugh;;;holding;0.150452226400375
one;Hum;;;hum;0.0092561012133956
one;Humph;;;humph;0.00222853873856366
one;I do;;;do;0.182645663619041
one;I will not;;;will;0.128448829054832
one;Indecisive;;;indecisive;0.0156171442940831
one;Indiference;;;indiference;
one;Irritated;;;irritated;0.00871784519404173
one;JUST A SOUND;;;sound;0.0205989331007004
one;Just assenting comment;;;assenting;0.0381649881601334
one;Keys;;;keys;0.0931152626872063
one;Knock;;;knock;0.131083130836487
one;Laugh;;;laugh;0.080754354596138
one;Like playing drums;;;like;0.18433789908886
one;MMH;;;mmh;-0.0634028539061546
one;Mhm;;;mhm;0.0336660481989384
one;Mmh;;;mmh;-0.0634028539061546
one;Mouse click;;;click;0.119294159114361
one;Mouth;;;mouth;0.0125358495861292
one;Negative;;;negative;0.0559686124324799
one;No;;;no;0.292710304260254
one;No or don't touch;;;touch;0.113903671503067
one;No!;;;no;0.292710304260254
one;Not sure;;;sure;0.22620302438736
one;Object falling;;;object;0.106729932129383
one;Okay;;;okay;0.0184163637459278
one;Padoop;;;padoop;
one;Pardon;;;pardon;-0.0916292369365692
one;Piano;;;piano;0.00165523937903345
one;Ping;;;ping;-0.0216262564063072
one;Playful;;;playful;0.0223706364631653
one;Read;;;read;0.157413616776466
one;Realization;;;realization;0.045053668320179
one;Registered;;;registered;0.121235966682434
one;Rejecting idea;;;rejecting;0.0380732491612434
one;Rejectment;;;rejectment;0.103205837309361
one;Reload weapon;;;weapon;0.0335434675216675
one;SHOCK;;;shock;0.00680784182623029
one;SLAP;;;slap;0.0542258284986019
one;Short;;;short;0.178589582443237
one;Short no;;;short;0.178589582443237
one;Short sound;;;sound;0.0205989331007004
one;Sigh;;;sigh;0.041200328618288
one;Silly;;;silly;0.0309733152389526
one;Sing;;;sing;0.042516365647316
one;Small item falling;;;item;0.208583474159241
one;Snap;;;snap;0.142823457717896
one;Snapping;;;snapping;0.0970935821533203
one;Snapping something;;;snapping;0.0970935821533203
one;Some crack;;;crack;0.108116015791893
one;Sound;;;sound;0.0205989331007004
one;Startle;;;startle;0.0123404404148459
one;Steady;;;steady;-0.0251603256911039
one;Stop;;;stop;0.0438668392598629
one;Strange sound;;;sound;0.0205989331007004
one;Suprise;;;suprise;0.0557307675480843
one;Sure;;;sure;0.22620302438736
one;Surprise;;;surprise;0.0913519263267517
one;Switch;;;switch;0.135070145130157
one;Syllable;;;syllable;0.221000015735626
one;Tck;;;tck;-0.023590287193656
one;Thinking,;;;thinking;0.0967838764190674
one;Thump;;;thump;0.0353853441774845
one;Tick;;;tick;0.0979672819375992
one;Tup;;;tup;-0.00529606780037284
one;Turing on lights;;;turing;0.0252890568226576
one;Two;;;two;0.565051853656769
one;Uhm;;;uhm;0.00815331470221281
one;Um-;;;um-;
one;Umm;;;umm;0.100640624761581
one;Understand;;;understand;0.0821306481957436
one;Voice exercise;;;exercise;0.0444781444966793
one;Wait;;;wait;0.0192064009606838
one;What;;;what;0.304584205150604
one;What?;;;what;0.304584205150604
one;Women’ pluuu;;;women;0.0935065373778343
one;Yes?;;;yes;0.128679513931274
one;You;;;you;0.232977390289307
one;a sound;;;sound;0.0205989331007004
one;about to laugh;;;about;0.179611369967461
one;acknowleding instruction;;;instruction;0.0423383489251137
one;adult talking child;;;talking;0.0797641798853874
one;affirmative;;;affirmative;0.0521729104220867
one;affirmative response;;;response;0.0599815994501114
one;afflicted;;;afflicted;0.0611841455101967
one;agreeing;;;agreeing;0.0602649338543415
one;agreeing sound;;;agreeing;0.0602649338543415
one;agreement;;;agreement;0.0021433406509459
one;ah!;;;ah;0.012798884883523
one;annoyed;;;annoyed;-0.013033458031714
one;ask;;;ask;0.135755717754364
one;asking;;;asking;0.111386522650719
one;asking to repeat;;;asking;0.111386522650719
one;assens;;;assens;
one;assent;;;assent;-0.0128334667533636
one;assenting;;;assenting;0.0381649881601334
one;attention;;;attention;0.0643860027194023
one;attention seeking;;;seeking;0.0249476581811905
one;attraction attention;;;attention;0.0643860027194023
one;barcode machine;;;machine;0.0464133061468601
one;beatbox;;;beatbox;0.00641629379242659
one;boh;;;boh;-0.0476980358362198
one;bored;;;bored;-0.0306001529097557
one;boy;;;boy;0.0934662222862244
one;break;;;break;0.115411221981049
one;calling;;;calling;0.0859576538205147
one;check;;;check;0.0544633306562901
one;checked;;;checked;0.0563391484320164
one;chewing;;;chewing;0.0066382740624249
one;clap;;;clap;0.0314776636660099
one;clearing throat;;;throat;-0.0103940078988671
one;click;;;click;0.119294159114361
one;click pen;;;click;0.119294159114361
one;click sound;;;click;0.119294159114361
one;click tounge;;;click;0.119294159114361
one;clicking;;;clicking;0.0579384341835976
one;clicking with tongue;;;clicking;0.0579384341835976
one;clip;;;clip;0.076803557574749
one;clipping;;;clipping;0.000384212529752404
one;close;;;close;0.107164524495602
one;closing;;;closing;0.108170449733734
one;come;;;come;0.0948940217494965
one;completed something;;;completed;0.10771320015192
one;computer;;;computer;0.0717043727636337
one;confused;;;confused;-0.0192506052553654
one;correction;;;correction;0.0145495738834143
one;craving;;;craving;-0.0011982562718913
one;cutting;;;cutting;0.0525288581848145
one;darn;;;darn;0.0952753350138664
one;denial;;;denial;0.021672947332263
one;deny;;;deny;0.0631055682897568
one;did you?;;;did;0.21064718067646
one;ding;;;ding;-0.0309898555278778
one;dioux;;;dioux;
one;disagree;;;disagree;0.0692974627017975
one;disagreeing;;;disagreeing;0.109175525605679
one;disagreement;;;disagreement;0.0986516997218132
one;disapproval;;;disapproval;-0.0127210598438978
one;disapprove;;;disapprove;-0.0207164902240038
one;disbelief;;;disbelief;0.0521375089883804
one;disconfort;;;disconfort;
one;discord;;;discord;0.0556650832295418
one;disdain;;;disdain;0.00348194129765034
one;distrust;;;distrust;0.0254177451133728
one;do;;;do;0.182645663619041
one;do it;;;do;0.182645663619041
one;doesn't believe;;;believe;0.132139176130295
one;don't care;;;care;0.0843615084886551
one;don't know;;;know;0.161002650856972
one;done;;;done;0.104847945272923
one;dont know.;;;know;0.161002650856972
one;doo;;;doo;-0.0183778312057257
one;dooo;;;dooo;
one;doop;;;doop;-0.0699522271752358
one;door;;;door;0.0876336097717285
one;doot;;;doot;0.113378435373306
one;dope;;;dope;-0.0208167675882578
one;doub ? refusing sound ?;;;doub;
one;doubt;;;doubt;0.159344479441643
one;drip;;;drip;0.0548025779426098
one;dripping;;;dripping;-0.0291980430483818
one;drop;;;drop;0.122687809169292
one;drop of water;;;drop;0.122687809169292
one;drop water;;;water;0.0849737152457237
one;dropping something;;;dropping;0.0304919760674238
one;drum;;;drum;0.081604577600956
one;drum sticks;;;sticks;0.0490448847413063
one;drumming;;;drumming;0.0208420306444168
one;drums;;;drums;0.0213755294680595
one;dub;;;dub;0.0345791094005108
one;dud;;;dud;0.11769362539053
one;dude;;;dude;0.112099155783653
one;due;;;due;-0.00379707315005362
one;duh;;;duh;0.0361747853457928
one;dup;;;dup;0.0865276232361794
one;dup dup;;;dup;0.0865276232361794
one;dup singing;;;singing;0.026129549369216
one;dupe;;;dupe;0.0603349842131138
one;dupp;;;dupp;
one;durp;;;durp;
one;eat;;;eat;0.0380452983081341
one;eating;;;eating;0.0250439178198576
one;emm;;;emm;0.0430821776390076
one;end;;;end;0.156286343932152
one;exerting effort;;;exerting;0.0315819308161736
one;exertion;;;exertion;0.0170851722359657
one;fall;;;fall;0.0769977271556854
one;find something funny;;;find;0.160402566194534
one;finger snaping;;;snaping;
one;flatulence;;;flatulence;0.0123588312417269
one;footstep;;;footstep;0.169251829385757
one;gentle;;;gentle;0.0679911002516747
one;give attention;;;give;0.153528168797493
one;go away;;;go;0.0900244489312172
one;got it;;;got;0.175022438168526
one;got ya;;;got;0.175022438168526
one;groan;;;groan;0.0146775180473924
one;grunt;;;grunt;0.0159312523901463
one;gulp;;;gulp;0.0955788940191269
one;guttural sound;;;sound;0.0205989331007004
one;haaa;;;haaa;-0.102437429130077
one;happy;;;happy;0.0339551232755184
one;have an idea;;;have;0.266979694366455
one;hesitating;;;hesitating;0.0869764685630798
one;hiccup;;;hiccup;0.164826154708862
one;hiccups;;;hiccups;0.128387376666069
one;hit;;;hit;0.185149878263474
one;hit with stick;;;hit;0.185149878263474
one;hmm;;;hmm;0.0139254610985518
one;hmmh;;;hmmh;
one;horn;;;horn;0.047802958637476
one;how are you;;;are;0.147974416613579
one;how many;;;many;0.325255125761032
one;hum;;;hum;0.0092561012133956
one;hum in indifference;;;hum;0.0092561012133956
one;hum of approval;;;hum;0.0092561012133956
one;humming;;;humming;-0.0158703457564116
one;i don't want to;;;want;0.127513706684113
one;i dont know;;;know;0.161002650856972
one;i wan't;;;i;0.288825541734695
one;ihh;;;ihh;
one;indeference;;;indeference;
one;indifference;;;indifference;0.000316342397127301
one;indifferent;;;indifferent;-0.018665662035346
one;interjection;;;interjection;0.0100520476698875
one;its ok;;;ok;-0.0185321010649204
one;jam;;;jam;0.0247812569141388
one;jolt;;;jolt;0.092074528336525
one;jump;;;jump;0.0267359856516123
one;kachew;;;kachew;
one;kit;;;kit;0.00778061989694834
one;klick of Thanos;;;klick;0.0561480782926083
one;knocking;;;knocking;0.0934498980641365
one;knocking something over;;;knocking;0.0934498980641365
one;laugh;;;laugh;0.080754354596138
one;laught;;;laught;0.0641707703471184
one;lets go;;;go;0.0900244489312172
one;light switch;;;switch;0.135070145130157
one;little hurt;;;hurt;0.0735466629266739
one;look;;;look;0.0616992898285389
one;lub-dub;;;dub;0.0345791094005108
one;man;;;man;0.220687225461006
one;marble ball;;;ball;0.0268518757075071
one;maybe;;;maybe;0.230288073420525
one;metal hitting;;;hitting;0.115107297897339
one;mhh;;;mhh;-0.0316906347870827
one;mhhhmhh;;;mhhhmhh;
one;mistake;;;mistake;0.143417835235596
one;mmh;;;mmh;-0.0634028539061546
one;mmm;;;mmm;-0.0230773445218802
one;mmmmm;;;mmmmm;-0.0945224761962891
one;mouse click;;;click;0.119294159114361
one;mouth clicking;;;clicking;0.0579384341835976
one;mthu;;;mthu;
one;muppet;;;muppet;0.0442951992154121
one;mxm;;;mxm;
one;negation;;;negation;0.109154537320137
one;no idea;;;idea;0.122685290873051
one;no knowing;;;knowing;0.106557928025723
one;no way;;;way;0.270104914903641
one;nod;;;nod;0.0531472079455853
one;nodding;;;nodding;0.0161224082112312
one;noice;;;noice;-0.0307316184043884
one;noise;;;noise;0.0107613280415535
one;nop;;;nop;0.0543633252382278
one;nope;;;nope;0.147835701704025
one;not;;;not;0.332996219396591
one;not exactly;;;exactly;0.165424808859825
one;not happy;;;happy;0.0339551232755184
one;not like that;;;like;0.18433789908886
one;not sure;;;sure;0.22620302438736
one;notification;;;notification;0.030259819701314
one;nudge;;;nudge;0.0721227079629898
one;nudge sound;;;nudge;0.0721227079629898
one;oh i see;;;see;0.0923825725913048
one;ok,don't agree;;;agree;0.0829184353351593
one;okay;;;okay;0.0184163637459278
one;one sound;;;sound;0.0205989331007004
one;oops;;;oops;0.0152520099654794
one;opening a can;;;opening;0.107029490172863
one;pain;;;pain;0.0492405109107494
one;pay attention;;;pay;0.0403567217290401
one;pdum;;;pdum;
one;pen clicking;;;clicking;0.0579384341835976
one;pen drop;;;drop;0.122687809169292
one;ping;;;ping;-0.0216262564063072
one;ping a door;;;ping;-0.0216262564063072
one;pistol safety mechanism;;;safety;0.0660521909594536
one;que;;;que;0.0942155346274376
one;question;;;question;0.190566286444664
one;questionable;;;questionable;-0.00339778582565486
one;questioning;;;questioning;0.0455979630351067
one;quick;;;quick;0.113565847277641
one;radar;;;radar;-0.0339838862419128
one;raindrop;;;raindrop;0.0784499794244766
one;refuse;;;refuse;0.0527972728013992
one;rule;;;rule;0.1742103099823
one;sarcastic acknowledgement;;;acknowledgement;-0.010937025770545
one;saying m;;;saying;0.175224557518959
one;saying no;;;saying;0.175224557518959
one;saying something;;;saying;0.175224557518959
one;shock;;;shock;0.00680784182623029
one;shocked;;;shocked;-0.0572104267776012
one;short mmm;;;mmm;-0.0230773445218802
one;shrug;;;shrug;-0.00295051815919578
one;shy;;;shy;0.0726715996861458
one;silence;;;silence;0.0550476126372814
one;silent bang;;;bang;0.0390268787741661
one;singing;;;singing;0.026129549369216
one;slight awe;;;awe;-0.0298660676926374
one;slip;;;slip;0.0795706585049629
one;slurp;;;slurp;0.000959000608418137
one;smacking;;;smacking;0.0110709387809038
one;small shock;;;shock;0.00680784182623029
one;smirk;;;smirk;-0.00156152551062405
one;snap;;;snap;0.142823457717896
one;snap fingers;;;fingers;0.0799847841262817
one;snapping;;;snapping;0.0970935821533203
one;someone saying no;;;someone;0.252577304840088
one;sound of not caring;;;sound;0.0205989331007004
one;sounds;;;sounds;0.0380922444164753
one;speaking;;;speaking;0.0289040189236403
one;stable;;;stable;0.019218984991312
one;stammer;;;stammer;-0.0173638593405485
one;start of the song;;;start;-0.0526639595627785
one;step;;;step;0.232642561197281
one;stomping;;;stomping;0.0377931371331215
one;stop;;;stop;0.0438668392598629
one;stoped;;;stoped;
one;stupid;;;stupid;0.0267217177897692
one;sudden surprise;;;surprise;0.0913519263267517
one;suprise holding laugh;;;suprise;0.0557307675480843
one;surprise;;;surprise;0.0913519263267517
one;surprised;;;surprised;-0.0290224030613899
one;switch;;;switch;0.135070145130157
one;talk;;;talk;0.0361956767737865
one;talking;;;talking;0.0797641798853874
one;tap;;;tap;0.0687073618173599
one;tapping;;;tapping;0.0457387194037437
one;tch;;;tch;-0.0369591861963272
one;territory mark;;;mark;0.0734023749828339
one;thats right;;;s;0.267393827438355
one;the end;;;end;0.156286343932152
one;there you go;;;go;0.0900244489312172
one;thinking;;;thinking;0.0967838764190674
one;this;;;this;0.475442320108414
one;threaten;;;threaten;-0.0273625534027815
one;tic;;;tic;0.0652547925710678
one;tic tock;;;tock;0.0165461208671331
one;tick;;;tick;0.0979672819375992
one;tick tok;;;tok;-0.00258523179218173
one;ticking;;;ticking;0.0477065704762936
one;tish;;;tish;0.00731712207198143
one;tongue clicking;;;clicking;0.0579384341835976
one;tongue noise;;;noise;0.0107613280415535
one;touch;;;touch;0.113903671503067
one;toungue on roof of mouth;;;toungue;
one;truncated word;;;word;0.145684227347374
one;tsk;;;tsk;-0.0121135823428631
one;tsk tsk;;;tsk;-0.0121135823428631
one;tup;;;tup;-0.00529606780037284
one;turn on;;;turn;0.144840195775032
one;typing;;;typing;-0.00320575083605945
one;uh oh;;;uh;0.0445271916687489
one;uhm;;;uhm;0.00815331470221281
one;um!;;;um;0.0929023399949074
one;ummm;;;ummm;-0.00629723723977804
one;understanding;;;understanding;0.00123919371981174
one;understood;;;understood;0.114828445017338
one;unexpected;;;unexpected;0.00723216542974114
one;unsatisfied;;;unsatisfied;-0.0195457320660353
one;uum;;;uum;
one;vocalize;;;vocalize;0.0274160262197256
one;walking;;;walking;0.088945098221302
one;wand beat;;;beat;0.105677343904972
one;warning;;;warning;0.0481913462281227
one;water dripping;;;dripping;-0.0291980430483818
one;water drop;;;drop;0.122687809169292
one;water droplet;;;droplet;0.130137145519257
one;well then;;;then;0.210984542965889
one;what;;;what;0.304584205150604
one;whatever;;;whatever;0.206836670637131
one;who;;;who;0.401081562042236
one;wink;;;wink;0.104278735816479
one;wood tap;;;tap;0.0687073618173599
one;yes;;;yes;0.128679513931274
one;“No!”;;;no;0.292710304260254
one;;;;nan;-0.0402064584195614
hunt;A wolf killed;;;wolf;0.320322215557098
hunt;Action;;;action;0.0907381549477577
hunt;Anger;;;anger;-0.0326927341520786
hunt;Angry;;;angry;0.0081566134467721
hunt;Angry no;;;angry;0.0081566134467721
hunt;Animal;;;animal;0.186488777399063
hunt;Animal cry;;;cry;0.0283981300890446
hunt;Annoyed;;;annoyed;-0.0180000383406878
hunt;Another Language;;;language;-0.0279699414968491
hunt;Aouwww achaw achaw uuu;;;achaw;
hunt;Aroo la;;;la;0.071122519671917
hunt;Aroo perchu perchu;;;perchu;
hunt;Attack;;;attack;0.138129055500031
hunt;Attack!;;;attack;0.138129055500031
hunt;Awooo pew-choo;;;choo;-0.00679386919364333
hunt;BARK;;;bark;0.115145601332188
hunt;Baby auuu;;;auuu;
hunt;Baby complain;;;complain;0.0206336732953787
hunt;Beware;;;beware;0.084644116461277
hunt;Bhow Bhow Bhow;;;bhow;
hunt;Blasts;;;blasts;0.0457521118223667
hunt;Calm down;;;calm;0.0306346211582422
hunt;Cat fight;;;fight;0.159331545233727
hunt;Crazy guy shouting whoaaaa;;;guy;-0.0706344619393349
hunt;DANGER;;;danger;0.0512095615267754
hunt;Danger;;;danger;0.0512095615267754
hunt;Dead;;;dead;0.0822904482483864
hunt;Dig whimper;;;whimper;0.0805704966187477
hunt;Dog;;;dog;0.130947858095169
hunt;Dog and shots;;;dog;0.130947858095169
hunt;Dog being shot;;;shot;0.164864256978035
hunt;Dog fight;;;fight;0.159331545233727
hunt;Dog howl;;;howl;0.0915379971265793
hunt;Dog sounds;;;sounds;0.0494852960109711
hunt;Effort;;;effort;0.0761343389749527
hunt;Excercising;;;excercising;
hunt;Excitement;;;excitement;0.110258176922798
hunt;Fear;;;fear;0.0348119176924229
hunt;Fearful surprise;;;surprise;0.0157872512936592
hunt;Feeling pain;;;feeling;0.0274909343570471
hunt;Fighting;;;fighting;0.165066033601761
hunt;Fighting sound;;;fighting;0.165066033601761
hunt;Finally;;;finally;0.0451877377927303
hunt;Firing bullet;;;bullet;0.144949108362198
hunt;Frustration;;;frustration;0.038246251642704
hunt;Groaning;;;groaning;0.00387708493508399
hunt;Gun;;;gun;0.225937992334366
hunt;Gun firing;;;firing;0.166964039206505
hunt;Gun shot;;;shot;0.164864256978035
hunt;Gun shot pretence;;;shot;0.164864256978035
hunt;Gun shots;;;shots;0.0880438908934593
hunt;Gunfire;;;gunfire;0.138370528817177
hunt;Guns shooting;;;shooting;0.311747878789902
hunt;Gunshots;;;gunshots;0.0836748629808426
hunt;Gunshots sounds;;;sounds;0.0494852960109711
hunt;Hit;;;hit;0.0426945872604847
hunt;Hitting;;;hitting;0.0522076897323132
hunt;Howl;;;howl;0.0915379971265793
hunt;Howl and shots;;;howl;0.0915379971265793
hunt;Howling;;;howling;0.137589126825333
hunt;Human imitating shotgun;;;imitating;0.025656009092927
hunt;Hunting;;;hunting;0.835687935352325
hunt;Hunting wolves;;;hunting;0.835687935352325
hunt;I am upset;;;am;0.00242645479738712
hunt;I kill you;;;kill;0.263599336147308
hunt;I killed a dog;;;killed;0.113033518195152
hunt;Imagined;;;imagined;-0.0454714410007
hunt;Imitating gun sounds;;;gun;0.225937992334366
hunt;Irritated;;;irritated;-0.0287443920969963
hunt;Jump;;;jump;0.0395171903073788
hunt;Karate;;;karate;-0.0436013713479042
hunt;Karate cry;;;karate;-0.0436013713479042
hunt;Karate sounds;;;sounds;0.0494852960109711
hunt;Killing a dog;;;killing;0.242268338799477
hunt;Let's go;;;let;0.0661333426833153
hunt;Lunge;;;lunge;0.0768197551369667
hunt;Men’,s strange sounds;;;sounds;0.0494852960109711
hunt;Men’s phhhh;;;men;-0.0254550371319056
hunt;Ohhh lack;;;lack;0.0205748751759529
hunt;Old man;;;man;-0.0174647085368633
hunt;Ooooh waah!;;;waah;0.0220525749027729
hunt;Overcome obstacle;;;obstacle;-0.00916539877653122
hunt;Oww pichu pichu;;;oww;-0.0291920583695173
hunt;PLAY;;;play;0.110339723527431
hunt;Pew;;;pew;0.0231873076409102
hunt;Pew-pew-peew;;;peew;
hunt;Play;;;play;0.110339723527431
hunt;Playful noises;;;noises;-0.00929965730756521
hunt;Playfulness;;;playfulness;0.000640002253931016
hunt;Pug pug pug;;;pug;0.0116959856823087
hunt;Punchs;;;punchs;
hunt;Rage;;;rage;0.0568973980844021
hunt;Ready for fight;;;ready;0.00967310834676027
hunt;SHOOT;;;shoot;0.329363107681274
hunt;SHOUT;;;shout;0.0363686792552471
hunt;SOUND;;;sound;0.0134592270478606
hunt;Scare;;;scare;0.0719749704003334
hunt;Scream;;;scream;0.0475480072200298
hunt;Shock;;;shock;-0.0410928167402744
hunt;Shoot;;;shoot;0.329363107681274
hunt;Shooting;;;shooting;0.311747878789902
hunt;Shooting a wolf;;;shooting;0.311747878789902
hunt;Shooting like a kid;;;shooting;0.311747878789902
hunt;Shooting sound;;;shooting;0.311747878789902
hunt;Shot a wolf;;;shot;0.164864256978035
hunt;Shot it;;;shot;0.164864256978035
hunt;Shots;;;shots;0.0880438908934593
hunt;Shots Fired;;;fired;0.107063502073288
hunt;Shots fired;;;fired;0.107063502073288
hunt;Shout of surprise;;;shout;0.0363686792552471
hunt;Shouting;;;shouting;0.0412820614874363
hunt;Siren;;;siren;0.0556717962026596
hunt;Superman;;;superman;-0.079514779150486
hunt;Swinging;;;swinging;0.0282850936055183
hunt;Urra;;;urra;
hunt;Wake up;;;wake;0.0295686405152082
hunt;Whine, play gunfire;;;whine;0.0525422766804695
hunt;Wolf;;;wolf;0.320322215557098
hunt;Wolf being shot;;;shot;0.164864256978035
hunt;Wolf getting hurt;;;hurt;-0.0824414566159248
hunt;Worried;;;worried;-0.00475803343579173
hunt;Yell;;;yell;0.0654976963996887
hunt;a dog getting shot;;;dog;0.130947858095169
hunt;a wolf;;;wolf;0.320322215557098
hunt;a wolf being shot;;;wolf;0.320322215557098
hunt;adult voice;;;voice;-0.00190267863217741
hunt;affirmative;;;affirmative;-0.0521485209465027
hunt;airplane;;;airplane;-0.0173574443906546
hunt;alert;;;alert;0.057826604694128
hunt;alert to stop;;;alert;0.057826604694128
hunt;anger;;;anger;-0.0326927341520786
hunt;angry;;;angry;0.0081566134467721
hunt;angry fighter;;;fighter;0.0957255959510803
hunt;animals get shot;;;shot;0.164864256978035
hunt;annoyed;;;annoyed;-0.0180000383406878
hunt;aohoo ptchu ptchu;;;aohoo;
hunt;aow ptius ptius;;;ptius;
hunt;aoww patcho patcho ew;;;patcho;
hunt;arrchhh picho pichoo whine;;;picho;
hunt;attack;;;attack;0.138129055500031
hunt;attakc noices;;;noices;
hunt;attention;;;attention;-0.0189456529915333
hunt;aurrn pshupshu;;;aurrn;
hunt;auuu ptchptch mm;;;ptchptch;
hunt;auuuu;;;auuuu;
hunt;auuuu hnhn;;;auuuu;
hunt;auuuuuu pshhh pshh;;;auuuuuu;
hunt;awoo chow chow;;;chow;0.11764544993639
hunt;awoooooo patschoo patschoo;;;patschoo;
hunt;awrg turp turp;;;turp;
hunt;baaaarkkk;;;baaaarkkk;
hunt;bang;;;bang;0.131556868553162
hunt;bang bang;;;bang;0.131556868553162
hunt;bang bang bang;;;bang;0.131556868553162
hunt;barking;;;barking;0.164888367056847
hunt;barking dog;;;barking;0.164888367056847
hunt;battle cry;;;cry;0.0283981300890446
hunt;blowing;;;blowing;0.00196324312128127
hunt;blowing ?;;;blowing;0.00196324312128127
hunt;boxing;;;boxing;0.0198985040187836
hunt;breaking;;;breaking;-0.0363910645246506
hunt;bullets, guns fired;;;fired;0.107063502073288
hunt;calling animal;;;calling;0.147559970617294
hunt;canine in distress;;;canine;0.131827756762505
hunt;car going by;;;car;0.0150137394666672
hunt;cat games;;;games;0.17451836168766
hunt;child;;;child;-0.0744225233793259
hunt;come here fast;;;come;0.0397530496120453
hunt;cry out;;;cry;0.0283981300890446
hunt;danger;;;danger;0.0512095615267754
hunt;dead;;;dead;0.0822904482483864
hunt;destroy;;;destroy;0.113210514187813
hunt;disgusting;;;disgusting;-0.0417798981070519
hunt;dodging a near miss;;;dodging;0.106902346014977
hunt;dog;;;dog;0.130947858095169
hunt;dog and gun;;;dog;0.130947858095169
hunt;dog and human playing;;;dog;0.130947858095169
hunt;dog and shots;;;dog;0.130947858095169
hunt;dog and weapon;;;dog;0.130947858095169
hunt;dog bark;;;bark;0.115145601332188
hunt;dog barking;;;barking;0.164888367056847
hunt;dog being shot;;;shot;0.164864256978035
hunt;dog cry;;;cry;0.0283981300890446
hunt;dog fight;;;fight;0.159331545233727
hunt;dog getting hurt;;;hurt;-0.0824414566159248
hunt;dog hitting;;;hitting;0.0522076897323132
hunt;dog playing dead;;;playing;0.13525615632534
hunt;dog sound;;;sound;0.0134592270478606
hunt;dog whining;;;whining;0.0385798215866089
hunt;dog woofing;;;woofing;0.13162998855114
hunt;dog, man;;;dog;0.130947858095169
hunt;doing impressions;;;doing;0.0542956180870533
hunt;don't know;;;know;0.0299586653709412
hunt;dont know;;;know;0.0299586653709412
hunt;door opening;;;opening;0.0439842268824577
hunt;dying dog from bullets;;;dying;0.0333582386374474
hunt;effort;;;effort;0.0761343389749527
hunt;emergency;;;emergency;-0.0784927234053612
hunt;energetic;;;energetic;0.0318908207118511
hunt;excited;;;excited;0.0289290603250265
hunt;exclamation;;;exclamation;0.0260210800915957
hunt;exertion;;;exertion;-0.0119121260941029
hunt;exertion, hard;;;exertion;-0.0119121260941029
hunt;exhaust;;;exhaust;0.0347361825406551
hunt;fake guns;;;guns;0.17028971016407
hunt;fake shooting;;;shooting;0.311747878789902
hunt;fatigue;;;fatigue;-0.00692685088142753
hunt;fear;;;fear;0.0348119176924229
hunt;feigning hurt;;;feigning;-0.0483594872057438
hunt;fight;;;fight;0.159331545233727
hunt;fight scream;;;fight;0.159331545233727
hunt;fighting;;;fighting;0.165066033601761
hunt;fighting chop;;;fighting;0.165066033601761
hunt;finger shooting;;;shooting;0.311747878789902
hunt;finishing something big;;;finishing;0.0960867181420326
hunt;fire gun;;;gun;0.225937992334366
hunt;force;;;force;0.0326740927994251
hunt;fright;;;fright;0.0370428860187531
hunt;frustrated;;;frustrated;0.0405516177415848
hunt;get away;;;get;0.0826396197080612
hunt;getting hit;;;hit;0.0426945872604847
hunt;getting up;;;getting;0.0949658453464508
hunt;going up;;;going;0.104897774755955
hunt;grunt;;;grunt;0.102424144744873
hunt;grunting;;;grunting;0.0854337885975838
hunt;gun;;;gun;0.225937992334366
hunt;gun fights;;;fights;0.128475815057755
hunt;gun firing;;;firing;0.166964039206505
hunt;gun impression;;;impression;-0.0590456761419773
hunt;gun noises;;;noises;-0.00929965730756521
hunt;gun shoot mimic;;;shoot;0.329363107681274
hunt;gun shooting;;;shooting;0.311747878789902
hunt;gun shots;;;shots;0.0880438908934593
hunt;gun sound;;;sound;0.0134592270478606
hunt;gun sounds;;;sounds;0.0494852960109711
hunt;gunfire;;;gunfire;0.138370528817177
hunt;guns;;;guns;0.17028971016407
hunt;gunshot;;;gunshot;0.115660630166531
hunt;gunshots;;;gunshots;0.0836748629808426
hunt;hoola;;;hoola;
hunt;houl laser phaser houl;;;houl;
hunt;how could you?;;;how;0.00859356485307217
hunt;howl;;;howl;0.0915379971265793
hunt;howl and shot;;;howl;0.0915379971265793
hunt;howl chu chu;;;chu;0.0114440927281976
hunt;howl gunshot hurt;;;hurt;-0.0824414566159248
hunt;howl psht wimper;;;howl;0.0915379971265793
hunt;howl, gunfire;;;howl;0.0915379971265793
hunt;howling;;;howling;0.137589126825333
hunt;howling dog;;;howling;0.137589126825333
hunt;howling, shooting, whimpering;;;howling;0.137589126825333
hunt;howling, shots, whimper;;;howling;0.137589126825333
hunt;hunter;;;hunter;0.664391338825226
hunt;hunting;;;hunting;0.835687935352325
hunt;hunting a wolf;;;hunting;0.835687935352325
hunt;hurry up;;;hurry;0.144785657525063
hunt;hurt;;;hurt;-0.0824414566159248
hunt;hurt dog;;;dog;0.130947858095169
hunt;hurt in fight;;;hurt;-0.0824414566159248
hunt;hurt wolf;;;hurt;-0.0824414566159248
hunt;hurting dog;;;hurting;-0.0157801266759634
hunt;huu-a;;;huu;
hunt;if a puppy and an owl had a baby;;;owl;0.101314842700958
hunt;imitate shooting;;;imitate;0.0319764688611031
hunt;imitating gun shots;;;shots;0.0880438908934593
hunt;imitating shooting;;;shooting;0.311747878789902
hunt;imitating shooting dog;;;imitating;0.025656009092927
hunt;imitation of shooting;;;imitation;0.0295413658022881
hunt;indian;;;indian;0.0365310050547123
hunt;injured;;;injured;-0.030726682394743
hunt;intent;;;intent;0.0467409417033196
hunt;irritated;;;irritated;-0.0287443920969963
hunt;jump;;;jump;0.0395171903073788
hunt;kapow;;;kapow;-0.0736307948827744
hunt;karate;;;karate;-0.0436013713479042
hunt;karate attack;;;karate;-0.0436013713479042
hunt;karate blow;;;karate;-0.0436013713479042
hunt;kicking;;;kicking;0.0863927453756332
hunt;killing wolf;;;killing;0.242268338799477
hunt;laser beam;;;beam;0.0241545494645834
hunt;laser beams;;;beams;0.00289925863035023
hunt;late at night;;;late;0.0534329861402512
hunt;lifting;;;lifting;-0.0332753285765648
hunt;lounge;;;lounge;-0.0597025118768215
hunt;making shooting sounds;;;making;0.042550191283226
hunt;man;;;man;-0.0174647085368633
hunt;meowing;;;meowing;0.0423005409538746
hunt;mimic gun;;;gun;0.225937992334366
hunt;moans;;;moans;-0.0180661771446466
hunt;mouthed shooting sounds;;;shooting;0.311747878789902
hunt;o la;;;o;0.022920161485672
hunt;ohh a (like a karate chop);;;ohh;0.0493632555007935
hunt;ohwa;;;ohwa;
hunt;ohwah;;;ohwah;
hunt;ooh wa!;;;ooh;0.0213246829807758
hunt;oooh raah;;;raah;
hunt;ooowak;;;ooowak;
hunt;opla;;;opla;
hunt;ouch;;;ouch;-0.0361566729843617
hunt;owla;;;owla;
hunt;pahhoow-pahhoow-pahhoow;;;pahhoow;
hunt;pau pau;;;pau;-0.00150420248974115
hunt;pew pew pew;;;pew;0.0231873076409102
hunt;pew pew pew (shooting noise);;;noise;-0.018182598054409
hunt;pewpewpew;;;pewpewpew;
hunt;phew phew phew;;;phew;-0.00747600570321083
hunt;phhh phhh phhh;;;phhh;
hunt;phoophoophoo;;;phoophoophoo;
hunt;physical exertion;;;exertion;-0.0119121260941029
hunt;piou piou;;;piou;
hunt;pistol;;;pistol;0.173656761646271
hunt;play dog;;;play;0.110339723527431
hunt;play with dog;;;play;0.110339723527431
hunt;playing;;;playing;0.13525615632534
hunt;playing a game;;;playing;0.13525615632534
hunt;playing with weapons;;;playing;0.13525615632534
hunt;pohpohuk;;;pohpohuk;
hunt;pokemon fight;;;fight;0.159331545233727
hunt;pow pow pow;;;pow;0.0152851259335876
hunt;pretend gun shooting / cowboys;;;pretend;-0.00839787907898426
hunt;projectiles;;;projectiles;0.059341162443161
hunt;pu puh puh;;;puh;0.0123066548258066
hunt;puh puh;;;puh;0.0123066548258066
hunt;puh-ow puh-ow puh-ow;;;ow;-0.00961362011730671
hunt;pull;;;pull;0.0684977024793625
hunt;punching;;;punching;-0.0133222313597798
hunt;puppy;;;puppy;0.0365641191601753
hunt;raising up;;;raising;0.08857461810112
hunt;roar;;;roar;0.0647118762135506
hunt;rumble;;;rumble;0.0701113641262054
hunt;scare;;;scare;0.0719749704003334
hunt;scare someone;;;scare;0.0719749704003334
hunt;scaring;;;scaring;0.107534594833851
hunt;scaring off animals;;;scaring;0.107534594833851
hunt;scream;;;scream;0.0475480072200298
hunt;screaming;;;screaming;0.0443331003189087
hunt;shoot;;;shoot;0.329363107681274
hunt;shoot the dog;;;shoot;0.329363107681274
hunt;shooting;;;shooting;0.311747878789902
hunt;shooting a dog;;;shooting;0.311747878789902
hunt;shooting a gun;;;shooting;0.311747878789902
hunt;shooting a wolf;;;shooting;0.311747878789902
hunt;shooting animals;;;shooting;0.311747878789902
hunt;shooting at something;;;shooting;0.311747878789902
hunt;shooting wolf;;;shooting;0.311747878789902
hunt;shooting, dog;;;shooting;0.311747878789902
hunt;shoots;;;shoots;0.244692862033844
hunt;shot;;;shot;0.164864256978035
hunt;shots;;;shots;0.0880438908934593
hunt;shots fired;;;fired;0.107063502073288
hunt;shout and grunt;;;shout;0.0363686792552471
hunt;shouting;;;shouting;0.0412820614874363
hunt;shove away;;;shove;-0.0372626930475235
hunt;show;;;show;0.0417016893625259
hunt;sick;;;sick;-0.0593398623168469
hunt;sing;;;sing;0.0359082221984863
hunt;spit;;;spit;-0.0657682791352272
hunt;standing up;;;standing;-0.0321500264108181
hunt;stay away;;;stay;0.080669142305851
hunt;straighten up;;;straighten;-0.0626649111509323
hunt;strain;;;strain;-0.0558314099907875
hunt;strength;;;strength;-0.0216741170734167
hunt;stretch;;;stretch;-0.0231028813868761
hunt;strong;;;strong;-0.0310341864824295
hunt;sword wielding;;;wielding;0.0643516555428505
hunt;tennis;;;tennis;0.0443226434290409
hunt;terrible thing;;;thing;0.0474816672503948
hunt;there;;;there;0.0430403612554073
hunt;tired;;;tired;-0.0201926901936531
hunt;to encourage;;;encourage;0.0128761194646358
hunt;to shoot a gun;;;shoot;0.329363107681274
hunt;uh-lah;;;uh;0.0206106528639793
hunt;uhhwah;;;uhhwah;
hunt;urraa;;;urraa;
hunt;urrgha;;;urrgha;
hunt;uuu wap;;;uuu;-0.0256401896476746
hunt;uuua!;;;uuua;
hunt;uuuha;;;uuuha;
hunt;uuuuu aaaaa;;;aaaaa;0.0249054655432701
hunt;waking up;;;waking;0.0210663545876741
hunt;war;;;war;0.120033293962479
hunt;warrior;;;warrior;0.100014269351959
hunt;watch out;;;watch;0.0845074951648712
hunt;weapon;;;weapon;0.135069787502289
hunt;weapon, shooting;;;weapon;0.135069787502289
hunt;whining;;;whining;0.0385798215866089
hunt;whoo ah;;;whoo;0.0938928201794624
hunt;wolf;;;wolf;0.320322215557098
hunt;wolf and cartoon;;;wolf;0.320322215557098
hunt;wolf being shot;;;shot;0.164864256978035
hunt;wolf dying;;;dying;0.0333582386374474
hunt;wolf getting shot;;;shot;0.164864256978035
hunt;wolf killed;;;killed;0.113033518195152
hunt;wolf killing;;;killing;0.242268338799477
hunt;wolf noise;;;noise;-0.018182598054409
hunt;wolf shot dead;;;shot;0.164864256978035
hunt;wolf shot?;;;shot;0.164864256978035
hunt;wolf sound;;;sound;0.0134592270478606
hunt;wolf voice;;;voice;-0.00190267863217741
hunt;wooha;;;wooha;
hunt;wounded wolf;;;wounded;0.0514881387352943
hunt;yawn;;;yawn;-0.0400841608643532
hunt;yawn?;;;yawn;-0.0400841608643532
hunt;yelling;;;yelling;0.045836191624403
hunt;yelp;;;yelp;0.0215981714427471
hunt;yuck;;;yuck;-0.0537906214594841
hunt;;;;nan;-0.0593822561204433
tiger;Aaag;;;aaag;
tiger;Aggressive;;;aggressive;0.134902983903885
tiger;Airplane;;;airplane;0.0619145333766937
tiger;Alertness;;;alertness;0.0739284381270409
tiger;Anger;;;anger;0.071378119289875
tiger;Angry;;;angry;0.0686019510030747
tiger;Animal or monster;;;animal;0.274751782417297
tiger;Annoyed;;;annoyed;-0.00480051385238767
tiger;Bear;;;bear;0.370022118091583
tiger;Burp;;;burp;0.0288220159709454
tiger;Cat;;;cat;0.3546482026577
tiger;Danger;;;danger;-0.00952249485999346
tiger;Dangerous;;;dangerous;-0.030853321775794
tiger;Disgust;;;disgust;-0.0901802107691765
tiger;Exhaustion;;;exhaustion;0.0578677318990231
tiger;Facing horror;;;facing;0.0781309008598328
tiger;Feisty;;;feisty;0.0775145813822746
tiger;Furious;;;furious;0.0876072198152542
tiger;Go away;;;go;0.0859084278345108
tiger;Graaaaoow;;;graaaaoow;
tiger;Great Anger;;;anger;0.071378119289875
tiger;Groanibg? Roaring?;;;groanibg;
tiger;Groaning;;;groaning;-0.0400984883308411
tiger;Growl;;;growl;0.21397802233696
tiger;Growling beast;;;beast;0.274403303861618
tiger;Growning;;;growning;
tiger;Grraaah;;;grraaah;
tiger;Grunt;;;grunt;0.0829000324010849
tiger;Grunting;;;grunting;0.0859116539359093
tiger;Hhhohhohhohhohho;;;hhhohhohhohhohho;
tiger;Hungry;;;hungry;0.102091088891029
tiger;I hate you;;;hate;-0.0423553176224232
tiger;I'm angry;;;'m;
tiger;Imponence;;;imponence;
tiger;I’m  irritated;;;’m;
tiger;Joking sound;;;sound;0.0513857528567314
tiger;Lion;;;lion;0.582846522331238
tiger;Lion roar;;;roar;0.26592218875885
tiger;Mad;;;mad;0.0695186331868172
tiger;Male irritating spuds;;;spuds;-0.0419208519160748
tiger;Men’s high oooo;;;men;-0.00755095109343529
tiger;Meow;;;meow;0.271496802568436
tiger;Monster;;;monster;0.170919924974442
tiger;Monster sound;;;sound;0.0513857528567314
tiger;Oink;;;oink;0.110065467655659
tiger;Pain;;;pain;0.017772002145648
tiger;ROAR;;;roar;0.26592218875885
tiger;Raaawr;;;raaawr;
tiger;Raawr;;;raawr;
tiger;Rage;;;rage;0.0953626930713654
tiger;Rawr;;;rawr;0.343219816684723
tiger;Rawr sound;;;sound;0.0513857528567314
tiger;Rawrrrrr;;;rawrrrrr;
tiger;Really Angry;;;angry;0.0686019510030747
tiger;Rest;;;rest;0.0893040746450424
tiger;Roar;;;roar;0.26592218875885
tiger;Roar, Monster, Scary;;;roar;0.26592218875885
tiger;Roaring;;;roaring;0.22000589966774
tiger;Roaring?;;;roaring;0.22000589966774
tiger;SNORE;;;snore;0.0635479688644409
tiger;Sassy;;;sassy;0.0469158887863159
tiger;Scare, attack;;;scare;0.0563805922865868
tiger;Scary sound;;;sound;0.0513857528567314
tiger;Scary, Monster, Lion;;;lion;0.582846522331238
tiger;Scream;;;scream;0.0153291551396251
tiger;Screaming;;;screaming;0.0386700481176376
tiger;Sleep;;;sleep;0.111987292766571
tiger;Sleeping;;;sleeping;0.100385293364525
tiger;Snarl;;;snarl;0.147092893719673
tiger;Snarling sound;;;snarling;0.202404662966728
tiger;Snoar;;;snoar;
tiger;Snoozing;;;snoozing;0.100075140595436
tiger;Snore;;;snore;0.0635479688644409
tiger;Snoring;;;snoring;0.0864470303058624
tiger;Snort;;;snort;0.0830022841691971
tiger;Terrifying monster;;;monster;0.170919924974442
tiger;Threat;;;threat;0.0124648241326213
tiger;Tiger;;;tiger;1
tiger;Tired;;;tired;-0.00978107564151287
tiger;Vibrating;;;vibrating;-0.0403760448098183
tiger;Vomit;;;vomit;-0.032801691442728
tiger;Warning you;;;warning;-0.00426890281960368
tiger;Wild;;;wild;0.26685506105423
tiger;Zombie;;;zombie;0.0429078750312328
tiger;a beast;;;beast;0.274403303861618
tiger;aaaahhh;;;aaaahhh;
tiger;aaagggggghhhh;;;aaagggggghhhh;
tiger;aargh;;;aargh;0.075694315135479
tiger;adults scaring child;;;adults;-0.0628706514835358
tiger;aeeeargh;;;aeeeargh;
tiger;aggressive;;;aggressive;0.134902983903885
tiger;agitation;;;agitation;0.0358693711459637
tiger;agressive;;;agressive;0.147227987647057
tiger;anger;;;anger;0.071378119289875
tiger;angry;;;angry;0.0686019510030747
tiger;angry bored;;;bored;-0.0536374114453793
tiger;angry defensive;;;defensive;0.0943596214056015
tiger;angry growl;;;growl;0.21397802233696
tiger;angry roar;;;roar;0.26592218875885
tiger;animal;;;animal;0.274751782417297
tiger;animal anger;;;anger;0.071378119289875
tiger;animal attack;;;attack;0.122178688645363
tiger;animal growl;;;growl;0.21397802233696
tiger;animal roar;;;roar;0.26592218875885
tiger;animal roaring;;;roaring;0.22000589966774
tiger;animal snoring;;;snoring;0.0864470303058624
tiger;animalistic sound;;;sound;0.0513857528567314
tiger;annoy;;;annoy;-0.0245614182204008
tiger;annoyed;;;annoyed;-0.00480051385238767
tiger;argh;;;argh;0.0654798597097397
tiger;arrghh;;;arrghh;
tiger;asserting dominance;;;asserting;-0.00407110713422298
tiger;back off;;;off;0.0167419109493494
tiger;be at ease;;;be;-0.0132367182523012
tiger;bear;;;bear;0.370022118091583
tiger;bear snoring;;;snoring;0.0864470303058624
tiger;beast;;;beast;0.274403303861618
tiger;beast growl;;;growl;0.21397802233696
tiger;bedtime;;;bedtime;0.0829875394701958
tiger;belch;;;belch;0.0423917286098003
tiger;big cat snarl;;;snarl;0.147092893719673
tiger;bored;;;bored;-0.0536374114453793
tiger;boring;;;boring;-0.0631263479590416
tiger;burp;;;burp;0.0288220159709454
tiger;car;;;car;0.0109525118023157
tiger;car driving by;;;car;0.0109525118023157
tiger;cat;;;cat;0.3546482026577
tiger;cat meowing;;;meowing;0.224271342158318
tiger;cat purring;;;purring;0.249041676521301
tiger;cat snarl;;;snarl;0.147092893719673
tiger;cat sound;;;sound;0.0513857528567314
tiger;chawo;;;chawo;
tiger;cough;;;cough;0.0151592986658216
tiger;croak;;;croak;0.0161975920200348
tiger;cry of pain;;;cry;0.0594925470650196
tiger;danger;;;danger;-0.00952249485999346
tiger;danger anger violence;;;anger;0.071378119289875
tiger;danger, monster;;;danger;-0.00952249485999346
tiger;dangerous;;;dangerous;-0.030853321775794
tiger;dangerous beast;;;beast;0.274403303861618
tiger;dangerous monster;;;monster;0.170919924974442
tiger;dinosaur;;;dinosaur;0.123333297669888
tiger;disgust;;;disgust;-0.0901802107691765
tiger;disinterested;;;disinterested;-0.0524099543690681
tiger;dog;;;dog;0.191850125789642
tiger;dragon;;;dragon;0.385595202445984
tiger;exclamation;;;exclamation;-0.0158178266137838
tiger;fake snore;;;snore;0.0635479688644409
tiger;fear;;;fear;0.012099327519536
tiger;fed up;;;fed;0.0675682425498962
tiger;feeling relieved;;;feeling;-0.0270715970546007
tiger;feeling unwell;;;feeling;-0.0270715970546007
tiger;feline;;;feline;0.406780153512955
tiger;ferocious animal;;;animal;0.274751782417297
tiger;fierce;;;fierce;0.194307774305344
tiger;frightening creature;;;creature;0.115783490240574
tiger;frisky;;;frisky;0.0635494217276573
tiger;frog;;;frog;0.199277222156525
tiger;frustrated;;;frustrated;-0.0226051434874535
tiger;furious;;;furious;0.0876072198152542
tiger;georrrrr;;;georrrrr;
tiger;ghhheugh;;;ghhheugh;
tiger;gorilla;;;gorilla;0.323839217424393
tiger;grauuu;;;grauuu;
tiger;grawling;;;grawling;
tiger;groaning;;;groaning;-0.0400984883308411
tiger;groul;;;groul;
tiger;growl;;;growl;0.21397802233696
tiger;growling;;;growling;0.208264052867889
tiger;gruauuu;;;gruauuu;
tiger;grunt;;;grunt;0.0829000324010849
tiger;grunting;;;grunting;0.0859116539359093
tiger;grunting loudly;;;grunting;0.0859116539359093
tiger;haaoowwlll;;;haaoowwlll;
tiger;haoowwl;;;haoowwl;
tiger;high effort;;;effort;0.00847412180155516
tiger;hissing;;;hissing;0.102979943156242
tiger;hoarseness;;;hoarseness;-0.103669665753841
tiger;hrrieaw;;;hrrieaw;
tiger;hrrreahhhhhhhhh;;;hrrreahhhhhhhhh;
tiger;hrrreeuuu;;;hrrreeuuu;
tiger;huge monster;;;monster;0.170919924974442
tiger;jauummm;;;jauummm;
tiger;jeuah;;;jeuah;
tiger;leon mimick;;;mimick;-0.020313898101449
tiger;lion;;;lion;0.582846522331238
tiger;lion or tiger;;;lion;0.582846522331238
tiger;lion roar;;;roar;0.26592218875885
tiger;lion roaring;;;roaring;0.22000589966774
tiger;lion's roar;;;lion;0.582846522331238
tiger;man in jungle again;;;man;0.00135082611814141
tiger;man, sound;;;sound;0.0513857528567314
tiger;marmot;;;marmot;0.123959362506866
tiger;menacing;;;menacing;0.0450621321797371
tiger;meow;;;meow;0.271496802568436
tiger;mischievous, playful;;;playful;0.0375190824270248
tiger;monster;;;monster;0.170919924974442
tiger;monster noise;;;noise;0.0320034064352512
tiger;monster roaring;;;roaring;0.22000589966774
tiger;monster sound;;;sound;0.0513857528567314
tiger;motor;;;motor;0.0806823223829269
tiger;mouth sounds;;;sounds;0.0181202590465546
tiger;no comment;;;comment;0.0293641816824675
tiger;noisy exhale;;;exhale;0.0764508545398712
tiger;non human snore;;;snore;0.0635479688644409
tiger;owl;;;owl;0.229733660817146
tiger;pig;;;pig;0.0889472514390945
tiger;pig noise;;;noise;0.0320034064352512
tiger;pig sound (child);;;sound;0.0513857528567314
tiger;play;;;play;0.00449080625548959
tiger;playing with toys;;;playing;0.022842550650239
tiger;predator;;;predator;0.271885067224503
tiger;predator warning;;;warning;-0.00426890281960368
tiger;primitive;;;primitive;-0.031605739146471
tiger;purr;;;purr;0.252454698085785
tiger;purring;;;purring;0.249041676521301
tiger;raaaawrgh;;;raaaawrgh;
tiger;raaarrr;;;raaarrr;
tiger;raaawwwr;;;raaawwwr;
tiger;raawwwrrr;;;raawwwrrr;
tiger;rage;;;rage;0.0953626930713654
tiger;raowwwllll;;;raowwwllll;
tiger;rare;;;rare;0.0942669659852982
tiger;rauuu;;;rauuu;
tiger;rawr;;;rawr;0.343219816684723
tiger;rearr;;;rearr;
tiger;reauuu;;;reauuu;
tiger;relaxing;;;relaxing;0.0754101797938347
tiger;roar;;;roar;0.26592218875885
tiger;roar like tiger;;;roar;0.26592218875885
tiger;roar lion;;;lion;0.582846522331238
tiger;roar, danger;;;roar;0.26592218875885
tiger;roaring;;;roaring;0.22000589966774
tiger;roaring tiger;;;tiger;1
tiger;savage;;;savage;0.183908492326736
tiger;scare;;;scare;0.0563805922865868
tiger;scare someone;;;scare;0.0563805922865868
tiger;scared;;;scared;0.0555584318935871
tiger;scaring;;;scaring;0.0480988621711731
tiger;scaring off something;;;scaring;0.0480988621711731
tiger;scaring someone;;;scaring;0.0480988621711731
tiger;scary;;;scary;0.00937938410788775
tiger;scary monster;;;monster;0.170919924974442
tiger;scary roar;;;roar;0.26592218875885
tiger;scream;;;scream;0.0153291551396251
tiger;sexual growling;;;growling;0.208264052867889
tiger;sexy meow;;;meow;0.271496802568436
tiger;sleep;;;sleep;0.111987292766571
tiger;sleeping;;;sleeping;0.100385293364525
tiger;sleeping dog;;;dog;0.191850125789642
tiger;snarl;;;snarl;0.147092893719673
tiger;snarling;;;snarling;0.202404662966728
tiger;sneeze;;;sneeze;-0.023056922480464
tiger;snooze;;;snooze;0.0901107862591744
tiger;snor;;;snor;
tiger;snore;;;snore;0.0635479688644409
tiger;snore or snort;;;snore;0.0635479688644409
tiger;snoring;;;snoring;0.0864470303058624
tiger;snoring while sleeping;;;snoring;0.0864470303058624
tiger;snorting;;;snorting;0.0944162607192993
tiger;soft car purr;;;purr;0.252454698085785
tiger;stay away;;;stay;0.0204915087670088
tiger;stretch;;;stretch;0.0669475272297859
tiger;terror;;;terror;0.0289299879223108
tiger;threat;;;threat;0.0124648241326213
tiger;tiger;;;tiger;1
tiger;tired, go away;;;go;0.0859084278345108
tiger;to roar;;;roar;0.26592218875885
tiger;truck;;;truck;-0.00235842191614211
tiger;undead;;;undead;-0.000430040206992999
tiger;uuuuuaaaahhhhh;;;uuuuuaaaahhhhh;
tiger;vampire;;;vampire;0.000455540750408545
tiger;very angry;;;angry;0.0686019510030747
tiger;vicious animal;;;animal;0.274751782417297
tiger;waking up;;;waking;0.0727162137627602
tiger;weird;;;weird;-0.00589037174358964
tiger;weird snore;;;snore;0.0635479688644409
tiger;weird sound;;;sound;0.0513857528567314
tiger;whaaaaaow;;;whaaaaaow;
tiger;whaw;;;whaw;
tiger;whawoo;;;whawoo;
tiger;whhhhearrrrhhhh;;;whhhhearrrrhhhh;
tiger;wild animal;;;animal;0.274751782417297
tiger;wolf;;;wolf;0.315254986286163
tiger;wowww!;;;wowww;
tiger;wraaaawrrrr;;;wraaaawrrrr;
tiger;wrrr;;;wrrr;
tiger;yawn;;;yawn;0.106230176985264
tiger;yeti;;;yeti;0.175157189369202
tiger;zombie;;;zombie;0.0429078750312328
tiger;;;;nan;0.062098678201437
rock;???;;;?;
rock;Alert;;;alert;-0.0772487297654152
rock;Bang;;;bang;0.132184401154518
rock;Bass drop;;;drop;0.111461818218231
rock;Blip;;;blip;0.0189829915761948
rock;Book falling;;;falling;0.145012855529785
rock;Boredom;;;boredom;0.0197826083749533
rock;Bouncing;;;bouncing;0.119853854179382
rock;Bump;;;bump;0.151494085788727
rock;CLICK;;;click;0.0256270542740822
rock;Call;;;call;0.0290743205696344
rock;Cheek pop;;;pop;0.378129482269287
rock;Click;;;click;0.0256270542740822
rock;Click or tap;;;click;0.0256270542740822
rock;Clicking;;;clicking;0.0228059068322182
rock;Clicking tongue;;;clicking;0.0228059068322182
rock;Clock;;;clock;-0.0478229373693466
rock;Clock human sound;;;sound;0.152528837323189
rock;Clock tick;;;tick;0.0196055453270674
rock;Clock ticking;;;ticking;-0.0119294114410877
rock;Clock ticking/tick;;;tick;0.0196055453270674
rock;Clonk;;;clonk;0.101121939718723
rock;Cluck;;;cluck;0.0028348402120173
rock;Clunk;;;clunk;0.0935051888227463
rock;Clup;;;clup;
rock;Colision;;;colision;
rock;Come;;;come;-0.030652092769742
rock;Come here;;;come;-0.030652092769742
rock;Danger;;;danger;0.015144819393754
rock;Disinterest;;;disinterest;-0.0324327610433102
rock;Donk;;;donk;0.00367449782788754
rock;Doom;;;doom;0.121963977813721
rock;Drop;;;drop;0.111461818218231
rock;Drop, fall;;;drop;0.111461818218231
rock;Drum;;;drum;0.250192731618881
rock;Drumming;;;drumming;0.227818369865417
rock;Drums;;;drums;0.256634891033173
rock;Dull thud;;;thud;0.150288566946983
rock;Dum;;;dum;-0.0391658321022987
rock;Dumb sound;;;sound;0.152528837323189
rock;Dunk;;;dunk;0.0594783201813698
rock;Explosion;;;explosion;0.086461678147316
rock;Falling;;;falling;0.145012855529785
rock;Falling in water;;;falling;0.145012855529785
rock;Having Sex;;;having;0.0100706927478313
rock;Hit;;;hit;0.158555895090103
rock;Horse leg stomp;;;leg;0.0249544065445662
rock;I'm here;;;'m;
rock;Impact;;;impact;0.121700517833233
rock;Impatient;;;impatient;-0.0927272662520409
rock;Indecisive;;;indecisive;-0.0362298302352428
rock;Just assenting with tongue;;;assenting;-0.0307180061936378
rock;Knock;;;knock;0.107784248888493
rock;Knocking;;;knocking;0.0692742913961411
rock;Knonk on wood;;;knonk;
rock;Knuckle;;;knuckle;0.113396123051643
rock;Like playing music;;;like;0.112580344080925
rock;Lock;;;lock;0.0636114180088043
rock;Men’s Plum;;;men;0.0139070758596063
rock;Men’s low sound;;;men;0.0139070758596063
rock;Men’s plu;;;men;0.0139070758596063
rock;Mouth movement;;;movement;0.0815557539463043
rock;Mouth sound;;;sound;0.152528837323189
rock;Not;;;not;0.00478423992171884
rock;Nothing?;;;nothing;0.00100586691405624
rock;Okay;;;okay;-0.0263367090374231
rock;Opened;;;opened;-0.0737866684794426
rock;Ping Pong;;;pong;-0.00848610140383244
rock;Pop;;;pop;0.378129482269287
rock;Puac;;;puac;
rock;Putting something down;;;putting;-0.0168439839035273
rock;RHYTHM;;;rhythm;0.202428326010704
rock;Raindrop;;;raindrop;0.076095387339592
rock;Reverb;;;reverb;0.167840197682381
rock;SOUND;;;sound;0.152528837323189
rock;Sex;;;sex;0.0495666600763798
rock;Smack;;;smack;0.162843301892281
rock;Sound;;;sound;0.152528837323189
rock;Sticks;;;sticks;0.156887501478195
rock;Stomping;;;stomping;0.179692879319191
rock;Stop;;;stop;-0.0030102760065347
rock;Strange sound;;;sound;0.152528837323189
rock;Talking;;;talking;-0.0556310191750526
rock;Thud sound;;;sound;0.152528837323189
rock;Thump;;;thump;0.183485075831413
rock;Tick;;;tick;0.0196055453270674
rock;Ticking;;;ticking;-0.0119294114410877
rock;Time;;;time;-0.0226885788142681
rock;Tired;;;tired;0.0153063973411918
rock;To snap;;;snap;0.0130142560228705
rock;To snape;;;snape;-0.014723252505064
rock;Tock;;;tock;0.0433706045150757
rock;Tongue;;;tongue;0.0776557773351669
rock;Tongue click;;;click;0.0256270542740822
rock;Tongue noise;;;noise;0.0828952938318253
rock;Tounge click;;;click;0.0256270542740822
rock;Tum;;;tum;0.0235477350652218
rock;Uncorking;;;uncorking;-0.0888509601354599
rock;Wood;;;wood;0.123992994427681
rock;Yes;;;yes;0.0364580489695072
rock;adults talking child;;;adults;0.0602462477982044
rock;agree;;;agree;-0.0231588259339333
rock;agreed;;;agreed;-0.0601728782057762
rock;agreement;;;agreement;-0.0120841711759567
rock;and;;;and;0.0375048331916332
rock;animal;;;animal;0.0206702668219805
rock;attention;;;attention;-0.0600702427327633
rock;baby sound;;;sound;0.152528837323189
rock;bang;;;bang;0.132184401154518
rock;barking;;;barking;-0.0413626469671726
rock;bass;;;bass;0.225128456950188
rock;bassy pang;;;pang;-0.0233081914484501
rock;be strong;;;be;0.0715444013476372
rock;beap;;;beap;
rock;beat;;;beat;0.160696446895599
rock;beatbox;;;beatbox;0.166303679347038
rock;bell;;;bell;-0.0225739181041718
rock;big accident;;;accident;-0.013015391305089
rock;bird;;;bird;0.0303560066968203
rock;blow;;;blow;0.0232795104384422
rock;bomb;;;bomb;0.0789247304201126
rock;bonk;;;bonk;0.0923700928688049
rock;boom;;;boom;0.0953416302800179
rock;bored;;;bored;0.0240456443279982
rock;boring;;;boring;0.0531920343637466
rock;bottle;;;bottle;0.0071044466458261
rock;bottle opening;;;opening;-0.0486609041690826
rock;bottle, opening;;;bottle;0.0071044466458261
rock;bow shot;;;bow;0.0408526100218296
rock;bubble pop;;;pop;0.378129482269287
rock;bump;;;bump;0.151494085788727
rock;calm funny sound;;;sound;0.152528837323189
rock;check;;;check;0.0256100967526436
rock;cherry on top;;;cherry;0.0999552756547928
rock;child;;;child;0.0542835369706154
rock;chuk;;;chuk;
rock;clack;;;clack;0.0924479067325592
rock;clacking;;;clacking;0.0495094284415245
rock;click;;;click;0.0256270542740822
rock;click tongue;;;click;0.0256270542740822
rock;clicking;;;clicking;0.0228059068322182
rock;clicking sound;;;clicking;0.0228059068322182
rock;clicking tongue;;;clicking;0.0228059068322182
rock;clo;;;clo;-0.0466236174106598
rock;clock;;;clock;-0.0478229373693466
rock;clock hand;;;hand;0.0137852923944592
rock;clock tick;;;tick;0.0196055453270674
rock;clock ticking;;;ticking;-0.0119294114410877
rock;clocking;;;clocking;-0.0933619067072868
rock;clocking mouth;;;clocking;-0.0933619067072868
rock;clok;;;clok;
rock;clonk;;;clonk;0.101121939718723
rock;clop;;;clop;0.0353334695100784
rock;clu;;;clu;-0.0114792762324214
rock;cluc;;;cluc;
rock;cluck;;;cluck;0.0028348402120173
rock;clucking;;;clucking;-0.010634483769536
rock;cluh;;;cluh;
rock;clumk;;;clumk;
rock;clunk;;;clunk;0.0935051888227463
rock;clunking;;;clunking;0.0553008392453194
rock;clup;;;clup;
rock;coin;;;coin;0.0695260465145111
rock;come;;;come;-0.030652092769742
rock;congratulations;;;congratulations;-0.0291186384856701
rock;cuc;;;cuc;
rock;cue;;;cue;0.0210369471460581
rock;darn;;;darn;-0.0417908690869808
rock;decisiveness;;;decisiveness;-0.0495577864348888
rock;deep drum;;;drum;0.250192731618881
rock;deep sound;;;sound;0.152528837323189
rock;deep talk;;;talk;-0.000916130898986012
rock;deep vocal sing;;;sing;0.167109340429306
rock;demonstrating;;;demonstrating;0.0217265672981739
rock;deny;;;deny;0.103320799767971
rock;disagreement;;;disagreement;-0.0390266440808773
rock;distracted;;;distracted;-0.0746050700545311
rock;do know;;;know;0.0245464611798525
rock;dom tka;;;tka;
rock;don't know;;;know;0.0245464611798525
rock;done;;;done;-0.0141204623505473
rock;dont know;;;know;0.0245464611798525
rock;doom;;;doom;0.121963977813721
rock;doom string pluck;;;string;0.0276763085275888
rock;door;;;door;0.0139812743291259
rock;door close;;;close;-0.0193477645516396
rock;drink;;;drink;0.00418230751529336
rock;drip;;;drip;0.00530136609449983
rock;dripping;;;dripping;0.000695260299835354
rock;dripping tap;;;tap;0.0789036825299263
rock;drop;;;drop;0.111461818218231
rock;drop of water;;;drop;0.111461818218231
rock;dropped in water;;;dropped;0.0854386016726494
rock;drum;;;drum;0.250192731618881
rock;drum beat;;;beat;0.160696446895599
rock;drum like sound;;;drum;0.250192731618881
rock;drum sound;;;sound;0.152528837323189
rock;drumbeat;;;drumbeat;0.148284733295441
rock;drums;;;drums;0.256634891033173
rock;dum;;;dum;-0.0391658321022987
rock;dumgo;;;dumgo;
rock;dumk;;;dumk;
rock;dump;;;dump;0.111123949289322
rock;dunk;;;dunk;0.0594783201813698
rock;end;;;end;-0.0405788570642471
rock;enough said;;;said;-0.0494257770478725
rock;explain , saying hi;;;explain;-0.0209852363914251
rock;explosion;;;explosion;0.086461678147316
rock;fall;;;fall;0.152261406183243
rock;fall down;;;fall;0.152261406183243
rock;fall, strike, batter;;;fall;0.152261406183243
rock;falling;;;falling;0.145012855529785
rock;falling and hitting;;;falling;0.145012855529785
rock;flick;;;flick;0.0836811810731888
rock;funny;;;funny;-0.0533120557665825
rock;gallop;;;gallop;-0.0343203768134117
rock;galoping;;;galoping;
rock;glass;;;glass;0.0427738390862942
rock;going over a soeed bump;;;bump;0.151494085788727
rock;good;;;good;0.00533191673457623
rock;greeting;;;greeting;-0.0421685241162777
rock;gulp;;;gulp;-0.0169137697666883
rock;heartbeat;;;heartbeat;0.101794384419918
rock;heavy blow;;;blow;0.0232795104384422
rock;heavy things;;;things;0.00261804088950157
rock;here;;;here;-0.0159882567822933
rock;hiccup;;;hiccup;-0.0184411611407995
rock;hit;;;hit;0.158555895090103
rock;hitting;;;hitting;0.127319291234016
rock;hitting solid wall;;;hitting;0.127319291234016
rock;hitting something;;;hitting;0.127319291234016
rock;hitting the ground;;;hitting;0.127319291234016
rock;home;;;home;0.0116787450388074
rock;horse;;;horse;-0.0288365297019482
rock;horse galloping;;;galloping;-0.0245308373123407
rock;horse step;;;step;0.0475643426179886
rock;house;;;house;0.0936300382018089
rock;huh;;;huh;-0.00537509191781282
rock;hummig;;;hummig;
rock;i dont know;;;know;0.0245464611798525
rock;imitating, drum;;;drum;0.250192731618881
rock;impact sound;;;sound;0.152528837323189
rock;irritation;;;irritation;-0.0681353062391281
rock;jazz;;;jazz;0.301026254892349
rock;jump;;;jump;0.0300460234284401
rock;kid playing mouth;;;playing;0.0695533156394959
rock;kid playing sound;;;playing;0.0695533156394959
rock;kid playing with mouth;;;kid;0.0888762399554253
rock;klack;;;klack;
rock;klick;;;klick;0.00352215184830129
rock;klock;;;klock;
rock;knock;;;knock;0.107784248888493
rock;knock and echo;;;knock;0.107784248888493
rock;knock on wood;;;knock;0.107784248888493
rock;kuk;;;kuk;0.0168635360896587
rock;light;;;light;-0.0216903835535049
rock;lightning;;;lightning;0.0203225612640381
rock;little explosion;;;explosion;0.086461678147316
rock;little noise;;;noise;0.0828952938318253
rock;loud;;;loud;0.122663408517838
rock;lound noise;;;noise;0.0828952938318253
rock;making a sound;;;making;-0.0139507185667753
rock;male sound;;;sound;0.152528837323189
rock;maybe;;;maybe;-0.020311277359724
rock;metal hitting floor;;;hitting;0.127319291234016
rock;minute;;;minute;-0.0481345057487488
rock;mouse;;;mouse;0.0320176556706429
rock;mouth click;;;click;0.0256270542740822
rock;mouth noise;;;noise;0.0828952938318253
rock;mouth sound;;;sound;0.152528837323189
rock;munching;;;munching;0.0509668067097664
rock;music;;;music;0.33939865231514
rock;notice me;;;notice;-0.0294058378785849
rock;nudge;;;nudge;0.0719336196780205
rock;nut;;;nut;0.0362809002399445
rock;object drop;;;drop;0.111461818218231
rock;object hitting ground;;;object;0.0700687915086746
rock;obliging;;;obliging;-0.0171868409961462
rock;one drum;;;drum;0.250192731618881
rock;one horse step;;;step;0.0475643426179886
rock;pig;;;pig;-0.0641288161277771
rock;ping pong;;;pong;-0.00848610140383244
rock;pitching the tounge;;;pitching;0.0973197147250176
rock;play;;;play;0.0690187364816666
rock;playing;;;playing;0.0695533156394959
rock;playing ping pong;;;playing;0.0695533156394959
rock;plock;;;plock;0.0662581846117973
rock;plop;;;plop;0.0996798053383827
rock;pop;;;pop;0.378129482269287
rock;ptttck;;;ptttck;
rock;puff disappeared;;;disappeared;-0.0140068829059601
rock;punch;;;punch;0.0664422512054443
rock;raindrop;;;raindrop;0.076095387339592
rock;rebound;;;rebound;0.00220572575926781
rock;rock;;;rock;1.00000011920929
rock;rounded click;;;click;0.0256270542740822
rock;rumble;;;rumble;0.207651823759079
rock;saying no;;;saying;-0.0475190915167332
rock;scary noise;;;noise;0.0828952938318253
rock;score;;;score;-0.00177147123031318
rock;scorn;;;scorn;0.0919065251946449
rock;second;;;second;-0.00981178414076567
rock;see;;;see;-0.0138127356767654
rock;short;;;short;-0.0277261640876532
rock;sigh;;;sigh;0.0293472483754158
rock;sing;;;sing;0.167109340429306
rock;sink;;;sink;0.0549881607294083
rock;slam;;;slam;0.138440921902657
rock;smack;;;smack;0.162843301892281
rock;smacking;;;smacking;0.076392836868763
rock;small explosion;;;explosion;0.086461678147316
rock;smash teeth;;;smash;0.22042615711689
rock;snap;;;snap;0.0130142560228705
rock;snorr;;;snorr;
rock;solution;;;solution;0.0296520106494427
rock;something dropped into water;;;dropped;0.0854386016726494
rock;sound;;;sound;0.152528837323189
rock;special effect;;;effect;0.0447325222194195
rock;starting;;;starting;-0.00983390398323536
rock;step;;;step;0.0475643426179886
rock;stepping;;;stepping;0.0876232758164406
rock;stop;;;stop;-0.0030102760065347
rock;swallowing words;;;swallowing;0.0225655026733875
rock;talking normal;;;talking;-0.0556310191750526
rock;tcho;;;tcho;
rock;testing;;;testing;0.0278085172176361
rock;the horse step;;;step;0.0475643426179886
rock;think;;;think;-0.0100018680095673
rock;thinking;;;thinking;-0.0666716545820236
rock;thirst;;;thirst;-0.018060052767396
rock;thud;;;thud;0.150288566946983
rock;thump;;;thump;0.183485075831413
rock;thunder;;;thunder;0.216273054480553
rock;ticking clock;;;ticking;-0.0119294114410877
rock;tko;;;tko;-0.000745092635042965
rock;toc;;;toc;-0.0233709067106247
rock;tock;;;tock;0.0433706045150757
rock;tok;;;tok;0.0810356736183167
rock;tom ker (like a drum beat);;;beat;0.160696446895599
rock;tong click;;;click;0.0256270542740822
rock;tonge clicking;;;clicking;0.0228059068322182
rock;tongue clacking;;;clacking;0.0495094284415245
rock;tongue click;;;click;0.0256270542740822
rock;tongue clicking;;;clicking;0.0228059068322182
rock;tongue clucking;;;clucking;-0.010634483769536
rock;tongue hitting palate;;;tongue;0.0776557773351669
rock;tongue hittinh palate;;;hittinh;
rock;tongue noise;;;noise;0.0828952938318253
rock;tongue on the palate;;;tongue;0.0776557773351669
rock;tongue pop;;;pop;0.378129482269287
rock;tongue snap;;;snap;0.0130142560228705
rock;too;;;too;0.0064552859403193
rock;toomk;;;toomk;
rock;touch;;;touch;0.0933032631874085
rock;toung;;;toung;
rock;train going slowly;;;train;-0.0463489629328251
rock;trot;;;trot;-0.0431285202503204
rock;tuc;;;tuc;
rock;tum ku;;;ku;-0.00937265437096357
rock;tum-gh;;;gh;0.0331371240317822
rock;tumbling;;;tumbling;0.219403624534607
rock;tumm;;;tumm;
rock;tung;;;tung;-0.0426553450524807
rock;tunk;;;tunk;0.140352547168732
rock;tunklu;;;tunklu;
rock;twang;;;twang;0.239254131913185
rock;ugh;;;ugh;-0.0343115590512753
rock;unfortunately;;;unfortunately;-0.0332366265356541
rock;unsure;;;unsure;-0.0279640760272741
rock;vanish;;;vanish;-0.0127628380432725
rock;vocal stimming;;;stimming;-0.0399123132228851
rock;walk;;;walk;0.0336729697883129
rock;watch;;;watch;-0.0317792855203152
rock;water;;;water;0.0960526317358017
rock;water drop;;;drop;0.111461818218231
rock;well;;;well;0.0477654337882996
rock;what´s up;;;what´s;
rock;whimsical;;;whimsical;-0.0146109703928232
rock;xok;;;xok;
rock;xxo;;;xxo;
rock;yes;;;yes;0.0364580489695072
rock;you;;;you;0.0537078380584717
rock;;;;nan;-0.0796679332852364
good;"""ta-dah""";;;dah;-0.000706597173120827
good;Aaaaa;;;aaaaa;0.118568062782288
good;Acheivement;;;acheivement;
good;Achievement;;;achievement;0.0514208003878593
good;Acknowledge;;;acknowledge;0.0182464998215437
good;Agree;;;agree;0.131665676832199
good;Agreeance;;;agreeance;0.110198497772217
good;Agreeing;;;agreeing;0.0716057866811752
good;Ahhh;;;ahhh;0.161198928952217
good;Angelical choir;;;choir;0.0107774371281266
good;Appreciation;;;appreciation;0.0730059295892716
good;Approvation;;;approvation;
good;Arousal;;;arousal;-0.0405112095177174
good;Awe, Light;;;awe;0.0184795670211315
good;CRYING;;;crying;0.0402862131595612
good;Clerical sound;;;sound;0.10511502623558
good;Contemplating;;;contemplating;0.0220271721482277
good;Delicious;;;delicious;0.2799251973629
good;Delight;;;delight;0.0934769511222839
good;Drowsy;;;drowsy;-0.00983308162540197
good;Enjoyment, pleasantness;;;enjoyment;0.166038811206818
good;Excited Humming;;;humming;0.0169250834733248
good;Exclamation or seeking attention;;;exclamation;-0.00508784223347902
good;Figured something out/achieved something;;;achieved;0.0657714083790779
good;Find;;;find;0.0433473885059357
good;Finding something out;;;finding;0.0143596800044179
good;Get in tune;;;get;0.13233046233654
good;Good taste;;;taste;0.144700452685356
good;Great;;;great;0.602854907512665
good;HEHEE;;;hehee;
good;Ha haaa;;;haaa;0.147259697318077
good;Happiness;;;happiness;0.125847637653351
good;Happy;;;happy;0.328715175390244
good;Happy, Trumpet, Success;;;success;0.0879235863685608
good;Happyness;;;happyness;0.137736827135086
good;Here you go;;;go;0.106448397040367
good;Hmm;;;hmm;0.17168878018856
good;Hmmm;;;hmmm;0.182612150907516
good;Holy;;;holy;0.00869433768093586
good;Huh huuuh;;;huh;0.181901261210442
good;Humming;;;humming;0.0169250834733248
good;Hunh hunhh;;;hunhh;
good;I agree;;;agree;0.131665676832199
good;I am happy;;;am;0.0624601766467094
good;I did something!;;;did;0.233566775918007
good;I finally understand;;;understand;0.053390946239233
good;I get it.;;;get;0.13233046233654
good;I got it;;;got;0.169021397829056
good;I have an idea!;;;have;0.127797991037369
good;I see;;;see;0.0698415264487267
good;I understand;;;understand;0.053390946239233
good;I won;;;won;0.0334722436964512
good;I'm here;;;'m;
good;I'm sure;;;'m;
good;Inarticulate  high sounds;;;inarticulate;-0.0623377114534378
good;Ingenuity;;;ingenuity;0.00593530060723424
good;Interesting;;;interesting;0.297457247972488
good;Joking around;;;joking;0.110479891300201
good;Light;;;light;0.0354507826268673
good;Like;;;like;0.281990319490433
good;Likes it;;;likes;0.244796231389046
good;Listening unpleasant comment;;;listening;0.0726319849491119
good;Look what I have;;;look;0.116023056209087
good;Lying;;;lying;0.0364949405193329
good;MMM;;;mmm;0.103926032781601
good;Majestic;;;majestic;0.0135760037228465
good;Man singing;;;singing;0.0433114022016525
good;Manly wail;;;wail;-0.0365271717309952
good;Miracle;;;miracle;0.0302919242531061
good;Mmm;;;mmm;0.103926032781601
good;Mmmmm satisfaction;;;satisfaction;0.132523909211159
good;Moaning;;;moaning;0.00726567395031452
good;Music;;;music;0.0177302341908216
good;Not convinced;;;convinced;0.0689925774931908
good;Ooooooh~;;;ooooooh~;
good;Opera;;;opera;-0.0034555159509182
good;Opera wannabe;;;wannabe;0.00641901465132833
good;Playful;;;playful;0.0174263082444668
good;Pleasure;;;pleasure;0.192015409469605
good;Realization;;;realization;-0.0052595385350287
good;SING;;;sing;0.0383161120116711
good;SOUND;;;sound;0.10511502623558
good;Satisfied;;;satisfied;0.200622171163559
good;Serious;;;serious;0.204047173261642
good;Sigh;;;sigh;0.0382326804101467
good;Sing;;;sing;0.0383161120116711
good;Singer;;;singer;-0.00430025206878781
good;Singing;;;singing;0.0433114022016525
good;Singing , Devine;;;singing;0.0433114022016525
good;Singing opera;;;singing;0.0433114022016525
good;Singing, music;;;singing;0.0433114022016525
good;Snoring;;;snoring;0.0200636684894562
good;Strech;;;strech;0.0836169570684433
good;Suggestion;;;suggestion;0.0347367934882641
good;Surprise;;;surprise;0.071113832294941
good;Ta da;;;da;0.00554199097678065
good;Ta-da;;;ta;0.031211119145155
good;Ta-da! Here it is;;;ta;0.031211119145155
good;Taadaa;;;taadaa;
good;Tasty;;;tasty;0.298514187335968
good;Testing her voice;;;testing;0.0170703958719969
good;That’s right;;;’s;
good;Thinking;;;thinking;0.0904481485486031
good;Tone;;;tone;-0.0126674687489867
good;Triumphant;;;triumphant;0.0349718891084194
good;Ummm it's seems ok;;;'s;
good;Understood;;;understood;0.0771380290389061
good;Vocalizing;;;vocalizing;0.0321656614542007
good;What;;;what;0.160362914204597
good;Women’s sigh;;;women;0.00769633008167148
good;YEAH;;;yeah;0.185488864779472
good;Yes;;;yes;0.156821474432945
good;Yum, delicious;;;yum;0.17107030749321
good;aaahhhh... calling;;;aaahhhh;
good;aaahhhhhh;;;aaahhhhhh;
good;achievement;;;achievement;0.0514208003878593
good;acomplishment;;;acomplishment;
good;acomplisment;;;acomplisment;
good;acute;;;acute;-0.0323746427893639
good;admiration;;;admiration;0.0485994182527065
good;admire;;;admire;0.0874058827757835
good;adults singing;;;singing;0.0433114022016525
good;affirmation;;;affirmation;0.0367887653410435
good;agree;;;agree;0.131665676832199
good;agreeing;;;agreeing;0.0716057866811752
good;agreement;;;agreement;0.0288583934307098
good;ah ah;;;ah;0.145767316222191
good;ah...aahhmmm!;;;ah;0.145767316222191
good;amazement;;;amazement;0.00202903128229082
good;amazing;;;amazing;0.32979941368103
good;ammjajaja;;;ammjajaja;
good;angel;;;angel;-0.0175084359943867
good;angelic singing;;;singing;0.0433114022016525
good;angelic voice;;;voice;0.0149723282083869
good;announcement;;;announcement;0.0199967250227928
good;annoying;;;annoying;0.0629013702273369
good;anthem;;;anthem;0.0057408157736063
good;approving;;;approving;0.0597987696528435
good;arriving;;;arriving;-0.00614466145634651
good;artistic expression;;;expression;-0.0133062461391091
good;astonishment;;;astonishment;-0.0017700184835121
good;award;;;award;0.02011145837605
good;aware;;;aware;0.0226105097681284
good;awe;;;awe;0.0184795670211315
good;baaaaaaaah;;;baaaaaaaah;
good;beach;;;beach;0.0223286673426628
good;birthday;;;birthday;-0.000121882396342698
good;calm down;;;calm;0.102642334997654
good;captain of the caribean;;;captain;0.000446807564003393
good;cheering up;;;cheering;0.130682036280632
good;chilling;;;chilling;0.106109172105789
good;chocolate;;;chocolate;0.00489644194021821
good;choir;;;choir;0.0107774371281266
good;clearing throat;;;throat;0.000858068757224828
good;concern;;;concern;0.0198041740804911
good;congratulations;;;congratulations;0.105533555150032
good;consent;;;consent;0.0408522002398968
good;correct;;;correct;0.245902180671692
good;cozy feelings;;;feelings;0.0201515071094036
good;dada!;;;dada;-0.00854444783180952
good;deep sigh;;;sigh;0.0382326804101467
good;delight;;;delight;0.0934769511222839
good;disbelief;;;disbelief;0.00388569803908467
good;discovery;;;discovery;-0.00766330538317561
good;discovery, comprehension;;;discovery;-0.00766330538317561
good;dismissive;;;dismissive;-0.00678377691656351
good;divine;;;divine;0.0351491272449493
good;dont know;;;know;0.173743039369583
good;doorbell;;;doorbell;-0.00964824482798576
good;eating;;;eating;0.0626998096704483
good;end result;;;result;0.0221455972641706
good;enjoy shower;;;enjoy;0.224454417824745
good;enjoy, relish;;;enjoy;0.224454417824745
good;enjoying;;;enjoying;0.207477524876595
good;enlightened;;;enlightened;0.0905519053339958
good;epiphany;;;epiphany;0.00704505015164614
good;eureka;;;eureka;0.0186146553605795
good;excited;;;excited;0.0892256423830986
good;exited;;;exited;-0.0143721513450146
good;fanfare;;;fanfare;0.0051964083686471
good;female singing;;;singing;0.0433114022016525
good;find solution;;;find;0.0433473885059357
good;flowing water;;;water;0.0238607060164213
good;food;;;food;0.0358032621443272
good;found it!;;;found;0.0440721921622753
good;get an idea;;;get;0.13233046233654
good;gift;;;gift;0.0457032211124897
good;glory;;;glory;0.0337810479104519
good;good mood;;;mood;0.0687845423817635
good;got it;;;got;0.169021397829056
good;grand introduction;;;introduction;-0.00528744142502546
good;ha Haaah!;;;haaah;
good;ha haa;;;haa;0.0943537652492523
good;ha hhhaaa;;;hhhaaa;
good;haaaa;;;haaaa;
good;haahaaa;;;haahaaa;
good;happiness;;;happiness;0.125847637653351
good;happy;;;happy;0.328715175390244
good;happy and amused;;;happy;0.328715175390244
good;happy man;;;man;-0.00937791354954243
good;happy work traveling;;;work;0.155110195279121
good;harmonize;;;harmonize;0.0205437168478966
good;harmony;;;harmony;0.0448962152004242
good;he haaaa;;;haaaa;
good;hello;;;hello;0.077078603208065
good;here it is;;;is;0.133023753762245
good;heureka;;;heureka;
good;high;;;high;0.107240922749043
good;high pitch sound;;;pitch;0.000213635197724216
good;high pitched singing;;;singing;0.0433114022016525
good;hmm;;;hmm;0.17168878018856
good;hmmm;;;hmmm;0.182612150907516
good;hmmmmm;;;hmmmmm;
good;hohow;;;hohow;
good;holiness;;;holiness;0.00255903578363359
good;holy;;;holy;0.00869433768093586
good;howhow;;;howhow;
good;howling;;;howling;0.0152957933023572
good;hu huhhhh;;;huhhhh;
good;hu-ham;;;hu;0.0105099026113749
good;huh huh;;;huh;0.181901261210442
good;huh huuuh;;;huuuh;
good;huhhu sound;;;sound;0.10511502623558
good;hum;;;hum;-0.00364134158007801
good;hum in agreement;;;hum;-0.00364134158007801
good;hum of success;;;hum;-0.00364134158007801
good;humming;;;humming;0.0169250834733248
good;humming a tune;;;humming;0.0169250834733248
good;i am here;;;am;0.0624601766467094
good;i got it;;;got;0.169021397829056
good;i see;;;see;0.0698415264487267
good;i understand;;;understand;0.053390946239233
good;idea;;;idea;0.123703233897686
good;ilumunation;;;ilumunation;
good;impressive;;;impressive;0.291678071022034
good;interest, want;;;want;0.164357662200928
good;interrogation sound;;;sound;0.10511502623558
good;joy;;;joy;0.0805255621671677
good;kawl;;;kawl;
good;lament;;;lament;-0.0136376153677702
good;laughing;;;laughing;0.151798397302628
good;laughter;;;laughter;0.0920342206954956
good;lazy response;;;response;0.00324338837526739
good;light;;;light;0.0354507826268673
good;like ta-daa!;;;like;0.281990319490433
good;liking;;;liking;0.179438024759293
good;listen;;;listen;0.0631876438856125
good;listening;;;listening;0.0726319849491119
good;love;;;love;0.0717163681983948
good;man singing;;;singing;0.0433114022016525
good;melodic entuation;;;entuation;
good;mhh;;;mhh;0.072444424033165
good;mhm;;;mhm;0.10523534566164
good;mhmmhm;;;mhmmhm;
good;mihhhhh;;;mihhhhh;
good;miraculous realisation;;;realisation;-0.0070144790224731
good;mmh;;;mmh;0.0180317759513855
good;mmm;;;mmm;0.103926032781601
good;mmmhm;;;mmmhm;
good;mmmm;;;mmmm;0.26033341884613
good;mmmmhhh;;;mmmmhhh;
good;mmmmm;;;mmmmm;0.232800662517548
good;moan;;;moan;-0.00223333504982293
good;moaning;;;moaning;0.00726567395031452
good;moans;;;moans;-0.00840533617883921
good;movie;;;movie;0.0757823511958122
good;nice;;;nice;0.706582963466644
good;nod;;;nod;0.0269511118531227
good;nodding;;;nodding;0.0225935634225607
good;now i know;;;know;0.173743039369583
good;oh yeah;;;oh;0.145260453224182
good;ohhhhh;;;ohhhhh;0.116947315633297
good;oooh (singing voice);;;oooh;0.127029612660408
good;ooohhhhh;;;ooohhhhh;
good;ooooohhhh-oohh;;;oohh;0.157837226986885
good;ooooooooo;;;ooooooooo;
good;opera;;;opera;-0.0034555159509182
good;opra;;;opra;
good;pain;;;pain;0.013860834762454
good;paw;;;paw;-0.0172904543578625
good;performing opera;;;performing;0.0751203522086144
good;pleased;;;pleased;0.24978132545948
good;pleasent;;;pleasent;
good;pleasure;;;pleasure;0.192015409469605
good;pooohuhn;;;pooohuhn;
good;presentation;;;presentation;0.0121313910931349
good;presenting something;;;presenting;0.0155548602342606
good;pride;;;pride;0.0361372865736485
good;pronouncement;;;pronouncement;-0.0137508641928434
good;questioning;;;questioning;-0.0138132022693753
good;realization;;;realization;-0.0052595385350287
good;relaxing;;;relaxing;0.172391533851624
good;respond sleepily;;;respond;-0.0219614095985889
good;reveal;;;reveal;-0.0579001344740391
good;revealing;;;revealing;-0.0359141193330288
good;revelation;;;revelation;-0.00973496213555336
good;ringing;;;ringing;0.0201231967657805
good;royal;;;royal;0.0058035459369421
good;sacred;;;sacred;0.0239073950797319
good;sarcastic 'right';;;right;0.294956922531128
good;satisfaction;;;satisfaction;0.132523909211159
good;satisfaing;;;satisfaing;
good;satisfied;;;satisfied;0.200622171163559
good;satisfy;;;satisfy;0.0439661554992199
good;saying - hm;;;saying;0.0893638283014298
good;see here;;;see;0.0698415264487267
good;sheep;;;sheep;0.0129077769815922
good;sigh;;;sigh;0.0382326804101467
good;sing;;;sing;0.0383161120116711
good;singer;;;singer;-0.00430025206878781
good;singing;;;singing;0.0433114022016525
good;singing aaah;;;singing;0.0433114022016525
good;singing han hann;;;singing;0.0433114022016525
good;singing notes;;;notes;0.00963306147605181
good;singing sound;;;singing;0.0433114022016525
good;sleep;;;sleep;0.0604666620492935
good;sleep talk;;;talk;0.0518149770796299
good;sleep talking;;;talking;0.0894758179783821
good;sleeping;;;sleeping;0.0571206025779247
good;snort;;;snort;0.0056455610319972
good;solution found;;;found;0.0440721921622753
good;something hot;;;something;0.118476815521717
good;song;;;song;0.0206983145326376
good;suddenly;;;suddenly;-0.0699799433350563
good;surprise;;;surprise;0.071113832294941
good;surprise!;;;surprise;0.071113832294941
good;ta da;;;da;0.00554199097678065
good;ta daa;;;ta;0.031211119145155
good;tada;;;tada;0.0175241809338331
good;tasting;;;tasting;0.0632920041680336
good;tasty;;;tasty;0.298514187335968
good;think;;;think;0.178241088986397
good;thinking;;;thinking;0.0904481485486031
good;thought;;;thought;0.171504586935043
good;treasure;;;treasure;0.044301550835371
good;triumph;;;triumph;0.0626940801739693
good;triumphant;;;triumphant;0.0349718891084194
good;trumpet;;;trumpet;0.0124997664242983
good;ttttttaaaaaahhh;;;ttttttaaaaaahhh;
good;tune;;;tune;0.0256397556513548
good;uh uhm;;;uhm;0.0404364131391048
good;uhm;;;uhm;0.0404364131391048
good;uhuhhhh;;;uhuhhhh;
good;understand;;;understand;0.053390946239233
good;understanding;;;understanding;0.0635641142725945
good;understanding something;;;understanding;0.0635641142725945
good;understaning;;;understaning;
good;victory;;;victory;0.0629635155200958
good;vocal lessons;;;lessons;0.0460486970841885
good;vocalize;;;vocalize;0.0281806457787752
good;vocalizing;;;vocalizing;0.0321656614542007
good;voice check;;;check;0.0739749595522881
good;wait;;;wait;0.0634883642196655
good;warm;;;warm;0.16683341562748
good;warming up vocal cords during singing practice;;;during;-0.0113057103008032
good;weird hum;;;hum;-0.00364134158007801
good;welcome;;;welcome;0.0768515467643738
good;well done;;;done;0.283692896366119
good;what;;;what;0.160362914204597
good;what?;;;what;0.160362914204597
good;winning, victory;;;winning;0.0687910616397858
good;woman hmmm;;;hmmm;0.182612150907516
good;woman liking someting;;;liking;0.179438024759293
good;woman singing;;;singing;0.0433114022016525
good;wonder;;;wonder;0.030425351113081
good;yes;;;yes;0.156821474432945
good;you got it;;;got;0.169021397829056
good;you there?;;;you;0.166478142142296
good;you're right;;;'re;
good;yum;;;yum;0.17107030749321
good;yummy;;;yummy;0.31484118103981
good;ãnh ãnh;;;ãnh;
good;;;;nan;0.00279765576124191
sleep;*sleeping*;;;sleeping;0.85026741027832
sleep;Asleep;;;asleep;0.785643994808197
sleep;Be quiet, shush;;;be;0.0770088136196137
sleep;Deep snore;;;snore;0.670180380344391
sleep;Drowsiness;;;drowsiness;0.569344341754913
sleep;Drowsiness, sleeping, snoring;;;drowsiness;0.569344341754913
sleep;Grrrr shhh;;;shhh;0.244407668709755
sleep;Guaa shh;;;shh;0.260142266750336
sleep;High  snoring;;;high;0.00410285359248519
sleep;I’m bored;;;’m;
sleep;Keep Quiet;;;keep;0.0908356979489327
sleep;Keep quit;;;quit;0.131741210818291
sleep;Person who snores;;;person;0.0535026304423809
sleep;Rest;;;rest;0.389678508043289
sleep;SILENCE;;;silence;0.228154763579369
sleep;SLEEP;;;sleep;1.00000011920929
sleep;SNORE;;;snore;0.670180380344391
sleep;SNORING;;;snoring;0.709439396858215
sleep;Sleep;;;sleep;1.00000011920929
sleep;Sleeping;;;sleeping;0.85026741027832
sleep;Sleeping while snoring;;;sleeping;0.85026741027832
sleep;Sleeping, snoring;;;sleeping;0.85026741027832
sleep;Sleepy;;;sleepy;0.689054131507874
sleep;Sleepy, drowsy;;;sleepy;0.689054131507874
sleep;Slumber;;;slumber;0.802038550376892
sleep;Snoar;;;snoar;
sleep;Snoaring;;;snoaring;
sleep;Snoozing;;;snoozing;0.782893478870392
sleep;Snore;;;snore;0.670180380344391
sleep;Snoring;;;snoring;0.709439396858215
sleep;Snoring pig;;;pig;-0.00550021138042212
sleep;Snoring, Sleeping well;;;snoring;0.709439396858215
sleep;Snoring, sleeping, rest;;;rest;0.389678508043289
sleep;Snorring;;;snorring;
sleep;Snort;;;snort;0.187452808022499
sleep;Snorting;;;snorting;0.172497346997261
sleep;Sound of snoring;;;sound;0.142701014876366
sleep;Tired;;;tired;0.299555689096451
sleep;Tired, Sleeping;;;tired;0.299555689096451
sleep;Uck shhh;;;shhh;0.244407668709755
sleep;Zzzz;;;zzzz;
sleep;agh shuuu;;;shuuu;
sleep;aghhh....chiss;;;aghhh;
sleep;agtsssh;;;agtsssh;
sleep;animal sleeping;;;sleeping;0.85026741027832
sleep;asleep;;;asleep;0.785643994808197
sleep;baking;;;baking;0.0260408818721771
sleep;bed time;;;time;0.129737064242363
sleep;bored/snoring;;;snoring;0.709439396858215
sleep;chaapsh;;;chaapsh;
sleep;chaatschh;;;chaatschh;
sleep;chee;;;chee;0.0487935170531273
sleep;cheecha;;;cheecha;
sleep;chip;;;chip;0.0753130540251732
sleep;ciii;;;ciii;
sleep;deep sleep;;;sleep;1.00000011920929
sleep;deep sleeping;;;sleeping;0.85026741027832
sleep;dream;;;dream;0.400130659341812
sleep;fake snore;;;snore;0.670180380344391
sleep;ghng chss;;;chss;
sleep;grashgrash;;;grashgrash;
sleep;grrgg...grrgga;;;grrgg;
sleep;hachihachi;;;hachihachi;
sleep;haooooh;;;haooooh;
sleep;hhhhhh psshhh;;;psshhh;
sleep;hmgrng-shhh;;;shhh;0.244407668709755
sleep;hrraaaa tshiiii;;;tshiiii;
sleep;hrrrr hraa;;;hraa;
sleep;hrrrr-shshsh;;;shshsh;
sleep;hrrrrr aahhh;;;hrrrrr;
sleep;hrrrtshick;;;hrrrtshick;
sleep;individual snoring;;;snoring;0.709439396858215
sleep;jjjssss;;;jjjssss;
sleep;jrrrja;;;jrrrja;
sleep;kgo um;;;kgo;
sleep;kgookgo;;;kgookgo;
sleep;khow phush;;;phush;
sleep;knocked out;;;knocked;0.0958849638700485
sleep;light snoring;;;snoring;0.709439396858215
sleep;man sleeping;;;sleeping;0.85026741027832
sleep;open mouth snore;;;snore;0.670180380344391
sleep;protray sneezing;;;sneezing;0.163555949926376
sleep;resting;;;resting;0.546338260173798
sleep;rom hom;;;rom;0.00162648130208254
sleep;romchew;;;romchew;
sleep;rommchew;;;rommchew;
sleep;rooa-shee;;;shee;0.0357506200671196
sleep;roooorrrr;;;roooorrrr;
sleep;rotchhhh;;;rotchhhh;
sleep;ruah xii;;;ruah;
sleep;sNORING;;;snoring;0.709439396858215
sleep;shhh;;;shhh;0.244407668709755
sleep;show show;;;show;0.0214829761534929
sleep;silence;;;silence;0.228154763579369
sleep;sleep;;;sleep;1.00000011920929
sleep;sleep mimic;;;sleep;1.00000011920929
sleep;sleep snore;;;snore;0.670180380344391
sleep;sleep sound;;;sound;0.142701014876366
sleep;sleep time;;;time;0.129737064242363
sleep;sleeping;;;sleeping;0.85026741027832
sleep;sleeping breathing;;;breathing;0.304060280323029
sleep;sleeping man;;;man;-0.0661892369389534
sleep;sleeping sound;;;sound;0.142701014876366
sleep;sleeping sounds;;;sounds;0.117018468677998
sleep;sleeping woman;;;woman;-0.0264656879007816
sleep;sleeping, sleepy;;;sleepy;0.689054131507874
sleep;sleepy;;;sleepy;0.689054131507874
sleep;snap;;;snap;0.0153918005526066
sleep;snoore;;;snoore;
sleep;snooring;;;snooring;
sleep;snooze;;;snooze;0.757392644882202
sleep;snor;;;snor;
sleep;snore;;;snore;0.670180380344391
sleep;snore sleeping;;;snore;0.670180380344391
sleep;snore sound;;;snore;0.670180380344391
sleep;snore-huhhhh;;;huhhhh;
sleep;snores;;;snores;0.645583510398865
sleep;snoring;;;snoring;0.709439396858215
sleep;snoring in sleep;;;snoring;0.709439396858215
sleep;snoring lightly;;;snoring;0.709439396858215
sleep;snoring noise;;;snoring;0.709439396858215
sleep;snoring shhhh;;;snoring;0.709439396858215
sleep;snoring/sleeping;;;sleeping;0.85026741027832
sleep;snorring;;;snorring;
sleep;snorting;;;snorting;0.172497346997261
sleep;snoze;;;snoze;0.0670417100191116
sleep;soft sleeping noise;;;noise;0.22974556684494
sleep;soft snoring noise;;;noise;0.22974556684494
sleep;tired;;;tired;0.299555689096451
sleep;tree;;;tree;-0.0107882926240563
sleep;wheezing;;;wheezing;0.171215772628784
sleep;woman snoring;;;snoring;0.709439396858215
sleep;yes;;;yes;0.0129147153347731
sleep;zzzzzz;;;zzzzzz;
sleep;zzzzzzz;;;zzzzzzz;
sleep;zzzzzzzzz;;;zzzzzzzzz;
sleep;;;;nan;0.0696717351675034
man;Aa aah, ooh ohhh;;;ohhh;0.0801799073815346
man;Aa oooo;;;aa;-0.00203116331249476
man;Aaaah?;;;aaaah;0.00186259276233614
man;Abrupt realization;;;realization;0.036594845354557
man;Acceptance;;;acceptance;-0.0329788401722908
man;Acknowledge;;;acknowledge;0.0589750409126282
man;Admired;;;admired;0.0467112250626087
man;Adult singing;;;singing;0.0351674035191536
man;Agreeable;;;agreeable;-0.0414994396269321
man;Agreement;;;agreement;-0.0176657624542713
man;Alert;;;alert;-0.0680430680513382
man;Amazed;;;amazed;0.0334853827953339
man;Anger;;;anger;0.00860670953989029
man;Annoyed;;;annoyed;-0.0462120845913887
man;Babbling;;;babbling;-0.0517476350069046
man;Bewildered;;;bewildered;0.106904298067093
man;Bother;;;bother;-0.0434464626014233
man;Calm down;;;calm;0.0245205126702786
man;Christmas;;;christmas;-0.0207861382514238
man;Complaint, agitation;;;agitation;-0.0328470356762409
man;Confusion;;;confusion;0.0644829273223877
man;Creation;;;creation;0.121880635619164
man;Danger;;;danger;-0.00199708715081215
man;Disapproval;;;disapproval;-0.0545623525977135
man;Disbelief;;;disbelief;0.0936831533908844
man;Discomfort;;;discomfort;-0.0115880090743303
man;Disgust;;;disgust;-0.0230964161455631
man;Disgusting;;;disgusting;-0.0278082340955734
man;Do not like;;;like;-0.00247027771547437
man;Don’t agree;;;agree;-0.0436526350677013
man;Enthusiastic agreeing;;;agreeing;-0.00239906273782253
man;Evil laugh;;;laugh;0.0535734817385674
man;Exciting;;;exciting;-0.0510900802910328
man;Exclaiming;;;exclaiming;0.0530570782721043
man;Fear;;;fear;0.0536442324519157
man;Finding out something;;;finding;0.0838887020945549
man;Fool;;;fool;0.0125617468729615
man;Funny;;;funny;0.0839115232229233
man;Funny but unsettling;;;funny;0.0839115232229233
man;Gross;;;gross;-0.053673692047596
man;Grunting;;;grunting;0.0389338284730911
man;Grunting in agreement;;;grunting;0.0389338284730911
man;Ha ha ho ho ho;;;ho;0.0786865577101708
man;Haaaaauh;;;haaaaauh;
man;Haha Ohohoh;;;ohohoh;
man;Haha hoho ho;;;hoho;-0.0145555259659886
man;Happiness;;;happiness;0.0141596309840679
man;Hard work;;;work;0.0427359230816364
man;Hello;;;hello;-0.00443967385217547
man;Ho Ho;;;ho;0.0786865577101708
man;Hold on;;;hold;0.101717345416546
man;Hoo hoo;;;hoo;0.081665001809597
man;How are you?;;;are;0.0341721847653389
man;Hurting;;;hurting;0.0319244004786015
man;Huumhuum;;;huumhuum;
man;I knew it;;;knew;0.043573260307312
man;I see;;;see;0.0112278554588556
man;I told you so;;;told;0.0720076262950897
man;I understand now;;;understand;0.0789641886949539
man;Imitating;;;imitating;0.00100939511321485
man;Impressed;;;impressed;0.00125103595200926
man;Irritated surprise;;;surprise;-0.0343715846538544
man;Japanese;;;japanese;0.071336604654789
man;Japanese nods his head;;;nods;-0.0180540140718222
man;Joker;;;joker;0.0626186653971672
man;Jokes;;;jokes;0.0415905304253101
man;Joking;;;joking;0.071182444691658
man;LAUGH;;;laugh;0.0535734817385674
man;Laugh;;;laugh;0.0535734817385674
man;Laughing;;;laughing;0.055590283125639
man;Laughter;;;laughter;0.0637626945972443
man;Lets go;;;go;0.0263207126408815
man;Like asian person;;;like;-0.00247027771547437
man;Listen to me;;;listen;0.0108961779624224
man;Look who's here;;;look;0.0956814512610436
man;Loud laugh;;;laugh;0.0535734817385674
man;Male inarticulate sounds;;;inarticulate;0.0272549204528332
man;Man playing;;;playing;0.0762335434556007
man;Men’s huhuuu;;;men;0.605367183685303
man;Men’s oooo;;;men;0.605367183685303
man;Mock laughing;;;laughing;0.055590283125639
man;Mocking laughter;;;laughter;0.0637626945972443
man;Monster;;;monster;0.0593626946210861
man;Mr Bean;;;bean;-0.0153201222419739
man;Nodding;;;nodding;0.00236493721604347
man;Notice me laugh;;;notice;-0.0200029406696558
man;Now I know;;;know;0.0462195165455341
man;Oh I understand;;;understand;0.0789641886949539
man;Oh no, No,;;;no;0.132132202386856
man;Oh oh;;;oh;0.0913669243454933
man;Oh really?;;;really;0.0499198921024799
man;Ohhh;;;ohhh;0.0801799073815346
man;Okay;;;okay;0.0135086365044117
man;Old guy suprised;;;guy;0.611652255058289
man;Oooh;;;oooh;0.0290021635591984
man;Ooooh;;;ooooh;0.0361736863851547
man;Ow, noise of pain;;;ow;0.0748406574130058
man;Person refuting comments;;;refuting;0.0500829741358757
man;Pirate;;;pirate;-0.0674540624022484
man;Proud or victorious;;;proud;-0.0432607047259808
man;REALIZATION;;;realization;0.036594845354557
man;Realisation, impressed;;;impressed;0.00125103595200926
man;Roar;;;roar;0.0552787929773331
man;SOUND;;;sound;0.0552443601191044
man;Sant claus;;;claus;0.0113444142043591
man;Santa Claus sound;;;claus;0.0113444142043591
man;Santa claus;;;claus;0.0113444142043591
man;Sarcasm;;;sarcasm;-0.0598827749490738
man;Sarcastic laugh;;;laugh;0.0535734817385674
man;Satisfaction;;;satisfaction;-0.061309926211834
man;Satisfied;;;satisfied;-0.0735971480607987
man;Scaring;;;scaring;-0.0141865639016032
man;Scary villian;;;villian;
man;Shivers of disgust;;;shivers;-0.0337402112782002
man;Shock;;;shock;0.00499265408143401
man;Silly mouth sound;;;mouth;0.000308565067825839
man;Sinister laugh;;;laugh;0.0535734817385674
man;So funny;;;funny;0.0839115232229233
man;Starting an engine;;;starting;0.0320371873676777
man;Strange laugh;;;laugh;0.0535734817385674
man;Super Mario;;;mario;0.107013419270515
man;Surprise;;;surprise;-0.0343715846538544
man;Take it;;;take;0.0534859672188759
man;Thats right;;;s;0.168200343847275
man;Threatening or displeased;;;threatening;0.05945985019207
man;Tired;;;tired;0.0144169349223375
man;Trouble;;;trouble;0.0466057993471623
man;Ugh;;;ugh;-0.0234378557652235
man;Uhh huu;;;uhh;0.0394416190683842
man;Uncertainty;;;uncertainty;0.0388159975409508
man;Understand;;;understand;0.0789641886949539
man;Unhappy;;;unhappy;0.02604940533638
man;Unimpressed;;;unimpressed;-0.0154372528195381
man;Very good;;;good;-0.00937791354954243
man;Villain;;;villain;-0.0915277525782585
man;Vocal rehearsal;;;rehearsal;-0.0584819540381432
man;Washing machine;;;machine;0.191441297531128
man;Weird sound;;;sound;0.0552443601191044
man;Weird vocal sound;;;sound;0.0552443601191044
man;What you doing;;;doing;0.0479300394654274
man;Whohoo!;;;whohoo;
man;Why not?;;;not;0.0795942768454552
man;Why?;;;why;0.0767193287611008
man;YES;;;yes;0.0428468771278858
man;Yawn;;;yawn;-0.105504781007767
man;Yes;;;yes;0.0428468771278858
man;aahing and ooing;;;aahing;0.014041286893189
man;aaooo;;;aaooo;
man;aargh;;;aargh;-0.00202497444115579
man;acceptance;;;acceptance;-0.0329788401722908
man;ache;;;ache;0.0358351208269596
man;acknowledged;;;acknowledged;0.0304607339203358
man;acknowledgment;;;acknowledgment;0.0197045989334583
man;acknowledment;;;acknowledment;
man;adult man laugh;;;man;1
man;adults talking child;;;adults;0.169549494981766
man;adults to child;;;adults;0.169549494981766
man;agree;;;agree;-0.0436526350677013
man;agreeing;;;agreeing;-0.00239906273782253
man;agreement;;;agreement;-0.0176657624542713
man;agression;;;agression;-0.0249889027327299
man;ah ah ho oh;;;ah;0.0952302068471909
man;ah ah ohoh;;;ah;0.0952302068471909
man;ah uh;;;ah;0.0952302068471909
man;aha;;;aha;0.0140945119783282
man;ahaha ohohoh;;;ohohoh;
man;ahahohohoh;;;ahahohohoh;
man;ahh ahh ho ho;;;ho;0.0786865577101708
man;ahhhh ohhh ahh ohhh;;;ahh;0.0254223383963108
man;always the same thing;;;thing;0.217823326587677
man;amazed;;;amazed;0.0334853827953339
man;amazing;;;amazing;0.00554451439529657
man;amused;;;amused;-0.022700110450387
man;anger;;;anger;0.00860670953989029
man;anger, disgust;;;anger;0.00860670953989029
man;angry;;;angry;0.00991619564592838
man;angry man;;;man;1
man;angry old;;;old;0.275619626045227
man;announce;;;announce;-0.0406203679740429
man;annoyance;;;annoyance;-0.0707987770438194
man;anticipation;;;anticipation;-0.0325505658984184
man;aoooohh!;;;aoooohh;
man;attack;;;attack;0.030951913446188
man;attention;;;attention;-0.0118605038151145
man;aware;;;aware;-0.00242106523364782
man;bad;;;bad;-0.0327395163476467
man;barking;;;barking;0.00982137117534876
man;being massaged on;;;massaged;-0.00877292547374964
man;being morally above;;;being;0.210642114281654
man;being scary;;;being;0.210642114281654
man;bellowing;;;bellowing;0.0765815153717995
man;big;;;big;0.0568559840321541
man;big guy;;;guy;0.611652255058289
man;bird;;;bird;0.0957838371396065
man;bossy;;;bossy;0.0583829060196877
man;chortle;;;chortle;-0.017044035717845
man;clarifying something;;;clarifying;0.044132549315691
man;clear throught;;;throught;0.0930398106575012
man;computer;;;computer;0.040100384503603
man;confirmation;;;confirmation;0.043679840862751
man;confusion;;;confusion;0.0644829273223877
man;conversating;;;conversating;0.0694086626172066
man;cow;;;cow;0.14880196750164
man;cowboy;;;cowboy;0.0640083774924278
man;crazy man talking;;;man;1
man;creepy man sound;;;man;1
man;defficient;;;defficient;
man;did something wrong;;;did;0.0137938354164362
man;disagree;;;disagree;0.0125312199816108
man;disgust;;;disgust;-0.0230964161455631
man;disgusted;;;disgusted;0.00346910953521729
man;disgusting;;;disgusting;-0.0278082340955734
man;dislike;;;dislike;-0.0280608646571636
man;dizzy;;;dizzy;0.0351409651339054
man;dog imitation;;;imitation;0.00215781759470701
man;dominance;;;dominance;0.0881796032190323
man;don't know;;;know;0.0462195165455341
man;dont know;;;know;0.0462195165455341
man;doubt;;;doubt;0.11258402466774
man;doubtful;;;doubtful;0.103349588811398
man;drunk;;;drunk;0.071299210190773
man;ehhhh (realisation noise);;;ehhhh;
man;encourage;;;encourage;-0.0867229849100113
man;engine;;;engine;0.0898150876164436
man;evil;;;evil;-0.0765777602791786
man;evil laughter;;;laughter;0.0637626945972443
man;evil rich man laugh;;;man;1
man;eww;;;eww;-0.0408838130533695
man;excited;;;excited;-0.0936299413442612
man;exclamation;;;exclamation;0.0319375954568386
man;expressing something important;;;expressing;0.0805047228932381
man;fake Santa;;;santa;-0.0178832225501537
man;fat laugh;;;laugh;0.0535734817385674
man;father christmas;;;christmas;-0.0207861382514238
man;fear;;;fear;0.0536442324519157
man;fright;;;fright;0.0340031497180462
man;frighten;;;frighten;-0.0149685796350241
man;funny;;;funny;0.0839115232229233
man;gasping;;;gasping;0.0424503013491631
man;ghu-huh;;;ghu;0.0725976452231407
man;glee;;;glee;-0.105207487940788
man;goofing;;;goofing;-0.0348268859088421
man;gorilla sound;;;sound;0.0552443601191044
man;got you;;;got;0.0919251888990402
man;grandpa ho ho;;;grandpa;0.153381139039993
man;greeting;;;greeting;0.0316751413047314
man;groan;;;groan;-0.00354956835508347
man;growl;;;growl;-0.0271362643688917
man;grumpy;;;grumpy;0.0175616405904293
man;grunt;;;grunt;0.00239843176677823
man;grunting;;;grunting;0.0389338284730911
man;grunting, surprise;;;grunting;0.0389338284730911
man;grunts;;;grunts;-0.01431829854846
man;ha ha;;;ha;0.0714037865400314
man;ha ha hom hom hom;;;hom;0.0474398098886013
man;ha ha oh oh oh;;;oh;0.0913669243454933
man;ha-ha-ho-ho-ho;;;ha;0.0714037865400314
man;ha...ha...oou;;;oou;
man;haaaahaaaoooh;;;haaaahaaaoooh;
man;haha hoe hoe;;;haha;0.0287986248731613
man;haha hoho;;;hoho;-0.0145555259659886
man;haha oh oh;;;haha;0.0287986248731613
man;haha oh oh oh;;;haha;0.0287986248731613
man;hahahohoho;;;hahahohoho;
man;hahaohoho;;;hahaohoho;
man;hahooow;;;hahooow;
man;halt;;;halt;0.122706182301044
man;haughty;;;haughty;-0.0580690242350102
man;having something big in mouth;;;having;0.16134275496006
man;hey;;;hey;0.0501604415476322
man;heyyy;;;heyyy;
man;hhahhahhohho;;;hhahhahhohho;
man;hhooh;;;hhooh;
man;hmm hmm;;;hmm;0.0250313002616167
man;ho ho;;;ho;0.0786865577101708
man;hoho;;;hoho;-0.0145555259659886
man;hoo hoo;;;hoo;0.081665001809597
man;hoo-hoo;;;hoo;0.081665001809597
man;how dare you;;;dare;-0.0126304486766458
man;how go go;;;go;0.0263207126408815
man;howling;;;howling;-0.013272819109261
man;hows it going;;;going;0.0443426109850407
man;hu hu;;;hu;0.243952348828316
man;hu huuuu;;;huuuu;
man;hu huuuuu;;;huuuuu;
man;hu-hu;;;hu;0.243952348828316
man;huh huhhh;;;huhhh;
man;huhhh;;;huhhh;
man;humming;;;humming;-0.0282147750258446
man;hurghhh;;;hurghhh;
man;i am here;;;am;0.223556116223335
man;i can't;;;ca;0.0190397966653109
man;i get it;;;get;0.00973584782332182
man;i know now;;;know;0.0462195165455341
man;i see;;;see;0.0112278554588556
man;i understand;;;understand;0.0789641886949539
man;impersonating;;;impersonating;0.0354265570640564
man;interested;;;interested;0.0041033742018044
man;intimidating;;;intimidating;0.022693632170558
man;intimidation;;;intimidation;-0.0583137050271034
man;jajaohohoh;;;jajaohohoh;
man;laugh;;;laugh;0.0535734817385674
man;laughing;;;laughing;0.055590283125639
man;laughing in pain;;;laughing;0.055590283125639
man;laughing old man;;;man;1
man;laughing slowly;;;laughing;0.055590283125639
man;laughter;;;laughter;0.0637626945972443
man;laughter ? have no other ideas;;;ideas;0.0667842477560043
man;lets do that;;;do;0.0266197491437197
man;lies;;;lies;0.0427504256367683
man;liking something;;;liking;-0.0135690402239561
man;listen;;;listen;0.0108961779624224
man;listen to me;;;listen;0.0108961779624224
man;low level excitement;;;level;0.0138356108218431
man;make laugh;;;make;0.0940059348940849
man;making fun;;;making;0.113610416650772
man;man;;;man;1
man;man disgusted;;;disgusted;0.00346910953521729
man;man,;;;man;1
man;mario;;;mario;0.107013419270515
man;medieval beast;;;beast;0.155069604516029
man;mock laughing;;;laughing;0.055590283125639
man;mocking;;;mocking;-0.0255700070410967
man;mocking laughter;;;laughter;0.0637626945972443
man;mocking someone talking;;;mocking;-0.0255700070410967
man;monkey sound;;;sound;0.0552443601191044
man;move over;;;move;0.0805297344923019
man;murmur;;;murmur;-0.0126064056530595
man;native;;;native;0.120895303785801
man;negative response;;;response;0.0177658759057522
man;no, I don't like this;;;like;-0.00247027771547437
man;no, dislike;;;dislike;-0.0280608646571636
man;nod/agreeing;;;agreeing;-0.00239906273782253
man;not good idea;;;idea;0.100740924477577
man;not happy;;;happy;-0.0478610210120678
man;now;;;now;0.080367423593998
man;oah;;;oah;
man;oahaa;;;oahaa;
man;oh I see;;;see;0.0112278554588556
man;oh i know now;;;know;0.0462195165455341
man;oh no;;;oh;0.0913669243454933
man;oh oh;;;oh;0.0913669243454933
man;oh weird;;;weird;0.112733423709869
man;oh, i see;;;see;0.0112278554588556
man;ohh;;;ohh;0.0852658748626709
man;ohhh;;;ohhh;0.0801799073815346
man;ohm ohm;;;ohm;-0.0122168222442269
man;ok is fine;;;is;0.178236365318298
man;okay;;;okay;0.0135086365044117
man;okay i understand;;;understand;0.0789641886949539
man;old man;;;man;1
man;oohhh;;;oohhh;
man;open mouth;;;mouth;0.000308565067825839
man;opportunity;;;opportunity;-0.0103390123695135
man;orc;;;orc;0.00821920391172171
man;ouch;;;ouch;0.0504614822566509
man;oueeehhh;;;oueeehhh;
man;owl;;;owl;0.0321439132094383
man;pain;;;pain;0.0186468400061131
man;pirate;;;pirate;-0.0674540624022484
man;playful smile;;;smile;0.00573565950617194
man;playing;;;playing;0.0762335434556007
man;popeye;;;popeye;0.106264621019363
man;pushing;;;pushing;0.0855273976922035
man;questioning;;;questioning;0.183245033025742
man;realization;;;realization;0.036594845354557
man;rediculous;;;rediculous;
man;respect;;;respect;0.137660533189774
man;roar;;;roar;0.0552787929773331
man;rrhoooohr;;;rrhoooohr;
man;rubbing it in;;;rubbing;-0.0643033012747765
man;rude;;;rude;-0.0250421781092882
man;santa;;;santa;-0.0178832225501537
man;santa claus;;;claus;0.0113444142043591
man;santa claus humming;;;claus;0.0113444142043591
man;santa claus laughting;;;claus;0.0113444142043591
man;santa klaus;;;klaus;-0.039773017168045
man;sarcasm;;;sarcasm;-0.0598827749490738
man;sarcastic;;;sarcastic;-0.0393441095948219
man;sarcastic laugh;;;laugh;0.0535734817385674
man;sarcastically funny;;;funny;0.0839115232229233
man;satire;;;satire;-0.0266309678554535
man;say ah;;;say;0.122750647366047
man;scare;;;scare;0.000459311064332724
man;scaring;;;scaring;-0.0141865639016032
man;scary;;;scary;0.0271669812500477
man;see here;;;see;0.0112278554588556
man;shock;;;shock;0.00499265408143401
man;show someting;;;show;0.0266731046140194
man;sims character;;;character;0.0669701173901558
man;sing;;;sing;0.0104904174804688
man;sleep;;;sleep;-0.0661892369389534
man;slight pain;;;pain;0.0186468400061131
man;sly laugh;;;laugh;0.0535734817385674
man;smug;;;smug;-0.156759575009346
man;snideness;;;snideness;-0.128582075238228
man;sound;;;sound;0.0552443601191044
man;sound expression;;;expression;0.0898356884717941
man;stop;;;stop;0.0885692462325096
man;strong-transmitting sound;;;transmitting;0.0512711443006992
man;superiority;;;superiority;0.068737156689167
man;suprised;;;suprised;-0.0423423200845718
man;surprise;;;surprise;-0.0343715846538544
man;surprised;;;surprised;-0.0318686291575432
man;table;;;table;0.0371708869934082
man;talk;;;talk;-0.00427700765430927
man;talking;;;talking;0.0419220440089703
man;tasty;;;tasty;-0.0712120682001114
man;telling a joke;;;telling;0.062506690621376
man;terrible;;;terrible;-0.0118029760196805
man;thats funny;;;s;0.168200343847275
man;tipsy;;;tipsy;-0.0199702363461256
man;tired;;;tired;0.0144169349223375
man;ugh;;;ugh;-0.0234378557652235
man;ugooo;;;ugooo;
man;uh oh;;;uh;0.0743388533592224
man;uh uh;;;uh;0.0743388533592224
man;uhuh;;;uhuh;
man;umg...uuh!;;;uuh;
man;understand;;;understand;0.0789641886949539
man;understanding;;;understanding;0.127166301012039
man;understanding something;;;understanding;0.127166301012039
man;uohuh;;;uohuh;
man;upset;;;upset;0.00878489203751087
man;urgh;;;urgh;0.00176092621404678
man;vocals;;;vocals;-0.0154551938176155
man;vowels;;;vowels;0.0229198094457388
man;wait wait;;;wait;0.0325752571225166
man;waking up;;;waking;-0.00900464691221714
man;what;;;what;0.0866546034812927
man;who who;;;who;0.247056573629379
man;whoo;;;whoo;0.0695779249072075
man;whoo ooh;;;ooh;0.0626291707158089
man;woah;;;woah;0.0598062835633755
man;wobbly;;;wobbly;0.0424188636243343
man;wohoo;;;wohoo;
man;wohooo;;;wohooo;
man;wonder;;;wonder;0.129764243960381
man;wooho;;;wooho;
man;wow;;;wow;0.0333549529314041
man;wowwho;;;wowwho;
man;wugh;;;wugh;
man;yes, I understand;;;understand;0.0789641886949539
man;you warble;;;warble;-0.0341477617621422
man;;;;nan;0.0938358455896378
eat;*slurp noises*;;;noises;0.0321338772773743
eat;Annoy;;;annoy;0.0688257962465286
eat;CHEW;;;chew;0.535388708114624
eat;Champ champ;;;champ;0.157006040215492
eat;Check;;;check;0.0667614787817001
eat;Chew;;;chew;0.535388708114624
eat;Chewing;;;chewing;0.501399874687195
eat;Chewing a candy;;;chewing;0.501399874687195
eat;Chewing loud;;;chewing;0.501399874687195
eat;Chewing or smacking gums;;;chewing;0.501399874687195
eat;Chewing something;;;chewing;0.501399874687195
eat;Chewy;;;chewy;0.310110509395599
eat;Chomping gum;;;gum;0.192942962050438
eat;Consume;;;consume;0.608136177062988
eat;Delicious;;;delicious;0.386403471231461
eat;Delicious food;;;food;0.6303790807724
eat;Dinnertime;;;dinnertime;0.447883367538452
eat;Drink;;;drink;0.438449621200562
eat;Drinking;;;drinking;0.277414560317993
eat;EAT;;;eat;1
eat;EATING;;;eating;0.782036006450653
eat;Eat;;;eat;1
eat;Eat or chew;;;eat;1
eat;Eating;;;eating;0.782036006450653
eat;Eating , tasty;;;eating;0.782036006450653
eat;Eating sound;;;eating;0.782036006450653
eat;Eating soup;;;soup;0.289647042751312
eat;Eating, slurping;;;eating;0.782036006450653
eat;Enjoying food;;;enjoying;0.199789524078369
eat;Food tasting;;;tasting;0.268969714641571
eat;Gum;;;gum;0.192942962050438
eat;Hungry;;;hungry;0.498416990041733
eat;Hungry. tasty;;;hungry;0.498416990041733
eat;I'm thirsty;;;'m;
eat;Ignore;;;ignore;0.163306251168251
eat;Iiushh na na na;;;na;0.0610248111188412
eat;It moved fast;;;moved;0.00373660493642092
eat;It's tasty;;;'s;
eat;Lick and bite;;;lick;0.276168376207352
eat;Licking;;;licking;0.164617866277695
eat;Lips, Eating, Food;;;lips;0.103467904031277
eat;Mlem mlem mlem;;;mlem;
eat;Mnmnm;;;mnmnm;
eat;Mouth saliva;;;saliva;0.123898804187775
eat;Mouth sounds;;;sounds;0.0130300810560584
eat;Mukbang;;;mukbang;0.260281711816788
eat;Munch;;;munch;0.560551047325134
eat;Munching;;;munching;0.42838916182518
eat;Nom nom;;;nom;0.229982823133469
eat;Open mouth chew;;;chew;0.535388708114624
eat;Person who is chewing;;;person;0.0780855119228363
eat;Plich Plich Plich;;;plich;
eat;Saliva;;;saliva;0.123898804187775
eat;Sip;;;sip;0.268351852893829
eat;Sip taste;;;taste;0.285909384489059
eat;Slick;;;slick;-0.0524306632578373
eat;Slurp;;;slurp;0.416918575763702
eat;Slurp ice cream;;;cream;0.100330963730812
eat;Slurping food;;;slurping;0.301220059394836
eat;Slurping spaghetti;;;slurping;0.301220059394836
eat;Slurping, tasting;;;slurping;0.301220059394836
eat;Smacking;;;smacking;0.0643172413110733
eat;Smacking lips;;;lips;0.103467904031277
eat;Snapping;;;snapping;0.0325589776039124
eat;Sticky;;;sticky;0.0779067575931549
eat;Stop talking;;;stop;0.111734464764595
eat;Suck;;;suck;0.247688338160515
eat;Sweet taste;;;taste;0.285909384489059
eat;Tapping;;;tapping;-0.0648102462291718
eat;Tasting;;;tasting;0.268969714641571
eat;Tasting disgusting food;;;tasting;0.268969714641571
eat;Tasting yummy food;;;tasting;0.268969714641571
eat;Tasty;;;tasty;0.399732708930969
eat;Tasty drink;;;drink;0.438449621200562
eat;To chew;;;chew;0.535388708114624
eat;To lick;;;lick;0.276168376207352
eat;Tongue click;;;click;0.048467505723238
eat;Uncomfortable;;;uncomfortable;0.0322414860129356
eat;YUMMY;;;yummy;0.396692633628845
eat;Yummy;;;yummy;0.396692633628845
eat;Yummy lick;;;lick;0.276168376207352
eat;asmr;;;asmr;-0.0608714818954468
eat;be annoying;;;be;0.0939889624714851
eat;biting;;;biting;0.183049768209457
eat;bored;;;bored;0.12113543599844
eat;bubble gum;;;gum;0.192942962050438
eat;cat licking;;;licking;0.164617866277695
eat;chew;;;chew;0.535388708114624
eat;chew chew;;;chew;0.535388708114624
eat;chewin gum;;;gum;0.192942962050438
eat;chewing;;;chewing;0.501399874687195
eat;chewing food;;;chewing;0.501399874687195
eat;chewing gum;;;gum;0.192942962050438
eat;chewing loudly;;;chewing;0.501399874687195
eat;chewy;;;chewy;0.310110509395599
eat;chip chip chip;;;chip;0.136170849204063
eat;chuch..chucm..chuch;;;chuch;
eat;clacking;;;clacking;0.0224121268838644
eat;clapping;;;clapping;-0.026903435587883
eat;closer;;;closer;0.022749662399292
eat;delicious;;;delicious;0.386403471231461
eat;disgusting;;;disgusting;0.141318798065186
eat;disgusting eating sound;;;sound;-0.0136672556400299
eat;dog licking;;;licking;0.164617866277695
eat;donkey;;;donkey;-0.0147362975403667
eat;drink and taste;;;drink;0.438449621200562
eat;drink, thirsty;;;drink;0.438449621200562
eat;drinking;;;drinking;0.277414560317993
eat;drip;;;drip;0.0375295355916023
eat;eat;;;eat;1
eat;eating;;;eating;0.782036006450653
eat;eating ice cream;;;eating;0.782036006450653
eat;eating icecream;;;eating;0.782036006450653
eat;eating loudly;;;eating;0.782036006450653
eat;eating open mouth;;;eating;0.782036006450653
eat;eating pasta;;;eating;0.782036006450653
eat;eating quite loudly;;;eating;0.782036006450653
eat;eating something juicy;;;eating;0.782036006450653
eat;eating sound;;;eating;0.782036006450653
eat;eating soup;;;eating;0.782036006450653
eat;eating, hungry;;;eating;0.782036006450653
eat;eating, satisfactory;;;satisfactory;0.0400935411453247
eat;enjoy;;;enjoy;0.275243133306503
eat;enjoy eating;;;eating;0.782036006450653
eat;fasting;;;fasting;0.304764032363892
eat;feast;;;feast;0.362301528453827
eat;flavor;;;flavor;0.201427921652794
eat;flavour;;;flavour;0.199022993445396
eat;food tasting;;;tasting;0.268969714641571
eat;footprints;;;footprints;0.0177834220230579
eat;gnam gnam gnam;;;gnam;
eat;gonna eat;;;gon;0.0320673026144505
eat;good food;;;food;0.6303790807724
eat;guh-slurp slurp slurp;;;slurp;0.416918575763702
eat;having soup;;;having;0.0982437580823898
eat;hee-up;;;hee;0.0136210834607482
eat;hhhhoomoom;;;hhhhoomoom;
eat;hlwmxmmxmmxm;;;hlwmxmmxmmxm;
eat;hungry;;;hungry;0.498416990041733
eat;hungry, food;;;food;0.6303790807724
eat;ice cream;;;cream;0.100330963730812
eat;icekream;;;icekream;
eat;imitation chomping noise (eating);;;eating;0.782036006450653
eat;inhale and eat;;;inhale;0.25822040438652
eat;inhale and savor;;;inhale;0.25822040438652
eat;keep talking;;;keep;0.075886644423008
eat;kissing;;;kissing;0.0720667093992233
eat;kwerp tuptuptup;;;tuptuptup;
eat;kyuuuuoo;;;kyuuuuoo;
eat;lapping;;;lapping;0.0189510453492403
eat;lapping sound;;;lapping;0.0189510453492403
eat;lick and eat;;;lick;0.276168376207352
eat;licking;;;licking;0.164617866277695
eat;licking and eating;;;licking;0.164617866277695
eat;licking ice cream;;;licking;0.164617866277695
eat;licking icecream;;;licking;0.164617866277695
eat;lip smack;;;smack;0.0837427452206612
eat;lip smacking;;;smacking;0.0643172413110733
eat;loud chewing;;;chewing;0.501399874687195
eat;many;;;many;0.0264388732612133
eat;mch...mch...mcha;;;mch;
eat;mcmmcmmcm;;;mcmmcmmcm;
eat;messy eating;;;eating;0.782036006450653
eat;mh mh mh;;;mh;-0.0226089432835579
eat;minham minham;;;minham;
eat;mix the yogurt;;;mix;0.0134130725637078
eat;mlack mlack mlack;;;mlack;
eat;mlask mlask;;;mlask;
eat;mlask mlask mlask;;;mlask;
eat;mlup mlup;;;mlup;
eat;mnham nham;;;nham;
eat;mouth;;;mouth;0.199693724513054
eat;mouth smacking;;;smacking;0.0643172413110733
eat;munch;;;munch;0.560551047325134
eat;munch munch;;;munch;0.560551047325134
eat;munching;;;munching;0.42838916182518
eat;mxmmxmmxm;;;mxmmxmmxm;
eat;nam nam;;;nam;-0.0173807125538588
eat;nham nham;;;nham;
eat;nham nham nham;;;nham;
eat;nhamnahm;;;nhamnahm;
eat;nhamnahmnahm;;;nhamnahmnahm;
eat;platt platt plott platt;;;platt;-0.0103440079838037
eat;playing in mud;;;playing;0.0454954989254475
eat;rapidly flipping pages;;;flipping;-0.00342719722539186
eat;salivating;;;salivating;0.261751919984818
eat;savor;;;savor;0.349174469709396
eat;savoring flavor;;;savoring;0.309584736824036
eat;savoring taste;;;savoring;0.309584736824036
eat;scham tha tha tha tham;;;tham;-0.00192160741426051
eat;schlrp schlrp (eating);;;schlrp;
eat;sclrhrp chomp chomp (like eating);;;like;0.101725988090038
eat;scrumptious;;;scrumptious;0.331698566675186
eat;shlapp shlapp shalpp;;;shlapp;
eat;sip;;;sip;0.268351852893829
eat;sipping a soup;;;sipping;0.315220713615418
eat;sipping strong;;;sipping;0.315220713615418
eat;siuuu mlask mlask;;;mlask;
eat;sloppy eating;;;eating;0.782036006450653
eat;sloshing;;;sloshing;0.0515859462320805
eat;slupring soup;;;slupring;
eat;slurp;;;slurp;0.416918575763702
eat;slurp and chew;;;slurp;0.416918575763702
eat;slurp and savor;;;slurp;0.416918575763702
eat;slurp eating;;;slurp;0.416918575763702
eat;slurp noodles;;;noodles;0.291753172874451
eat;slurp smack smack;;;smack;0.0837427452206612
eat;slurping;;;slurping;0.301220059394836
eat;slurping and munching;;;slurping;0.301220059394836
eat;slurping food / drink;;;slurping;0.301220059394836
eat;slurping noodles;;;slurping;0.301220059394836
eat;slurping smacking sounds;;;slurping;0.301220059394836
eat;slurping sound;;;slurping;0.301220059394836
eat;slurping up;;;slurping;0.301220059394836
eat;slurping while eating;;;slurping;0.301220059394836
eat;smack;;;smack;0.0837427452206612
eat;smack smack smack smack smack;;;smack;0.0837427452206612
eat;smack your lips;;;smack;0.0837427452206612
eat;smacking;;;smacking;0.0643172413110733
eat;smacking and champing;;;smacking;0.0643172413110733
eat;smacking and slurping;;;smacking;0.0643172413110733
eat;smacking eating sounds;;;eating;0.782036006450653
eat;smacking teeth;;;teeth;0.21133179962635
eat;smakcing;;;smakcing;
eat;snacking;;;snacking;0.586577713489533
eat;snipping;;;snipping;0.0141275757923722
eat;soup;;;soup;0.289647042751312
eat;suck;;;suck;0.247688338160515
eat;suck and mouth smacking;;;suck;0.247688338160515
eat;sucking;;;sucking;0.16324146091938
eat;swallow and savor;;;swallow;0.424777328968048
eat;syrup;;;syrup;0.144610524177551
eat;taste;;;taste;0.285909384489059
eat;tasteless;;;tasteless;0.186260417103767
eat;tasting;;;tasting;0.268969714641571
eat;tasting something;;;tasting;0.268969714641571
eat;tasting, munching;;;munching;0.42838916182518
eat;tasty;;;tasty;0.399732708930969
eat;thirst;;;thirst;0.206665024161339
eat;thm thm thm thm;;;thm;0.0398963764309883
eat;tiotiak;;;tiotiak;
eat;tn tn tn;;;tn;0.00475067086517811
eat;tnhamtnhamtnham;;;tnhamtnhamtnham;
eat;to chew;;;chew;0.535388708114624
eat;to eat;;;eat;1
eat;to suck;;;suck;0.247688338160515
eat;tooth paste;;;paste;0.16805399954319
eat;tuptuptuop;;;tuptuptuop;
eat;tuptuptup;;;tuptuptup;
eat;write;;;write;0.145306780934334
eat;yakyakya;;;yakyakya;
eat;yeah ok;;;ok;0.100579299032688
eat;yum;;;yum;0.365071386098862
eat;yum-yum-yum;;;yum;0.365071386098862
eat;yummy;;;yummy;0.396692633628845
eat;yummy food;;;food;0.6303790807724
eat;Ñam ñam;;;ñam;
eat;ñomñam;;;ñomñam;
eat;;;;nan;0.0831853076815605
snake;Accident;;;accident;0.0256057567894459
snake;Be aware;;;be;0.0297859478741884
snake;Be quiet;;;be;0.0297859478741884
snake;Beatboxing;;;beatboxing;0.00485867587849498
snake;Bird;;;bird;0.180280745029449
snake;Bird chirping;;;chirping;-0.0141156557947397
snake;Blowing air;;;blowing;-0.0342722423374653
snake;Blowing hot food;;;blowing;-0.0342722423374653
snake;Breathing;;;breathing;0.0684317201375961
snake;Breathing in;;;breathing;0.0684317201375961
snake;Broken;;;broken;0.0173912476748228
snake;Broom;;;broom;0.0657991021871567
snake;Browning vegs;;;vegs;
snake;Burn;;;burn;0.0593531914055347
snake;Burning;;;burning;0.0276633575558662
snake;Burning , hot;;;burning;0.0276633575558662
snake;Burns;;;burns;0.0442845784127712
snake;Cat purring;;;purring;0.0963689535856247
snake;Child;;;child;0.0686554163694382
snake;Chilly;;;chilly;-0.0230383835732937
snake;Cleaning;;;cleaning;0.00892718229442835
snake;Complicate situation;;;situation;0.0424554534256458
snake;Cooking;;;cooking;0.00150637631304562
snake;Cooking oil;;;oil;0.0733607560396195
snake;Creeping;;;creeping;0.264671981334686
snake;DON'T KNOW;;;don't;0.0179161671549082
snake;Danger;;;danger;0.092545785009861
snake;Danger Alert;;;alert;0.0446738749742508
snake;Disgust;;;disgust;0.00782884657382965
snake;Don't do that;;;do;-0.0231233630329371
snake;Drum cymbals;;;cymbals;0.0429377853870392
snake;Drums;;;drums;0.109545655548573
snake;Eating sometging hot;;;eating;0.0881500095129013
snake;Enough;;;enough;-0.046097069978714
snake;Exaggerating sound;;;exaggerating;0.0793148428201675
snake;Exasperation;;;exasperation;-0.0289201885461807
snake;Fish;;;fish;0.227632120251656
snake;Frying;;;frying;0.0303693283349276
snake;Fuse;;;fuse;-0.0029919280204922
snake;Gardening;;;gardening;-0.0123986788094044
snake;Gunfire;;;gunfire;0.0631166249513626
snake;HISSING;;;hissing;0.213876634836197
snake;Hi Hat;;;hat;0.0304514430463314
snake;Hiss;;;hiss;0.177609607577324
snake;Hissing;;;hissing;0.213876634836197
snake;Hot;;;hot;0.0418089367449284
snake;Hot pan;;;hot;0.0418089367449284
snake;Inconvenience;;;inconvenience;-0.0273718349635601
snake;It’s hot;;;’s;
snake;Just noise;;;noise;-0.0416666567325592
snake;Mouth cymbal;;;cymbal;0.0428035110235214
snake;Mouth sounds;;;sounds;0.0197697225958109
snake;Not sure;;;sure;0.0319319441914558
snake;Ocean;;;ocean;0.0895862132310867
snake;Opening;;;opening;0.076679177582264
snake;Opening curtain;;;curtain;0.00670857960358262
snake;Pain;;;pain;-0.00349595700390637
snake;Pouring hot water;;;pouring;0.00897140987217426
snake;Pressing lips together;;;pressing;-0.0889252349734306
snake;Psssstsss;;;psssstsss;
snake;Ptssssss;;;ptssssss;
snake;Pulling up blinds;;;pulling;0.0412498414516449
snake;Python;;;python;0.465787261724472
snake;Rapping;;;rapping;-0.0144847081974149
snake;Running;;;running;0.0291416645050049
snake;SLURP;;;slurp;0.0898981615900993
snake;SOUND;;;sound;0.0387686342000961
snake;Scatteeing tiny gravel;;;scatteeing;
snake;Scrape;;;scrape;0.0181922186166048
snake;Scrapping noise;;;noise;-0.0416666567325592
snake;Scratching;;;scratching;0.0433955527842045
snake;Severe Pain;;;pain;-0.00349595700390637
snake;Sheeee;;;sheeee;
snake;Sheeshe;;;sheeshe;
snake;Shhhh;;;shhhh;0.0236718077212572
snake;Shhhhhhh Shhhhh;;;shhhhh;0.0242595598101616
snake;Shooting sound;;;shooting;0.0579232461750507
snake;Silence;;;silence;-0.00329085136763752
snake;Silence, Shush;;;silence;-0.00329085136763752
snake;Sipping;;;sipping;0.0811485499143601
snake;Sizzle;;;sizzle;0.0627385601401329
snake;Sizzling;;;sizzling;0.043144203722477
snake;Snake;;;snake;1.00000011920929
snake;Snake hissing;;;hissing;0.213876634836197
snake;Sneaky;;;sneaky;0.214067786931992
snake;Sniff;;;sniff;-0.0181634109467268
snake;Sniffing;;;sniffing;-0.0117157036438584
snake;Snort or sniffle;;;snort;0.00217278627678752
snake;Sound;;;sound;0.0387686342000961
snake;Spray;;;spray;0.0739680826663971
snake;Spraying;;;spraying;0.0644257366657257
snake;Starting car;;;car;0.0511543154716492
snake;Steam;;;steam;0.00637629628181458
snake;Strange sound;;;sound;0.0387686342000961
snake;Stress, or fear;;;stress;-0.0578420534729958
snake;Stutter;;;stutter;0.0289617255330086
snake;Sweeping;;;sweeping;0.0325776375830174
snake;Synthesizer;;;synthesizer;0.0635573193430901
snake;Teen;;;teen;-0.0557234399020672
snake;Trepidation;;;trepidation;-0.00617106724530458
snake;Tss;;;tss;0.0402900725603104
snake;Tsstst;;;tsstst;
snake;Tststststsk;;;tststststsk;
snake;Very fast;;;fast;0.09835085272789
snake;Vocalizing;;;vocalizing;-0.0104224923998117
snake;Washed away;;;washed;-0.0234266743063927
snake;Washing hands;;;hands;0.0738430991768837
snake;Water;;;water;0.200503453612328
snake;Water leaking;;;leaking;0.0632743537425995
snake;Water poured on heate;;;poured;-0.00271135149523616
snake;Waves;;;waves;0.0621863156557083
snake;Whispering;;;whispering;0.023942356929183
snake;Wind;;;wind;0.0256539527326822
snake;Windy;;;windy;0.00841120071709156
snake;Work;;;work;-0.00095632387092337
snake;YUMMY;;;yummy;-0.00812681578099728
snake;Yikes;;;yikes;0.0246878620237112
snake;a repetitive action;;;action;0.0233775395900011
snake;a shower;;;shower;0.0144657921046019
snake;air escaping;;;escaping;0.0778206363320351
snake;air whoosh;;;whoosh;0.0220364574342966
snake;anger;;;anger;0.0569937005639076
snake;angry;;;angry;0.0820913761854172
snake;animal;;;animal;0.264135301113129
snake;animla;;;animla;
snake;aspirate saliva;;;aspirate;0.030188174918294
snake;attention;;;attention;0.0167841948568821
snake;attention, careful, wrong;;;attention;0.0167841948568821
snake;back off;;;off;0.00942667853087187
snake;bad;;;bad;0.0456042997539043
snake;be quiet;;;be;0.0297859478741884
snake;beat box;;;box;0.0126983458176255
snake;beatbox;;;beatbox;0.0144444573670626
snake;beatboxing;;;beatboxing;0.00485867587849498
snake;big waves;;;waves;0.0621863156557083
snake;bird;;;bird;0.180280745029449
snake;birds;;;birds;0.150588408112526
snake;blow;;;blow;-0.0170313585549593
snake;blow your nose;;;blow;-0.0170313585549593
snake;blowing;;;blowing;-0.0342722423374653
snake;blowing nose;;;blowing;-0.0342722423374653
snake;bomb;;;bomb;0.0242154374718666
snake;bored;;;bored;0.0143601512536407
snake;boredom;;;boredom;-0.0512039661407471
snake;boring;;;boring;0.0248468928039074
snake;bothered;;;bothered;-0.0218915194272995
snake;bowl with sand;;;bowl;0.10165473818779
snake;breath in sharply;;;breath;0.0259395577013493
snake;breathe;;;breathe;0.0660866126418114
snake;burn;;;burn;0.0593531914055347
snake;burned;;;burned;0.0308091305196285
snake;burned myself;;;burned;0.0308091305196285
snake;burner;;;burner;0.0112229334190488
snake;burning;;;burning;0.0276633575558662
snake;bzzzzz;;;bzzzzz;
snake;can;;;can;0.0243540816009045
snake;can open;;;open;0.0548990443348885
snake;can, opening;;;opening;0.076679177582264
snake;careful;;;careful;0.0787418559193611
snake;chain dragging;;;dragging;0.0857475474476814
snake;chew chew;;;chew;0.143174171447754
snake;chuuu...chuchu....tatau;;;chuuu;
snake;cicada sound;;;sound;0.0387686342000961
snake;cleaning;;;cleaning;0.00892718229442835
snake;cook;;;cook;-0.0262342058122158
snake;cooking;;;cooking;0.00150637631304562
snake;crackle, buz;;;crackle;-0.0341623015701771
snake;crayon;;;crayon;-0.00599676789715886
snake;cricket;;;cricket;0.0127050550654531
snake;curtain pulling;;;pulling;0.0412498414516449
snake;cymbal;;;cymbal;0.0428035110235214
snake;danger;;;danger;0.092545785009861
snake;danger is coming;;;coming;0.0511839613318443
snake;deflate sound;;;sound;0.0387686342000961
snake;delicious;;;delicious;-0.0113461064174771
snake;disappointed;;;disappointed;0.0222451779991388
snake;disapprove;;;disapprove;-0.00414708582684398
snake;disbelief;;;disbelief;0.00997289922088385
snake;disgusting slurping sound;;;sound;0.0387686342000961
snake;don't know;;;know;0.0268216412514448
snake;dont know;;;know;0.0268216412514448
snake;drink;;;drink;0.0669788718223572
snake;drinking;;;drinking;0.0219590663909912
snake;drinking from a straw;;;drinking;0.0219590663909912
snake;drinking water;;;water;0.200503453612328
snake;drum cymbals;;;cymbals;0.0429377853870392
snake;drum set;;;set;-0.0346016958355904
snake;drums;;;drums;0.109545655548573
snake;eating soup;;;eating;0.0881500095129013
snake;electric sound;;;sound;0.0387686342000961
snake;exhausted;;;exhausted;-0.0140198701992631
snake;explosion;;;explosion;-0.000439268187619746
snake;fast moving;;;moving;0.0807028412818909
snake;fast train;;;train;0.0148736499249935
snake;fear;;;fear;0.080742672085762
snake;fight;;;fight;0.0034309106413275
snake;fill;;;fill;-0.0334246605634689
snake;fire;;;fire;0.136788323521614
snake;fizzling cola;;;fizzling;0.0148378042504191
snake;flying;;;flying;0.0723377466201782
snake;fright;;;fright;0.0842805281281471
snake;fry;;;fry;0.0274066440761089
snake;frying;;;frying;0.0303693283349276
snake;frying pan;;;frying;0.0303693283349276
snake;fufufuf;;;fufufuf;
snake;gas leak;;;leak;0.109601572155952
snake;gliding;;;gliding;0.0634872913360596
snake;going to hurt;;;going;0.0652288198471069
snake;good flavour;;;flavour;-0.054962269961834
snake;grass;;;grass;0.207177966833115
snake;grasshopper;;;grasshopper;0.236194849014282
snake;gunfire;;;gunfire;0.0631166249513626
snake;happy mouth sound;;;mouth;0.119978368282318
snake;heat;;;heat;0.0325033478438854
snake;high pressure nozzle adjustment from a hose;;;from;-0.00648965453729034
snake;hiss;;;hiss;0.177609607577324
snake;hissin;;;hissin;
snake;hissing;;;hissing;0.213876634836197
snake;hissing beat;;;beat;-0.0259147901087999
snake;hissing cat;;;hissing;0.213876634836197
snake;hissing snake;;;snake;1.00000011920929
snake;hisssssss;;;hisssssss;
snake;hlhm;;;hlhm;
snake;hot;;;hot;0.0418089367449284
snake;hot iron;;;iron;0.0379395745694637
snake;hot pan;;;pan;0.0788590312004089
snake;humming;;;humming;-0.0467050820589066
snake;hurt;;;hurt;0.0303167477250099
snake;imitating a train;;;imitating;0.0628714114427567
snake;impatient;;;impatient;0.0195720866322517
snake;insect;;;insect;0.247827425599098
snake;instrument;;;instrument;0.0370161719620228
snake;jazz;;;jazz;0.00393436010926962
snake;keep quiet;;;keep;-0.00119653879664838
snake;leaf;;;leaf;0.126740679144859
snake;lightning a dynamite;;;lightning;0.172114640474319
snake;lost their thought;;;lost;0.00603544199839234
snake;machine gun;;;gun;0.140997588634491
snake;magic;;;magic;0.0748937204480171
snake;man sound;;;sound;0.0387686342000961
snake;mimick airplain;;;airplain;
snake;mouth sound;;;sound;0.0387686342000961
snake;mouth sounds;;;sounds;0.0197697225958109
snake;move away;;;move;0.0944536030292511
snake;mthhh;;;mthhh;
snake;music imitation;;;imitation;0.106821745634079
snake;negativity;;;negativity;0.0207093060016632
snake;ocean;;;ocean;0.0895862132310867
snake;open a bottle;;;open;0.0548990443348885
snake;opening a bottle;;;opening;0.076679177582264
snake;opening a can;;;opening;0.076679177582264
snake;opening a coke;;;opening;0.076679177582264
snake;ouch;;;ouch;0.0365975424647331
snake;owww;;;owww;
snake;pain;;;pain;-0.00349595700390637
snake;pain from burn;;;pain;-0.00349595700390637
snake;painful inhale;;;inhale;0.0956694185733795
snake;pistons working;;;pistons;0.0595927760004997
snake;playing gun;;;playing;0.0359271615743637
snake;playing instrument;;;playing;0.0359271615743637
snake;playing with sounds;;;playing;0.0359271615743637
snake;pppsst psstt (like air escaping);;;escaping;0.0778206363320351
snake;pssseee;;;pssseee;
snake;quick;;;quick;0.127488940954208
snake;quiet;;;quiet;0.0315731875598431
snake;quietly warning;;;warning;0.0193828549236059
snake;radio syntonization;;;syntonization;0.0016971769509837
snake;rain;;;rain;0.0683731883764267
snake;rattle;;;rattle;0.1835917532444
snake;rattle like snake;;;rattle;0.1835917532444
snake;rattlesnake;;;rattlesnake;0.688987493515015
snake;relaxed or entertained;;;relaxed;0.0489195249974728
snake;rubbing hands;;;rubbing;0.000523545953910798
snake;s -tss- tststss;;;tststss;
snake;sand;;;sand;0.149379938840866
snake;sand storm;;;storm;0.0868555009365082
snake;scaring;;;scaring;0.119562797248364
snake;scaring off;;;scaring;0.119562797248364
snake;schchchchttt;;;schchchchttt;
snake;schhschhh;;;schhschhh;
snake;sea;;;sea;0.112230986356735
snake;sea wave;;;wave;0.021475987508893
snake;shaker;;;shaker;0.0617968328297138
snake;sharp inhale;;;inhale;0.0956694185733795
snake;sharpen;;;sharpen;-0.0303646698594093
snake;sharpening knife;;;sharpening;-0.0150085324421525
snake;sheechecheechhee;;;sheechecheechhee;
snake;shhh;;;shhh;0.0559498593211174
snake;shhhh;;;shhhh;0.0236718077212572
snake;shhhh SHHHhhh;;;shhhh;0.0236718077212572
snake;shhhh-weaw shhh;;;weaw;
snake;shhhhs;;;shhhhs;
snake;shifting;;;shifting;0.0172139648348093
snake;shock;;;shock;0.0714394077658653
snake;shoo;;;shoo;0.0175497606396675
snake;shooting;;;shooting;0.0579232461750507
snake;shower;;;shower;0.0144657921046019
snake;shower starting;;;shower;0.0144657921046019
snake;shshhhhsh;;;shshhhhsh;
snake;shshshs;;;shshshs;
snake;shshshshshshsssssh;;;shshshshshshsssssh;
snake;shssshshshsshs;;;shssshshshsshs;
snake;shuffling;;;shuffling;0.024576960131526
snake;shushing;;;shushing;0.0474911332130432
snake;shut up;;;shut;-0.0175099782645702
snake;sieve;;;sieve;0.0172103308141232
snake;silence;;;silence;-0.00329085136763752
snake;silencing;;;silencing;-0.0328095816075802
snake;silencing someone;;;silencing;-0.0328095816075802
snake;sing;;;sing;-0.0465143099427223
snake;singing;;;singing;-0.0464689992368221
snake;sip;;;sip;0.0476635731756687
snake;sizzle;;;sizzle;0.0627385601401329
snake;sizzling;;;sizzling;0.043144203722477
snake;sizzling hot;;;sizzling;0.043144203722477
snake;sleep;;;sleep;0.00844353809952736
snake;slice;;;slice;0.0951107144355774
snake;sliding;;;sliding;0.115661583840847
snake;slither;;;slither;0.459637522697449
snake;slurp;;;slurp;0.0898981615900993
snake;slurping;;;slurping;0.120939716696739
snake;smelling;;;smelling;0.00847866199910641
snake;smooth;;;smooth;0.131327226758003
snake;snake;;;snake;1.00000011920929
snake;snake sound;;;sound;0.0387686342000961
snake;sniff;;;sniff;-0.0181634109467268
snake;sniffing;;;sniffing;-0.0117157036438584
snake;sniffling;;;sniffling;-0.0281420461833477
snake;snore;;;snore;-0.0215545203536749
snake;soft drinks opening;;;drinks;0.0454297922551632
snake;soft imitation explosion;;;explosion;-0.000439268187619746
snake;someone got hurt;;;hurt;0.0303167477250099
snake;something dragging;;;something;0.0284090004861355
snake;something hot;;;something;0.0284090004861355
snake;something moving quickly;;;something;0.0284090004861355
snake;something not going as it should;;;something;0.0284090004861355
snake;something went wrong;;;went;0.0720658078789711
snake;soup noodles;;;noodles;0.0712218880653381
snake;speinkler;;;speinkler;
snake;splash;;;splash;0.0619824044406414
snake;splashing;;;splashing;0.0416287183761597
snake;splashing water;;;splashing;0.0416287183761597
snake;spray;;;spray;0.0739680826663971
snake;sprinkler;;;sprinkler;0.13501350581646
snake;sprinklers;;;sprinklers;0.0859881862998009
snake;sprinkling sounds;;;sounds;0.0197697225958109
snake;squeezing;;;squeezing;0.0269553493708372
snake;srrtrthhthth;;;srrtrthhthth;
snake;sshhh sshhheo;;;sshhheo;
snake;sss tsss tss tssss tssssss;;;tssssss;
snake;sss-tuh tuh tuh st-st-st;;;tuh;0.000733444001525641
snake;ssssss;;;ssssss;
snake;ssstststs;;;ssstststs;
snake;steam;;;steam;0.00637629628181458
snake;stetei;;;stetei;
snake;storm;;;storm;0.0868555009365082
snake;stressed;;;stressed;-0.0251990165561438
snake;suck hard;;;suck;0.118672102689743
snake;sucking saliva;;;sucking;0.108309298753738
snake;sucking sound;;;sucking;0.108309298753738
snake;summer;;;summer;-0.00276986975222826
snake;surprised/scared;;;scared;0.111499801278114
snake;suss suss;;;suss;0.029886132106185
snake;sweeping;;;sweeping;0.0325776375830174
snake;swiping metal sheet;;;swiping;0.0546861402690411
snake;swipping;;;swipping;
snake;swish;;;swish;0.0490020401775837
snake;swoosh;;;swoosh;0.0692465901374817
snake;sword;;;sword;0.158976390957832
snake;sword clash;;;clash;-0.0183306131511927
snake;symbol;;;symbol;0.157733678817749
snake;sympathy;;;sympathy;-0.0294766258448362
snake;take;;;take;0.00680371979251504
snake;taking a sip;;;taking;-0.0211634673178196
snake;tambourine;;;tambourine;0.0866159573197365
snake;tchhh;;;tchhh;
snake;telling someone to shut up;;;telling;0.0446409657597542
snake;territory mark;;;mark;0.0266228895634413
snake;that's painful;;;'s;
snake;think;;;think;0.0404860526323319
snake;thinking;;;thinking;0.0333075262606144
snake;thunder;;;thunder;0.0944289565086365
snake;to burn;;;burn;0.0593531914055347
snake;touch something hot;;;touch;0.0698317885398865
snake;train;;;train;0.0148736499249935
snake;ts ts;;;ts;-0.014445036649704
snake;ts ts ts;;;ts;-0.014445036649704
snake;tsk;;;tsk;0.0148095246404409
snake;tsk tsk tsk;;;tsk;0.0148095246404409
snake;tsss tatisstistsss;;;tatisstistsss;
snake;tsss ts ts ts ts ts;;;ts;-0.014445036649704
snake;tssssss;;;tssssss;
snake;tsssssss;;;tsssssss;
snake;tssstsss;;;tssstsss;
snake;tsst tstt (like a drum cymbal);;;cymbal;0.0428035110235214
snake;unknown;;;unknown;-0.048284437507391
snake;unlucky;;;unlucky;0.0078075067140162
snake;using straw;;;using;-0.00907149910926819
snake;vague mouth sounds;;;mouth;0.119978368282318
snake;waiting;;;waiting;0.0512947365641594
snake;warning;;;warning;0.0193828549236059
snake;washing;;;washing;-0.0385394059121609
snake;watch out;;;watch;0.072448305785656
snake;water;;;water;0.200503453612328
snake;water currents;;;currents;0.0900306403636932
snake;water explosion;;;explosion;-0.000439268187619746
snake;water on fire;;;water;0.200503453612328
snake;water pipe noise;;;pipe;0.227630823850632
snake;waterjet;;;waterjet;0.0729515329003334
snake;watter out;;;watter;
snake;waves;;;waves;0.0621863156557083
snake;weshiot;;;weshiot;
snake;white noise;;;noise;-0.0416666567325592
snake;whizzing;;;whizzing;0.0342391692101955
snake;whoooosh;;;whoooosh;
snake;wind;;;wind;0.0256539527326822
snake;;;;nan;0.037041611969471