Right_Answer,Answer,No
bad,0.0,1
bad,adult,2
bad,disgust,2
bad,anger,3
bad,"anger,",4
bad,mother,4
bad,angry,5
bad,angry,6
bad,maybe,6
bad,angry,7
bad,voice,7
bad,annoyed,8
bad,bewilderment,9
bad,blah,10
bad,calling,11
bad,angerly,11
bad,cheering,12
bad,curiousity,13
bad,disgust,14
bad,disgusting,15
bad,discusting,16
bad,disgust,17
bad,disgusted,18
bad,disgusted,19
bad,feeling,19
bad,disgusting,20
bad,dislike,21
bad,don't,22
bad,agre,22
bad,eugh,23
bad,eeughh,23
bad,eww,24
bad,frustrated,25
bad,feels,26
bad,like,26
bad,disgusting,26
bad,frustrated,27
bad,give,28
bad,me,28
bad,groan,29
bad,gross,30
bad,gross,31
bad,,31
bad,yuck,31
bad,grosse,32
bad,grossed,33
bad,out,33
bad,gurgle,34
bad,harsh,35
bad,happy,36
bad,harsh,37
bad,instruction,37
bad,hitting,38
bad,how,39
bad,come?,39
bad,i,40
bad,dislike,40
bad,idk,41
bad,imitate,42
bad,an,42
bad,animal,42
bad,incitement,43
bad,irritation,44
bad,like,45
bad,a,45
bad,something,45
bad,listen!,46
bad,mipi,47
bad,makes,48
bad,sense,48
bad,maybe,49
bad,me,50
bad,too,50
bad,men’s,51
bad,oooo,51
bad,men’s,52
bad,strange,52
bad,sounds,52
bad,miky,53
bad,mipi,54
bad,mitsy,55
bad,more,56
bad,murphy,57
bad,my,58
bad,pee,58
bad,name,59
bad,of,59
bad,person,59
bad,nasty,60
bad,nauseated,61
bad,nippy,62
bad,not,63
bad,liking,63
bad,something,63
bad,not,64
bad,sure,64
bad,offensive,65
bad,,65
bad,smell,65
bad,offensive,66
bad,smell,66
bad,ohhhh,67
bad,ough,68
bad,ough,68
bad,pokemon,69
bad,quit,70
bad,it!,70
bad,reieve,71
bad,really?,72
bad,refusing,73
bad,rejection,74
bad,or,74
bad,disgusting,74
bad,repulsed,75
bad,satisfaction,76
bad,scolding,77
bad,screaming,78
bad,shout,79
bad,shout,80
bad,danger,80
bad,sick,81
bad,sing,82
bad,stop,83
bad,strange,84
bad,sound,84
bad,s,84
bad,"stress,",85
bad,anger,85
bad,surprise,86
bad,tired,87
bad,"tired,",88
bad,disgust,88
bad,uooh,89
bad,utter,90
bad,disgust,90
bad,what,91
bad,happened?,91
bad,woaah,92
bad,"yeuch,",93
bad,that's,93
bad,disgusting,93
bad,yuck,94
bad,a,95
bad,groan,95
bad,aaaagh,96
bad,admiring,97
bad,adults,98
bad,celebrating,98
bad,agitated,99
bad,anger,100
bad,angry,101
bad,angry,102
bad,alien,102
bad,parent,102
bad,angry,103
bad,meepee,103
bad,angry,104
bad,name,104
bad,shouting,104
bad,angry,105
bad,person,105
bad,angry,106
bad,woman,106
bad,"angry,",107
bad,accusation,107
bad,animal,108
bad,animal,109
bad,imitation,109
bad,annoyance,110
bad,annoyed,111
bad,argh,112
bad,argh,112
bad,arghh,113
bad,attack,114
bad,away,115
bad,awgoh,116
bad,awww,117
bad,backchat?,118
bad,bad,119
bad,bad,120
bad,smell,120
bad,bad,121
bad,taste,121
bad,beat,122
bad,it,122
bad,being,123
bad,disgusted,123
bad,bored,124
bad,boredom,125
bad,bother,126
bad,buzzer,127
bad,calling,128
bad,calling,129
bad,out,129
bad,dog,129
bad,cat,130
bad,celebrating,131
bad,child,132
bad,come,133
bad,here!,133
bad,come,134
bad,on,134
bad,complain,135
bad,creepy,136
bad,cross,137
bad,crying,138
bad,cughh,139
bad,danger,140
bad,digest,141
bad,disapointment,142
bad,disappoint,143
bad,disappointment,144
bad,disapproving,145
bad,discussing,146
bad,discusting,147
bad,disguss,148
bad,disgussed,149
bad,disgust,150
bad,disgust,151
bad,noises,151
bad,disgust,152
bad,sound,152
bad,"disgust,",153
bad,messy,153
bad,disgusted,154
bad,disgusting,155
bad,dislike,156
bad,distaste,157
bad,distgust,158
bad,do,159
bad,not,159
bad,like,159
bad,don't,160
bad,enjoy,160
bad,this,160
bad,don't,161
bad,know,161
bad,don't,162
bad,like,162
bad,dont,163
bad,know,163
bad,double,164
bad,disgust,164
bad,eat,165
bad,ecxclamation,166
bad,ehaa,167
bad,electronic,168
bad,sound,168
bad,ew,169
bad,gross,169
bad,ewrr,170
bad,eww,171
bad,ewww,172
bad,excited,173
bad,expressing,174
bad,disgust,174
bad,friend,175
bad,fury,176
bad,gag,177
bad,grandmother,178
bad,gross,179
bad,grunting,180
bad,how,181
bad,dare,181
bad,you,181
bad,i,182
bad,dont,182
bad,know,182
bad,insult,183
bad,irritated,184
bad,irritation,185
bad,it's,186
bad,mine,186
bad,keewwl,187
bad,lach,188
bad,awo,188
bad,lah,189
bad,loh,189
bad,leahhh,190
bad,leaoh,190
bad,leave,191
bad,him,191
bad,lgh-uuuhhh,192
bad,listen,193
bad,now!,193
bad,llloaah,194
bad,loaa,195
bad,lol,196
bad,louaa,197
bad,lough,198
bad,luaagg,199
bad,mad,200
bad,mad,201
bad,at,201
bad,something,201
bad,mad,202
bad,person,202
bad,man,203
bad,mapy,204
bad,maybe,205
bad,meaty!,206
bad,mee,207
bad,pee,207
bad,meepee,208
bad,meepee!,209
bad,meepi,210
bad,meepi,210
bad,meepie,211
bad,meeppyy,212
bad,meepy,213
bad,mepee,214
bad,mi-pee,215
bad,with,215
bad,anger,215
bad,mild,216
bad,detest,216
bad,minecraft,217
bad,mipi,218
bad,mipie,219
bad,nauseous,220
bad,nippy,221
bad,not,222
bad,beliving,222
bad,not,223
bad,nice,223
bad,oahh,224
bad,errh,224
bad,(like,224
bad,disgust),224
bad,oh,225
bad,no,225
bad,oh,226
bad,right,226
bad,oohh,227
bad,(realisation,227
bad,noise),227
bad,person,228
bad,name,228
bad,puke,229
bad,pushing,230
bad,something,230
bad,rage,231
bad,realise,232
bad,reepy,233
bad,rejection,234
bad,reprimand,235
bad,reprimanding,236
bad,repugnant,237
bad,repulsive,238
bad,right,239
bad,now,239
bad,rudeness,240
bad,scare,241
bad,scary,242
bad,scoff,243
bad,scold,244
bad,scolding,245
bad,scream,246
bad,screaming,247
bad,screw,248
bad,you,248
bad,shouting,249
bad,sick,250
bad,snarl,251
bad,sneezing,252
bad,sound,253
bad,of,253
bad,disgust,253
bad,speaking,254
bad,stern,255
bad,stretching,256
bad,surprise,257
bad,surprizing,258
bad,there,259
bad,tired,260
bad,to,261
bad,scare,261
bad,uagg...disgust,262
bad,uehh,263
bad,ouhh,263
bad,ugggh,264
bad,ugh,265
bad,ugh,266
bad,uegh,266
bad,ugh,267
bad,ugh,267
bad,ugly,268
bad,uhuho,269
bad,uoooo,270
bad,upset,271
bad,urgh,272
bad,utter,273
bad,disgust,273
bad,uughh,274
bad,very,275
bad,angry,275
bad,vomit,276
bad,vomiting,277
bad,wake,278
bad,up,278
bad,wants,279
bad,to,279
bad,vomit,279
bad,weird,280
bad,vocal,280
bad,sound,280
bad,whippy,281
bad,whoack,282
bad,whoack,282
bad,wifi,283
bad,witch,284
bad,woah,285
bad,wooo,286
bad,wuuuueeel,287
bad,yak,288
bad,yak,289
bad,-,289
bad,disgusting,289
bad,yawning,290
bad,yawning,291
bad,deeper,291
bad,yelling,292
bad,yeugh,293
bad,yipee,294
bad,yippii,295
bad,yuck,296
bad,yuckkk,297
bad,yucky,298
bad,“get,299
bad,out!”,299
bad,NA,300
big,a,1
big,word,1
big,abstract,2
big,aaah,3
big,admiration,4
big,admiring,5
big,adult,6
big,in,6
big,concordance,6
big,amazed,7
big,amazement,8
big,amazing,9
big,an,10
big,animal,10
big,assenting,11
big,astonishment,12
big,awakening,13
big,awe,14
big,baby,15
big,crying,15
big,bad,16
big,impression,16
big,surprise,16
big,beware,17
big,big,18
big,come,19
big,on,19
big,comprehension,20
big,danger,21
big,discovery,22
big,don’t,23
big,know,23
big,"dreadful,",24
big,exhaustion,24
big,emphasising,25
big,enjoyment,26
big,enunciating,27
big,finally,28
big,funny,29
big,sound,29
big,getting,30
big,up,30
big,from,30
big,chair,30
big,ghost,31
big,greater,32
big,understanding,32
big,"groan,",33
big,oh,33
big,no,33
big,groaning,34
big,hurt,35
big,impressive,36
big,intimidating,37
big,korean,38
big,amazement,38
big,lady,39
big,lazy,40
big,likes,41
big,something,41
big,maog,42
big,ma,43
big,oga,43
big,malga,44
big,maoga,45
big,maow,46
big,ga,46
big,mauga,47
big,men’s,48
big,oooo,48
big,meow,49
big,milk,50
big,moaga,51
big,morgue,52
big,mother,53
big,mr,54
big,bean,54
big,my,55
big,god,55
big,my,56
big,god,56
big,not,57
big,sure,57
big,overwhelm,58
big,pronunciation,59
big,read,60
big,realization,61
big,roar,62
big,roaring,63
big,sing,64
big,surprise,65
big,satisfied,66
big,scare,67
big,scared,68
big,shock,69
big,small,70
big,one,70
big,snoar,71
big,so,72
big,cool,72
big,speaking,73
big,strange,74
big,sound,74
big,strange,75
big,sounds,75
big,strenght,76
big,stunned,77
big,suprised,78
big,sure,79
big,suroprise,80
big,surprise,81
big,surprised,82
big,talk,83
big,talking,84
big,teaching,85
big,there,86
big,you,86
big,are,86
big,this,87
big,way,87
big,too,88
big,much,88
big,tribe,89
big,uau,90
big,understanding,91
big,uwaah,92
big,vocalization,93
big,whoaaah,94
big,woah,95
big,waaaaa,96
big,welcome,97
big,what,98
big,whoa,99
big,whoa,100
big,sound,100
big,woah,101
big,women’s,102
big,strange,102
big,sounds,102
big,woooaah,103
big,wooooaaah,104
big,woooooah,105
big,wow,106
big,wow!,107
big,excitement,107
big,"wow,",108
big,sound,108
big,of,108
big,wonder,108
big,or,108
big,surprise,108
big,yawn,109
big,yawn,110
big,yawning,111
big,a,112
big,cat?,112
big,admiration,113
big,admire,114
big,admired,115
big,adult,116
big,talking,116
big,child,116
big,agree,117
big,amazed,118
big,amazed,119
big,by,119
big,something,119
big,amazed,120
big,kid,120
big,amazed,121
big,man,121
big,amazed,122
big,or,122
big,looking,122
big,at,122
big,food,122
big,amazement,123
big,amazing,124
big,annoyed,125
big,appreaciating,126
big,astonished,127
big,astonishment,128
big,awe,129
big,awesome,130
big,awestruck,131
big,awsome,132
big,baby,133
big,baby,134
big,talk,134
big,bad,135
big,baby,135
big,bear,136
big,before,137
big,the,137
big,sleep,137
big,being,138
big,amazed,138
big,being,139
big,impressed,139
big,big,140
big,big,141
big,object,141
big,big,142
big,surprise,142
big,bodybuilding,143
big,boredom,144
big,bowl,145
big,breathe,146
big,buttock,147
big,bwaah,148
big,call,149
big,calling,150
big,cat,151
big,child,152
big,speaking,152
big,child,153
big,suprised,153
big,children,154
big,come,155
big,here,155
big,complaining,156
big,conclussion,157
big,cooing,158
big,danger,159
big,delight/awe,160
big,discovery,161
big,disgust,162
big,don't,163
big,know,163
big,dont,164
big,know,164
big,elder,165
big,enlightment,166
big,entusiasm,167
big,enunciating,168
big,enunciation,169
big,everything,170
big,excitement,171
big,exclamation,172
big,exited,173
big,experiencing,174
big,something,174
big,incredible,174
big,explaining,175
big,something,175
big,expressing,176
big,disbelief,176
big,falling,177
big,"family,",178
big,home,178
big,feeling,179
big,shocked,179
big,frustrated,180
big,giant,181
big,gibberish,182
big,giving,183
big,an,183
big,example,183
big,grand,184
big,grandmother,185
big,groan,186
big,happy,187
big,huaaaaw,188
big,hum,189
big,i,190
big,agree,190
big,i,191
big,see,191
big,impressed,192
big,impressed,193
big,male,193
big,impressed,194
big,person,194
big,in,195
big,awe,195
big,incomprehensible,196
big,incredulous,197
big,indigenous,198
big,instruct,199
big,interested,200
big,interesting,201
big,intimidate,202
big,irony,203
big,kitten,204
big,large,205
big,learn,206
big,lion,207
big,maaaalga,208
big,maaaaoogah,209
big,maaaauuugaaaa,210
big,maaauga,211
big,maaauguh,212
big,maauwga,213
big,maho,214
big,gah,214
big,malaga,215
big,malga,216
big,malva,217
big,man,218
big,man,219
big,go,219
big,man,220
big,interested,220
big,man,221
big,surprised,221
big,mao,222
big,ga,222
big,maoga,223
big,maoo-ga,224
big,maooga,225
big,maooo,226
big,ga,226
big,maoooo,227
big,ka,227
big,marveling,228
big,at,228
big,something,228
big,marvelling,229
big,mau,230
big,ga,230
big,mauca,231
big,mauga,232
big,mauguh,233
big,mawg,234
big,mawga,235
big,meditation,236
big,meowing,237
big,mild,238
big,surprise,238
big,milka,239
big,miming,240
big,mind-blowing,241
big,mine,242
big,mom,243
big,monster,244
big,impression,244
big,mother,245
big,motivating,246
big,mounga,247
big,mouth,248
big,mowga,249
big,mowwoga,250
big,mug,251
big,mug,252
big,?,252
big,mulg,253
big,my,254
big,god,254
big,name,255
big,nice,256
big,nonsense,257
big,nothing,258
big,now,259
big,now,260
big,i,260
big,see,260
big,ogre,261
big,oh,262
big,god,262
big,why,262
big,oh,263
big,no,263
big,oh,264
big,"no,",264
big,sugar,264
big,ohh,265
big,uau,265
big,ohhhhh,266
big,old,267
big,chinese,267
big,instrument,267
big,oooarrrrr,268
big,oooh,269
big,opening,270
big,mouth,270
big,pain,271
big,pleasure,272
big,portuguese,273
big,pray,274
big,praying,275
big,presenting,276
big,oneself,276
big,primitive,277
big,pronouncing,278
big,pronouncing,279
big,words,279
big,proud,280
big,pulling,281
big,raw,282
big,relief,283
big,remember,284
big,request,285
big,roaa,286
big,roar,287
big,sadness,288
big,samurai,289
big,satisfaction,290
big,scaring,291
big,someone,291
big,scary,292
big,settle,293
big,down,293
big,shock,294
big,shocked,295
big,shocked/stunned,296
big,sing,297
big,singing,298
big,siren,299
big,sleep,300
big,slight,301
big,amazement,301
big,slow,302
big,speak,303
big,speak,304
big,slowly,304
big,speech,305
big,learning,305
big,spelling,306
big,or,306
big,teaching,306
big,sudden,307
big,understanding,307
big,suprise,308
big,suprised,309
big,surprise,310
big,surprise,311
big,(whale),311
big,surprise,312
big,expresion,312
big,surprise/,313
big,delight,313
big,surprised,314
big,surprised,315
big,chinese,315
big,woman,315
big,surprised,316
big,expresion,316
big,surprising,317
big,talk,318
big,talking,319
big,teaching,320
big,teaching,321
big,to,321
big,talk,321
big,there,322
big,it,322
big,is,322
big,there,323
big,you,323
big,go,323
big,tired,324
big,tribe,325
big,u-waaaah,326
big,uncultured,327
big,yawning,327
big,understand,328
big,understanding,329
big,unexpected,330
big,uooohhhhh...,331
big,exclamation,331
big,uuhhh-whoaaa,332
big,uuuuooooooooh,333
big,uuuuuewow,334
big,vocal,335
big,exercise,335
big,waaaaa,336
big,waaaaoh,337
big,waking,338
big,up,338
big,whaaaa,339
big,whale,340
big,whhaa,341
big,whoa,342
big,whoaaaa,343
big,whoaaaaaa,344
big,whoo,345
big,ahhh,345
big,widget,346
big,witch,347
big,magic,347
big,spell,347
big,woaaaaah,348
big,woaaaahhhhh,349
big,woaah,350
big,(like,350
big,impressed),350
big,woah,351
big,woah!,352
big,woman,353
big,wonder,354
big,wonderful,355
big,wondering,356
big,wonderment,357
big,wooah,358
big,woooho,359
big,woooo,360
big,wooooo,361
big,woooooa,362
big,woooooaaa,363
big,woooooah,364
big,wooooow,365
big,wow,366
big,wow,367
big,sound,367
big,"wow,",368
big,amazed,368
big,wowwaaa,369
big,wuuaaaaa,370
big,wuuuaaahhh,371
big,wuuuuuooooooohhhhh,372
big,wwooah,373
big,yawn,374
big,yawning,375
big,zombie,376
big,NA,377
child,agony,1
child,amazement,2
child,anime,3
child,sounds,3
child,baby,4
child,baby,5
child,cry,5
child,baby,6
child,crying,6
child,baby,7
child,laser,7
child,beam,7
child,baby,8
child,talk,8
child,baby,9
child,wail,9
child,baby,10
child,whining,10
child,bawling,11
child,but,12
child,why,12
child,cry,13
child,crying,14
child,cat,15
child,cat,16
child,snoar,16
child,cat,17
child,sounds,17
child,child,18
child,child,19
child,crying,19
child,child,20
child,interacting,20
child,child,21
child,whining,21
child,childish,22
child,chinese,23
child,come,24
child,on,24
child,come,25
child,on,25
child,true,25
child,come,26
child,"on,",26
child,hun,26
child,counting,27
child,cry,28
child,crybaby,29
child,crying,30
child,crying,31
child,baby,31
child,crying,32
child,imitation,32
child,"crying,",33
child,sneezing,33
child,cute,34
child,sneeze,34
child,danger,35
child,dog,36
child,whining,36
child,door,37
child,closing,37
child,door,38
child,opening,38
child,eh,39
child,eh,39
child,eeeeeh,39
child,go,40
child,away,40
child,human,41
child,,41
child,meow,41
child,infant,42
child,japanese,43
child,sneeze,43
child,kitten,44
child,lets,45
child,go,45
child,moaning,46
child,man,47
child,crying,47
child,like,47
child,a,47
child,baby,47
child,men’s,48
child,eeee,48
child,moaning,49
child,"pain,",50
child,or,50
child,crying,50
child,person,51
child,imitating,51
child,cat,51
child,playing,52
child,with,52
child,baby,52
child,pleading,53
child,please,54
child,purring,55
child,quanchu,56
child,request,57
child,sound,58
child,sad,59
child,sad,60
child,child,60
child,sad,61
child,sound,61
child,sad,62
child,surprise,62
child,sadness,63
child,scared,64
child,sick,65
child,sing,66
child,sneezing,67
child,sobbing,68
child,sobing,69
child,talking,70
child,uaaa,71
child,chee,71
child,unhappy,72
child,upset,73
child,wail,74
child,wailing,75
child,weeee,76
child,whine,77
child,whine,78
child,/,78
child,cry,78
child,whining,79
child,"whining,",80
child,complaining,80
child,why,81
child,not,81
child,women’s,82
child,squeals,82
child,wooaah,83
child,aaahchew!,84
child,adorable,85
child,puppy,85
child,adults,86
child,talking,86
child,child,86
child,amazed,87
child,woman,87
child,animal,88
child,animal,89
child,noises,89
child,annoyed,90
child,child,90
child,asking,91
child,asking,92
child,for,92
child,attention,92
child,attention,93
child,seeking,93
child,"aww,",94
child,cute,94
child,baby,95
child,baby,96
child,bird,96
child,baby,97
child,calling,97
child,baby,98
child,cry,98
child,baby,99
child,cry,99
child,attention,99
child,baby,100
child,cry,100
child,sound,100
child,baby,101
child,crying,101
child,baby,102
child,crying,102
child,imitation,102
child,baby,103
child,noise,103
child,baby,104
child,noises,104
child,baby,105
child,sickness,105
child,baby,106
child,whimpering,106
child,"baby,",107
child,door,107
child,babyish,108
child,cry,108
child,beeping,109
child,beg,110
child,begging,111
child,bird,112
child,bird,113
child,getting,113
child,shot,113
child,bored,114
child,c'mon,115
child,cars,116
child,cartoon,117
child,cat,118
child,cat,119
child,cry,119
child,cat,120
child,meow,120
child,cat,121
child,sneezing,121
child,cat,122
child,whining,122
child,chicken,123
child,sound,123
child,child,124
child,child,125
child,crying,125
child,(imitating),125
child,child,126
child,surprised,126
child,child,127
child,whimper,127
child,childish,128
child,childish,129
child,crying,129
child,sound,129
child,childish,130
child,sneezing,130
child,chirp,131
child,chirps,132
child,chu,133
child,close,134
child,door,134
child,closing,135
child,door,135
child,come,136
child,here,136
child,come,137
child,"on,",137
child,go,137
child,come,138
child,with,138
child,complaining,139
child,complaints,140
child,cooam-tup,141
child,corrnn-tshooo,142
child,coummm...chu,143
child,counting,144
child,craaa,145
child,chew,145
child,cries,146
child,cring,147
child,crrwuuh,148
child,te,148
child,crunchy,149
child,cry,150
child,crying,151
child,crying,152
child,baby,152
child,crying,153
child,for,153
child,something,153
child,crying,154
child,or,154
child,weeping,154
child,"crying,",155
child,baby's,155
child,cry,155
child,cryyy,156
child,cuatu,157
child,cub,158
child,cute,159
child,despair,160
child,disgust,161
child,displeased,162
child,distress,163
child,distressed,164
child,infant,164
child,dog,165
child,crying,165
child,dog,166
child,mimic,166
child,don't,167
child,know,167
child,dont,168
child,know,168
child,door,169
child,door,170
child,open,170
child,door,171
child,opening,171
child,e,172
child,ee,172
child,eeee,172
child,e,173
child,eh,173
child,ehh,173
child,ear,174
child,ear,174
child,ear,174
child,ee-ee-eeeeh,175
child,effort,176
child,ehehehh,177
child,ehehehhe,178
child,ehhh,179
child,eeehhh,179
child,eeeeeeeeeh,179
child,endearing,180
child,erg,181
child,erg,181
child,errrggggg,181
child,ewain,182
child,fake,183
child,baby,183
child,crying,183
child,fake,184
child,crying,184
child,fart,185
child,fast,186
child,feline,187
child,flies,188
child,buzzing,188
child,get,189
child,up,189
child,groan,190
child,of,190
child,pain,190
child,gurrhr,191
child,he-he-heee,192
child,hen,193
child,hurt,194
child,huuuuuaa,195
child,ciuu,195
child,infant,196
child,or,196
child,toddler,196
child,in,196
child,distress,196
child,insect,197
child,intimidated,198
child,ki,199
child,ki,199
child,ki,199
child,kitten,200
child,kitten,201
child,moan,201
child,kua,202
child,tchu,202
child,kuwan,203
child,wimp,203
child,laser,204
child,shooting,204
child,laughing,205
child,lazy,206
child,little,207
child,cries,207
child,man,208
child,man,209
child,immitating,209
child,baby,209
child,crying,209
child,manly,210
child,baby,210
child,me,211
child,too,211
child,meow,212
child,meowing,213
child,"meowing,",214
child,creak,214
child,mewing,215
child,miaow,216
child,miau,217
child,mimic,218
child,baby,218
child,cry,218
child,mmheemhee,219
child,mmhmmmhmm,220
child,moaning,221
child,mosquito,222
child,moved,223
child,muffled,224
child,crying,224
child,mum,225
child,sneeze,225
child,nagging,226
child,cry,226
child,nagging,227
child,sound,227
child,newborn,228
child,newborn,229
child,crying,229
child,no,230
child,idea,230
child,oh,231
child,no,231
child,old,232
child,door,232
child,one,233
child,two,233
child,owa,234
child,o,234
child,planes,235
child,playful,236
child,playing,237
child,playing,238
child,with,238
child,kids,238
child,pleading,239
child,please,240
child,please,241
child,help,241
child,me,241
child,princess,242
child,sneeze,242
child,qaaaa,243
child,ping,243
child,sad,244
child,sad,245
child,baby,245
child,sad,246
child,cat,246
child,"sad,",247
child,crying,247
child,sarcastic,248
child,baby,248
child,cry,248
child,scare,249
child,scared,250
child,sheep,251
child,sheep,252
child,sound,252
child,shoot,253
child,shoots,254
child,sick,255
child,silent?,256
child,singing,257
child,sleep,258
child,sleepy,259
child,sneeze,260
child,sneeze,261
child,?,261
child,sneeze,262
child,impression,262
child,sneezing,263
child,sneezing,264
child,parrot,264
child,sneezing,265
child,sound,265
child,sob,266
child,speaking,267
child,speking,268
child,squeak,269
child,squeaking,270
child,starting,271
child,to,271
child,cry,271
child,stop,272
child,whining,272
child,stretching,273
child,successfully,274
child,completed,274
child,talking,275
child,to,275
child,baby,275
child,teacher,276
child,teenager,277
child,to,278
child,sneeze,278
child,toy,279
child,train,280
child,uenuenuen,281
child,uenuuen,282
child,waaaa,283
child,waaaaah,284
child,waaeee,285
child,waatchu,286
child,wah,287
child,wah,287
child,waah,287
child,wailing,288
child,waking,289
child,up,289
child,want,290
child,weeaaah,291
child,weeeeh,292
child,weeping,293
child,weeping,294
child,child,294
child,weird,295
child,sneeze,295
child,wheeeeeeee,296
child,whehhhh,297
child,wheining,298
child,whimpering,299
child,whine,300
child,whinge,301
child,whinging,302
child,whining,303
child,whining,304
child,baby,304
child,wieee,305
child,woman,306
child,crying,306
child,woooo,307
child,shu,307
child,yawn?,308
child,yes,309
child,NA,310
cook,air,1
cook,taste,1
cook,airplane,2
cook,amsr,3
cook,amusement,4
cook,bad,5
cook,joke,5
cook,beat,6
cook,beat,7
cook,box,7
cook,beat,8
cook,boxing,8
cook,beatbox,9
cook,"bird,",10
cook,"snake,",10
cook,flying,10
cook,blowing,11
cook,blowing,12
cook,a,12
cook,kiss,12
cook,blowing,13
cook,and,13
cook,eating,13
cook,blowing,14
cook,on,14
cook,food,14
cook,to,14
cook,cool,14
cook,it,14
cook,"blowing,",15
cook,eating,15
cook,boredom,16
cook,bottle,17
cook,opening,17
cook,brush,18
cook,teeth,18
cook,burn,19
cook,something,19
cook,call,20
cook,canned,21
cook,drink,21
cook,cat,22
cook,chewing,23
cook,chs,24
cook,chs,24
cook,chsss,24
cook,pa,24
cook,pa,24
cook,clashing,25
cook,cold,26
cook,confusion,27
cook,cooking,28
cook,cooking,29
cook,spunds,29
cook,cymbals,30
cook,don't,31
cook,know,31
cook,dancing,32
cook,danger,33
cook,deception,34
cook,disgust,35
cook,disgusting,36
cook,drink,37
cook,drink,38
cook,soup,38
cook,drinking,39
cook,drinking,40
cook,broth,40
cook,drowning,41
cook,drum,42
cook,drum,43
cook,hi-hat,43
cook,drum,44
cook,sounds,44
cook,"drums,",45
cook,hi-hats,45
cook,eat,46
cook,eat,47
cook,eat,48
cook,or,48
cook,chew,48
cook,eating,49
cook,fire,50
cook,hissing,50
cook,freezing,51
cook,funny,52
cook,go,53
cook,away,53
cook,hissing,54
cook,hot,55
cook,hard,56
cook,hi,57
cook,hat,57
cook,hihat,58
cook,beatbox,58
cook,hissing,59
cook,hot,60
cook,hot,61
cook,food,61
cook,hot,62
cook,or,62
cook,steam,62
cook,i,63
cook,was,63
cook,walking,63
cook,imitating,64
cook,beat,64
cook,inarticulate,65
cook,sounds,65
cook,insult,66
cook,it’s,67
cook,windy,67
cook,lighting,68
cook,up,68
cook,candle,68
cook,like,69
cook,a,69
cook,beat,69
cook,lip,70
cook,smacking,70
cook,lubdub,71
cook,making,72
cook,nonsense,72
cook,noise,72
cook,men’s,73
cook,ccc,73
cook,mouth,74
cook,munching,75
cook,music,76
cook,open,77
cook,,77
cook,the,77
cook,drink,77
cook,open,78
cook,soda,78
cook,and,78
cook,pu,78
cook,it,78
cook,in,78
cook,glass,78
cook,opening,79
cook,pop,79
cook,can,79
cook,opening,80
cook,soda,80
cook,percussions,81
cook,perfume,82
cook,person,83
cook,tasting,83
cook,food,83
cook,playing,84
cook,playing,85
cook,drums,85
cook,please,86
cook,no,86
cook,press,87
cook,play,87
cook,putting,88
cook,out,88
cook,candle,88
cook,quiet,89
cook,quiet,90
cook,hiss,90
cook,rambling,91
cook,rapping,92
cook,rejection,93
cook,sound,94
cook,scornful,95
cook,scratching,96
cook,tsk,96
cook,tsk,96
cook,shower,97
cook,sighing,98
cook,silly,99
cook,silly,100
cook,music,100
cook,singing,101
cook,sip,102
cook,sippinng,103
cook,sizzle,104
cook,slurp,105
cook,smack,105
cook,smack,106
cook,lips,106
cook,snake,107
cook,snore,108
cook,snoring,109
cook,snorring,110
cook,sound,111
cook,sound,112
cook,imitation,112
cook,sour,113
cook,taste,113
cook,spray,114
cook,starting,115
cook,car,115
cook,stopped,116
cook,strange,117
cook,sound,117
cook,sunth,118
cook,taste,119
cook,tasting,120
cook,tiredness,121
cook,train,122
cook,ts,123
cook,ts,123
cook,ts,124
cook,tsss,124
cook,tsk,125
cook,tsk,125
cook,tsk,126
cook,tsk,126
cook,"tssss,",126
cook,bloop,126
cook,bloop,126
cook,tss,127
cook,tss,127
cook,uneducated,128
cook,vacuum,129
cook,cleaner,129
cook,very,130
cook,tasty,130
cook,vocal,131
cook,exercise,131
cook,warming,132
cook,voice,132
cook,whisper,133
cook,windy,134
cook,day,134
cook,yawn,135
cook,adults,136
cook,talking,136
cook,child,136
cook,air,137
cook,intake,137
cook,alien,138
cook,gibberish,138
cook,annoyance,139
cook,annoying,140
cook,attention,141
cook,ba,142
cook,dum,142
cook,tssss,142
cook,babbling,143
cook,barbeque,144
cook,bath,145
cook,battery,146
cook,plates,146
cook,be,147
cook,quiet,147
cook,beat,148
cook,beat,149
cook,box,149
cook,beat,150
cook,boxing,150
cook,beat,151
cook,with,151
cook,mouth,151
cook,beatbox,152
cook,beatboxing,153
cook,blow,154
cook,blow,155
cook,and,155
cook,eat,155
cook,blowing,156
cook,and,156
cook,eating,156
cook,blowing,157
cook,on,157
cook,"food,",157
cook,then,157
cook,smacking,157
cook,lips,157
cook,together,157
cook,blowing,158
cook,out,158
cook,boast,159
cook,boil,160
cook,water,160
cook,boiling,161
cook,boiling,162
cook,pot,162
cook,boiling,163
cook,water,163
cook,bored,164
cook,breathing,165
cook,in,165
cook,burning,166
cook,burns,167
cook,bus,168
cook,making,168
cook,stops,168
cook,calling,169
cook,a,169
cook,dog,169
cook,for,169
cook,food,169
cook,calm,170
cook,can,171
cook,of,171
cook,soda,171
cook,can,172
cook,of,172
cook,soda,172
cook,opening,172
cook,car,173
cook,caution,174
cook,cheering,175
cook,up,175
cook,someone,175
cook,chewing,176
cook,chewing,177
cook,and,177
cook,savoring,177
cook,chho,178
cook,thm,178
cook,thm,178
cook,thm,178
cook,chick,179
cook,chick,179
cook,tss,179
cook,child,180
cook,childish,181
cook,chinchinytsss,182
cook,chink,183
cook,chink,183
cook,tsss,183
cook,rabdam,183
cook,rabdadam,183
cook,chisk,184
cook,chisk,184
cook,tssss,184
cook,gurgle,184
cook,gurgle,184
cook,gurgle,184
cook,chit..chit....sssss...blabla!,185
cook,cho,186
cook,cho,186
cook,shhh,186
cook,chu,187
cook,chu,187
cook,ciuk,188
cook,ciuk,188
cook,cii,188
cook,blupblupblup,188
cook,cleaning,189
cook,teeth,189
cook,coffee,190
cook,cold,191
cook,come,192
cook,completely,193
cook,have,193
cook,no,193
cook,"idea,",193
cook,kinda,193
cook,of,193
cook,stange,193
cook,sounds,193
cook,confused,194
cook,contemplating,195
cook,cooking,196
cook,"cooking,",197
cook,boiling,197
cook,"coughing,",198
cook,gurgling,198
cook,cymbal,199
cook,cymbals,200
cook,cymbals,201
cook,crashing,201
cook,danger,202
cook,deflate,203
cook,delicate,204
cook,delicious,205
cook,delicous,206
cook,disappointed,207
cook,disapproving,208
cook,disbelieve,209
cook,dishsoap,210
cook,in,210
cook,water,210
cook,diss,211
cook,dissapointment,212
cook,distracted,213
cook,diving,214
cook,do,215
cook,not,215
cook,know,215
cook,dog,216
cook,sleeping,216
cook,doing,217
cook,an,217
cook,impression,217
cook,don't,218
cook,belive,218
cook,it,218
cook,don't,219
cook,know,219
cook,don't,220
cook,try,220
cook,it,220
cook,drink,221
cook,drink,222
cook,someting,222
cook,drinking,223
cook,drinking,224
cook,and,224
cook,tasting,224
cook,drinking,225
cook,from,225
cook,a,225
cook,straw,225
cook,drinking,226
cook,hot,226
cook,drink,226
cook,drinking,227
cook,smoothie,227
cook,"drinking,",228
cook,swallowing,228
cook,drowned,229
cook,drowning,230
cook,drum,231
cook,drum,232
cook,cymbal,232
cook,noise,232
cook,drum,233
cook,cymbals,233
cook,drumbeat,234
cook,drums,235
cook,dynamite,236
cook,under,236
cook,water,236
cook,eat,237
cook,eating,238
cook,eating,239
cook,(vacuum),239
cook,eating,240
cook,soup,240
cook,eating,241
cook,spaghetti,241
cook,echo,242
cook,engine,243
cook,start,243
cook,excited,244
cook,to,244
cook,eat,244
cook,fall,245
cook,down,245
cook,stairs,245
cook,fast,246
cook,fear,247
cook,feeding,248
cook,child,248
cook,airplane,248
cook,feeling,249
cook,lazy,249
cook,fhhhh,250
cook,mlask,250
cook,mlask,250
cook,mlask,250
cook,fire,251
cook,firework,252
cook,fruaah,253
cook,frying,254
cook,egg,254
cook,funny,255
cook,mouth,255
cook,sounds,255
cook,garble,256
cook,get,257
cook,back,257
cook,gibberish,258
cook,give,259
cook,you,259
cook,glass,260
cook,breaking,260
cook,grilling,261
cook,gun,262
cook,sounds,262
cook,gurgling,263
cook,having,264
cook,a,264
cook,shower,264
cook,having,265
cook,soup,265
cook,heat,266
cook,in,266
cook,water,266
cook,heating,267
cook,hot,267
cook,food,267
cook,hey,268
cook,hhowmcmmcmmcm,269
cook,hi,270
cook,hat,270
cook,hi-hat,271
cook,hiiii,272
cook,nam,272
cook,nam,272
cook,hiss,273
cook,hisses,274
cook,hissing,275
cook,horse,276
cook,eating,276
cook,hot,277
cook,hot,278
cook,oil,278
cook,hum,279
cook,i,280
cook,dont,280
cook,know,280
cook,idk,281
cook,ignite,282
cook,imitating,283
cook,immitating,284
cook,bird,284
cook,incoherent,285
cook,sounds,285
cook,inhale,286
cook,and,286
cook,savor,286
cook,insect,287
cook,instrumental,288
cook,music,288
cook,jazz,289
cook,juuuuuu,290
cook,ppp,290
cook,keep,291
cook,talking,291
cook,khow,292
cook,gup,292
cook,kwaa,293
cook,tap,293
cook,tap,293
cook,tap,293
cook,lighting,294
cook,up,294
cook,like,295
cook,machine,296
cook,madness,297
cook,make,298
cook,fun,298
cook,mess,299
cook,mimic,300
cook,music,300
cook,minecraft,301
cook,lava,301
cook,intem,301
cook,modern,302
cook,music,302
cook,motor,303
cook,moutbh,304
cook,noise,304
cook,and,304
cook,sipping,304
cook,mouth,305
cook,drum,305
cook,mouth,306
cook,sound,306
cook,mouth,307
cook,warmup,307
cook,munch,308
cook,munching,309
cook,music,310
cook,noises,311
cook,nudge,312
cook,of,313
cook,course,313
cook,oomtutu,314
cook,open,315
cook,and,315
cook,pour,315
cook,open,316
cook,the,316
cook,bottle,316
cook,opening,317
cook,opening,318
cook,a,318
cook,can,318
cook,opening,319
cook,a,319
cook,pump,319
cook,opening,320
cook,coke,320
cook,and,320
cook,drink,320
cook,pasta,321
cook,pff,322
cook,mnham,322
cook,mham,322
cook,photo,323
cook,playing,324
cook,playing,325
cook,",",325
cook,silly,325
cook,playing,326
cook,a,326
cook,baby,326
cook,playing,327
cook,cymbals,327
cook,playing,328
cook,train,328
cook,pouring,329
cook,water,329
cook,pressure,330
cook,release,330
cook,printer,331
cook,pssss,332
cook,psssss,332
cook,psuhhhf...psuhhff,333
cook,ptsiptsi,334
cook,quiet,335
cook,"quiet,",336
cook,too,336
cook,noisy,336
cook,rain,337
cook,random,338
cook,rooomtmtmt,339
cook,run,340
cook,rythm,341
cook,sarcasm,342
cook,sauna,343
cook,savoring,344
cook,taste,344
cook,shaking,345
cook,bottle,345
cook,cola,345
cook,shooting,346
cook,show,347
cook,off,347
cook,showing,348
cook,off,348
cook,silly,349
cook,silly,350
cook,noises,350
cook,sim,351
cook,sing,352
cook,sink,353
cook,sounds,353
cook,sipping,354
cook,sizzle,355
cook,sizzling,356
cook,and,356
cook,drinking,356
cook,sleep,357
cook,sleeping,358
cook,sleeping,359
cook,noises,359
cook,slow,360
cook,slurp,361
cook,slurp,362
cook,noodles,362
cook,slurping,363
cook,slurping,364
cook,soup,364
cook,smack,365
cook,smacking,366
cook,mouth,366
cook,smell,367
cook,and,367
cook,eat,367
cook,smoking,368
cook,snake,369
cook,snake,370
cook,sound,370
cook,snake,371
cook,sounds,371
cook,sniffing,372
cook,snore,373
cook,snoring,374
cook,snoring,375
cook,while,375
cook,lipping,375
cook,lips,375
cook,"snoring,",376
cook,slurping,376
cook,snort,377
cook,snort,378
cook,smack,378
cook,smack,378
cook,smack,378
cook,soda,379
cook,can,379
cook,soft,380
cook,drinks,380
cook,soft,381
cook,tst,381
cook,tst,381
cook,(like,381
cook,a,381
cook,cymbal),381
cook,"sound,",382
cook,man,382
cook,soup,383
cook,spicy,384
cook,splashing,385
cook,spray,386
cook,spraying,387
cook,starting,388
cook,engine,388
cook,starting,389
cook,machine,389
cook,steam,390
cook,iron,390
cook,steam,391
cook,train,391
cook,straw,392
cook,stretching,393
cook,after,393
cook,waking,393
cook,suck,394
cook,sucking,395
cook,swimming,396
cook,taste,397
cook,taste,398
cook,testing,398
cook,tasting,399
cook,tasty,400
cook,tch,401
cook,tch,401
cook,tsss,401
cook,blah,401
cook,blah,401
cook,blah,401
cook,tea,402
cook,drinking,402
cook,tease,403
cook,thank,404
cook,you,404
cook,that's,405
cook,enough,405
cook,thinking,406
cook,thirsty,407
cook,this,408
cook,is,408
cook,what,408
cook,happened,408
cook,throwing,409
cook,tink,410
cook,tink,410
cook,tsss,410
cook,bllrb,410
cook,tire,411
cook,pressure,411
cook,tiss,412
cook,tititshibububu,413
cook,to,414
cook,sniff,414
cook,tongue,415
cook,tongue,416
cook,sounds,416
cook,too,417
cook,hot,417
cook,toothbrush,418
cook,train,419
cook,truck,420
cook,braking,420
cook,ts,421
cook,ts,421
cook,ts,422
cook,ts,422
cook,ts,422
cook,blblblblbl,422
cook,ts,423
cook,tss,423
cook,tsc,424
cook,tsc,424
cook,tsc,425
cook,tsc,425
cook,blum,425
cook,tschh,426
cook,,426
cook,tschh,426
cook,tse,427
cook,tse,427
cook,tsh,428
cook,tsh,428
cook,ccc,428
cook,blbblbl,428
cook,tsk,429
cook,tsk,430
cook,tsk,430
cook,tss,431
cook,tss,431
cook,tss,432
cook,tsss,432
cook,tss-tss,433
cook,tssk,434
cook,tssk,434
cook,tissss,434
cook,tsss,435
cook,tss,435
cook,tsss,436
cook,tss..,436
cook,tsss,437
cook,tsss,437
cook,tsss,438
cook,tssss,438
cook,tsts,439
cook,tststs,440
cook,tststststss,441
cook,tuk,442
cook,tuk,442
cook,tuk,442
cook,tss,442
cook,plup,442
cook,turning,443
cook,on,443
cook,water,443
cook,turning,444
cook,up,444
cook,the,444
cook,oven,444
cook,tut,445
cook,tututshh,446
cook,mlmlml,446
cook,using,447
cook,a,447
cook,spoon,447
cook,using,448
cook,tools,448
cook,vehicle,449
cook,voices?,449
cook,vocal,450
cook,nonsense,450
cook,waiting,451
cook,wake,452
cook,up,452
cook,warm,453
cook,ups,453
cook,warning,454
cook,wash,455
cook,waste,456
cook,water,457
cook,water,458
cook,effects,458
cook,weapons,459
cook,weird,460
cook,vocal,460
cook,sitimming,460
cook,who,461
cook,knows!,461
cook,whoosh,462
cook,chomp,462
cook,chomp,462
cook,chomp,462
cook,whuuu,463
cook,platt,463
cook,platt,463
cook,platt,463
cook,whuuuuuu,464
cook,ciam,464
cook,ciam,464
cook,ciam,464
cook,wind,465
cook,wine,466
cook,tasting,466
cook,sound,466
cook,yummy,467
cook,soup,467
cook,“looks,468
cook,delicious!”,468
cook,“turn,469
cook,it,469
cook,on”,469
cook,NA,470
cut,accelerated,1
cut,snorting,1
cut,aggressively,2
cut,snoring,2
cut,agony,3
cut,animal,4
cut,chaser,4
cut,animal,5
cut,sound,5
cut,annoyed,6
cut,beat,7
cut,beat,8
cut,of,8
cut,electronic,8
cut,music,8
cut,breath,9
cut,breathing,10
cut,heavily,10
cut,cd,11
cut,spining,11
cut,call,12
cut,can,13
cut,catching,14
cut,breath,14
cut,chopping,15
cut,chu,16
cut,chu,16
cut,chu,16
cut,click,17
cut,cut,18
cut,cut,19
cut,it,19
cut,cutting,20
cut,cutting,21
cut,hair,21
cut,cutting,22
cut,something,22
cut,cutting,23
cut,thinly,23
cut,don't,24
cut,know,24
cut,danger,25
cut,deck,26
cut,of,26
cut,cards,26
cut,desperate,27
cut,digging,28
cut,disappointment,29
cut,"disapproval,",30
cut,dog,31
cut,dog,32
cut,breathing,32
cut,donkey,33
cut,eating,34
cut,fench,35
cut,buldog,35
cut,flick,36
cut,flicker,37
cut,flicking,38
cut,paper,38
cut,ft,39
cut,ft,39
cut,ft,39
cut,ft,39
cut,grunt,40
cut,gasping,41
cut,go,42
cut,away,42
cut,growl,43
cut,horse,44
cut,heavy,45
cut,breathing,45
cut,hissing,46
cut,sound,46
cut,hit,47
cut,imitating,48
cut,beat,48
cut,intense,49
cut,irritated,50
cut,i’m,51
cut,tired,51
cut,jujo,52
cut,jujo,52
cut,jujo,52
cut,knocking,53
cut,lighter,54
cut,lighting,55
cut,a,55
cut,lighter,55
cut,like,56
cut,opening,56
cut,can,56
cut,małe,57
cut,wheezing,57
cut,mouth,58
cut,mouth,59
cut,drums,59
cut,mouth,60
cut,sounds,60
cut,mystery,61
cut,no,62
cut,never,62
cut,not,63
cut,sure,63
cut,opening,64
cut,opening,65
cut,a,65
cut,lid,65
cut,panting,66
cut,paper,67
cut,like,67
cut,sound,67
cut,pig,68
cut,pig,69
cut,noise,69
cut,pigs,70
cut,playing,71
cut,with,71
cut,cards,71
cut,possible,72
cut,quiet,73
cut,quiet,73
cut,quiet,73
cut,reloading,74
cut,sound,75
cut,saw,76
cut,sawing,77
cut,scissor,78
cut,scratch,79
cut,scratching,80
cut,scratching,81
cut,nose,81
cut,scrubbing,82
cut,shame,83
cut,on,83
cut,you,83
cut,shave,84
cut,short,85
cut,blowing,85
cut,shuffle,86
cut,slicing,87
cut,"slicing,",88
cut,whittling,88
cut,smokker,89
cut,run,89
cut,sneak,90
cut,snipping,91
cut,snipping,92
cut,or,92
cut,cutting,92
cut,snoaring,93
cut,snoozing,94
cut,imitation,94
cut,snoring,95
cut,snort,96
cut,soda,97
cut,popping,97
cut,something,98
cut,dashing,98
cut,fast,98
cut,spray,99
cut,spray,100
cut,bottle,100
cut,spraying,101
cut,strange,102
cut,high,102
cut,sounds,102
cut,stressed,103
cut,"stuffy,",104
cut,congested,104
cut,sucking,105
cut,sound,105
cut,sweeping,106
cut,swipe,107
cut,tak,108
cut,tsk,108
cut,tsk,108
cut,tee,109
cut,ticking,110
cut,ticking,111
cut,time,111
cut,tik,112
cut,tok,112
cut,tiniest,113
cut,wooden,113
cut,sword,113
cut,sounds,113
cut,tired,114
cut,tiredness,115
cut,"tiredness,",116
cut,physical,116
cut,effort,116
cut,to,117
cut,spit,117
cut,train,118
cut,trouble,119
cut,"breathing,",119
cut,pug,119
cut,tsikitsikitsiki,120
cut,tsk,121
cut,tsk,121
cut,tsk,121
cut,tsuk,122
cut,tsuk,122
cut,typping,123
cut,upbeat,124
cut,vocal,125
cut,exercise,125
cut,walk,126
cut,weird,127
cut,women’s,128
cut,ticking,128
cut,writing,129
cut,about,130
cut,to,130
cut,spit,130
cut,adhesive,131
cut,tape,131
cut,adults,132
cut,talking,132
cut,child,132
cut,aggressive,133
cut,anger,134
cut,"anger,",135
cut,agitated,135
cut,angry,136
cut,angry,137
cut,cat,137
cut,angry,138
cut,dog,138
cut,anxious,139
cut,"anxious,",140
cut,stressed,140
cut,argument,141
cut,asmr,142
cut,attention,143
cut,barking,144
cut,beat,145
cut,beat,146
cut,box,146
cut,beatboxing,147
cut,bicycle,148
cut,pump,148
cut,bird,149
cut,bored,150
cut,bottle,151
cut,breathe,152
cut,hard,152
cut,breathe,153
cut,heavily,153
cut,breathing,154
cut,loudly,154
cut,breathing,155
cut,problem,155
cut,breathless,156
cut,broken,157
cut,buldog,158
cut,burd,159
cut,call,160
cut,calling,161
cut,a,161
cut,cat,161
cut,camera,162
cut,can,163
cut,open,163
cut,can,164
cut,opener,164
cut,can't,165
cut,breath,165
cut,cannot,166
cut,breathe,166
cut,cat,167
cut,loud,167
cut,purring,167
cut,chachacho,168
cut,chocking,169
cut,chop,170
cut,chopping,171
cut,"chu,",172
cut,"chu,",172
cut,"chu,",172
cut,chu,172
cut,clack,173
cut,clakc,173
cut,clack,173
cut,cleaning,174
cut,clear,175
cut,throat,175
cut,click,176
cut,clicker,177
cut,or,177
cut,puncher,177
cut,clicking,178
cut,clicking,179
cut,tongue,179
cut,clock,180
cut,clock,181
cut,ticking,181
cut,critter,182
cut,cut,183
cut,cut,184
cut,wood,184
cut,cutting,185
cut,cutting,186
cut,leaves,186
cut,cutting,187
cut,noise,187
cut,cutting,188
cut,paper,188
cut,cutting,189
cut,sound,189
cut,cutting,190
cut,with,190
cut,saw,190
cut,cutting,191
cut,wood,191
cut,cyk,192
cut,cyk,192
cut,desperate,193
cut,dialing,194
cut,difficult,195
cut,dip,196
cut,dip,196
cut,dip,196
cut,dip,196
cut,disappointed,197
cut,disapprove,198
cut,dj'ing,199
cut,do,200
cut,it,200
cut,like,200
cut,this,200
cut,dog,201
cut,breathing,201
cut,dog,202
cut,impression,202
cut,dog,203
cut,sounds,203
cut,don't,204
cut,know,204
cut,drinking,205
cut,drums,206
cut,eat,207
cut,eating,208
cut,empty,209
cut,water,209
cut,gun,209
cut,erasing,210
cut,with,210
cut,rubber,210
cut,"excited,",211
cut,tired,211
cut,exercising,212
cut,exertion,213
cut,exhaustion,214
cut,faster,215
cut,ficfiuctick,216
cut,fire,217
cut,firing,218
cut,the,218
cut,lighter?,218
cut,flick,219
cut,flickering,220
cut,flicking,221
cut,pages,221
cut,flint,222
cut,and,222
cut,steel,222
cut,follow,223
cut,me,223
cut,frikitfrikitfrikit,224
cut,fumigate,225
cut,gasping,226
cut,get,227
cut,back,227
cut,gggagggagga,228
cut,giving,229
cut,cards,229
cut,go,230
cut,away,230
cut,grater,231
cut,grunt,232
cut,grunting,233
cut,grunting,234
cut,mad,234
cut,gunfire,235
cut,guttural,236
cut,sound,236
cut,hacksaw,237
cut,heaving,238
cut,heavy,239
cut,breathing,239
cut,hiss,240
cut,hit,241
cut,smthing,241
cut,hog,242
cut,hoherhoherhah,243
cut,horse,244
cut,huh-ah,245
cut,huh-ah,245
cut,huh,245
cut,hurry,246
cut,hurts,247
cut,huuu,248
cut,aa,248
cut,huuu,248
cut,aa,248
cut,huuu,248
cut,i,249
cut,dont,249
cut,know,249
cut,impatient,250
cut,inflator,251
cut,irrigation,252
cut,systems,252
cut,jajajaoh,253
cut,kgokgokgo,254
cut,khu,255
cut,khu,255
cut,khu,255
cut,knock,256
cut,knocking,257
cut,lags,258
cut,leafes,259
cut,light,260
cut,a,260
cut,match,260
cut,light,261
cut,brushes,261
cut,against,261
cut,a,261
cut,smooth,261
cut,surface,261
cut,lighter,262
cut,lighter,263
cut,flicker,263
cut,lighter,264
cut,sound,264
cut,lighting,265
cut,a,265
cut,lighter,265
cut,lighting,266
cut,fire,266
cut,lip,267
cut,sound,267
cut,make,268
cut,fun,268
cut,make,269
cut,the,269
cut,tip,269
cut,making,270
cut,pig,270
cut,matches,271
cut,mmrmmr,272
cut,mouse,273
cut,mouse,274
cut,eating,274
cut,mouth,275
cut,sounds,275
cut,moving,276
cut,things,276
cut,music?,277
cut,negation,278
cut,noise,279
cut,with,279
cut,teeth,279
cut,nose,280
cut,check,280
cut,nothing,281
cut,open,282
cut,open,283
cut,can,283
cut,open,284
cut,something,284
cut,opening,285
cut,a,285
cut,can,285
cut,opening,286
cut,bottle,286
cut,opening,287
cut,can,287
cut,opening,288
cut,sodas,288
cut,openning,289
cut,cans,289
cut,out,290
cut,of,290
cut,breath,290
cut,paging,291
cut,panic,292
cut,panting,293
cut,patting,294
cut,something,294
cut,pay,295
cut,attention,295
cut,peeling,296
cut,pft,297
cut,pft,297
cut,pft,297
cut,noise,297
cut,(like,297
cut,flicking,297
cut,something),297
cut,pig,298
cut,pig,299
cut,grunt,299
cut,pig,300
cut,snorting,300
cut,pig,301
cut,sound,301
cut,play,302
cut,guns,302
cut,playing,303
cut,point,304
cut,this,304
cut,ptptptpt,305
cut,pupping,306
cut,tires,306
cut,quick,307
cut,quick,308
cut,steps,308
cut,r,309
cut,rru,309
cut,repeated,310
cut,sound,310
cut,roa,311
cut,roa,311
cut,roa,311
cut,running,312
cut,saw,313
cut,sawing,314
cut,scared,315
cut,breathing,315
cut,scary,316
cut,panting,316
cut,schllk,317
cut,schllk,317
cut,schllk,317
cut,(shears),317
cut,scissor,318
cut,scissors,319
cut,scissors,320
cut,cutting,320
cut,scrape,321
cut,scrape,322
cut,something,322
cut,scraping,323
cut,scratch,324
cut,scratching,325
cut,scratching,326
cut,a,326
cut,match,326
cut,scrath,327
cut,scratch,327
cut,scrubbing,328
cut,see-sawing,329
cut,something,329
cut,shake,330
cut,shaking,331
cut,something,331
cut,"sharp,",332
cut,cutting,332
cut,sharpening,333
cut,shaving,334
cut,shh,335
cut,shh,335
cut,shh,335
cut,sh,335
cut,shootgun,336
cut,shotgun,337
cut,reload,337
cut,shwoosing,338
cut,sick,339
cut,sigh,340
cut,silence,341
cut,silent?,342
cut,sleep,343
cut,sleeping,344
cut,slice,345
cut,snap,346
cut,snarfl,347
cut,snarfl,347
cut,sneezing,348
cut,snip,349
cut,"snip,",350
cut,cut,350
cut,snore,351
cut,snoring,352
cut,snoring,353
cut,fast,353
cut,track,353
cut,snoring,354
cut,loud,354
cut,snort,355
cut,snort,356
cut,or,356
cut,snore,356
cut,snort,357
cut,snort,357
cut,snort,357
cut,snorting,358
cut,snorting,359
cut,dog,359
cut,soda,360
cut,soda,361
cut,can,361
cut,opening,361
cut,sound,362
cut,sound,363
cut,from,363
cut,a,363
cut,boar,363
cut,spider,364
cut,spitting,365
cut,splashing,366
cut,spray,367
cut,spray,368
cut,bottle,368
cut,spraying,369
cut,sprinkler,370
cut,squirrel,371
cut,stamps,372
cut,staple,373
cut,stapling,374
cut,start,375
cut,a,375
cut,fire,375
cut,step,376
cut,steps,377
cut,struggling,378
cut,suq...suq...suqe,379
cut,sweep,380
cut,swiping,381
cut,swiping,382
cut,the,382
cut,air,382
cut,swoosh,383
cut,take,384
cut,notice,384
cut,taking,385
cut,taking,386
cut,deep,386
cut,breathes,386
cut,taking,387
cut,photos,387
cut,tapping,388
cut,territory,389
cut,mark,389
cut,th,390
cut,th,390
cut,th,390
cut,th,390
cut,thck,391
cut,thck,391
cut,thck,391
cut,throat,392
cut,clearing,392
cut,tic,393
cut,tic,393
cut,tic,393
cut,tick,394
cut,tick,395
cut,tick,395
cut,ticking,396
cut,ticking,397
cut,clock,397
cut,tik,398
cut,tok,398
cut,sound,398
cut,time,399
cut,tik,399
cut,tiping,400
cut,on,400
cut,computer,400
cut,tipping,401
cut,tired,402
cut,tired,403
cut,dog,403
cut,tired,404
cut,from,404
cut,running,404
cut,tiredness,405
cut,tishp,406
cut,tishp,406
cut,tishp,406
cut,to,407
cut,cancel,407
cut,to,408
cut,cut,408
cut,towards,409
cut,pig,409
cut,train,410
cut,train,411
cut,rolling,411
cut,along,411
cut,try,412
cut,harder,412
cut,tsc,413
cut,tsc,413
cut,tschtschtsch,414
cut,tshe,415
cut,tshe,415
cut,thshe,415
cut,tshe,415
cut,tsk,416
cut,tsk,416
cut,tsk,416
cut,tsk,417
cut,tsk,417
cut,tsk,417
cut,tsk,417
cut,tsk-uh,418
cut,tsk-uh,418
cut,tsk-uh,418
cut,tsking,419
cut,sounds,419
cut,tsktsktsk,420
cut,tssk,421
cut,tssk,421
cut,tssk,421
cut,tsssk,422
cut,tssk,422
cut,tssk,422
cut,tuc,423
cut,turning,424
cut,turning,425
cut,cigarette,425
cut,lighter,425
cut,tututu,426
cut,typing,427
cut,tzack,428
cut,tzack,428
cut,tzack,428
cut,upset,429
cut,walk,430
cut,walked,431
cut,walking,432
cut,weariness,433
cut,weird,434
cut,breathing,434
cut,exercise,434
cut,wheeze,435
cut,whittling,436
cut,winding,437
cut,up,437
cut,wiping,438
cut,shoes,438
cut,wood,439
cut,carving,439
cut,wood,440
cut,cutting,440
cut,woodcutting,441
cut,work,442
cut,working,443
cut,with,443
cut,tool,443
cut,writing,444
cut,zak,445
cut,zak,445
cut,zipping,446
cut,up,446
cut,“over,447
cut,here!”,447
cut,NA,448
deer,;laugh,1
deer,activating,2
deer,some,2
deer,buttons,2
deer,agggg,3
deer,ahahaha,4
deer,tr,4
deer,tr,4
deer,tr,4
deer,ahahaha,5
deer,trk,5
deer,trk,5
deer,trk,5
deer,alarm,6
deer,clock,6
deer,animal,7
deer,sound,7
deer,animal,8
deer,sounds,8
deer,annoyed,9
deer,"attention,",10
deer,quiet,10
deer,awkward,11
deer,but,11
deer,funny,11
deer,beat,12
deer,box,12
deer,beatbox,13
deer,click,13
deer,bewildered,14
deer,bored,15
deer,feeling,15
deer,braying,16
deer,broken,17
deer,calling,18
deer,cow,19
deer,click,20
deer,click,21
deer,sound,21
deer,clicking,22
deer,clicking,23
deer,tongue,23
deer,"clicking,",24
deer,dolphin,24
deer,clock,25
deer,clunk,26
deer,"clunk,",26
deer,hmm,26
deer,hmm.,26
deer,come,27
deer,with,27
deer,me,27
deer,complain,28
deer,cow,29
deer,cow,30
deer,sound,30
deer,cow's,31
deer,noise,31
deer,crazy,32
deer,cucla,33
deer,cucla,33
deer,mmm,33
deer,curious,34
deer,horse,34
deer,danger,35
deer,disgust,36
deer,don't,37
deer,want,37
deer,to,37
deer,donkey,38
deer,donkey,39
deer,bray,39
deer,drinking,40
deer,fear,41
deer,figure,42
deer,out,42
deer,frustration,43
deer,funny,44
deer,funny,45
deer,laughing,45
deer,feeling,45
deer,funny,46
deer,thing,46
deer,"funny,",47
deer,go,47
deer,away,47
deer,go,48
deer,away,48
deer,"groan,",49
deer,oh,49
deer,no,49
deer,horse,50
deer,ha,51
deer,ha,51
deer,ha,51
deer,hahaha,52
deer,happy,53
deer,and,53
deer,follow,53
deer,hop,54
deer,hop,54
deer,horse,55
deer,horse,56
deer,neighing,56
deer,horse,57
deer,trot,57
deer,horse,58
deer,"walking,",58
deer,sad,58
deer,animal,58
deer,hurry,59
deer,up,59
deer,hurt,60
deer,i,61
deer,don't,61
deer,want,61
deer,it,62
deer,hurts,62
deer,joke,63
deer,kinda,64
deer,funny,64
deer,laugh,65
deer,laugh,66
deer,laughing,67
deer,laughing,68
deer,then,68
deer,trch,68
deer,trch,68
deer,trch,68
deer,laughter,69
deer,let's,70
deer,play,70
deer,male,71
deer,strange,71
deer,sounds,71
deer,man,72
deer,in,72
deer,jungle,72
deer,calling,72
deer,someone,72
deer,man,73
deer,thinks,73
deer,he,73
deer,is,73
deer,a,73
deer,sheep,73
deer,men’s,74
deer,,74
deer,plumcans,74
deer,men’s,75
deer,ooooo,75
deer,message,76
deer,notification,76
deer,moan,77
deer,"moan,",78
deer,pleasure,78
deer,moaning,79
deer,mocking,80
deer,moo,81
deer,mooing,82
deer,mouth,83
deer,sounds,83
deer,mowing,84
deer,noding,85
deer,no,85
deer,owl,86
deer,pain,87
deer,ping,88
deer,pong,88
deer,playful,89
deer,mouth,89
deer,playful,90
deer,shooting,90
deer,plead,91
deer,pleasure,92
deer,request,93
deer,rooster,94
deer,snore,95
deer,sound,96
deer,satisfaction,97
deer,sex,98
deer,sheep,99
deer,sheep,100
deer,baaing,100
deer,sign,101
deer,language,101
deer,alert,101
deer,sleepiness,102
deer,snoar,103
deer,snore,104
deer,some,105
deer,alarm,105
deer,something,106
deer,was,106
deer,difficult,106
deer,that,107
deer,was,107
deer,funny,107
deer,to,108
deer,snap,108
deer,tongue,109
deer,tongue,110
deer,clicking,110
deer,tongue,111
deer,clicking,111
deer,and,111
deer,swallow,111
deer,tongue,112
deer,clicks,112
deer,tounge,113
deer,clicks,113
deer,unwillingness,114
deer,vechicle,115
deer,very,116
deer,funny,116
deer,vibration,117
deer,walking,118
deer,yelp,119
deer,you,120
deer,go,120
deer,there,120
deer,a,121
deer,dog,121
deer,a,122
deer,horse,122
deer,stopping,122
deer,aaaa,123
deer,aaaahhhh,124
deer,gew,124
deer,gew,124
deer,adults,125
deer,laughing,125
deer,adults,126
deer,talking,126
deer,child,126
deer,agony,127
deer,agree,128
deer,aha,129
deer,through,129
deer,through,129
deer,ahaha..,130
deer,horror,130
deer,laughing,130
deer,ahahah,131
deer,troock,131
deer,troock,131
deer,troock,131
deer,ahahaha,132
deer,trk,132
deer,trk,132
deer,trk,132
deer,ahahahaha,133
deer,ahahahaha....truc..truc...truc,134
deer,ahh,135
deer,ahh,136
deer,haa,136
deer,haa,136
deer,trp,136
deer,trp,136
deer,ahh,137
deer,truc,137
deer,truc,137
deer,ahha,138
deer,trugtrug,138
deer,treug,138
deer,ahhahahtrktrktrk,139
deer,ahhhhh,140
deer,ahn,141
deer,alien,142
deer,comunication,142
deer,amused,143
deer,animal,144
deer,animal,145
deer,sound,145
deer,annoyed,146
deer,annoying,147
deer,laugh,147
deer,arggg,148
deer,asking,149
deer,something,149
deer,attention,150
deer,baa,151
deer,baaaaa,152
deer,beat,153
deer,box,153
deer,being,154
deer,in,154
deer,pain,154
deer,bird,155
deer,bored,156
deer,bothered,157
deer,brief,158
deer,laugh,158
deer,calling,159
deer,a,159
deer,dog,159
deer,calling,160
deer,seals,160
deer,car,161
deer,car,162
deer,noise,162
deer,car,163
deer,signal,163
deer,car,164
deer,starting,164
deer,cart,165
deer,cartoon,166
deer,sound,166
deer,effects,166
deer,child,167
deer,chuckling,168
deer,clacking,169
deer,click,170
deer,and,170
deer,hum,170
deer,clicking,171
deer,clicking,172
deer,hmmm,172
deer,clicking,173
deer,noises,173
deer,clicking,174
deer,of,174
deer,"tongue,",174
deer,hmm,174
deer,hmm,174
deer,hmm,174
deer,clicking,175
deer,tongue,175
deer,clip,176
deer,clop,176
deer,clip,177
deer,clop,177
deer,clip,177
deer,clop,177
deer,hmmm,177
deer,hmmm,177
deer,cloaak,178
deer,clooak,178
deer,cloc..clac...clac...uum..uumm,179
deer,clock,180
deer,clock,181
deer,ticking,181
deer,clocking,182
deer,and,182
deer,eming,182
deer,cloclo,183
deer,mhmhmh,183
deer,clop,184
deer,clop,184
deer,hmm,184
deer,hmm,184
deer,clu,185
deer,cla,185
deer,clu,185
deer,cla,185
deer,hum,185
deer,hum,185
deer,cluc,186
deer,cluc,186
deer,clucking,187
deer,comedy,188
deer,complaining,189
deer,concert,190
deer,content,191
deer,satisfaction,191
deer,cow,192
deer,cow,193
deer,mooing,193
deer,cow,194
deer,mowing,194
deer,cow,195
deer,sound,195
deer,ctuctuctu,196
deer,dancing,197
deer,deer,198
deer,dismayed,199
deer,doesn't,200
deer,care,200
deer,dog,201
deer,sounds,201
deer,don't,202
deer,know,202
deer,donkey,203
deer,doubt,204
deer,drinking,205
deer,eat,206
deer,eating,207
deer,eating,208
deer,happily,208
deer,eating,209
deer,plesure,209
deer,effort,210
deer,ehahahea,211
deer,tryk,211
deer,tryk,211
deer,tryk,211
deer,tryk,211
deer,engine,212
deer,evaluating,213
deer,food,213
deer,expressing,214
deer,joy,214
deer,fake,215
deer,laugh,215
deer,fast,216
deer,and,216
deer,slow,216
deer,foolish,217
deer,frustration,218
deer,funny,219
deer,gallop,220
deer,galopp,221
deer,to,221
deer,water,221
deer,getting,222
deer,hurt,222
deer,getting,223
deer,up,223
deer,go,224
deer,and,224
deer,try,224
deer,it,224
deer,goan,225
deer,of,225
deer,frustration,225
deer,goat,226
deer,goat,227
deer,sound,227
deer,goats,228
deer,crying,228
deer,goofy,229
deer,goofy,230
deer,laugh,230
deer,grade,231
deer,groan,232
deer,groaning,233
deer,ha,234
deer,ha,234
deer,ha,234
deer,haha,235
deer,trktrktrk,235
deer,hahaha,236
deer,truck,236
deer,truck,236
deer,truck,236
deer,hahahaha,237
deer,ch,237
deer,ch,237
deer,ch,237
deer,hahahahaha,238
deer,happy,239
deer,hard,240
deer,"work,",240
deer,passing,240
deer,time,240
deer,having,241
deer,fun,241
deer,hhh,242
deer,uuuuuhhh,242
deer,hhohhoohhoo,243
deer,hm,244
deer,hm,244
deer,hm,244
deer,horse,245
deer,horse,246
deer,gallop,246
deer,horse,247
deer,galloping,247
deer,horse,248
deer,halt,248
deer,horse,249
deer,hooves,249
deer,horse,250
deer,noises,250
deer,horse,251
deer,ride,251
deer,horse,252
deer,riding,252
deer,horse,253
deer,slaughter,253
deer,horse,254
deer,sound,254
deer,horse,255
deer,trotting,255
deer,horse,256
deer,type,256
deer,sounds,256
deer,horse/animal,257
deer,horseride,258
deer,hu,259
deer,ha,259
deer,hu,259
deer,ha,259
deer,m,259
deer,mm,259
deer,hurt,260
deer,"hurt,",261
deer,pained,261
deer,hurts,262
deer,hysterical,263
deer,laughter,263
deer,iaaah,264
deer,idk,265
deer,imitating,266
deer,horse,266
deer,immitating,267
deer,a,267
deer,horse,267
deer,impatient,268
deer,in,269
deer,pain,269
deer,ironic,270
deer,laughter,270
deer,its,271
deer,that,271
deer,joke,272
deer,joy,273
deer,kid,274
deer,playing,274
deer,sound,274
deer,knick,275
deer,knack,275
deer,mmh,275
deer,knocking,276
deer,lament,277
deer,laugh,278
deer,laugh,279
deer,and,279
deer,footsteps,279
deer,laugh,280
deer,sound,280
deer,training,280
deer,"laugh,",281
deer,snap,281
deer,laughing,282
deer,laughing,283
deer,and,283
deer,shooting,283
deer,laughing,284
deer,and,284
deer,walking,284
deer,laughing,285
deer,on,285
deer,horse,285
deer,laughing,286
deer,sound,286
deer,laught,287
deer,laughter,288
deer,"laughter,",289
deer,mimicry,289
deer,laughting,290
deer,lazy,291
deer,loud,292
deer,and,292
deer,soft,292
deer,making,293
deer,a,293
deer,sound,293
deer,making,294
deer,galloping,294
deer,noises,294
deer,man,295
deer,hurting,295
deer,message,296
deer,received,296
deer,mh-ohhh,297
deer,mimic,298
deer,moan,299
deer,moaning,300
deer,moaning,301
deer,out,301
deer,of,301
deer,pain,301
deer,moans,302
deer,mooching,303
deer,mooing,304
deer,mooo,305
deer,mouth,306
deer,nnoises,306
deer,mouth,307
deer,noises,307
deer,mouth,308
deer,sounds,308
deer,muuu,309
deer,no,310
deer,idea,310
deer,noc,311
deer,hum,311
deer,hum,311
deer,not,312
deer,allowed,312
deer,not,313
deer,very,313
deer,funny,313
deer,oh,314
deer,i,314
deer,see,314
deer,ohh,315
deer,ohhhh,316
deer,ohhhh,317
deer,(in,317
deer,pain),317
deer,old,318
deer,school,318
deer,horn,318
deer,onomatopoeia,319
deer,ooh,320
deer,oohhh,321
deer,oooh,322
deer,oooooh,323
deer,ooooooah,324
deer,ouch,325
deer,over,326
deer,there,326
deer,pain,327
deer,pain/irritation,328
deer,painful,329
deer,pay,330
deer,attention,330
deer,playful,331
deer,playing,332
deer,playing,333
deer,tongue,333
deer,printer,334
deer,random,335
deer,random,336
deer,noises,336
deer,ride,337
deer,sad,338
deer,scream,339
deer,sheep,340
deer,sheep,341
deer,and,341
deer,tractor,341
deer,sheep,342
deer,towards,342
deer,shooting,343
deer,silly,344
deer,silly,345
deer,cowboy,345
deer,sleep,346
deer,slight,347
deer,pain,347
deer,smacking,348
deer,tongue,348
deer,snickering,349
deer,snore,350
deer,snoring,351
deer,staccato,352
deer,laugh,352
deer,story,353
deer,strange,354
deer,suffering,355
deer,surprise,356
deer,tasting,357
deer,tchotka,358
deer,tchotka,358
deer,m,358
deer,m,358
deer,m,358
deer,telling,359
deer,a,359
deer,joke,359
deer,that's,360
deer,funny,360
deer,thats,361
deer,funny,361
deer,think,362
deer,thinking,363
deer,tick,364
deer,tock,364
deer,tick,365
deer,tock,365
deer,clock,365
deer,tickles,366
deer,tiktok,367
deer,tiktok,367
deer,ahem,367
deer,ahem,367
deer,ahem,367
deer,time,368
deer,timer,369
deer,ticking,369
deer,down,369
deer,tired,370
deer,to,371
deer,approve,371
deer,to,372
deer,laugh,372
deer,tongue,373
deer,clicking,373
deer,tongue,374
deer,clucking,374
deer,crying,374
deer,tongue,375
deer,hitting,375
deer,palate,375
deer,tongue,376
deer,noises,376
deer,tongue,377
deer,pop,377
deer,toung,378
deer,clicking,378
deer,train,379
deer,noise,379
deer,trot,380
deer,understand,381
deer,understanding,382
deer,click,382
deer,variation,383
deer,of,383
deer,clucking,383
deer,very,384
deer,funny,384
deer,vocal,385
deer,stim,385
deer,vocal,386
deer,stimming,386
deer,waking,387
deer,up,387
deer,walk,388
deer,walking,389
deer,walking,390
deer,and,390
deer,looking,390
deer,water,391
deer,weird,392
deer,weird,393
deer,laugh,393
deer,weird,394
deer,vocal,394
deer,sound,394
deer,whining,395
deer,woman,396
deer,xoxo,397
deer,uuu,397
deer,yawn,398
deer,yawp,399
deer,NA,400
dull,*snore*,1
dull,ahhhh,2
dull,alarm,3
dull,anger,4
dull,annoyed,5
dull,annoying,6
dull,bear,7
dull,bewildered,8
dull,big,9
dull,boat,9
dull,big,10
dull,train,10
dull,bone,11
dull,booing,12
dull,or,12
dull,getting,12
dull,bored,12
dull,boom,13
dull,booo,14
dull,bore,15
dull,bored,16
dull,bored,17
dull,"sound,",17
dull,groan,17
dull,boredom,18
dull,boring,19
dull,boted,20
dull,boy,21
dull,brother,22
dull,cow,23
dull,calling,24
dull,confusion,25
dull,count,26
dull,cow,27
dull,dasha,28
dull,dance,29
dull,dasha,30
dull,disatisfied,31
dull,disgust,32
dull,dislike,33
dull,doe,34
dull,sho,34
dull,don't,35
dull,go,35
dull,there,35
dull,don't,36
dull,think,36
dull,so,36
dull,doooo,37
dull,doorbell,38
dull,douche,39
dull,doughshow,40
dull,"duh,",41
dull,sure,41
dull,dull,42
dull,shoe,42
dull,dumb,43
dull,dushu,44
dull,eat,45
dull,eee,46
dull,ewwww,47
dull,explision,48
dull,give,49
dull,up,49
dull,give,50
dull,warning,50
dull,greeting,51
dull,groan,52
dull,grunting,53
dull,gurl,54
dull,harmonizing,55
dull,hey,56
dull,humming,57
dull,imitating,58
dull,,58
dull,a,58
dull,sound,58
dull,indifferent,59
dull,just,60
dull,woke,60
dull,up,60
dull,like,61
dull,russian,61
dull,language,61
dull,listless,62
dull,look!,63
dull,masculine,64
dull,whining,64
dull,meditate,65
dull,meditation,66
dull,men’s,67
dull,mooo,67
dull,negative,68
dull,no,69
dull,sure,69
dull,not,70
dull,not,71
dull,again,71
dull,not,72
dull,good,72
dull,not,73
dull,sure,73
dull,obviously,74
dull,oh!,75
dull,old,76
dull,ommm,77
dull,"one,",78
dull,two?,78
dull,counting?,78
dull,don't,78
dull,know,78
dull,pronouncing,79
dull,a,79
dull,name,79
dull,puzzled,80
dull,rain,81
dull,realising,82
dull,something,82
dull,realization,83
dull,rest,84
dull,roar,85
dull,sing,86
dull,sleep,87
dull,sheep,88
dull,ship,89
dull,sailing,89
dull,sick,90
dull,person,90
dull,sickness,91
dull,sigh,92
dull,sighimg,93
dull,sighing,94
dull,sing,95
dull,singer,96
dull,singing,97
dull,"singing,",98
dull,bass,98
dull,sleep,99
dull,sleeping,100
dull,sleepy,101
dull,snarl,102
dull,snoaring,103
dull,snore,104
dull,snoring,105
dull,song,106
dull,beginning,106
dull,"speechless,",107
dull,awestruck,107
dull,spelling,108
dull,steady.,109
dull,chant,109
dull,sylable,110
dull,of,110
dull,words,110
dull,talk,111
dull,tasty,112
dull,the,113
dull,shelf,113
dull,the,114
dull,shore,114
dull,think,115
dull,thinking,116
dull,this,117
dull,one,117
dull,tired,118
dull,uhhhhnm,119
dull,unbothered,120
dull,understand,121
dull,understanding,122
dull,unsure,123
dull,usher,124
dull,weird,125
dull,women’s,126
dull,,126
dull,inarticulate,126
dull,sounds,126
dull,word,127
dull,wow,128
dull,yes,129
dull,sure,129
dull,"yes,",130
dull,sure,130
dull,aaarrgghh,131
dull,adults,132
dull,talking,132
dull,child,132
dull,affection,133
dull,aggggh,134
dull,agree,135
dull,agreeance,136
dull,agreeing,137
dull,silently,137
dull,ahh,138
dull,alert,139
dull,alien,140
dull,amazement,141
dull,angry,142
dull,cat,142
dull,animal,143
dull,annoyed,144
dull,annoyed,145
dull,but,145
dull,ok,145
dull,"annoyed,",146
dull,bored,146
dull,baby,147
dull,background,148
dull,noise,148
dull,ballet,149
dull,baloon,150
dull,baritone,151
dull,bass,152
dull,moan,152
dull,begging,153
dull,being,154
dull,bored,154
dull,being,155
dull,grumpy,155
dull,bell,156
dull,bells,157
dull,big,158
dull,animal,158
dull,blowing,159
dull,with,159
dull,mouth,159
dull,sound,159
dull,bochan,160
dull,boo,160
dull,bohhhhhww,161
dull,bong,162
dull,boom,163
dull,booooong,164
dull,booooooooooom,165
dull,bored,166
dull,bored,167
dull,confirmation,167
dull,boredom,168
dull,boring,169
dull,bothersome,170
dull,brains,171
dull,brand,172
dull,breathing,173
dull,budda,174
dull,sound,174
dull,buh,175
dull,burp,176
dull,buuooooooooo,177
dull,buuuuh,178
dull,buuuuurm,179
dull,buuuuuuuuu,180
dull,buzzing,181
dull,calling,182
dull,someone,182
dull,calm,183
dull,explanation,183
dull,cannot,184
dull,understand,184
dull,chanting,185
dull,clock,186
dull,closing,187
dull,door,187
dull,come,188
dull,in,188
dull,complaint,189
dull,confused,190
dull,confusion,191
dull,contempt,192
dull,counting,193
dull,counting,194
dull,in,194
dull,another,194
dull,language,194
dull,cow,195
dull,cow,196
dull,moo,196
dull,cow's,197
dull,expression,197
dull,creak,198
dull,or,198
dull,moan,198
dull,da,199
dull,sure,199
dull,danger,200
dull,dasha,201
dull,de,202
dull,je,202
dull,deep,203
dull,throughts,203
dull,deixa,204
dull,dejection,205
dull,deny,206
dull,der,207
dull,sher,207
dull,different,208
dull,language,208
dull,dim,209
dull,bell,209
dull,disagree,210
dull,disapproval,211
dull,disbelief,212
dull,discontempt,213
dull,discontent,214
dull,disgust,215
dull,disgusting,216
dull,dismissive,217
dull,disturbed,218
dull,do,219
dull,show,219
dull,do,220
dull,so,220
dull,doe,221
dull,not,221
dull,want,221
dull,dog,222
dull,don't,223
dull,feel,223
dull,like,223
dull,it,223
dull,don't,224
dull,know,224
dull,don't,225
dull,show,225
dull,dont,226
dull,know,226
dull,doo...show,227
dull,doom,228
dull,door,229
dull,bell,229
dull,dosha,230
dull,dosho,231
dull,doshou,232
dull,doubt,233
dull,doucha,234
dull,douchou,235
dull,droning,236
dull,sound,236
dull,drowsy,237
dull,drunk,238
dull,du-shu,239
dull,duche,240
dull,ducher,241
dull,duh,242
dull,duh,243
dull,shu,243
dull,duh,244
dull,shuh,244
dull,dulceee,245
dull,dullness,246
dull,"dummy,",247
dull,idiot,247
dull,dusher,248
dull,duuushuuu,249
dull,eehh,250
dull,ehhh,251
dull,ehhh,252
dull,(realisation),252
dull,eighteen,253
dull,engine,254
dull,entrails,255
dull,entranced,256
dull,euuurgh,257
dull,exhaustion,258
dull,explaining,259
dull,fat,260
dull,feeling,261
dull,of,261
dull,understanding,261
dull,flatulence,262
dull,french,263
dull,girl,264
dull,gnome,265
dull,go,266
dull,away,266
dull,gong,267
dull,growl,268
dull,grumble,269
dull,grumpiness,270
dull,grunt,271
dull,heaving,272
dull,hesitate,273
dull,hum,274
dull,humming,275
dull,i,276
dull,dont,276
dull,care,276
dull,impatience,277
dull,inaudable,278
dull,incantation,279
dull,?,279
dull,indiference,280
dull,instruments,281
dull,interesting,282
dull,inumerating,283
dull,irrelevance,284
dull,lazy,285
dull,lazy,286
dull,grunt,286
dull,learning,287
dull,language,287
dull,leave,288
dull,it,288
dull,low,289
dull,maaaaaa,289
dull,low,290
dull,murmur,290
dull,lullaby,291
dull,maaaah,292
dull,male,293
dull,moan,293
dull,man,294
dull,mantra,295
dull,mau,296
dull,maybe,297
dull,meditating,298
dull,sounds,298
dull,meditation,299
dull,meh,300
dull,mhhm,301
dull,mild,302
dull,singing,302
dull,minecraft,303
dull,zombie,303
dull,sound,303
dull,mmm,304
dull,mmmm,305
dull,mocking,306
dull,monotone,307
dull,mooing,308
dull,moooh,309
dull,moooo,310
dull,mosquito,311
dull,mow,312
dull,mree,313
dull,mumble,314
dull,murmur,315
dull,murmuring,316
dull,music,317
dull,notes,317
dull,muuuu,318
dull,nah,319
dull,negative,320
dull,nervousness,321
dull,night,322
dull,no,323
dull,idea,323
dull,no,324
dull,sure,324
dull,"no,",325
dull,i,325
dull,won't,325
dull,noise,326
dull,noo,327
dull,not,328
dull,amused,328
dull,not,329
dull,impressed,329
dull,nothing,330
dull,noughhhhhh,331
dull,numbers,332
dull,obvious,333
dull,obviously,334
dull,oh-ahhh,335
dull,ok,336
dull,boring,336
dull,pensative,337
dull,phone,338
dull,phone,339
dull,message,339
dull,pleasing,340
dull,priest,341
dull,pronunciation,342
dull,question,343
dull,rage,344
dull,random,345
dull,noise,345
dull,reading,346
dull,realization,347
dull,realizing,348
dull,relax,349
dull,relaying,350
dull,information,350
dull,roar,351
dull,rocking,352
dull,rooor,353
dull,russian,354
dull,rythm,355
dull,sad,356
dull,say,357
dull,mmm,357
dull,sheep,358
dull,shocked,359
dull,shoe,360
dull,shoes,361
dull,show,362
dull,me,362
dull,sigh,363
dull,sighing,364
dull,sing,365
dull,sing,366
dull,mimic,366
dull,singing,367
dull,sleep,368
dull,sleep,369
dull,talking,369
dull,sleeping,370
dull,sleepy,371
dull,slow,372
dull,snore,373
dull,snoring,374
dull,snoring,375
dull,animal,375
dull,soft,376
dull,mooing,376
dull,noise,376
dull,sounds,377
dull,speaking,378
dull,spelling,379
dull,start,380
dull,summer,381
dull,heat,381
dull,surprise,382
dull,sweet,383
dull,talk,384
dull,talking,385
dull,to,385
dull,yourself,385
dull,tasty,386
dull,teach,387
dull,teaching,388
dull,teaching,389
dull,something,389
dull,the,390
dull,cat,390
dull,the,391
dull,show,391
dull,the,392
dull,sun,392
dull,there,393
dull,thinking,394
dull,tired,395
dull,"tired,",396
dull,exhausted,396
dull,tireness,397
dull,to,398
dull,moan,398
dull,train,399
dull,turtle,400
dull,ugh,401
dull,uhhh,402
dull,uhhhhhh,403
dull,ummm,404
dull,understand,405
dull,understanding,406
dull,understanding,407
dull,casually,407
dull,understanding,408
dull,something,408
dull,unsure,409
dull,unusual,410
dull,uuhh,411
dull,vocal,412
dull,cord,412
dull,vibration,412
dull,waking,413
dull,up,413
dull,water,414
dull,we,415
dull,can,415
dull,week,416
dull,transmitting,416
dull,sound,416
dull,weird,417
dull,vocal,417
dull,sound,417
dull,whhhhhrrr,418
dull,whining,419
dull,why,420
dull,woman,421
dull,woman,422
dull,singing,422
dull,wonder,423
dull,wondering,424
dull,wrr,425
dull,yawn,426
dull,yawning,427
dull,zombie,428
dull,zoombie,429
dull,NA,430
eat,*slurp,1
eat,noises*,1
eat,annoy,2
eat,chew,3
eat,champ,4
eat,champ,4
eat,check,5
eat,chew,6
eat,chewing,7
eat,chewing,8
eat,a,8
eat,candy,8
eat,chewing,9
eat,loud,9
eat,chewing,10
eat,or,10
eat,smacking,10
eat,gums,10
eat,chewing,11
eat,something,11
eat,chewy,12
eat,chomping,13
eat,gum,13
eat,consume,14
eat,delicious,15
eat,delicious,16
eat,food,16
eat,dinnertime,17
eat,drink,18
eat,drinking,19
eat,eat,20
eat,eating,21
eat,eat,22
eat,eat,23
eat,or,23
eat,chew,23
eat,eating,24
eat,eating,25
eat,",",25
eat,tasty,25
eat,eating,26
eat,sound,26
eat,eating,27
eat,soup,27
eat,"eating,",28
eat,slurping,28
eat,enjoying,29
eat,food,29
eat,food,30
eat,tasting,30
eat,gum,31
eat,hungry,32
eat,hungry.,33
eat,tasty,33
eat,i'm,34
eat,thirsty,34
eat,ignore,35
eat,iiushh,36
eat,na,36
eat,na,36
eat,na,36
eat,it,37
eat,moved,37
eat,fast,37
eat,it's,38
eat,tasty,38
eat,lick,39
eat,and,39
eat,bite,39
eat,licking,40
eat,"lips,",41
eat,"eating,",41
eat,food,41
eat,mlem,42
eat,mlem,42
eat,mlem,42
eat,mnmnm,43
eat,mouth,44
eat,saliva,44
eat,mouth,45
eat,sounds,45
eat,mukbang,46
eat,munch,47
eat,munching,48
eat,nom,49
eat,nom,49
eat,open,50
eat,mouth,50
eat,chew,50
eat,person,51
eat,who,51
eat,is,51
eat,chewing,51
eat,plich,52
eat,plich,52
eat,plich,52
eat,saliva,53
eat,sip,54
eat,sip,55
eat,taste,55
eat,slick,56
eat,slurp,57
eat,slurp,58
eat,ice,58
eat,cream,58
eat,slurping,59
eat,food,59
eat,slurping,60
eat,spaghetti,60
eat,"slurping,",61
eat,tasting,61
eat,smacking,62
eat,smacking,63
eat,lips,63
eat,snapping,64
eat,sticky,65
eat,stop,66
eat,talking,66
eat,suck,67
eat,sweet,68
eat,taste,68
eat,tapping,69
eat,tasting,70
eat,tasting,71
eat,disgusting,71
eat,food,71
eat,tasting,72
eat,yummy,72
eat,food,72
eat,tasty,73
eat,tasty,74
eat,drink,74
eat,to,75
eat,chew,75
eat,to,76
eat,lick,76
eat,tongue,77
eat,click,77
eat,uncomfortable,78
eat,yummy,79
eat,yummy,80
eat,yummy,81
eat,lick,81
eat,asmr,82
eat,be,83
eat,annoying,83
eat,biting,84
eat,bored,85
eat,bubble,86
eat,gum,86
eat,cat,87
eat,licking,87
eat,chew,88
eat,chew,89
eat,chew,89
eat,chewin,90
eat,gum,90
eat,chewing,91
eat,chewing,92
eat,food,92
eat,chewing,93
eat,gum,93
eat,chewing,94
eat,loudly,94
eat,chewy,95
eat,chip,96
eat,chip,96
eat,chip,96
eat,chuch..chucm..chuch,97
eat,clacking,98
eat,clapping,99
eat,closer,100
eat,delicious,101
eat,disgusting,102
eat,disgusting,103
eat,eating,103
eat,sound,103
eat,dog,104
eat,licking,104
eat,donkey,105
eat,drink,106
eat,and,106
eat,taste,106
eat,"drink,",107
eat,thirsty,107
eat,drinking,108
eat,drip,109
eat,eat,110
eat,eating,111
eat,eating,112
eat,ice,112
eat,cream,112
eat,eating,113
eat,icecream,113
eat,eating,114
eat,loudly,114
eat,eating,115
eat,open,115
eat,mouth,115
eat,eating,116
eat,pasta,116
eat,eating,117
eat,quite,117
eat,loudly,117
eat,eating,118
eat,something,118
eat,juicy,118
eat,eating,119
eat,sound,119
eat,eating,120
eat,soup,120
eat,"eating,",121
eat,hungry,121
eat,"eating,",122
eat,satisfactory,122
eat,enjoy,123
eat,enjoy,124
eat,eating,124
eat,fasting,125
eat,feast,126
eat,flavor,127
eat,flavour,128
eat,food,129
eat,tasting,129
eat,footprints,130
eat,gnam,131
eat,gnam,131
eat,gnam,131
eat,gonna,132
eat,eat,132
eat,good,133
eat,food,133
eat,guh-slurp,134
eat,slurp,134
eat,slurp,134
eat,having,135
eat,soup,135
eat,hee-up,136
eat,hhhhoomoom,137
eat,hlwmxmmxmmxm,138
eat,hungry,139
eat,"hungry,",140
eat,food,140
eat,ice,141
eat,cream,141
eat,icekream,142
eat,imitation,143
eat,chomping,143
eat,noise,143
eat,(eating),143
eat,inhale,144
eat,and,144
eat,eat,144
eat,inhale,145
eat,and,145
eat,savor,145
eat,keep,146
eat,talking,146
eat,kissing,147
eat,kwerp,148
eat,tuptuptup,148
eat,kyuuuuoo,149
eat,lapping,150
eat,lapping,151
eat,sound,151
eat,lick,152
eat,and,152
eat,eat,152
eat,licking,153
eat,licking,154
eat,and,154
eat,eating,154
eat,licking,155
eat,ice,155
eat,cream,155
eat,licking,156
eat,icecream,156
eat,lip,157
eat,smack,157
eat,lip,158
eat,smacking,158
eat,loud,159
eat,chewing,159
eat,many,160
eat,mch...mch...mcha,161
eat,mcmmcmmcm,162
eat,messy,163
eat,eating,163
eat,mh,164
eat,mh,164
eat,mh,164
eat,minham,165
eat,minham,165
eat,mix,166
eat,the,166
eat,yogurt,166
eat,mlack,167
eat,mlack,167
eat,mlack,167
eat,mlask,168
eat,mlask,168
eat,mlask,169
eat,mlask,169
eat,mlask,169
eat,mlup,170
eat,mlup,170
eat,mnham,171
eat,nham,171
eat,mouth,172
eat,mouth,173
eat,smacking,173
eat,munch,174
eat,munch,175
eat,munch,175
eat,munching,176
eat,mxmmxmmxm,177
eat,nam,178
eat,nam,178
eat,nham,179
eat,nham,179
eat,nham,180
eat,nham,180
eat,nham,180
eat,nhamnahm,181
eat,nhamnahmnahm,182
eat,platt,183
eat,platt,183
eat,plott,183
eat,platt,183
eat,playing,184
eat,in,184
eat,mud,184
eat,rapidly,185
eat,flipping,185
eat,pages,185
eat,salivating,186
eat,savor,187
eat,savoring,188
eat,flavor,188
eat,savoring,189
eat,taste,189
eat,scham,190
eat,tha,190
eat,tha,190
eat,tha,190
eat,tham,190
eat,schlrp,191
eat,schlrp,191
eat,(eating),191
eat,sclrhrp,192
eat,chomp,192
eat,chomp,192
eat,(like,192
eat,eating),192
eat,scrumptious,193
eat,shlapp,194
eat,shlapp,194
eat,shalpp,194
eat,sip,195
eat,sipping,196
eat,a,196
eat,soup,196
eat,sipping,197
eat,strong,197
eat,siuuu,198
eat,mlask,198
eat,mlask,198
eat,sloppy,199
eat,eating,199
eat,sloshing,200
eat,slupring,201
eat,soup,201
eat,slurp,202
eat,slurp,203
eat,and,203
eat,chew,203
eat,slurp,204
eat,and,204
eat,savor,204
eat,slurp,205
eat,eating,205
eat,slurp,206
eat,noodles,206
eat,slurp,207
eat,smack,207
eat,smack,207
eat,slurping,208
eat,slurping,209
eat,and,209
eat,munching,209
eat,slurping,210
eat,food,210
eat,/,210
eat,drink,210
eat,slurping,211
eat,noodles,211
eat,slurping,212
eat,smacking,212
eat,sounds,212
eat,slurping,213
eat,sound,213
eat,slurping,214
eat,up,214
eat,slurping,215
eat,while,215
eat,eating,215
eat,smack,216
eat,smack,217
eat,smack,217
eat,smack,217
eat,smack,217
eat,smack,217
eat,smack,218
eat,your,218
eat,lips,218
eat,smacking,219
eat,smacking,220
eat,and,220
eat,champing,220
eat,smacking,221
eat,and,221
eat,slurping,221
eat,smacking,222
eat,eating,222
eat,sounds,222
eat,smacking,223
eat,teeth,223
eat,smakcing,224
eat,snacking,225
eat,snipping,226
eat,soup,227
eat,suck,228
eat,suck,229
eat,and,229
eat,mouth,229
eat,smacking,229
eat,sucking,230
eat,swallow,231
eat,and,231
eat,savor,231
eat,syrup,232
eat,taste,233
eat,tasteless,234
eat,tasting,235
eat,tasting,236
eat,something,236
eat,"tasting,",237
eat,munching,237
eat,tasty,238
eat,thirst,239
eat,thm,240
eat,thm,240
eat,thm,240
eat,thm,240
eat,tiotiak,241
eat,tn,242
eat,tn,242
eat,tn,242
eat,tnhamtnhamtnham,243
eat,to,244
eat,chew,244
eat,to,245
eat,eat,245
eat,to,246
eat,suck,246
eat,tooth,247
eat,paste,247
eat,tuptuptuop,248
eat,tuptuptup,249
eat,write,250
eat,yakyakya,251
eat,yeah,252
eat,ok,252
eat,yum,253
eat,yum-yum-yum,254
eat,yummy,255
eat,yummy,256
eat,food,256
eat,ñam,257
eat,ñam,257
eat,ñomñam,258
eat,NA,259
fire,???,1
fire,air,2
fire,air,3
fire,air,4
fire,inhalation,4
fire,air,5
fire,pressure,5
fire,airplane,6
fire,sound,6
fire,aspiration,7
fire,awe,8
fire,bad,9
fire,joke,9
fire,reaction,9
fire,blabbering,10
fire,blow,11
fire,blow,12
fire,it,12
fire,out,12
fire,blowing,13
fire,blowing,14
fire,air,14
fire,blowing,15
fire,out,15
fire,boiling,16
fire,breathe,17
fire,breathing,18
fire,exercises,18
fire,burning,19
fire,burning,20
fire,yourself,20
fire,call,21
fire,cooking,22
fire,cooling,23
fire,danger,24
fire,danger,25
fire,drum,26
fire,effort,27
fire,needed,27
fire,exasperation,28
fire,exploding,29
fire,explosion,30
fire,food,31
fire,is,31
fire,cold,31
fire,fast,32
fire,fire,33
fire,flying,34
fire,game,35
fire,ggggg,36
fire,going,37
fire,crazy,37
fire,with,37
fire,a,37
fire,wooden,37
fire,sword,37
fire,happiness,38
fire,hiss,39
fire,hissing,40
fire,hot,41
fire,hot,42
fire,water,42
fire,"hot,",43
fire,blow,43
fire,i,44
fire,like,44
fire,you,44
fire,imitate,45
fire,inhaling,46
fire,it,47
fire,was,47
fire,crazy,47
fire,jet,48
fire,large,49
fire,laser,50
fire,beam,50
fire,leaking,51
fire,loud,52
fire,crash,52
fire,missile,53
fire,missile,54
fire,launch,54
fire,mouth,55
fire,mouth,56
fire,sounds,56
fire,nonsense,57
fire,not,58
fire,sure,58
fire,opening,59
fire,a,59
fire,can,59
fire,opening,60
fire,bottle,60
fire,outrageous,61
fire,pew-chooooooo,62
fire,pishhhuough,63
fire,plane,64
fire,playful,65
fire,playing,66
fire,pretend,67
fire,pschew,68
fire,random,69
fire,sampler,69
fire,sounds,69
fire,retarded,70
fire,rocket,71
fire,rocket,72
fire,flying,72
fire,"rocketship,",73
fire,"takeoff,",73
fire,engine,73
fire,sound,74
fire,shoot,75
fire,shuffling,76
fire,lips,76
fire,sip,77
fire,sipping,78
fire,sipping,79
fire,hard,79
fire,sizzling,80
fire,hot,80
fire,sleep,81
fire,sleeping,82
fire,sliding,83
fire,sluuurp,84
fire,snoozing,85
fire,snoring,86
fire,space,87
fire,sounds,87
fire,speed,88
fire,storm,89
fire,strange,90
fire,sound,90
fire,suction,91
fire,supernatural,92
fire,powers,92
fire,surfing,93
fire,tah,94
fire,whooh,94
fire,whooh,94
fire,tssss,94
fire,take,95
fire,off,95
fire,takeoff,96
fire,talking,97
fire,tap,98
fire,pouring,98
fire,water,98
fire,tap,99
fire,tss,99
fire,tss,99
fire,teaching,100
fire,tha,101
fire,phou,101
fire,phou,101
fire,tick,102
fire,tock,102
fire,tornado,103
fire,"touching,",104
fire,"blowing,",104
fire,burning,104
fire,tough,105
fire,turn,106
fire,down,106
fire,very,107
fire,hot,107
fire,vocalising,108
fire,wind,109
fire,warning,110
fire,wata,111
fire,wave,112
fire,what,113
fire,is,113
fire,this,113
fire,whirlwind,114
fire,whoosh,115
fire,wind,116
fire,wind,117
fire,noise,117
fire,wind,118
fire,or,118
fire,fast,118
fire,windy,119
fire,"windy,",120
fire,chilly,120
fire,woman,121
fire,communicating,121
fire,in,121
fire,a,121
fire,jungle,121
fire,women’,122
fire,strange,122
fire,sounds,122
fire,yawn,123
fire,yawning,124
fire,yoga,125
fire,"you,",126
fire,go,126
fire,there,126
fire,`ta,127
fire,fufu,127
fire,tsss,127
fire,acapella,128
fire,adults,129
fire,making,129
fire,sounds,129
fire,air,130
fire,blowing,130
fire,air,131
fire,intake,131
fire,air,132
fire,sound,132
fire,airplane,133
fire,airplane,134
fire,crash,134
fire,airplane,135
fire,flying,135
fire,airplane,136
fire,sound,136
fire,all,137
fire,of,137
fire,that,137
fire,annoyed,138
fire,attack,139
fire,bad,140
fire,signal,140
fire,be,141
fire,calm,141
fire,be,142
fire,fast,142
fire,bear,143
fire,beatboxing,144
fire,big,145
fire,blow,146
fire,blow,147
fire,candle,147
fire,blow,148
fire,hiss,148
fire,blow,149
fire,out,149
fire,a,149
fire,candle,149
fire,blow,150
fire,the,150
fire,candle,150
fire,blow,151
fire,up,151
fire,baloon,151
fire,blowing,152
fire,blowing,153
fire,a,153
fire,candle,153
fire,blowing,154
fire,at,154
fire,tea,154
fire,blowing,155
fire,candles,155
fire,blowing,156
fire,on,156
fire,burns,156
fire,blowing,157
fire,out,157
fire,candle,157
fire,blowing,158
fire,out,158
fire,candles,158
fire,blowing,159
fire,something,159
fire,hot,159
fire,blowing,160
fire,something,160
fire,out,160
fire,blowing,161
fire,straw,161
fire,blowing,162
fire,strongly,162
fire,blowing,163
fire,the,163
fire,whistling,163
fire,"blowing,",164
fire,extinguishing,164
fire,blowout,165
fire,boat,166
fire,bomb,167
fire,bomb,168
fire,explosion,168
fire,boomerang,169
fire,breath,170
fire,breath,171
fire,slowly,171
fire,breathing,172
fire,hard,172
fire,breathing,173
fire,in,173
fire,burn,174
fire,burning,175
fire,car,176
fire,passing,176
fire,by,176
fire,cartoon,177
fire,sound,177
fire,catcall,178
fire,chaos,179
fire,chhhooo,180
fire,child,181
fire,fight,181
fire,cleaning,182
fire,spray,182
fire,coffee,183
fire,machine,183
fire,cold,184
fire,cold,185
fire,and,185
fire,windy,185
fire,come,186
fire,help,186
fire,me,186
fire,cook,187
fire,on,187
fire,fire,187
fire,cooking,188
fire,cool,189
fire,off,189
fire,coughing,190
fire,craziness,191
fire,cut,192
fire,cutting,193
fire,dah,194
fire,uh,194
fire,uh,194
fire,zzz,194
fire,danger,195
fire,darth,196
fire,vader,196
fire,deep,197
fire,breath,197
fire,destruction,198
fire,distracted,199
fire,don't,200
fire,know,200
fire,drink,201
fire,drink,202
fire,from,202
fire,straw,202
fire,drinking,203
fire,drum,204
fire,drums,205
fire,dunh,206
fire,dung,206
fire,durr,206
fire,dupseee,207
fire,dynamite,208
fire,escaped,209
fire,air,209
fire,excersie,210
fire,exercising,211
fire,explode,212
fire,explosion,213
fire,explosion,214
fire,impression,214
fire,explotion,215
fire,extinguishing,216
fire,flame,216
fire,factory,217
fire,sound,217
fire,fake,218
fire,shot,218
fire,fast,219
fire,fast,220
fire,car,220
fire,ffkhohh,221
fire,fight,222
fire,fire,223
fire,fire,224
fire,starting,224
fire,firestarting,225
fire,firework,226
fire,firework,227
fire,sound,227
fire,fireworks,228
fire,firing,229
fire,missiles,229
fire,fiss,230
fire,fizzy,231
fire,drinks,231
fire,flight,232
fire,fly,233
fire,flying,234
fire,flying,235
fire,through,235
fire,air,235
fire,fojoauh,236
fire,fooh,237
fire,fool,238
fire,fooo,239
fire,frooooggggg,240
fire,fu,241
fire,fu,241
fire,tsss,241
fire,fughuuuuh,242
fire,fuuuuushhhhhh,243
fire,game,244
fire,of,244
fire,hands,244
fire,give,245
fire,go,246
fire,back,246
fire,go,247
fire,to,247
fire,the,247
fire,toilet,247
fire,high,248
fire,pressure,248
fire,hiss,249
fire,hissing,250
fire,hot,251
fire,hot,252
fire,and,252
fire,cooled,252
fire,hot,253
fire,finger,253
fire,water,253
fire,hot,254
fire,rocks,254
fire,hush,255
fire,i,256
fire,can,256
fire,do,256
fire,it,256
fire,idk,257
fire,imitating,258
fire,a,258
fire,beat,258
fire,imitating,259
fire,wind,259
fire,imitation,260
fire,coffee,260
fire,making,260
fire,noises,260
fire,inhaling,261
fire,inspiring,262
fire,breath,262
fire,instrument,263
fire,its,264
fire,hot,264
fire,jet,265
fire,kgoo,266
fire,kid,267
fire,playing,267
fire,kitchen,268
fire,laser,269
fire,laser,270
fire,phaser,270
fire,"laser,",271
fire,"shooting,",271
fire,sword,271
fire,launch,272
fire,letting,273
fire,out,273
fire,the,273
fire,air,273
fire,lighting,274
fire,a,274
fire,bonfire,274
fire,lighting,275
fire,a,275
fire,fire,275
fire,lightning,276
fire,bolt,276
fire,lightsaber,277
fire,lightsabers,278
fire,long,279
fire,magic,280
fire,magic,281
fire,spell,281
fire,making,282
fire,a,282
fire,joke,282
fire,making,283
fire,rocket,283
fire,sounds,283
fire,man,284
fire,making,284
fire,sound,284
fire,milling,285
fire,machine,285
fire,missile,286
fire,mockery,287
fire,mouth,288
fire,blowing,288
fire,mouth,289
fire,sound,289
fire,music,290
fire,noise,291
fire,nonsense,292
fire,old,293
fire,man,293
fire,breathing,293
fire,old,294
fire,train,294
fire,on,295
fire,hot,295
fire,pan,295
fire,opening,296
fire,opening,297
fire,can,297
fire,operating,298
fire,hose,298
fire,from,298
fire,high,298
fire,pressure,298
fire,nozzle,298
fire,,298
fire,head,298
fire,position,298
fire,pechewing,299
fire,pfffuuuu,300
fire,plane,301
fire,flying,301
fire,playing,302
fire,playing,303
fire,a,303
fire,beat,303
fire,playing,304
fire,with,304
fire,kids,304
fire,prepare,305
fire,food,305
fire,pschuuggghh,306
fire,psgsgsg,307
fire,psguguoguo,308
fire,psheeurgh,309
fire,pshshshsooohhhoohhh,310
fire,pshwowowow,311
fire,psiuuuu,312
fire,pst,313
fire,shuw,313
fire,woo,313
fire,wuu,313
fire,pstchohohohoh,314
fire,pststzzzzsss,315
fire,rain,316
fire,rainfall,317
fire,random,318
fire,random,319
fire,noises,319
fire,random,320
fire,sounds,320
fire,relaxing,321
fire,routine,321
fire,releasing,322
fire,suction,322
fire,relief,323
fire,rhythm,324
fire,rock,325
fire,rocket,326
fire,rocket,327
fire,launch,327
fire,rocket,328
fire,launcher,328
fire,rocket,329
fire,launching,329
fire,rocket,330
fire,plane,330
fire,running,331
fire,rustle,332
fire,scare,333
fire,scratch,334
fire,throat,334
fire,sea,335
fire,wave,335
fire,sequence,336
fire,showing,336
fire,ship,337
fire,shlowowshlowow,338
fire,shoot,339
fire,shooting,340
fire,shooting,341
fire,imitation,341
fire,shooting,342
fire,out,342
fire,something,342
fire,shooting,343
fire,something,343
fire,sighing,344
fire,sing,345
fire,singing,346
fire,sizzling,347
fire,sleep,348
fire,sleep,349
fire,blow,349
fire,sleeping,350
fire,slurp,351
fire,noodles,351
fire,smoking,352
fire,smug,353
fire,snake,354
fire,snore,355
fire,snoring,356
fire,soft,357
fire,drinks,357
fire,sound,358
fire,effect,358
fire,sound,359
fire,of,359
fire,wind,359
fire,sounds,360
fire,spaceship,361
fire,spaceship,362
fire,in,362
fire,space,362
fire,special,363
fire,effects,363
fire,spelling,364
fire,or,364
fire,teaching,364
fire,"spelling,",365
fire,"blowing,",365
fire,hissing,365
fire,spray,366
fire,stadium,367
fire,star,368
fire,wars,368
fire,sword,368
fire,stay,369
fire,away,369
fire,steam,370
fire,stop,371
fire,storm,372
fire,stretching,373
fire,strong,374
fire,wind,374
fire,strong,375
fire,winds,375
fire,suck,376
fire,sucking,377
fire,sucking,378
fire,air,378
fire,suction,379
fire,swirling,380
fire,swish,381
fire,swoosh,382
fire,ta,383
fire,ho,383
fire,ho,383
fire,thccc,383
fire,ta,384
fire,ho,384
fire,ho,384
fire,tsss,384
fire,ta,385
fire,hu-hu,385
fire,tss,385
fire,ta,386
fire,ooo,386
fire,tissss,386
fire,ta,387
fire,pff,387
fire,pff,387
fire,tsssss,387
fire,ta,388
fire,phew,388
fire,phew,388
fire,pssss,388
fire,ta,389
fire,phew,389
fire,phew,389
fire,tsss,389
fire,ta,390
fire,uhuh,390
fire,ts,390
fire,ta,391
fire,woo,391
fire,woo,391
fire,tsss,391
fire,"ta,",392
fire,"hu,",392
fire,cyyy,392
fire,taah-hoo-hoo-tsss,393
fire,tack,394
fire,whoo,394
fire,whoo,394
fire,tsss,394
fire,taco,395
fire,take,396
fire,off,396
fire,tap,397
fire,and,397
fire,blow,397
fire,tap,398
fire,psss,398
fire,tap,399
fire,uh,399
fire,uh,399
fire,ssssss,399
fire,tapp...ushh,400
fire,tawhooptsssss,401
fire,thank,402
fire,you,402
fire,throwing,403
fire,tojujusssss,404
fire,too,405
fire,hot,405
fire,it,405
fire,burns,405
fire,train,406
fire,tuck,407
fire,hmm,407
fire,tsst,407
fire,tuh,408
fire,huh,408
fire,huh,408
fire,tsss,408
fire,turn,409
fire,off,409
fire,turning,410
fire,and,410
fire,sizzling,410
fire,tut,411
fire,vent,412
fire,very,413
fire,hot,413
fire,vocal,414
fire,stimming,414
fire,vrrrr,415
fire,water,416
fire,water,417
fire,gun,417
fire,watergun,418
fire,waves,419
fire,wgggggghhhh,420
fire,where,421
fire,whhhhuuuuuuuu,422
fire,whhuu,423
fire,(blowing,423
fire,noise),423
fire,whirl,424
fire,whoohoohoo,425
fire,whoooooeeee,426
fire,whoosh,427
fire,whooshing,428
fire,wind,429
fire,wind,430
fire,blow,430
fire,wind,431
fire,gust,431
fire,wind,432
fire,noise,432
fire,wind,433
fire,sound,433
fire,wind,434
fire,storm,434
fire,"wind,",435
fire,wave,435
fire,windy,436
fire,woman,437
fire,woosh,438
fire,workout,439
fire,sounds,439
fire,tired,439
fire,wow,440
fire,yawn,441
fire,yawn,442
fire,or,442
fire,intake,442
fire,of,442
fire,breathe,442
fire,yawning,443
fire,“get,444
fire,ready!”,444
fire,NA,445
fruit,*chomp,1
fruit,chomp*,1
fruit,nom,1
fruit,nom,1
fruit,nom,1
fruit,*chomp*,2
fruit,mmm~,2
fruit,aprreciation,3
fruit,asmr,4
fruit,ate,5
fruit,awmm,6
fruit,awmm,6
fruit,bite,7
fruit,"bite,",8
fruit,enjoying,8
fruit,food,8
fruit,biting,9
fruit,biting,10
fruit,and,10
fruit,eating,10
fruit,biting,11
fruit,and,11
fruit,tasting,11
fruit,biting,12
fruit,something,12
fruit,crispy,12
fruit,come,13
fruit,eat,13
fruit,can,14
fruit,drink,14
fruit,chew,15
fruit,chewing,16
fruit,chewy,17
fruit,click,18
fruit,confirmation,19
fruit,crab,20
fruit,crunchy,21
fruit,crunchy,22
fruit,food,22
fruit,defile,23
fruit,delicious,24
fruit,delight,25
fruit,devour,26
fruit,drink,27
fruit,drink,28
fruit,slip,28
fruit,drink,29
fruit,up,29
fruit,drinking,30
fruit,eat,31
fruit,eating,32
fruit,eat,33
fruit,eat,34
fruit,and,34
fruit,enjoy,34
fruit,eating,35
fruit,eating,36
fruit,and,36
fruit,tasting,36
fruit,eating,37
fruit,food,37
fruit,eating,38
fruit,something,38
fruit,tasty,38
fruit,enjoy,39
fruit,enjoying,40
fruit,food,40
fruit,finish,41
fruit,go,42
fruit,ahead,42
fruit,eat,42
fruit,good,43
fruit,"hum,",44
fruit,thinking,44
fruit,noise,44
fruit,hungry,45
fruit,hurried,46
fruit,eating,46
fruit,i'm,47
fruit,hungry,47
fruit,ice,48
fruit,cream,48
fruit,it,49
fruit,is,49
fruit,delicious,49
fruit,it,50
fruit,tastes,50
fruit,good,50
fruit,it,51
fruit,was,51
fruit,this,51
fruit,jaww,52
fruit,mmm,52
fruit,joking,53
fruit,on,53
fruit,someone,53
fruit,jrau,54
fruit,jrau,54
fruit,nam,54
fruit,nam,54
fruit,nam,54
fruit,lick,55
fruit,licking,56
fruit,licking,57
fruit,lips,57
fruit,aggressively,57
fruit,like,58
fruit,tasting,58
fruit,food,58
fruit,machine,59
fruit,men’s,60
fruit,,60
fruit,grunting,60
fruit,mouth,61
fruit,munching,62
fruit,okay,63
fruit,piglet,64
fruit,pleasure,65
fruit,roar,66
fruit,sound,67
fruit,saliva,68
fruit,satiated,69
fruit,savor,70
fruit,savouring,71
fruit,share.,72
fruit,with,72
fruit,me,72
fruit,shock,73
fruit,sip,74
fruit,slurp,75
fruit,slurping,76
fruit,small,77
fruit,bites,77
fruit,snoring,78
fruit,soup,79
fruit,spit,80
fruit,sticky,81
fruit,strange,82
fruit,sound,82
fruit,surprise,83
fruit,or,83
fruit,getting,83
fruit,afraid,83
fruit,ta,84
fruit,ta,85
fruit,then,85
fruit,slurp,85
fruit,"ta,",86
fruit,slurp,86
fruit,taa,87
fruit,shh,87
fruit,tac,88
fruit,tah,89
fruit,*slurp*,89
fruit,taking,90
fruit,a,90
fruit,bite,90
fruit,tap,91
fruit,taste,92
fruit,taste,93
fruit,good,93
fruit,tastes,94
fruit,good,94
fruit,tasting,95
fruit,delicious,95
fruit,food,95
fruit,tasting,96
fruit,food,96
fruit,tasting,97
fruit,something,97
fruit,tasty,98
fruit,tasty,99
fruit,bite,99
fruit,tasty,100
fruit,eating,100
fruit,tasty,101
fruit,food,101
fruit,thag,102
fruit,chip,102
fruit,thank,103
fruit,you,103
fruit,and,103
fruit,eat,103
fruit,thanks,104
fruit,to,105
fruit,play,105
fruit,tongue,106
fruit,click,106
fruit,and,106
fruit,inhaling,106
fruit,air,106
fruit,whatever,107
fruit,women’s,108
fruit,strange,108
fruit,sounds,108
fruit,word,109
fruit,and,109
fruit,sip,109
fruit,wrong,110
fruit,doing,110
fruit,yummy,111
fruit,yawn,112
fruit,yes,113
fruit,please,113
fruit,"yes,",114
fruit,slurping,114
fruit,noise,114
fruit,or,114
fruit,licking,114
fruit,noise,114
fruit,absorb,115
fruit,adult,116
fruit,talking,116
fruit,child,116
fruit,adults,117
fruit,talking,117
fruit,child,117
fruit,agreement,118
fruit,and,118
fruit,lick,118
fruit,anger,119
fruit,apetizing,120
fruit,apple,121
fruit,attention,122
fruit,and,122
fruit,lick,122
fruit,big,123
fruit,bite,123
fruit,big,124
fruit,bite,124
fruit,of,124
fruit,food,124
fruit,bite,125
fruit,"bite,",126
fruit,chew,126
fruit,biting,127
fruit,biting,128
fruit,chewing,128
fruit,biting,129
fruit,chips,129
fruit,biting,130
fruit,satisfying,130
fruit,"biting,",131
fruit,tasting,131
fruit,bitting,132
fruit,breakfast,133
fruit,breaking,134
fruit,and,134
fruit,chewing,134
fruit,burping,135
fruit,carrot,136
fruit,cartoon,137
fruit,eating,137
fruit,cat,138
fruit,cat,139
fruit,eating,139
fruit,cat,140
fruit,licking,140
fruit,its,140
fruit,fur,140
fruit,cat,141
fruit,liking,141
fruit,cat,142
fruit,scratching,142
fruit,cham,143
fruit,mmm,143
fruit,chat,144
fruit,and,144
fruit,tea,144
fruit,chew,145
fruit,mimick,145
fruit,chewing,146
fruit,chewing,147
fruit,food,147
fruit,child,148
fruit,vocalization,148
fruit,chinese,149
fruit,chocking,150
fruit,chomp,151
fruit,chomp,152
fruit,chomp,152
fruit,lick,152
fruit,lips,152
fruit,chomp,153
fruit,hummmm,153
fruit,chompppp,154
fruit,mmmm,154
fruit,clacking,155
fruit,click,156
fruit,sounds,156
fruit,close,157
fruit,crewcrewmtmt,158
fruit,croak,159
fruit,crunching,160
fruit,crunching,161
fruit,and,161
fruit,smacking,161
fruit,crunching,162
fruit,sound,162
fruit,crunchy,163
fruit,crunchy,164
fruit,eating,164
fruit,crunchy,165
fruit,sandwhich,165
fruit,crushing,166
fruit,delicious,167
fruit,delicious,168
fruit,bite,168
fruit,delicious,169
fruit,dish,169
fruit,devour,170
fruit,devouring,171
fruit,something,171
fruit,dig,172
fruit,in!,172
fruit,disgusting,173
fruit,distrust,174
fruit,dog,175
fruit,eating,175
fruit,drink,176
fruit,drinking,177
fruit,drinking,178
fruit,a,178
fruit,shot,178
fruit,earing,179
fruit,eat,180
fruit,eat,181
fruit,something,181
fruit,tasty,181
fruit,"eat,",182
fruit,hungry,182
fruit,eating,183
fruit,eating,184
fruit,a,184
fruit,toast,184
fruit,eating,185
fruit,an,185
fruit,apple,185
fruit,eating,186
fruit,and,186
fruit,enjoying,186
fruit,eating,187
fruit,and,187
fruit,feeling,187
fruit,blessed,187
fruit,eating,188
fruit,apple,188
fruit,eating,189
fruit,crips,189
fruit,eating,190
fruit,food,190
fruit,eating,191
fruit,food,191
fruit,with,191
fruit,a,191
fruit,fork,191
fruit,or,191
fruit,spoon,191
fruit,eating,192
fruit,ice,192
fruit,cream,192
fruit,eating,193
fruit,something,193
fruit,eating,194
fruit,something,194
fruit,crunchy,194
fruit,eating,195
fruit,something,195
fruit,good,195
fruit,eating,196
fruit,something,196
fruit,wholesale,196
fruit,eating,197
fruit,sound,197
fruit,mmh,197
fruit,eating,198
fruit,sounds,198
fruit,enjoy,199
fruit,enjoy,200
fruit,something,200
fruit,to,200
fruit,eat,200
fruit,enjoying,201
fruit,,201
fruit,food,201
fruit,enjoying,202
fruit,a,202
fruit,bite,202
fruit,enjoying,203
fruit,big,203
fruit,bites,203
fruit,of,203
fruit,food,203
fruit,filthy,204
fruit,finished,205
fruit,food,206
fruit,frog,207
fruit,frog,208
fruit,catching,208
fruit,flies,208
fruit,furball,209
fruit,then,209
fruit,quiet,209
fruit,garden,210
fruit,geum...uummmm,211
fruit,ghaugh,212
fruit,mmmm,212
fruit,give,213
fruit,me,213
fruit,some,213
fruit,gobble,214
fruit,and,214
fruit,swallow,214
fruit,gobble,215
fruit,down,215
fruit,good,216
fruit,food,216
fruit,good,217
fruit,food,217
fruit,bite,217
fruit,goodbye,218
fruit,grab,219
fruit,a,219
fruit,bite,219
fruit,grateful,220
fruit,gratitude,221
fruit,followed,221
fruit,by,221
fruit,slurp,221
fruit,grunting,222
fruit,gulping,223
fruit,hawk,224
fruit,hello,225
fruit,hhraaau,226
fruit,hmmm,226
fruit,how,227
fruit,howmhm,228
fruit,hraap,229
fruit,mmhhmmmm,229
fruit,hrau,230
fruit,hrauu,230
fruit,mlamlamala,230
fruit,huge,231
fruit,bite,231
fruit,hunger,232
fruit,hungry,233
fruit,"hungry,",234
fruit,tasty,234
fruit,hunt,235
fruit,i,236
fruit,dont,236
fruit,know,236
fruit,inhale,237
fruit,jaujau,238
fruit,kefkeufauk,239
fruit,khau-kuau,240
fruit,mmm,240
fruit,khow,241
fruit,khow,241
fruit,kow,242
fruit,kow,242
fruit,click,242
fruit,kwep,243
fruit,kwep,243
fruit,tatuptup,243
fruit,kwowp,244
fruit,mmmmm,244
fruit,let's,245
fruit,eat,245
fruit,lick,246
fruit,licking,247
fruit,like,248
fruit,loud,249
fruit,chewing,249
fruit,loud,250
fruit,eating,250
fruit,make,251
fruit,fun,251
fruit,"man,",252
fruit,slurping,252
fruit,marmot,253
fruit,meal,254
fruit,time,254
fruit,mmmh,255
fruit,moaning,256
fruit,more,257
fruit,food,257
fruit,mouth,258
fruit,mouth,259
fruit,noises,259
fruit,munch,260
fruit,"munch,",261
fruit,satisfaction,261
fruit,munching,262
fruit,munching,263
fruit,on,263
fruit,food,263
fruit,mxmmxmmxm,264
fruit,nham,265
fruit,nham,265
fruit,nibbling,266
fruit,no,267
fruit,clue,267
fruit,open,268
fruit,something,268
fruit,opening,269
fruit,a,269
fruit,can,269
fruit,opening,270
fruit,a,270
fruit,drink,270
fruit,opening,271
fruit,and,271
fruit,eating,271
fruit,opening,272
fruit,and,272
fruit,slurping,272
fruit,opening,273
fruit,can,273
fruit,peeling,274
fruit,and,274
fruit,eating,274
fruit,pig,275
fruit,pig,276
fruit,eating,276
fruit,sound,276
fruit,pioup,277
fruit,mhhmm,277
fruit,playing,278
fruit,pleasure,279
fruit,pretend,280
fruit,to,280
fruit,bite,280
fruit,random,281
fruit,noises,281
fruit,rat,282
fruit,rau,283
fruit,hm,283
fruit,raub,284
fruit,hmmmm,284
fruit,receiving,285
fruit,and,285
fruit,eating,285
fruit,roar,286
fruit,and,286
fruit,satisfaction,286
fruit,satisfaction,287
fruit,satisfied,288
fruit,satisfied,289
fruit,gulp,289
fruit,satisfying,290
fruit,bite,290
fruit,savoring,291
fruit,savoring,292
fruit,a,292
fruit,bite,292
fruit,savoring,293
fruit,food,293
fruit,savoring,294
fruit,taste,294
fruit,savour,295
fruit,sclllhrpp,296
fruit,(like,296
fruit,licking),296
fruit,scratch,297
fruit,throat,297
fruit,sexual,298
fruit,sound,298
fruit,sickness,299
fruit,sip,300
fruit,sip,301
fruit,and,301
fruit,chew,301
fruit,sipping,302
fruit,slurp,303
fruit,slurping,304
fruit,slurping,305
fruit,pasta,305
fruit,smacking,306
fruit,smacking,307
fruit,teeth,307
fruit,snap,308
fruit,up,308
fruit,snapping,309
fruit,and,309
fruit,ripping,309
fruit,snore,310
fruit,someone,311
fruit,eating,311
fruit,something,312
fruit,eating,312
fruit,soothing,313
fruit,throat,313
fruit,sound,314
fruit,soup,315
fruit,speed,316
fruit,spittle,317
fruit,squirt,318
fruit,sucking,319
fruit,swallowing,320
fruit,"swallowing,",321
fruit,tasting,321
fruit,ta,322
fruit,and,322
fruit,drink,322
fruit,ta,323
fruit,flhec,323
fruit,ta,324
fruit,nxa,324
fruit,licking,324
fruit,sound,324
fruit,ta,325
fruit,plak,325
fruit,shium,325
fruit,ta,326
fruit,sluurp,326
fruit,"ta,",327
fruit,slurp,327
fruit,taaa,328
fruit,pssstt,328
fruit,tac,329
fruit,tac,330
fruit,shut,330
fruit,tack,331
fruit,tack,332
fruit,slurp,332
fruit,tact...,333
fruit,ushhhh,333
fruit,tah,334
fruit,pff,334
fruit,slurp,334
fruit,tah,335
fruit,slurp,335
fruit,tah,336
fruit,th,336
fruit,sh,336
fruit,shoo,336
fruit,"tah,",337
fruit,slurp,337
fruit,tahlum,338
fruit,tak,339
fruit,taking,340
fruit,a,340
fruit,bite,340
fruit,taktch,341
fruit,talk,342
fruit,and,342
fruit,drink,342
fruit,tasiuahtu,343
fruit,taste,344
fruit,tastes,345
fruit,good,345
fruit,tasting,346
fruit,tasting,347
fruit,food,347
fruit,tasty,348
fruit,tasty,349
fruit,food,349
fruit,tcho,350
fruit,tcho,350
fruit,,350
fruit,ttttt,350
fruit,tearing,351
fruit,pieces,351
fruit,eating,351
fruit,thank,352
fruit,you,352
fruit,thank,353
fruit,you,353
fruit,delicious,353
fruit,"thanks,",354
fruit,eat,354
fruit,that,355
fruit,thirsty,356
fruit,tiger,357
fruit,time,358
fruit,to,358
fruit,eat,358
fruit,to,359
fruit,suck,359
fruit,try,360
fruit,it,360
fruit,warm,361
fruit,weird,362
fruit,combination,362
fruit,wierd,363
fruit,sound,363
fruit,yakyakayak,364
fruit,yummy,365
fruit,yummy,366
fruit,bite,366
fruit,yummy,367
fruit,thanks,367
fruit,NA,368
gather,"""azali""",1
gather,adult,2
gather,alali,3
gather,aley-aley,4
gather,stick,4
gather,stick,4
gather,plock,4
gather,plock,4
gather,ali,5
gather,ali,5
gather,sneak,5
gather,here,5
gather,ali,6
gather,ali,6
gather,stick,6
gather,on,6
gather,it,6
gather,ali,7
gather,"ali,",7
gather,stick,7
gather,stick,7
gather,plop,7
gather,plop,7
gather,"ali,",8
gather,"ali,",8
gather,"stick,",8
gather,"stick,",8
gather,"crop,",8
gather,crop,8
gather,(no,8
gather,idea),8
gather,aliali,9
gather,sneak,9
gather,sneak,9
gather,allahli,10
gather,allis,11
gather,allis,11
gather,pic,11
gather,pac,11
gather,pac,11
gather,amazon,12
gather,and,13
gather,then,13
gather,he,13
gather,annoyed,14
gather,annoying,15
gather,sound,15
gather,asali,16
gather,attention,17
gather,seeking,17
gather,azaleh,18
gather,azali,19
gather,beat,20
gather,badoo,21
gather,badoo,21
gather,bird,22
gather,flying,22
gather,away,22
gather,bored,23
gather,boredom,24
gather,"bread,",25
gather,"bread,",25
gather,bread,25
gather,breaking,26
gather,to,26
gather,song,26
gather,broken,27
gather,bicycle,27
gather,calling,28
gather,name,28
gather,calling,29
gather,someone,29
gather,chinese,30
gather,click,31
gather,come,32
gather,here,32
gather,come,33
gather,here?,33
gather,calling,33
gather,come,34
gather,to,34
gather,me,34
gather,confirmation,35
gather,don't,36
gather,know,36
gather,discontent,37
gather,dripping,38
gather,drunk,39
gather,man,39
gather,drunken,40
gather,man,40
gather,eli,41
gather,shick,41
gather,endearment,42
gather,excited,43
gather,fast,44
gather,talk,44
gather,female,45
gather,,45
gather,spit,45
gather,female,46
gather,ali,46
gather,ali,46
gather,found,47
gather,over,47
gather,there,47
gather,frustration,48
gather,funny,49
gather,gaining,50
gather,attention,50
gather,giving,51
gather,an,51
gather,order,51
gather,in,51
gather,french,51
gather,go,52
gather,down,52
gather,stairs,52
gather,goofy,53
gather,greeting,54
gather,guru,55
gather,guru,55
gather,guru,55
gather,happy,56
gather,"here,",57
gather,here,57
gather,horse,58
gather,horse,59
gather,running,59
gather,how,60
gather,are,60
gather,you,60
gather,hum,61
gather,humming,62
gather,hurry,63
gather,hurry,64
gather,up,64
gather,i,65
gather,apologize,65
gather,i,66
gather,love,66
gather,you,66
gather,im,67
gather,going,67
gather,to,67
gather,leave,67
gather,indian,68
gather,indifferent,69
gather,i’m,70
gather,sick,70
gather,jungle,71
gather,just,72
gather,like,72
gather,that,72
gather,let,73
gather,me,73
gather,think,73
gather,lets,74
gather,go,74
gather,light,75
gather,beat,75
gather,like,76
gather,french,76
gather,sound,76
gather,look,77
gather,there,77
gather,male,78
gather,strange,78
gather,sounds,78
gather,movement,79
gather,mumbling,80
gather,mumbling,81
gather,sound,81
gather,musical,82
gather,scale,82
gather,practice,82
gather,no,83
gather,way,83
gather,nonsense,84
gather,not,85
gather,sure,85
gather,oh,86
gather,no,86
gather,or,86
gather,oh,86
gather,my,86
gather,gosh,86
gather,otherwise,87
gather,over,88
gather,there,88
gather,parup,89
gather,peace,90
gather,placing,91
gather,thing,91
gather,playful,92
gather,please,93
gather,pointing,94
gather,an,94
gather,object,94
gather,pointing,95
gather,something,95
gather,poodoom,96
gather,poodom,96
gather,pouring,97
gather,sauce,97
gather,praising,98
gather,proverb,99
gather,rhythm,100
gather,raindrop,101
gather,read,102
gather,replying,103
gather,to,103
gather,a,103
gather,comment,103
gather,sad,104
gather,sad,105
gather,sound,105
gather,sadness,106
gather,sing,107
gather,singing,108
gather,singing,109
gather,sound,109
gather,siren,110
gather,wailing,110
gather,sleepiness,111
gather,sleeptalking,112
gather,sleepy,113
gather,slow,114
gather,something,115
gather,is,115
gather,hoping,115
gather,song,116
gather,"song,",117
gather,jazz,117
gather,spanish,118
gather,speaking,119
gather,speaking,120
gather,a,120
gather,native,120
gather,language,120
gather,strange,121
gather,dialect,121
gather,strange,122
gather,sound,122
gather,surprise,123
gather,surprised,124
gather,talk,125
gather,talking,126
gather,talk,127
gather,talking,128
gather,tip,129
gather,tired,130
gather,ugly,131
gather,underneath,132
gather,unknown,133
gather,vocalizing,134
gather,waiting,135
gather,waking,136
gather,someone,136
gather,walking,137
gather,war,138
gather,cry,138
gather,warning,139
gather,watch,140
gather,out,140
gather,water,141
gather,something(example:,141
gather,plants),141
gather,weird,142
gather,dialect,142
gather,weird,143
gather,sound,143
gather,well,144
gather,well,144
gather,well,144
gather,yes,145
gather,i,145
gather,undertand,145
gather,a,146
gather,la,146
gather,li,146
gather,adalee,147
gather,adalid,148
gather,adolii,149
gather,adoni,150
gather,adult,151
gather,talking,151
gather,child,151
gather,adults,152
gather,talking,152
gather,child,152
gather,agreed,153
gather,agrreing,154
gather,ahlahlee,155
gather,ahlee,156
gather,ahlee,156
gather,steek,156
gather,steek,156
gather,prock,156
gather,prock,156
gather,aiaisiksikpokpok,157
gather,alali,158
gather,alalii,159
gather,ale,160
gather,ale,160
gather,shi,160
gather,shi,160
gather,to,160
gather,to,160
gather,aleluia,161
gather,alert,162
gather,alerta,163
gather,alerting,164
gather,alerting,165
gather,someone,165
gather,ali,166
gather,ali,166
gather,ali,167
gather,ali,167
gather,bloc,167
gather,ali,168
gather,ali,168
gather,six,168
gather,oclcok,168
gather,ali,169
gather,ali,169
gather,snick,169
gather,snick,169
gather,block,169
gather,block,169
gather,ali,170
gather,ali,170
gather,snuksnik,170
gather,dopdop,170
gather,ali,171
gather,ali,171
gather,stick,171
gather,ali,172
gather,ali,172
gather,stick,172
gather,stick,172
gather,plok,172
gather,ali,173
gather,ali,173
gather,stick,173
gather,stick,173
gather,ploplo,173
gather,ali,174
gather,ali,174
gather,stick,174
gather,stick,174
gather,pow,174
gather,ali,175
gather,ali,175
gather,stik,175
gather,stik,175
gather,plo,175
gather,plock,175
gather,ali,176
gather,ali,176
gather,tss,176
gather,tss,176
gather,tock,176
gather,tock,176
gather,ali,177
gather,oli,177
gather,sticty,177
gather,propo,177
gather,alien,178
gather,language,178
gather,alili,179
gather,stik,179
gather,stik,179
gather,poc,179
gather,poc,179
gather,allaalee,180
gather,allyallly,181
gather,histikblokblok,181
gather,an,182
gather,alien,182
gather,word,182
gather,animal,183
gather,another,184
gather,language,184
gather,arab,185
gather,argument,186
gather,asali,187
gather,asking,188
gather,a,188
gather,question,188
gather,attention,189
gather,attracting,190
gather,attention,190
gather,aza,191
gather,lee,191
gather,azaaliee,192
gather,azale,193
gather,azalea,194
gather,azalee,195
gather,azali,196
gather,azalie,197
gather,azaly,198
gather,babbling,199
gather,baby,200
gather,badop,201
gather,badop,201
gather,badop,201
gather,bazar,202
gather,be,203
gather,careful,203
gather,beatboxing,204
gather,bedo,205
gather,bedo,205
gather,bedo,205
gather,being,206
gather,playful,206
gather,biddup,207
gather,biddup,207
gather,biddup,207
gather,bidet,208
gather,bidock,209
gather,bidock,209
gather,bidock,209
gather,bidoo,210
gather,bird,211
gather,:d,211
gather,bird,212
gather,talking,212
gather,birds,213
gather,sound,213
gather,blabber,214
gather,bored,215
gather,boredom,216
gather,bounce,217
gather,bouroup,218
gather,bouroup,218
gather,bru,219
gather,bru,219
gather,bru,219
gather,bubbles,220
gather,bubbly,221
gather,budoo,222
gather,budoo,222
gather,budukbudukbuduk,223
gather,budup,224
gather,budup,224
gather,budup,224
gather,burden,225
gather,but,226
gather,call,227
gather,call,228
gather,atention,228
gather,call,229
gather,someone,229
gather,calling,230
gather,calling,231
gather,name,231
gather,calling,232
gather,out,232
gather,calling,233
gather,someone,233
gather,calorie,234
gather,caring,235
gather,call,235
gather,celebration,236
gather,chant,237
gather,chicken,238
gather,chicken,239
gather,sounds,239
gather,child,240
gather,child,241
gather,playing,241
gather,chinese,242
gather,woman,242
gather,come,243
gather,come,244
gather,ali,244
gather,ali,244
gather,come,245
gather,closer,245
gather,come,246
gather,here,246
gather,come,247
gather,on,247
gather,come,248
gather,"on,",248
gather,let's,248
gather,go,248
gather,complain,249
gather,concern,250
gather,crazy,251
gather,dance,252
gather,rythm,252
gather,dancing,253
gather,daydream,254
gather,directing,255
gather,attention,255
gather,distracted,256
gather,singing,256
gather,do,257
gather,bado,257
gather,bado,257
gather,do,258
gather,i,258
gather,have,258
gather,to?,258
gather,do,259
gather,know,259
gather,doing,260
gather,nails,260
gather,don't,261
gather,know,261
gather,don't,262
gather,move,262
gather,dont,263
gather,know,263
gather,doop,264
gather,bedoop,264
gather,peddoop,264
gather,doreign,265
gather,language,265
gather,drawing,266
gather,attention,266
gather,drawn,267
gather,out,267
gather,sigh,267
gather,dress,268
gather,dripping,269
gather,drops,270
gather,of,270
gather,water,270
gather,drums,271
gather,drunk,272
gather,dull,273
gather,dupadupadup,274
gather,dupduppedup,275
gather,ellee,276
gather,ellee,276
gather,tock,276
gather,(gibberish),276
gather,excited,277
gather,excitement,278
gather,fall,279
gather,down,279
gather,fatigue,280
gather,feeding,281
gather,chickens,281
gather,footsteps,282
gather,french,283
gather,french,284
gather,people,284
gather,running,284
gather,friend,285
gather,frog,286
gather,"frustrated,",287
gather,give,287
gather,up,287
gather,galloping,288
gather,get,289
gather,me,289
gather,that,289
gather,gibberish,290
gather,girl,291
gather,giving,292
gather,the,292
gather,time,292
gather,glycerine,293
gather,going,294
gather,down,294
gather,good,295
gather,morning,295
gather,goodbye,296
gather,grab,297
gather,attention,297
gather,greeting,298
gather,"greeting,",299
gather,welcome,299
gather,groan,300
gather,gulping,301
gather,happiness,302
gather,happy,303
gather,happy,304
gather,jumping,304
gather,happy,305
gather,walking,305
gather,hello,306
gather,here,307
gather,hey,308
gather,listen,308
gather,hey,309
gather,you,309
gather,hopping,310
gather,horn,311
gather,hum,312
gather,humming,313
gather,hurry,314
gather,now,314
gather,hurry,315
gather,up,315
gather,i,316
gather,believe,316
gather,i,317
gather,dont,317
gather,know,317
gather,i,318
gather,love,318
gather,you,318
gather,i,319
gather,want,319
gather,imitation,320
gather,of,320
gather,arabian,320
gather,imitation,321
gather,of,321
gather,someone,321
gather,walking,321
gather,impatience,322
gather,impersonating,323
gather,improvisation,324
gather,incite,325
gather,indian,326
gather,english,326
gather,invitation,327
gather,is,328
gather,not,328
gather,here,328
gather,its,329
gather,right,329
gather,there,329
gather,jump,330
gather,jumping,331
gather,along,331
gather,just,332
gather,go,332
gather,along,332
gather,kid,333
gather,kudulee,334
gather,laugh,335
gather,lazy,336
gather,leak,337
gather,let's,338
gather,go,338
gather,look,339
gather,in,339
gather,there,339
gather,look,340
gather,out,340
gather,loud,341
gather,excessive,341
gather,noise,341
gather,making,342
gather,sounds,342
gather,man,343
gather,meander,344
gather,mimic,345
gather,mouth,346
gather,sounds,346
gather,moving,347
gather,on,347
gather,mumble,348
gather,mumble,349
gather,after,349
gather,sleep,349
gather,mumbling,350
gather,muppet,351
gather,music,352
gather,name,353
gather,natalie,354
gather,nervous,355
gather,no,356
gather,clue,356
gather,no,357
gather,idea,357
gather,not,358
gather,interested,358
gather,oh,359
gather,my,359
gather,god,359
gather,okay,360
gather,otherly,361
gather,over,362
gather,there,362
gather,pad,363
gather,dup,363
gather,padup,363
gather,padup,363
gather,padooh,364
gather,padooh,364
gather,padooh,364
gather,padu?,365
gather,paru,366
gather,paru,366
gather,paru,366
gather,parup,367
gather,parup,367
gather,parup,367
gather,passing,368
gather,time,368
gather,perhaps,369
gather,permission,370
gather,phrase,371
gather,pink,372
gather,panther,372
gather,playing,373
gather,a,373
gather,beat,373
gather,please,374
gather,please,375
gather,leave,375
gather,positive,376
gather,conversation,376
gather,pour,377
gather,pozoli,378
gather,primitive,379
gather,alien,379
gather,comunication,379
gather,pruprurp,380
gather,pulse,381
gather,question,382
gather,rain,383
gather,rain,384
gather,drop,384
gather,rain,385
gather,drops,385
gather,random,386
gather,noise,386
gather,relieved,387
gather,repetition,388
gather,resignation,389
gather,rhyme,390
gather,rhythmic,391
gather,badoop,391
gather,roaming,392
gather,happily,392
gather,run,393
gather,rythm,394
gather,saying,395
gather,-,395
gather,run,395
gather,sesame,396
gather,street,396
gather,set,397
gather,a,397
gather,date,397
gather,shouting,398
gather,showing,399
gather,someting,399
gather,signing,400
gather,at,400
gather,something,400
gather,simple,401
gather,vocalism,401
gather,sing,402
gather,singing,403
gather,singing,404
gather,ritms,404
gather,skipping,405
gather,sleep,406
gather,sleep,407
gather,talk,407
gather,sleep,408
gather,talking,408
gather,sleepiness,409
gather,sleeping,410
gather,sleepy,411
gather,sleepy,412
gather,mumbling,412
gather,slowly,413
gather,slur,414
gather,slurring,415
gather,sneaking,416
gather,sorry,417
gather,sound,418
gather,sound,419
gather,effects,419
gather,spaced,420
gather,jazz,420
gather,beat,420
gather,speak,421
gather,speaking,422
gather,speaking,423
gather,other,423
gather,language,423
gather,step,424
gather,lightly,424
gather,steps,425
gather,surprise,426
gather,take,427
gather,care,427
gather,taking,428
gather,a,428
gather,stroll,428
gather,talk,429
gather,talking,430
gather,talking,431
gather,fish,431
gather,talking,432
gather,to,432
gather,someone,432
gather,teach,433
gather,that,434
gather,was,434
gather,me,434
gather,there,435
gather,there!,436
gather,go,436
gather,this,437
gather,one,437
gather,tic,438
gather,toc,438
gather,tired,439
gather,tiredness,440
gather,to,441
gather,incite,441
gather,to,442
gather,ro,442
gather,to,443
gather,rush,443
gather,tu...peru...peru,444
gather,tuprupbru,445
gather,turu,446
gather,turu,446
gather,duru,446
gather,uh,447
gather,uh,447
gather,lee,447
gather,unsure,448
gather,upset,449
gather,vocal,450
gather,stimming,450
gather,waiting,451
gather,walk,452
gather,walk,453
gather,slow,453
gather,walking,454
gather,walking,455
gather,downstairs,455
gather,walking,456
gather,sound,456
gather,warning,457
gather,of,457
gather,danger,457
gather,water,458
gather,water,459
gather,dripping,459
gather,water,460
gather,drops,460
gather,welcome,461
gather,whisper,462
gather,woman,463
gather,word,464
gather,noises,464
gather,NA,465
good,"""ta-dah""",1
good,aaaaa,2
good,acheivement,3
good,achievement,4
good,acknowledge,5
good,agree,6
good,agreeance,7
good,agreeing,8
good,ahhh,9
good,angelical,10
good,choir,10
good,appreciation,11
good,approvation,12
good,arousal,13
good,"awe,",14
good,light,14
good,crying,15
good,clerical,16
good,sound,16
good,contemplating,17
good,delicious,18
good,delight,19
good,drowsy,20
good,"enjoyment,",21
good,pleasantness,21
good,excited,22
good,humming,22
good,exclamation,23
good,or,23
good,seeking,23
good,attention,23
good,figured,24
good,something,24
good,out/achieved,24
good,something,24
good,find,25
good,finding,26
good,something,26
good,out,26
good,get,27
good,in,27
good,tune,27
good,good,28
good,taste,28
good,great,29
good,hehee,30
good,ha,31
good,haaa,31
good,happiness,32
good,happy,33
good,"happy,",34
good,"trumpet,",34
good,success,34
good,happyness,35
good,here,36
good,you,36
good,go,36
good,hmm,37
good,hmmm,38
good,holy,39
good,huh,40
good,huuuh,40
good,humming,41
good,hunh,42
good,hunhh,42
good,i,43
good,agree,43
good,i,44
good,am,44
good,happy,44
good,i,45
good,did,45
good,something!,45
good,i,46
good,finally,46
good,understand,46
good,i,47
good,get,47
good,it.,47
good,i,48
good,got,48
good,it,48
good,i,49
good,have,49
good,an,49
good,idea!,49
good,i,50
good,see,50
good,i,51
good,understand,51
good,i,52
good,won,52
good,i'm,53
good,here,53
good,i'm,54
good,sure,54
good,inarticulate,55
good,,55
good,high,55
good,sounds,55
good,ingenuity,56
good,interesting,57
good,joking,58
good,around,58
good,light,59
good,like,60
good,likes,61
good,it,61
good,listening,62
good,unpleasant,62
good,comment,62
good,look,63
good,what,63
good,i,63
good,have,63
good,lying,64
good,mmm,65
good,majestic,66
good,man,67
good,singing,67
good,manly,68
good,wail,68
good,miracle,69
good,mmm,70
good,mmmmm,71
good,satisfaction,71
good,moaning,72
good,music,73
good,not,74
good,convinced,74
good,ooooooh~,75
good,opera,76
good,opera,77
good,wannabe,77
good,playful,78
good,pleasure,79
good,realization,80
good,sing,81
good,sound,82
good,satisfied,83
good,serious,84
good,sigh,85
good,sing,86
good,singer,87
good,singing,88
good,singing,89
good,",",89
good,devine,89
good,singing,90
good,opera,90
good,"singing,",91
good,music,91
good,snoring,92
good,strech,93
good,suggestion,94
good,surprise,95
good,ta,96
good,da,96
good,ta-da,97
good,ta-da!,98
good,here,98
good,it,98
good,is,98
good,taadaa,99
good,tasty,100
good,testing,101
good,her,101
good,voice,101
good,that’s,102
good,right,102
good,thinking,103
good,tone,104
good,triumphant,105
good,ummm,106
good,it's,106
good,seems,106
good,ok,106
good,understood,107
good,vocalizing,108
good,what,109
good,women’s,110
good,sigh,110
good,yeah,111
good,yes,112
good,"yum,",113
good,delicious,113
good,aaahhhh...,114
good,calling,114
good,aaahhhhhh,115
good,achievement,116
good,acomplishment,117
good,acomplisment,118
good,acute,119
good,admiration,120
good,admire,121
good,adults,122
good,singing,122
good,affirmation,123
good,agree,124
good,agreeing,125
good,agreement,126
good,ah,127
good,ah,127
good,ah...aahhmmm!,128
good,amazement,129
good,amazing,130
good,ammjajaja,131
good,angel,132
good,angelic,133
good,singing,133
good,angelic,134
good,voice,134
good,announcement,135
good,annoying,136
good,anthem,137
good,approving,138
good,arriving,139
good,artistic,140
good,expression,140
good,astonishment,141
good,award,142
good,aware,143
good,awe,144
good,baaaaaaaah,145
good,beach,146
good,birthday,147
good,calm,148
good,down,148
good,captain,149
good,of,149
good,the,149
good,caribean,149
good,cheering,150
good,up,150
good,chilling,151
good,chocolate,152
good,choir,153
good,clearing,154
good,throat,154
good,concern,155
good,congratulations,156
good,consent,157
good,correct,158
good,cozy,159
good,feelings,159
good,dada!,160
good,deep,161
good,sigh,161
good,delight,162
good,disbelief,163
good,discovery,164
good,"discovery,",165
good,comprehension,165
good,dismissive,166
good,divine,167
good,dont,168
good,know,168
good,doorbell,169
good,eating,170
good,end,171
good,result,171
good,enjoy,172
good,shower,172
good,"enjoy,",173
good,relish,173
good,enjoying,174
good,enlightened,175
good,epiphany,176
good,eureka,177
good,excited,178
good,exited,179
good,fanfare,180
good,female,181
good,singing,181
good,find,182
good,solution,182
good,flowing,183
good,water,183
good,food,184
good,found,185
good,it!,185
good,get,186
good,an,186
good,idea,186
good,gift,187
good,glory,188
good,good,189
good,mood,189
good,got,190
good,it,190
good,grand,191
good,introduction,191
good,ha,192
good,haaah!,192
good,ha,193
good,haa,193
good,ha,194
good,hhhaaa,194
good,haaaa,195
good,haahaaa,196
good,happiness,197
good,happy,198
good,happy,199
good,and,199
good,amused,199
good,happy,200
good,man,200
good,happy,201
good,work,201
good,traveling,201
good,harmonize,202
good,harmony,203
good,he,204
good,haaaa,204
good,hello,205
good,here,206
good,it,206
good,is,206
good,heureka,207
good,high,208
good,high,209
good,pitch,209
good,sound,209
good,high,210
good,pitched,210
good,singing,210
good,hmm,211
good,hmmm,212
good,hmmmmm,213
good,hohow,214
good,holiness,215
good,holy,216
good,howhow,217
good,howling,218
good,hu,219
good,huhhhh,219
good,hu-ham,220
good,huh,221
good,huh,221
good,huh,222
good,huuuh,222
good,huhhu,223
good,sound,223
good,hum,224
good,hum,225
good,in,225
good,agreement,225
good,hum,226
good,of,226
good,success,226
good,humming,227
good,humming,228
good,a,228
good,tune,228
good,i,229
good,am,229
good,here,229
good,i,230
good,got,230
good,it,230
good,i,231
good,see,231
good,i,232
good,understand,232
good,idea,233
good,ilumunation,234
good,impressive,235
good,"interest,",236
good,want,236
good,interrogation,237
good,sound,237
good,joy,238
good,kawl,239
good,lament,240
good,laughing,241
good,laughter,242
good,lazy,243
good,response,243
good,light,244
good,like,245
good,ta-daa!,245
good,liking,246
good,listen,247
good,listening,248
good,love,249
good,man,250
good,singing,250
good,melodic,251
good,entuation,251
good,mhh,252
good,mhm,253
good,mhmmhm,254
good,mihhhhh,255
good,miraculous,256
good,realisation,256
good,mmh,257
good,mmm,258
good,mmmhm,259
good,mmmm,260
good,mmmmhhh,261
good,mmmmm,262
good,moan,263
good,moaning,264
good,moans,265
good,movie,266
good,nice,267
good,nod,268
good,nodding,269
good,now,270
good,i,270
good,know,270
good,oh,271
good,yeah,271
good,ohhhhh,272
good,oooh,273
good,(singing,273
good,voice),273
good,ooohhhhh,274
good,ooooohhhh-oohh,275
good,ooooooooo,276
good,opera,277
good,opra,278
good,pain,279
good,paw,280
good,performing,281
good,opera,281
good,pleased,282
good,pleasent,283
good,pleasure,284
good,pooohuhn,285
good,presentation,286
good,presenting,287
good,something,287
good,pride,288
good,pronouncement,289
good,questioning,290
good,realization,291
good,relaxing,292
good,respond,293
good,sleepily,293
good,reveal,294
good,revealing,295
good,revelation,296
good,ringing,297
good,royal,298
good,sacred,299
good,sarcastic,300
good,'right',300
good,satisfaction,301
good,satisfaing,302
good,satisfied,303
good,satisfy,304
good,saying,305
good,-,305
good,hm,305
good,see,306
good,here,306
good,sheep,307
good,sigh,308
good,sing,309
good,singer,310
good,singing,311
good,singing,312
good,aaah,312
good,singing,313
good,han,313
good,hann,313
good,singing,314
good,notes,314
good,singing,315
good,sound,315
good,sleep,316
good,sleep,317
good,talk,317
good,sleep,318
good,talking,318
good,sleeping,319
good,snort,320
good,solution,321
good,found,321
good,something,322
good,hot,322
good,song,323
good,suddenly,324
good,surprise,325
good,surprise!,326
good,ta,327
good,da,327
good,ta,328
good,daa,328
good,tada,329
good,tasting,330
good,tasty,331
good,think,332
good,thinking,333
good,thought,334
good,treasure,335
good,triumph,336
good,triumphant,337
good,trumpet,338
good,ttttttaaaaaahhh,339
good,tune,340
good,uh,341
good,uhm,341
good,uhm,342
good,uhuhhhh,343
good,understand,344
good,understanding,345
good,understanding,346
good,something,346
good,understaning,347
good,victory,348
good,vocal,349
good,lessons,349
good,vocalize,350
good,vocalizing,351
good,voice,352
good,check,352
good,wait,353
good,warm,354
good,warming,355
good,up,355
good,vocal,355
good,cords,355
good,during,355
good,singing,355
good,practice,355
good,weird,356
good,hum,356
good,welcome,357
good,well,358
good,done,358
good,what,359
good,what?,360
good,"winning,",361
good,victory,361
good,woman,362
good,hmmm,362
good,woman,363
good,liking,363
good,someting,363
good,woman,364
good,singing,364
good,wonder,365
good,yes,366
good,you,367
good,got,367
good,it,367
good,you,368
good,there?,368
good,you're,369
good,right,369
good,yum,370
good,yummy,371
good,ãnh,372
good,ãnh,372
good,NA,373
hide,*gasp*,1
hide,mmmmm...,1
hide,:o,2
hide,uh,2
hide,aaah,3
hide,alert,4
hide,amazing,5
hide,amuzed,6
hide,sound,6
hide,ashhh,7
hide,asmr,8
hide,be,9
hide,quiet,9
hide,be,10
hide,quite,10
hide,crying,11
hide,call,12
hide,control,13
hide,the,13
hide,cry,13
hide,cry,14
hide,crying,15
hide,discomfort,16
hide,dislike,17
hide,don't,18
hide,believe,18
hide,engine,19
hide,start,19
hide,fast,20
hide,fear,21
hide,fright,22
hide,frustrated,23
hide,fusshh,24
hide,gasp,25
hide,"gasp,",26
hide,"shock,",26
hide,surprise,26
hide,gasping,27
hide,grasping,28
hide,ha!,29
hide,huh,30
hide,hush,31
hide,hushing,32
hide,someone,32
hide,i'm,33
hide,afraid,33
hide,i'm,34
hide,scared,34
hide,i’m,35
hide,scared,35
hide,keep,36
hide,quit,36
hide,male,37
hide,suprise,37
hide,,37
hide,sounds,37
hide,maybe,38
hide,men’s,39
hide,inarticulate,39
hide,,39
hide,sounds,39
hide,mouth,40
hide,no,41
hide,way,41
hide,ocean,42
hide,oh,43
hide,no!,43
hide,oh,44
hide,"no,",44
hide,"sugar,",44
hide,drat,44
hide,ohhh,45
hide,huuu,45
hide,oshe,46
hide,piller,47
hide,push,48
hide,quiet,49
hide,shock,50
hide,shush,51
hide,shut,52
hide,up,52
hide,sigh,53
hide,sad,54
hide,scared,55
hide,"scared,",56
hide,crying,56
hide,"scared,",57
hide,worried,57
hide,secret,58
hide,sharp,59
hide,inhale,59
hide,shh,60
hide,shock,61
hide,shock,62
hide,and,62
hide,fear,62
hide,shock,63
hide,and,63
hide,fear,63
hide,shocked,64
hide,shocked,65
hide,scared,65
hide,shook,66
hide,shoosh,67
hide,shooshing,68
hide,shushing,69
hide,sighing,70
hide,silence,71
hide,silence,72
hide,instruction,72
hide,sobbing,73
hide,something,74
hide,passing,74
hide,,74
hide,by,74
hide,sound,75
hide,of,75
hide,surprise,75
hide,or,75
hide,shock,75
hide,"speed,",76
hide,fast,76
hide,surprise,77
hide,surprise,78
hide,and,78
hide,fear,78
hide,surprised,79
hide,suspire,80
hide,swoop,81
hide,swoosh,82
hide,taken,83
hide,aback,83
hide,waking,84
hide,up,84
hide,from,84
hide,a,84
hide,bad,84
hide,dream,84
hide,whisper,85
hide,whispering,86
hide,whoosh,87
hide,women’s,88
hide,oshiii,88
hide,woosh,89
hide,yes,90
hide,yoga,91
hide,aaaaa,92
hide,aaaaahhhh,93
hide,aah,94
hide,aahhhh!,95
hide,admired,96
hide,adults,97
hide,talking,97
hide,child,97
hide,affraid,98
hide,afraid,99
hide,aghhumm,100
hide,ah,101
hide,hummmm,101
hide,ah,102
hide,mmhhhhh,102
hide,aham,103
hide,ahemmmm,104
hide,ahhh,105
hide,ahmmmm,106
hide,air,107
hide,punch,107
hide,air,108
hide,swoosh,108
hide,alerted,109
hide,and,109
hide,accepting,109
hide,amazed,110
hide,amazement,111
hide,angry,112
hide,animal,113
hide,animal,114
hide,sound,114
hide,annoyed,115
hide,answer,116
hide,asking,117
hide,for,117
hide,silence,117
hide,astonished,118
hide,awe,119
hide,be,120
hide,cautious,120
hide,be,121
hide,gone,121
hide,be,122
hide,quiet,122
hide,bee,123
hide,bee,124
hide,sound,124
hide,being,125
hide,scared,125
hide,being,126
hide,shocked,126
hide,being,127
hide,upset,127
hide,big,128
hide,surprise,128
hide,blow,129
hide,breath,130
hide,breathing,131
hide,breathing,132
hide,in,132
hide,bullshit,133
hide,can,134
hide,of,134
hide,soda,134
hide,chanting,135
hide,come,136
hide,here,136
hide,crash,137
hide,cry,138
hide,crying,139
hide,cshhh,140
hide,danger,141
hide,disapointment,142
hide,disbelief,143
hide,disgusting,144
hide,distress,145
hide,dog,146
hide,don't,147
hide,know,147
hide,donkey,148
hide,dont,149
hide,know,149
hide,draw,150
hide,attention,150
hide,effort,151
hide,"""ha""",151
hide,excited,152
hide,shock,152
hide,exhale,153
hide,air,153
hide,expressing,154
hide,astonishment,154
hide,expressing,155
hide,shock,155
hide,fast,156
hide,fast,157
hide,car,157
hide,fear,158
hide,fearful,159
hide,gasp,159
hide,hum,159
hide,freight,160
hide,fright,161
hide,frightened,162
hide,gasp,163
hide,gasp,164
hide,emmmmmmm,164
hide,gasp,165
hide,in,165
hide,fear,165
hide,gasp,166
hide,mmmmmm,166
hide,"gasp,",167
hide,then,167
hide,afraid,167
hide,gasp/scared,168
hide,gasped,169
hide,gasping,170
hide,getting,171
hide,startled,171
hide,go,172
hide,away,172
hide,going,173
hide,away,173
hide,gorge,174
hide,got,175
hide,scared,175
hide,gssshhh,176
hide,gust,177
hide,ha,178
hide,hmmmmm,178
hide,haammmm,179
hide,hammm,180
hide,hha,181
hide,hhhaaa,182
hide,hiccups,183
hide,hick,184
hide,up,184
hide,hint,185
hide,of,185
hide,crying,185
hide,hiss,186
hide,hit,187
hide,hold,188
hide,breath,188
hide,hooooshh,189
hide,horror,190
hide,hoshh,191
hide,how,192
hide,huffing,193
hide,huge,194
hide,bite,194
hide,huh,195
hide,humming,196
hide,hurry,197
hide,hush,198
hide,hushing,199
hide,huu-ha,200
hide,huuh,201
hide,hwaah,202
hide,i,203
hide,dont,203
hide,know,203
hide,i,204
hide,know,204
hide,i'm,205
hide,scared,205
hide,imperative,206
hide,inhale,207
hide,keep,208
hide,quiet,208
hide,kiss,209
hide,kwashhh,210
hide,lament,211
hide,look,212
hide,here,212
hide,loud,213
hide,sadness,213
hide,man,214
hide,meditation,215
hide,mild,216
hide,shock,216
hide,move,217
hide,mrraaaaahhhh,218
hide,mhh,218
hide,murrr,219
hide,mute,220
hide,nudge,221
hide,oh,222
hide,no,222
hide,oh,223
hide,she,223
hide,ooh,224
hide,hmm,224
hide,opening,225
hide,bottle,225
hide,osh,226
hide,oshhh,227
hide,oshhsss,228
hide,osshhh,229
hide,pig,230
hide,purr,231
hide,push,232
hide,quiet,233
hide,remembered,234
hide,forgotten,234
hide,item,234
hide,roar,235
hide,mmm,235
hide,sad,236
hide,sarcastic,237
hide,sympathy,237
hide,scare,238
hide,scared,239
hide,scared,240
hide,gasp,240
hide,scared,241
hide,mimic,241
hide,scared,242
hide,person,242
hide,scary,243
hide,seeing,244
hide,something,244
hide,scary,244
hide,sharp,245
hide,intake,245
hide,shhh,246
hide,shhshing,247
hide,someone,247
hide,shock,248
hide,shock,249
hide,then,249
hide,refusal,249
hide,shocked,250
hide,shocked,251
hide,becomes,251
hide,impared,251
hide,shooing,252
hide,shush,253
hide,shut,254
hide,up,254
hide,sigh,255
hide,sighs,256
hide,silence,257
hide,silence,258
hide,psss,258
hide,"silence,",259
hide,annoyed,259
hide,silencing,260
hide,silencing,261
hide,someone,261
hide,slash,262
hide,slashing,263
hide,sleep,264
hide,sneeze,265
hide,sneezing,266
hide,snore,267
hide,speak,268
hide,softly,268
hide,"splash,",269
hide,windy,269
hide,splashing,270
hide,squashing,271
hide,startled,272
hide,startling,273
hide,stealing,274
hide,suffering,275
hide,suprise,276
hide,suprised,277
hide,negatvity,277
hide,surprise,278
hide,surprise,279
hide,and,279
hide,fear,279
hide,surprise,280
hide,pain,280
hide,"surprise,",281
hide,calm,281
hide,surprised,282
hide,surprised,283
hide,doubt,283
hide,surprised,284
hide,gasp,284
hide,surprised,285
hide,or,285
hide,shocked,285
hide,surprised,286
hide,scared,286
hide,sush,287
hide,sound,287
hide,swearing,288
hide,sweep,289
hide,swinging,290
hide,something,290
hide,sword,291
hide,swing,291
hide,taken,292
hide,aback,292
hide,taking,293
hide,deep,293
hide,breathe,293
hide,throw,294
hide,to,295
hide,dive,295
hide,train,296
hide,ugah-hhhhhng,297
hide,uh,298
hide,hmmmmmmm,298
hide,uh-aaahh,299
hide,understood,300
hide,unhappy,301
hide,upper,302
hide,cut,302
hide,upset,303
hide,ush,304
hide,uuuhh!,305
hide,mmmmmmmm..,305
hide,very,306
hide,sad,306
hide,water,307
hide,sound,307
hide,water,308
hide,spray,308
hide,waves,309
hide,crashing,309
hide,what?,310
hide,whip,311
hide,whisper,312
hide,whispering,313
hide,whoosh,314
hide,whooshing,315
hide,wimper,316
hide,wind,317
hide,wind,318
hide,blowing,318
hide,windy,319
hide,without,320
hide,air,320
hide,woman,321
hide,wonder,322
hide,woosh,323
hide,yawn,324
hide,yum,325
hide,NA,326
hunt,a,1
hunt,wolf,1
hunt,killed,1
hunt,action,2
hunt,anger,3
hunt,angry,4
hunt,angry,5
hunt,no,5
hunt,animal,6
hunt,animal,7
hunt,cry,7
hunt,annoyed,8
hunt,another,9
hunt,language,9
hunt,aouwww,10
hunt,achaw,10
hunt,achaw,10
hunt,uuu,10
hunt,aroo,11
hunt,la,11
hunt,aroo,12
hunt,perchu,12
hunt,perchu,12
hunt,attack,13
hunt,attack!,14
hunt,awooo,15
hunt,pew-choo,15
hunt,bark,16
hunt,baby,17
hunt,auuu,17
hunt,baby,18
hunt,complain,18
hunt,beware,19
hunt,bhow,20
hunt,bhow,20
hunt,bhow,20
hunt,blasts,21
hunt,calm,22
hunt,down,22
hunt,cat,23
hunt,fight,23
hunt,crazy,24
hunt,guy,24
hunt,shouting,24
hunt,whoaaaa,24
hunt,danger,25
hunt,danger,26
hunt,dead,27
hunt,dig,28
hunt,whimper,28
hunt,dog,29
hunt,dog,30
hunt,and,30
hunt,shots,30
hunt,dog,31
hunt,being,31
hunt,shot,31
hunt,dog,32
hunt,fight,32
hunt,dog,33
hunt,howl,33
hunt,dog,34
hunt,sounds,34
hunt,effort,35
hunt,excercising,36
hunt,excitement,37
hunt,fear,38
hunt,fearful,39
hunt,surprise,39
hunt,feeling,40
hunt,pain,40
hunt,fighting,41
hunt,fighting,42
hunt,sound,42
hunt,finally,43
hunt,firing,44
hunt,bullet,44
hunt,frustration,45
hunt,groaning,46
hunt,gun,47
hunt,gun,48
hunt,firing,48
hunt,gun,49
hunt,shot,49
hunt,gun,50
hunt,shot,50
hunt,pretence,50
hunt,gun,51
hunt,shots,51
hunt,gunfire,52
hunt,guns,53
hunt,shooting,53
hunt,gunshots,54
hunt,gunshots,55
hunt,sounds,55
hunt,hit,56
hunt,hitting,57
hunt,howl,58
hunt,howl,59
hunt,and,59
hunt,shots,59
hunt,howling,60
hunt,human,61
hunt,imitating,61
hunt,shotgun,61
hunt,hunting,62
hunt,hunting,63
hunt,wolves,63
hunt,i,64
hunt,am,64
hunt,upset,64
hunt,i,65
hunt,kill,65
hunt,you,65
hunt,i,66
hunt,killed,66
hunt,a,66
hunt,dog,66
hunt,imagined,67
hunt,imitating,68
hunt,gun,68
hunt,sounds,68
hunt,irritated,69
hunt,jump,70
hunt,karate,71
hunt,karate,72
hunt,cry,72
hunt,karate,73
hunt,sounds,73
hunt,killing,74
hunt,a,74
hunt,dog,74
hunt,let's,75
hunt,go,75
hunt,lunge,76
hunt,"men’,s",77
hunt,strange,77
hunt,sounds,77
hunt,men’s,78
hunt,phhhh,78
hunt,ohhh,79
hunt,lack,79
hunt,old,80
hunt,man,80
hunt,ooooh,81
hunt,waah!,81
hunt,overcome,82
hunt,obstacle,82
hunt,oww,83
hunt,pichu,83
hunt,pichu,83
hunt,play,84
hunt,pew,85
hunt,pew-pew-peew,86
hunt,play,87
hunt,playful,88
hunt,noises,88
hunt,playfulness,89
hunt,pug,90
hunt,pug,90
hunt,pug,90
hunt,punchs,91
hunt,rage,92
hunt,ready,93
hunt,for,93
hunt,fight,93
hunt,shoot,94
hunt,shout,95
hunt,sound,96
hunt,scare,97
hunt,scream,98
hunt,shock,99
hunt,shoot,100
hunt,shooting,101
hunt,shooting,102
hunt,a,102
hunt,wolf,102
hunt,shooting,103
hunt,like,103
hunt,a,103
hunt,kid,103
hunt,shooting,104
hunt,sound,104
hunt,shot,105
hunt,a,105
hunt,wolf,105
hunt,shot,106
hunt,it,106
hunt,shots,107
hunt,shots,108
hunt,fired,108
hunt,shots,109
hunt,fired,109
hunt,shout,110
hunt,of,110
hunt,surprise,110
hunt,shouting,111
hunt,siren,112
hunt,superman,113
hunt,swinging,114
hunt,urra,115
hunt,wake,116
hunt,up,116
hunt,"whine,",117
hunt,play,117
hunt,gunfire,117
hunt,wolf,118
hunt,wolf,119
hunt,being,119
hunt,shot,119
hunt,wolf,120
hunt,getting,120
hunt,hurt,120
hunt,worried,121
hunt,yell,122
hunt,a,123
hunt,dog,123
hunt,getting,123
hunt,shot,123
hunt,a,124
hunt,wolf,124
hunt,a,125
hunt,wolf,125
hunt,being,125
hunt,shot,125
hunt,adult,126
hunt,voice,126
hunt,affirmative,127
hunt,airplane,128
hunt,alert,129
hunt,alert,130
hunt,to,130
hunt,stop,130
hunt,anger,131
hunt,angry,132
hunt,angry,133
hunt,fighter,133
hunt,animals,134
hunt,get,134
hunt,shot,134
hunt,annoyed,135
hunt,aohoo,136
hunt,ptchu,136
hunt,ptchu,136
hunt,aow,137
hunt,ptius,137
hunt,ptius,137
hunt,aoww,138
hunt,patcho,138
hunt,patcho,138
hunt,ew,138
hunt,arrchhh,139
hunt,picho,139
hunt,pichoo,139
hunt,whine,139
hunt,attack,140
hunt,attakc,141
hunt,noices,141
hunt,attention,142
hunt,aurrn,143
hunt,pshupshu,143
hunt,auuu,144
hunt,ptchptch,144
hunt,mm,144
hunt,auuuu,145
hunt,auuuu,146
hunt,hnhn,146
hunt,auuuuuu,147
hunt,pshhh,147
hunt,pshh,147
hunt,awoo,148
hunt,chow,148
hunt,chow,148
hunt,awoooooo,149
hunt,patschoo,149
hunt,patschoo,149
hunt,awrg,150
hunt,turp,150
hunt,turp,150
hunt,baaaarkkk,151
hunt,bang,152
hunt,bang,153
hunt,bang,153
hunt,bang,154
hunt,bang,154
hunt,bang,154
hunt,barking,155
hunt,barking,156
hunt,dog,156
hunt,battle,157
hunt,cry,157
hunt,blowing,158
hunt,blowing,159
hunt,?,159
hunt,boxing,160
hunt,breaking,161
hunt,"bullets,",162
hunt,guns,162
hunt,fired,162
hunt,calling,163
hunt,animal,163
hunt,canine,164
hunt,in,164
hunt,distress,164
hunt,car,165
hunt,going,165
hunt,by,165
hunt,cat,166
hunt,games,166
hunt,child,167
hunt,come,168
hunt,here,168
hunt,fast,168
hunt,cry,169
hunt,out,169
hunt,danger,170
hunt,dead,171
hunt,destroy,172
hunt,disgusting,173
hunt,dodging,174
hunt,a,174
hunt,near,174
hunt,miss,174
hunt,dog,175
hunt,dog,176
hunt,and,176
hunt,gun,176
hunt,dog,177
hunt,and,177
hunt,human,177
hunt,playing,177
hunt,dog,178
hunt,and,178
hunt,shots,178
hunt,dog,179
hunt,and,179
hunt,weapon,179
hunt,dog,180
hunt,bark,180
hunt,dog,181
hunt,barking,181
hunt,dog,182
hunt,being,182
hunt,shot,182
hunt,dog,183
hunt,cry,183
hunt,dog,184
hunt,fight,184
hunt,dog,185
hunt,getting,185
hunt,hurt,185
hunt,dog,186
hunt,hitting,186
hunt,dog,187
hunt,playing,187
hunt,dead,187
hunt,dog,188
hunt,sound,188
hunt,dog,189
hunt,whining,189
hunt,dog,190
hunt,woofing,190
hunt,"dog,",191
hunt,man,191
hunt,doing,192
hunt,impressions,192
hunt,don't,193
hunt,know,193
hunt,dont,194
hunt,know,194
hunt,door,195
hunt,opening,195
hunt,dying,196
hunt,dog,196
hunt,from,196
hunt,bullets,196
hunt,effort,197
hunt,emergency,198
hunt,energetic,199
hunt,excited,200
hunt,exclamation,201
hunt,exertion,202
hunt,"exertion,",203
hunt,hard,203
hunt,exhaust,204
hunt,fake,205
hunt,guns,205
hunt,fake,206
hunt,shooting,206
hunt,fatigue,207
hunt,fear,208
hunt,feigning,209
hunt,hurt,209
hunt,fight,210
hunt,fight,211
hunt,scream,211
hunt,fighting,212
hunt,fighting,213
hunt,chop,213
hunt,finger,214
hunt,shooting,214
hunt,finishing,215
hunt,something,215
hunt,big,215
hunt,fire,216
hunt,gun,216
hunt,force,217
hunt,fright,218
hunt,frustrated,219
hunt,get,220
hunt,away,220
hunt,getting,221
hunt,hit,221
hunt,getting,222
hunt,up,222
hunt,going,223
hunt,up,223
hunt,grunt,224
hunt,grunting,225
hunt,gun,226
hunt,gun,227
hunt,fights,227
hunt,gun,228
hunt,firing,228
hunt,gun,229
hunt,impression,229
hunt,gun,230
hunt,noises,230
hunt,gun,231
hunt,shoot,231
hunt,mimic,231
hunt,gun,232
hunt,shooting,232
hunt,gun,233
hunt,shots,233
hunt,gun,234
hunt,sound,234
hunt,gun,235
hunt,sounds,235
hunt,gunfire,236
hunt,guns,237
hunt,gunshot,238
hunt,gunshots,239
hunt,hoola,240
hunt,houl,241
hunt,laser,241
hunt,phaser,241
hunt,houl,241
hunt,how,242
hunt,could,242
hunt,you?,242
hunt,howl,243
hunt,howl,244
hunt,and,244
hunt,shot,244
hunt,howl,245
hunt,chu,245
hunt,chu,245
hunt,howl,246
hunt,gunshot,246
hunt,hurt,246
hunt,howl,247
hunt,psht,247
hunt,wimper,247
hunt,"howl,",248
hunt,gunfire,248
hunt,howling,249
hunt,howling,250
hunt,dog,250
hunt,"howling,",251
hunt,"shooting,",251
hunt,whimpering,251
hunt,"howling,",252
hunt,"shots,",252
hunt,whimper,252
hunt,hunter,253
hunt,hunting,254
hunt,hunting,255
hunt,a,255
hunt,wolf,255
hunt,hurry,256
hunt,up,256
hunt,hurt,257
hunt,hurt,258
hunt,dog,258
hunt,hurt,259
hunt,in,259
hunt,fight,259
hunt,hurt,260
hunt,wolf,260
hunt,hurting,261
hunt,dog,261
hunt,huu-a,262
hunt,if,263
hunt,a,263
hunt,puppy,263
hunt,and,263
hunt,an,263
hunt,owl,263
hunt,had,263
hunt,a,263
hunt,baby,263
hunt,imitate,264
hunt,shooting,264
hunt,imitating,265
hunt,gun,265
hunt,shots,265
hunt,imitating,266
hunt,shooting,266
hunt,imitating,267
hunt,shooting,267
hunt,dog,267
hunt,imitation,268
hunt,of,268
hunt,shooting,268
hunt,indian,269
hunt,injured,270
hunt,intent,271
hunt,irritated,272
hunt,jump,273
hunt,kapow,274
hunt,karate,275
hunt,karate,276
hunt,attack,276
hunt,karate,277
hunt,blow,277
hunt,kicking,278
hunt,killing,279
hunt,wolf,279
hunt,laser,280
hunt,beam,280
hunt,laser,281
hunt,beams,281
hunt,late,282
hunt,at,282
hunt,night,282
hunt,lifting,283
hunt,lounge,284
hunt,making,285
hunt,shooting,285
hunt,sounds,285
hunt,man,286
hunt,meowing,287
hunt,mimic,288
hunt,gun,288
hunt,moans,289
hunt,mouthed,290
hunt,shooting,290
hunt,sounds,290
hunt,o,291
hunt,la,291
hunt,ohh,292
hunt,a,292
hunt,(like,292
hunt,a,292
hunt,karate,292
hunt,chop),292
hunt,ohwa,293
hunt,ohwah,294
hunt,ooh,295
hunt,wa!,295
hunt,oooh,296
hunt,raah,296
hunt,ooowak,297
hunt,opla,298
hunt,ouch,299
hunt,owla,300
hunt,pahhoow-pahhoow-pahhoow,301
hunt,pau,302
hunt,pau,302
hunt,pew,303
hunt,pew,303
hunt,pew,303
hunt,pew,304
hunt,pew,304
hunt,pew,304
hunt,(shooting,304
hunt,noise),304
hunt,pewpewpew,305
hunt,phew,306
hunt,phew,306
hunt,phew,306
hunt,phhh,307
hunt,phhh,307
hunt,phhh,307
hunt,phoophoophoo,308
hunt,physical,309
hunt,exertion,309
hunt,piou,310
hunt,piou,310
hunt,pistol,311
hunt,play,312
hunt,dog,312
hunt,play,313
hunt,with,313
hunt,dog,313
hunt,playing,314
hunt,playing,315
hunt,a,315
hunt,game,315
hunt,playing,316
hunt,with,316
hunt,weapons,316
hunt,pohpohuk,317
hunt,pokemon,318
hunt,fight,318
hunt,pow,319
hunt,pow,319
hunt,pow,319
hunt,pretend,320
hunt,gun,320
hunt,shooting,320
hunt,/,320
hunt,cowboys,320
hunt,projectiles,321
hunt,pu,322
hunt,puh,322
hunt,puh,322
hunt,puh,323
hunt,puh,323
hunt,puh-ow,324
hunt,puh-ow,324
hunt,puh-ow,324
hunt,pull,325
hunt,punching,326
hunt,puppy,327
hunt,raising,328
hunt,up,328
hunt,roar,329
hunt,rumble,330
hunt,scare,331
hunt,scare,332
hunt,someone,332
hunt,scaring,333
hunt,scaring,334
hunt,off,334
hunt,animals,334
hunt,scream,335
hunt,screaming,336
hunt,shoot,337
hunt,shoot,338
hunt,the,338
hunt,dog,338
hunt,shooting,339
hunt,shooting,340
hunt,a,340
hunt,dog,340
hunt,shooting,341
hunt,a,341
hunt,gun,341
hunt,shooting,342
hunt,a,342
hunt,wolf,342
hunt,shooting,343
hunt,animals,343
hunt,shooting,344
hunt,at,344
hunt,something,344
hunt,shooting,345
hunt,wolf,345
hunt,"shooting,",346
hunt,dog,346
hunt,shoots,347
hunt,shot,348
hunt,shots,349
hunt,shots,350
hunt,fired,350
hunt,shout,351
hunt,and,351
hunt,grunt,351
hunt,shouting,352
hunt,shove,353
hunt,away,353
hunt,show,354
hunt,sick,355
hunt,sing,356
hunt,spit,357
hunt,standing,358
hunt,up,358
hunt,stay,359
hunt,away,359
hunt,straighten,360
hunt,up,360
hunt,strain,361
hunt,strength,362
hunt,stretch,363
hunt,strong,364
hunt,sword,365
hunt,wielding,365
hunt,tennis,366
hunt,terrible,367
hunt,thing,367
hunt,there,368
hunt,tired,369
hunt,to,370
hunt,encourage,370
hunt,to,371
hunt,shoot,371
hunt,a,371
hunt,gun,371
hunt,uh-lah,372
hunt,uhhwah,373
hunt,urraa,374
hunt,urrgha,375
hunt,uuu,376
hunt,wap,376
hunt,uuua!,377
hunt,uuuha,378
hunt,uuuuu,379
hunt,aaaaa,379
hunt,waking,380
hunt,up,380
hunt,war,381
hunt,warrior,382
hunt,watch,383
hunt,out,383
hunt,weapon,384
hunt,"weapon,",385
hunt,shooting,385
hunt,whining,386
hunt,whoo,387
hunt,ah,387
hunt,wolf,388
hunt,wolf,389
hunt,and,389
hunt,cartoon,389
hunt,wolf,390
hunt,being,390
hunt,shot,390
hunt,wolf,391
hunt,dying,391
hunt,wolf,392
hunt,getting,392
hunt,shot,392
hunt,wolf,393
hunt,killed,393
hunt,wolf,394
hunt,killing,394
hunt,wolf,395
hunt,noise,395
hunt,wolf,396
hunt,shot,396
hunt,dead,396
hunt,wolf,397
hunt,shot?,397
hunt,wolf,398
hunt,sound,398
hunt,wolf,399
hunt,voice,399
hunt,wooha,400
hunt,wounded,401
hunt,wolf,401
hunt,yawn,402
hunt,yawn?,403
hunt,yelling,404
hunt,yelp,405
hunt,yuck,406
hunt,NA,407
knife,amsr,1
knife,annoyance,2
knife,attacking,3
knife,attention,4
knife,awkward,5
knife,barking,6
knife,"barking,",7
knife,imitating,7
knife,dog,7
knife,be,8
knife,quiet,8
knife,blow,9
knife,blowing,10
knife,blowing,11
knife,air,11
knife,blowing,12
knife,off,12
knife,candle,12
knife,breathing,13
knife,call,14
knife,calling,15
knife,calm,16
knife,environment,16
knife,sound,16
knife,carve,17
knife,catching,18
knife,something,18
knife,come,19
knife,here,19
knife,cough,20
knife,cut,21
knife,it,21
knife,cutting,22
knife,cutting,23
knife,something,23
knife,cutting,24
knife,wood,24
knife,dog,25
knife,don't,26
knife,know,26
knife,danger,27
knife,duck,28
knife,quack,28
knife,excercise,29
knife,exercise,30
knife,exertion,31
knife,fast/fighting,32
knife,fasten,33
knife,some,33
knife,screws,33
knife,feeling,34
knife,sick,34
knife,finish,35
knife,go,36
knife,away,36
knife,growning,37
knife,hit,38
knife,hush,39
knife,i,40
knife,killed,40
knife,it,40
knife,i,41
knife,see,41
knife,inhaling,42
knife,air,42
knife,ju,43
knife,ju,43
knife,wuip,43
knife,karate,44
knife,lauching,45
knife,lazo,46
knife,martial,47
knife,arts,47
knife,men’s,48
knife,huuu,48
knife,men’s,49
knife,shhhhiitt,49
knife,mouth,50
knife,mouth,51
knife,sound,51
knife,noise,52
knife,with,52
knife,mouth...uiiikk,52
knife,not,53
knife,sure,53
knife,oh,54
knife,no,54
knife,playful,55
knife,playing,56
knife,with,56
knife,a,56
knife,mini,56
knife,wooden,56
knife,sword,56
knife,playing,57
knife,with,57
knife,wooden,57
knife,sword,57
knife,punch,58
knife,quick,59
knife,quick,60
knife,snap,60
knife,quickly,61
knife,quiet,62
knife,signaling,63
knife,sound,64
knife,spitting,65
knife,sawing,66
knife,scare,67
knife,sh*t,68
knife,or,68
knife,sugar,68
knife,sharp,69
knife,shifting,70
knife,shit,71
knife,shooshing,72
knife,short,73
knife,blowing,73
knife,shush,74
knife,shushing,75
knife,someone,75
knife,shut,76
knife,it,76
knife,shut,77
knife,up,77
knife,sickness,78
knife,sign,79
knife,signal,80
knife,silence,81
knife,sip,82
knife,skipping,83
knife,slingshot,84
knife,small,85
knife,blowing,85
knife,snoring,86
knife,spin,87
knife,spit,88
knife,spitting,89
knife,spitting,90
knife,imitation,90
knife,strange,91
knife,low,91
knife,sounds,91
knife,strange,92
knife,sound,92
knife,summon,93
knife,swearing,94
knife,swinging,95
knife,a,95
knife,rope,95
knife,swoosh,96
knife,sword,97
knife,throat,98
knife,sound,98
knife,tennis,99
knife,throw,100
knife,throwing,101
knife,throwing,102
knife,punches,102
knife,to,103
knife,spit,103
knife,uf...um,104
knife,up,105
knife,and,105
knife,away,105
knife,using,106
knife,a,106
knife,knife,106
knife,using,107
knife,a,107
knife,wip,107
knife,walk,108
knife,steps,108
knife,weak,109
knife,wet,110
knife,"slippers,",110
knife,walking,110
knife,whack,111
knife,whip,112
knife,whip,113
knife,whp,113
knife,whip,113
knife,whipping,114
knife,whipping,115
knife,towel,115
knife,whisper,116
knife,whistle,117
knife,whoh.,118
knife,whooh.,118
knife,whick.,118
knife,whoosh,119
knife,windy,120
knife,adults,121
knife,talking,121
knife,child,121
knife,air,122
knife,sound,122
knife,angry,123
knife,knocking,123
knife,animal,124
knife,drinking,124
knife,arrows,125
knife,flying,125
knife,by,125
knife,asking,126
knife,for,126
knife,silence,126
knife,athlete,127
knife,attempt,128
knife,attention,129
knife,badminton,130
knife,bark,131
knife,barking,132
knife,be,133
knife,quiet,133
knife,beat,134
knife,box,134
knife,bird,135
knife,blacksmith,136
knife,blow,137
knife,blow,138
knife,sound,138
knife,blowing,139
knife,boar,140
knife,boomerang,141
knife,bored,142
knife,boxing,143
knife,breathe,144
knife,breathing,145
knife,call,146
knife,atention,146
knife,call,147
knife,someone,147
knife,calling,148
knife,calling,149
knife,discrete,149
knife,calling,150
knife,someone,150
knife,candle,151
knife,catcalling,152
knife,check,153
knife,chete,154
knife,chewing,155
knife,eating,155
knife,chicken,156
knife,child,157
knife,spitting,157
knife,chu,158
knife,chu,158
knife,chuik,158
knife,clear,159
knife,throat,159
knife,come,160
knife,come,161
knife,on,161
knife,come,162
knife,or,162
knife,stop,162
knife,countdown,163
knife,crafting,164
knife,cua,165
knife,cua,165
knife,cut,166
knife,cutting,167
knife,cutting,168
knife,grass,168
knife,cutting,169
knife,through,169
knife,air,169
knife,damn,170
knife,digging,171
knife,direction,172
knife,distracted,173
knife,do,174
knife,it,174
knife,quietly,174
knife,dodge,175
knife,dodging,176
knife,dog,177
knife,dog,178
knife,barking,178
knife,dog,179
knife,sound,179
knife,don't,180
knife,know,180
knife,dont,181
knife,know,181
knife,door,182
knife,knock,182
knife,draw,183
knife,attention,183
knife,drop,184
knife,duck,185
knife,ducks,186
knife,duel,187
knife,eating,188
knife,everybody,189
knife,excersise,190
knife,excited,191
knife,exercise,192
knife,exercising,193
knife,fast,194
knife,fast,195
knife,movement,195
knife,fast,196
knife,movement,196
knife,of,196
knife,a,196
knife,stick,196
knife,fast,197
knife,swings,197
knife,fast,198
knife,whips,198
knife,faster,199
knife,fight,200
knife,fight,201
knife,sound,201
knife,mimic,201
knife,fighting,202
knife,fighting,203
knife,chops,203
knife,finish,204
knife,flew,205
knife,flip,206
knife,fly,207
knife,flying,208
knife,flying.,209
knife,frog,210
knife,game,211
knife,getting,212
knife,the,212
knife,attention,212
knife,of,212
knife,someone,212
knife,go,213
knife,away,213
knife,go,214
knife,head,214
knife,goow,215
knife,goow,215
knife,weeck,215
knife,guic,216
knife,gun,217
knife,heat,218
knife,heet,219
knife,hey,220
knife,hhhgtp,221
knife,hic,222
knife,up,222
knife,hiss,223
knife,hissing,224
knife,nasally,224
knife,hit,225
knife,hit-uh,226
knife,hitting,227
knife,something,227
knife,hoo-hoo-hoo-hoot,228
knife,horse,229
knife,hu,230
knife,hu,230
knife,huick,230
knife,huick,231
knife,huigh,232
knife,hum,233
knife,hum,233
knife,hum,233
knife,whum,233
knife,hush,234
knife,hwho,235
knife,whoo,235
knife,wheek,235
knife,i,236
knife,dont,236
knife,know,236
knife,imitation,237
knife,whip,237
knife,sound,237
knife,injection,238
knife,jumping,239
knife,jumping,240
knife,rope,240
knife,knife,241
knife,fight,241
knife,kung,242
knife,fu,242
knife,fighting,242
knife,lasso,243
knife,lasso,244
knife,beat,244
knife,lifting,245
knife,heavy,245
knife,weight,245
knife,marching,246
knife,martial,247
knife,arts,247
knife,mouse,248
knife,mouth,249
knife,sounds,249
knife,movement,250
knife,moving,251
knife,fast,251
knife,nice,252
knife,try,252
knife,noise,253
knife,nudge,254
knife,nunchucks,255
knife,oil,256
knife,spill,256
knife,open,257
knife,pay,258
knife,attention,258
knife,phet,259
knife,pig,260
knife,sound,260
knife,playfulness,261
knife,pond,262
knife,pss,263
knife,psst,264
knife,pst!,265
knife,pulling,266
knife,out,266
knife,punches,267
knife,sound,267
knife,punching,268
knife,push,269
knife,qua,270
knife,qua,270
knife,quick,270
knife,quack,271
knife,quack,271
knife,quack,272
knife,quack,272
knife,quack,272
knife,quacking,273
knife,quick,274
knife,quiet,275
knife,quiet,276
knife,down,276
knife,random,277
knife,reload,278
knife,reverse,279
knife,cough,279
knife,rope,280
knife,swinging,280
knife,running,281
knife,sand,282
knife,something,282
knife,scared,283
knife,scchct,284
knife,schip,285
knife,scrape,286
knife,seethe,287
knife,shake,288
knife,the,288
knife,stick,288
knife,sheeth,289
knife,shh,290
knife,shhheet,291
knife,shhing,292
knife,shisssst,293
knife,shit,294
knife,shito,295
knife,shoo,296
knife,away,296
knife,shooting,297
knife,arrow,297
knife,shush,298
knife,shushing,299
knife,shut,300
knife,shut,301
knife,up,301
knife,shutting,302
knife,up,302
knife,sigh,303
knife,signaling,304
knife,silence,305
knife,sip,306
knife,sit,307
knife,siuuut,308
knife,slap,309
knife,slashes,310
knife,slashing,311
knife,sound,311
knife,slashing,312
knife,sounds,312
knife,slaying,313
knife,slice,314
knife,slicing,315
knife,slide,316
knife,sliding,317
knife,open,317
knife,slient,318
knife,slip,319
knife,slurp,320
knife,small,321
knife,dog,321
knife,small,322
knife,mammal,322
knife,small,323
knife,spray,323
knife,can,323
knife,sneeze,324
knife,snip,325
knife,soda,326
knife,something,327
knife,whiffing,327
knife,speakng,328
knife,td,328
knife,someone,328
knife,"speed,",329
knife,"fast,",329
knife,avoiding,329
knife,spinning,330
knife,spit,331
knife,spiting,332
knife,spitting,333
knife,spitting,334
knife,out,334
knife,sound,334
knife,spittle,335
knife,squeeky,336
knife,shoes,336
knife,stabbing,337
knife,stay,338
knife,there,338
knife,stick,339
knife,stop,340
knife,it,340
knife,strap,341
knife,in,341
knife,air,341
knife,stress,342
knife,relief,342
knife,swallow,343
knife,swatting,344
knife,swear,345
knife,swearing,346
knife,sweep,347
knife,swinging,348
knife,swinging,349
knife,a,349
knife,bat,349
knife,swinging,350
knife,a,350
knife,racket,350
knife,swinging,351
knife,a,351
knife,sword,351
knife,swinging,352
knife,rope,352
knife,swinging,353
knife,something,353
knife,"swinging,",354
knife,hitting,354
knife,swiping,355
knife,swirling,356
knife,swish,357
knife,swishing,358
knife,swoosh,359
knife,sword,360
knife,sword,361
knife,swings,361
knife,sword,362
knife,swoosh,362
knife,sword/weapon,363
knife,sound,363
knife,tch,364
knife,tear,365
knife,telling,366
knife,secrets,366
knife,throw,367
knife,throwing,368
knife,throwing,369
knife,discus,369
knife,throwing,370
knife,object,370
knife,throwing,371
knife,punches,371
knife,throwing,372
knife,something,372
knife,"tiredness,",373
knife,feeling,373
knife,exhausted,373
knife,to,374
knife,play,374
knife,train,375
knife,training,376
knife,trick,377
knife,tsst..,378
knife,psst,378
knife,turning,379
knife,knob,379
knife,uhuh,380
knife,uhic,380
knife,uhuouh,381
knife,unclear,382
knife,vum,383
knife,vum,383
knife,waak,384
knife,waak,384
knife,waak,384
knife,wait,385
knife,walk,386
knife,walking,387
knife,warm,388
knife,up,388
knife,water,389
knife,coming,389
knife,out,389
knife,wauauwaus,390
knife,waving,391
knife,something,391
knife,quickly,391
knife,in,391
knife,the,391
knife,air,391
knife,wchwchwch,392
knife,weak,393
knife,weapon,394
knife,weapon,395
knife,stick,395
knife,weapon,396
knife,swing,396
knife,weeet,397
knife,wheeze,398
knife,whew,399
knife,whew,399
knife,whick,399
knife,whip,400
knife,whip,401
knife,whip,401
knife,whip,402
knife,whip,402
knife,whip,402
knife,whipping,403
knife,whips,404
knife,whisper,405
knife,whispering,406
knife,whistling,407
knife,who,408
knife,who,409
knife,who,409
knife,who,409
knife,whock,410
knife,whock,410
knife,whock,410
knife,whock,410
knife,whoo,411
knife,whoo,411
knife,wick,411
knife,whoo-whoo-week,412
knife,whoop,413
knife,whoop,413
knife,whoop,413
knife,whoop,414
knife,whoop,414
knife,whoop,414
knife,whoop,414
knife,whooping,415
knife,sounds,415
knife,whoosh,416
knife,whoosing,417
knife,whoowhhowhoo,418
knife,whoowhoowhoowhoo,419
knife,whowhick,420
knife,wind,421
knife,wind,422
knife,up,422
knife,hit,422
knife,windy,423
knife,wit,424
knife,wit,424
knife,wit,424
knife,haa,424
knife,wo,425
knife,wo,425
knife,wo,425
knife,wo,425
knife,work,426
knife,out,426
knife,working,427
knife,wowohuic,428
knife,zip,429
knife,zip,430
knife,it,430
knife,zoom,431
knife,zoom,431
knife,zoom,431
knife,“shush!”,432
knife,NA,433
man,aa,1
man,"aah,",1
man,ooh,1
man,ohhh,1
man,aa,2
man,oooo,2
man,aaaah?,3
man,abrupt,4
man,realization,4
man,acceptance,5
man,acknowledge,6
man,admired,7
man,adult,8
man,singing,8
man,agreeable,9
man,agreement,10
man,alert,11
man,amazed,12
man,anger,13
man,annoyed,14
man,babbling,15
man,bewildered,16
man,bother,17
man,calm,18
man,down,18
man,christmas,19
man,"complaint,",20
man,agitation,20
man,confusion,21
man,creation,22
man,danger,23
man,disapproval,24
man,disbelief,25
man,discomfort,26
man,disgust,27
man,disgusting,28
man,do,29
man,not,29
man,like,29
man,don’t,30
man,agree,30
man,enthusiastic,31
man,agreeing,31
man,evil,32
man,laugh,32
man,exciting,33
man,exclaiming,34
man,fear,35
man,finding,36
man,out,36
man,something,36
man,fool,37
man,funny,38
man,funny,39
man,but,39
man,unsettling,39
man,gross,40
man,grunting,41
man,grunting,42
man,in,42
man,agreement,42
man,ha,43
man,ha,43
man,ho,43
man,ho,43
man,ho,43
man,haaaaauh,44
man,haha,45
man,ohohoh,45
man,haha,46
man,hoho,46
man,ho,46
man,happiness,47
man,hard,48
man,work,48
man,hello,49
man,ho,50
man,ho,50
man,hold,51
man,on,51
man,hoo,52
man,hoo,52
man,how,53
man,are,53
man,you?,53
man,hurting,54
man,huumhuum,55
man,i,56
man,knew,56
man,it,56
man,i,57
man,see,57
man,i,58
man,told,58
man,you,58
man,so,58
man,i,59
man,understand,59
man,now,59
man,imitating,60
man,impressed,61
man,irritated,62
man,surprise,62
man,japanese,63
man,japanese,64
man,nods,64
man,his,64
man,head,64
man,joker,65
man,jokes,66
man,joking,67
man,laugh,68
man,laugh,69
man,laughing,70
man,laughter,71
man,lets,72
man,go,72
man,like,73
man,asian,73
man,person,73
man,listen,74
man,to,74
man,me,74
man,look,75
man,who's,75
man,here,75
man,loud,76
man,laugh,76
man,male,77
man,inarticulate,77
man,sounds,77
man,man,78
man,playing,78
man,men’s,79
man,huhuuu,79
man,men’s,80
man,oooo,80
man,mock,81
man,laughing,81
man,mocking,82
man,laughter,82
man,monster,83
man,mr,84
man,bean,84
man,nodding,85
man,notice,86
man,me,86
man,laugh,86
man,now,87
man,i,87
man,know,87
man,oh,88
man,i,88
man,understand,88
man,oh,89
man,"no,",89
man,"no,",89
man,oh,90
man,oh,90
man,oh,91
man,really?,91
man,ohhh,92
man,okay,93
man,old,94
man,guy,94
man,suprised,94
man,oooh,95
man,ooooh,96
man,"ow,",97
man,noise,97
man,of,97
man,pain,97
man,person,98
man,refuting,98
man,comments,98
man,pirate,99
man,proud,100
man,or,100
man,victorious,100
man,realization,101
man,"realisation,",102
man,impressed,102
man,roar,103
man,sound,104
man,sant,105
man,claus,105
man,santa,106
man,claus,106
man,sound,106
man,santa,107
man,claus,107
man,sarcasm,108
man,sarcastic,109
man,laugh,109
man,satisfaction,110
man,satisfied,111
man,scaring,112
man,scary,113
man,villian,113
man,shivers,114
man,of,114
man,disgust,114
man,shock,115
man,silly,116
man,mouth,116
man,sound,116
man,sinister,117
man,laugh,117
man,so,118
man,funny,118
man,starting,119
man,an,119
man,engine,119
man,strange,120
man,laugh,120
man,super,121
man,mario,121
man,surprise,122
man,take,123
man,it,123
man,thats,124
man,right,124
man,threatening,125
man,or,125
man,displeased,125
man,tired,126
man,trouble,127
man,ugh,128
man,uhh,129
man,huu,129
man,uncertainty,130
man,understand,131
man,unhappy,132
man,unimpressed,133
man,very,134
man,good,134
man,villain,135
man,vocal,136
man,rehearsal,136
man,washing,137
man,machine,137
man,weird,138
man,sound,138
man,weird,139
man,vocal,139
man,sound,139
man,what,140
man,you,140
man,doing,140
man,whohoo!,141
man,why,142
man,not?,142
man,why?,143
man,yes,144
man,yawn,145
man,yes,146
man,aahing,147
man,and,147
man,ooing,147
man,aaooo,148
man,aargh,149
man,acceptance,150
man,ache,151
man,acknowledged,152
man,acknowledgment,153
man,acknowledment,154
man,adult,155
man,man,155
man,laugh,155
man,adults,156
man,talking,156
man,child,156
man,adults,157
man,to,157
man,child,157
man,agree,158
man,agreeing,159
man,agreement,160
man,agression,161
man,ah,162
man,ah,162
man,ho,162
man,oh,162
man,ah,163
man,ah,163
man,ohoh,163
man,ah,164
man,uh,164
man,aha,165
man,ahaha,166
man,ohohoh,166
man,ahahohohoh,167
man,ahh,168
man,ahh,168
man,ho,168
man,ho,168
man,ahhhh,169
man,ohhh,169
man,ahh,169
man,ohhh,169
man,always,170
man,the,170
man,same,170
man,thing,170
man,amazed,171
man,amazing,172
man,amused,173
man,anger,174
man,"anger,",175
man,disgust,175
man,angry,176
man,angry,177
man,man,177
man,angry,178
man,old,178
man,announce,179
man,annoyance,180
man,anticipation,181
man,aoooohh!,182
man,attack,183
man,attention,184
man,aware,185
man,bad,186
man,barking,187
man,being,188
man,massaged,188
man,on,188
man,being,189
man,morally,189
man,above,189
man,being,190
man,scary,190
man,bellowing,191
man,big,192
man,big,193
man,guy,193
man,bird,194
man,bossy,195
man,chortle,196
man,clarifying,197
man,something,197
man,clear,198
man,throught,198
man,computer,199
man,confirmation,200
man,confusion,201
man,conversating,202
man,cow,203
man,cowboy,204
man,crazy,205
man,man,205
man,talking,205
man,creepy,206
man,man,206
man,sound,206
man,defficient,207
man,did,208
man,something,208
man,wrong,208
man,disagree,209
man,disgust,210
man,disgusted,211
man,disgusting,212
man,dislike,213
man,dizzy,214
man,dog,215
man,imitation,215
man,dominance,216
man,don't,217
man,know,217
man,dont,218
man,know,218
man,doubt,219
man,doubtful,220
man,drunk,221
man,ehhhh,222
man,(realisation,222
man,noise),222
man,encourage,223
man,engine,224
man,evil,225
man,evil,226
man,laughter,226
man,evil,227
man,rich,227
man,man,227
man,laugh,227
man,eww,228
man,excited,229
man,exclamation,230
man,expressing,231
man,something,231
man,important,231
man,fake,232
man,santa,232
man,fat,233
man,laugh,233
man,father,234
man,christmas,234
man,fear,235
man,fright,236
man,frighten,237
man,funny,238
man,gasping,239
man,ghu-huh,240
man,glee,241
man,goofing,242
man,gorilla,243
man,sound,243
man,got,244
man,you,244
man,grandpa,245
man,ho,245
man,ho,245
man,greeting,246
man,groan,247
man,growl,248
man,grumpy,249
man,grunt,250
man,grunting,251
man,"grunting,",252
man,surprise,252
man,grunts,253
man,ha,254
man,ha,254
man,ha,255
man,ha,255
man,hom,255
man,hom,255
man,hom,255
man,ha,256
man,ha,256
man,oh,256
man,oh,256
man,oh,256
man,ha-ha-ho-ho-ho,257
man,ha...ha...oou,258
man,haaaahaaaoooh,259
man,haha,260
man,hoe,260
man,hoe,260
man,haha,261
man,hoho,261
man,haha,262
man,oh,262
man,oh,262
man,haha,263
man,oh,263
man,oh,263
man,oh,263
man,hahahohoho,264
man,hahaohoho,265
man,hahooow,266
man,halt,267
man,haughty,268
man,having,269
man,something,269
man,big,269
man,in,269
man,mouth,269
man,hey,270
man,heyyy,271
man,hhahhahhohho,272
man,hhooh,273
man,hmm,274
man,hmm,274
man,ho,275
man,ho,275
man,hoho,276
man,hoo,277
man,hoo,277
man,hoo-hoo,278
man,how,279
man,dare,279
man,you,279
man,how,280
man,go,280
man,go,280
man,howling,281
man,hows,282
man,it,282
man,going,282
man,hu,283
man,hu,283
man,hu,284
man,huuuu,284
man,hu,285
man,huuuuu,285
man,hu-hu,286
man,huh,287
man,huhhh,287
man,huhhh,288
man,humming,289
man,hurghhh,290
man,i,291
man,am,291
man,here,291
man,i,292
man,can't,292
man,i,293
man,get,293
man,it,293
man,i,294
man,know,294
man,now,294
man,i,295
man,see,295
man,i,296
man,understand,296
man,impersonating,297
man,interested,298
man,intimidating,299
man,intimidation,300
man,jajaohohoh,301
man,laugh,302
man,laughing,303
man,laughing,304
man,in,304
man,pain,304
man,laughing,305
man,old,305
man,man,305
man,laughing,306
man,slowly,306
man,laughter,307
man,laughter,308
man,?,308
man,have,308
man,no,308
man,other,308
man,ideas,308
man,lets,309
man,do,309
man,that,309
man,lies,310
man,liking,311
man,something,311
man,listen,312
man,listen,313
man,to,313
man,me,313
man,low,314
man,level,314
man,excitement,314
man,make,315
man,laugh,315
man,making,316
man,fun,316
man,man,317
man,man,318
man,disgusted,318
man,"man,",319
man,mario,320
man,medieval,321
man,beast,321
man,mock,322
man,laughing,322
man,mocking,323
man,mocking,324
man,laughter,324
man,mocking,325
man,someone,325
man,talking,325
man,monkey,326
man,sound,326
man,move,327
man,over,327
man,murmur,328
man,native,329
man,negative,330
man,response,330
man,"no,",331
man,i,331
man,don't,331
man,like,331
man,this,331
man,"no,",332
man,dislike,332
man,nod/agreeing,333
man,not,334
man,good,334
man,idea,334
man,not,335
man,happy,335
man,now,336
man,oah,337
man,oahaa,338
man,oh,339
man,i,339
man,see,339
man,oh,340
man,i,340
man,know,340
man,now,340
man,oh,341
man,no,341
man,oh,342
man,oh,342
man,oh,343
man,weird,343
man,"oh,",344
man,i,344
man,see,344
man,ohh,345
man,ohhh,346
man,ohm,347
man,ohm,347
man,ok,348
man,is,348
man,fine,348
man,okay,349
man,okay,350
man,i,350
man,understand,350
man,old,351
man,man,351
man,oohhh,352
man,open,353
man,mouth,353
man,opportunity,354
man,orc,355
man,ouch,356
man,oueeehhh,357
man,owl,358
man,pain,359
man,pirate,360
man,playful,361
man,smile,361
man,playing,362
man,popeye,363
man,pushing,364
man,questioning,365
man,realization,366
man,rediculous,367
man,respect,368
man,roar,369
man,rrhoooohr,370
man,rubbing,371
man,it,371
man,in,371
man,rude,372
man,santa,373
man,santa,374
man,claus,374
man,santa,375
man,claus,375
man,humming,375
man,santa,376
man,claus,376
man,laughting,376
man,santa,377
man,klaus,377
man,sarcasm,378
man,sarcastic,379
man,sarcastic,380
man,laugh,380
man,sarcastically,381
man,funny,381
man,satire,382
man,say,383
man,ah,383
man,scare,384
man,scaring,385
man,scary,386
man,see,387
man,here,387
man,shock,388
man,show,389
man,someting,389
man,sims,390
man,character,390
man,sing,391
man,sleep,392
man,slight,393
man,pain,393
man,sly,394
man,laugh,394
man,smug,395
man,snideness,396
man,sound,397
man,sound,398
man,expression,398
man,stop,399
man,strong-transmitting,400
man,sound,400
man,superiority,401
man,suprised,402
man,surprise,403
man,surprised,404
man,table,405
man,talk,406
man,talking,407
man,tasty,408
man,telling,409
man,a,409
man,joke,409
man,terrible,410
man,thats,411
man,funny,411
man,tipsy,412
man,tired,413
man,ugh,414
man,ugooo,415
man,uh,416
man,oh,416
man,uh,417
man,uh,417
man,uhuh,418
man,umg...uuh!,419
man,understand,420
man,understanding,421
man,understanding,422
man,something,422
man,uohuh,423
man,upset,424
man,urgh,425
man,vocals,426
man,vowels,427
man,wait,428
man,wait,428
man,waking,429
man,up,429
man,what,430
man,who,431
man,who,431
man,whoo,432
man,whoo,433
man,ooh,433
man,woah,434
man,wobbly,435
man,wohoo,436
man,wohooo,437
man,wonder,438
man,wooho,439
man,wow,440
man,wowwho,441
man,wugh,442
man,"yes,",443
man,i,443
man,understand,443
man,you,444
man,warble,444
man,NA,445
many,3,1
many,dogs,1
many,abstract,2
many,action,3
many,agree,4
many,alarm,5
many,alarm,6
many,call,6
many,animal,7
many,sound,7
many,attention,8
many,getting,8
many,awkward,9
many,bounce,10
many,ba-dump,11
many,baby,12
many,sound,12
many,ball,13
many,banjo,14
many,be,15
many,careful,15
many,beat,16
many,bird,17
many,blah,18
many,blah,18
many,blah,18
many,bong,19
many,bonk,20
many,bored,21
many,boringness,22
many,bounce,23
many,bounces,24
many,bouncing,25
many,calm,26
many,down,26
many,car,27
many,rear,27
many,ping,27
many,child,28
many,talk,28
many,chinese,29
many,crickets,30
many,cute,31
many,and,31
many,tiny,31
many,cute,32
many,cartoon,32
many,character,32
many,don't,33
many,know,33
many,danger,34
many,deepol,35
many,deepol,35
many,deepol,35
many,dipo,36
many,dipo,36
many,dipo,36
many,do,37
many,this,37
many,echo,38
many,error,39
many,etcetera,40
many,falling,41
many,falling,42
many,down,42
many,guitar,43
many,strings,43
many,happyness,44
many,horse,45
many,running,45
many,humming,46
many,hurry,47
many,hurry,48
many,up,48
many,imitating,49
many,a,49
many,sound,49
many,imitating,50
many,beat,50
many,impatient,51
many,sound,51
many,indecisive,52
many,indicating,53
many,something,53
many,indifferent,54
many,it,55
many,is,55
many,cheap,55
many,japanese,56
many,sounds,56
many,jumping,57
many,loading,58
many,local,59
many,dialet,59
many,look,60
many,looking,61
many,around,61
many,my,62
many,guy,62
many,pardon,63
many,parou,64
many,parou,65
many,parou,65
many,parou,65
many,paw,66
many,pedo,67
many,pedo,67
many,pedo,67
many,people,68
many,repeated,68
many,pero,69
many,pero,69
many,pero,69
many,person,70
many,"bored,",70
many,joking,70
many,playful,71
many,playfully,72
many,playing,73
many,playing,74
many,with,74
many,a,74
many,kid,74
many,podeypodey,75
many,pointing,76
many,pom,77
many,popo,78
many,po,78
many,poo,78
many,pou-pou-pou-pou,79
many,pouring,80
many,water,80
many,rhythm,81
many,ready,82
many,reassuring,83
many,a,83
many,comment,83
many,rejecting,84
many,idea,84
many,remind,85
many,repeated,86
many,resfusing,87
many,an,87
many,idea,87
many,ring,88
many,the,88
many,bell,88
many,robot,89
many,sing,90
many,silly,91
many,seen,92
many,something,92
many,silly,93
many,kid,93
many,sound,93
many,sing,94
many,singing,95
many,"singing,",96
many,strings,96
many,song,97
many,strange,98
many,language,98
many,talk,99
many,talk,100
many,talk,101
many,too,101
many,much,101
many,talking,102
many,telephone,103
many,ringing,103
many,tip,104
many,toe,104
many,tip,105
many,top,105
many,tipo,106
many,tipo,107
many,tipo,107
many,tipo,107
many,trotting,108
many,typing,109
many,typo,110
many,typping,111
many,very,112
many,busy,112
many,vocalising,113
many,vocalization,114
many,wait,115
many,walking,116
many,warning,117
many,warning,118
many,sign,118
many,water,119
many,dropping,119
many,whatever,120
many,women’s,121
many,,121
many,pooo,121
many,women’s,122
many,pado,122
many,pado,122
many,women’s,123
many,tipo,123
many,tipo,123
many,a,124
many,beep,124
many,adult,125
many,talking,125
many,child,125
many,adults,126
many,talking,126
many,child,126
many,after,127
many,awhile,127
many,agreeing,128
many,alarm,129
many,alert,130
many,sounds,130
many,from,130
many,slightly,130
many,underwater,130
many,alien,131
many,alien,132
many,comunication,132
many,amusement,133
many,amusing,134
many,noises,134
many,to,134
many,pass,134
many,the,134
many,time,134
many,animal,135
many,sound,135
many,annoying,136
many,annoying,137
many,person,137
many,anxiousness,138
many,as,139
many,you,139
many,say,139
many,attention,140
many,attention,141
many,please,141
many,baby,142
many,baby,143
many,sound,143
many,baby,144
many,words,144
many,badabadabado,145
many,badop,146
many,dadop,146
many,badop,146
many,badup,147
many,badup,147
many,badup,147
many,ball,148
many,ball,149
many,bouncing,149
many,ball,150
many,hitting,150
many,ground,150
many,bao,151
many,bao,151
many,bao,151
many,bao,151
many,bao,151
many,base,152
many,beat,153
many,beatboxing,154
many,bedo,155
many,bedo,155
many,bedo,155
many,being,156
many,playful,156
many,bell,157
many,biddup,158
many,biddup,158
many,biddup,158
many,bidop,159
many,bidop,159
many,bidop,159
many,bird,160
many,bird,161
many,chirps,161
many,blah,162
many,blah,162
many,blah,163
many,blah,163
many,blah,163
many,boing,164
many,boing-boing,165
many,bong,166
many,bong,166
many,bong,166
many,bong,167
many,or,167
many,bounce,167
many,bored,168
many,bored,169
many,person,169
many,boredom,170
many,boring,171
many,bothering,172
many,bounce,173
many,bouncing,174
many,bouncing,175
many,ball,175
many,bouncing,176
many,ping-pong,176
many,bouncy,177
many,ball,177
many,bring,178
many,it,178
many,here,178
many,bubble,179
many,with,179
many,mouth,179
many,budum,180
many,budum,180
many,building,181
many,excitement,181
many,buzzing,182
many,call,183
many,calling,184
many,calling,185
many,somebody,185
many,out,185
many,calm,186
many,down,186
many,can,187
many,you,187
many,hear,187
many,car,188
many,horn,188
many,child,189
many,child,190
many,noise,190
many,child,191
many,singing,191
many,chinese,192
many,climbing,193
many,come,194
many,come,195
many,here,195
many,come,196
many,over,196
many,here,196
many,comedy,197
many,music,197
many,cooing,198
many,cricket,199
many,croon,200
many,dance,201
many,dancing,202
many,moves,202
many,dee-bot,203
many,deep,204
many,deep,204
many,deep,204
many,deeple,205
many,deeple,205
many,deeple,205
many,depot,206
many,descending,207
many,jazz,207
many,beat,207
many,do,208
many,it,208
many,don't,209
many,know,209
many,dont,210
many,know,210
many,dripping,211
many,drumming,212
many,drums,213
many,emphasis,214
many,entertainment,215
many,enunciating,216
many,etc,217
many,etc,217
many,excited,218
many,excuse,219
many,falling,220
many,faster,221
many,female,222
many,adult,222
many,female,223
many,voice,223
many,fire,224
many,truck,224
many,flying,225
many,away,225
many,frivolous,226
many,gibberish,227
many,gibo,228
many,give,229
many,me,229
many,attention,229
many,go,230
many,go,230
many,go,230
many,gong,231
many,goofiness,232
many,"greeting,",233
many,signage,233
many,group,234
many,guitar,235
many,guitar,236
many,imitation,236
many,guitar,237
many,string,237
many,happiness,238
many,happy,239
many,happy,240
many,walking,240
many,hey,241
many,you,241
many,honk,242
many,honk,242
many,honk,242
many,(like,242
many,a,242
many,trumpet),242
many,honking,243
many,honking,244
many,or,244
many,hitting,244
many,horn,245
many,horse,246
many,hum,247
many,human,248
many,mimicking,248
many,alert,248
many,sounds,248
many,humming,249
many,humming,250
many,with,250
many,boredom,250
many,hurry,251
many,hurry,252
many,hurry,252
many,hurry,253
many,up,253
many,"hurry,",254
many,get,254
many,it,254
many,i,255
many,don't,255
many,know,255
many,i,256
many,dont,256
many,know,256
many,i,257
many,see,257
many,i,258
many,understand,258
many,idk,259
many,idly,260
many,passing,260
many,time,260
many,imitating,261
many,a,261
many,song,261
many,impatience,262
many,indicating,263
many,excitedly,263
many,instrument,264
many,instrument,265
many,playing,265
many,jogging,266
many,joke,267
many,jump,268
many,jumping,269
many,knocking,270
many,learning,271
many,let's,272
many,get,272
many,going,272
many,little,273
many,ball,273
many,bouncing,273
many,look,274
many,over,274
many,there,274
many,"man,",275
many,humming,275
many,melody,276
many,message,277
many,mic,278
many,test,278
many,"milling,",279
many,repeating,279
many,same,279
many,word,279
many,moving,280
many,along,280
many,moving,281
many,on,281
many,mumble,282
many,mumbling,283
many,muppet,284
many,sound,284
many,music,285
many,music,286
many,instrument,286
many,music,287
many,play,287
many,musical,288
many,note,288
many,musical,289
many,sounds,289
many,object,290
many,dropping,290
many,office,291
many,ok,292
many,ok,292
many,ok,293
many,understood,293
many,okay,294
many,padapadappadap,295
many,padoh,296
many,padoh,296
many,padoh,296
many,pah,297
many,pah,297
many,paro,298
many,paro,298
many,paro,298
many,paroparoparo,299
many,parrot,300
many,parup,301
many,parup,301
many,parup,301
many,passing,302
many,time,302
many,pedon,303
many,pedop,304
many,pedop,304
many,pedop,304
many,pedoppedoppedop,305
many,people,306
many,peoplepeoplepeople,307
many,pero,308
many,pero,308
many,pero,308
many,"pero,",309
many,"pero,",309
many,pero,309
many,pero...pero....pero,310
many,peru,311
many,peru,311
many,peru,311
many,phone,312
many,ringing,312
many,piano,313
many,ping,314
many,pong,314
many,pingpong,315
many,play,316
many,playful,317
many,playing,318
many,playing,319
many,an,319
many,instrument,319
many,playing,320
many,guiater,320
many,playing,321
many,instrument,321
many,playing,322
many,xylophone,322
many,plunking,323
many,string,323
many,pom,324
many,pom,324
many,pom,324
many,pom,324
many,pom,324
many,pon,325
many,pon,325
many,pon,325
many,pong,326
many,pong,327
many,pong,327
many,pong,328
many,pong,328
many,pong,328
many,pong,329
many,pong,329
many,pong,329
many,pong,329
many,pong,329
many,pong,330
many,pong,330
many,pong,330
many,pong,330
many,pongggg,330
many,ponging,331
many,pongpongpong,332
many,pongpongpongpong,333
many,pongpongpongpongpong,334
many,pow,335
many,pow,335
many,pow,335
many,pow,336
many,pow,336
many,pow,336
many,pow,336
many,pow,336
many,powmpowmpowm,337
many,pr,338
many,pr,338
many,pr,338
many,practice,339
many,pro,340
many,pro,340
many,pro,340
many,problem,341
many,pruprupru,342
many,put,343
many,down,343
many,rain,344
many,rain,345
many,drop,345
many,random,346
many,random,347
many,tune,347
many,rebound,348
many,relax,349
many,repeat,350
many,repeting,351
many,repetition,352
many,rhythimic,353
many,badop,353
many,rhythmic,354
many,sound,354
many,"right,",355
many,right,355
many,ringing,356
many,robot,357
many,roll,358
many,out,358
many,rooftop,359
many,running,360
many,rushing,361
many,someone,361
many,rythm,362
many,sharp,363
many,showing,364
many,something,364
many,sing,365
many,singing,366
many,singing,367
many,distracted,367
many,singing,368
many,woman,368
many,slowing,369
many,smacking,370
many,small,371
many,rubber,371
many,ball,371
many,someone,372
many,knocking,372
many,something,373
many,falling,373
many,song,374
many,sorry,375
many,sounds,376
many,spanish,377
many,person,377
many,speaking,378
many,splashing,379
many,water,379
many,sponging,380
many,spring,381
many,spring,382
many,bouncing,382
many,stairs,383
many,stepping,384
many,"steps,",385
many,marching,385
many,stop,386
many,stop,387
many,that,387
many,strings,388
many,swamp,389
many,noises,389
many,talk,390
many,talkative,391
many,talking,392
many,tea,393
many,pot,393
many,teep,394
many,teep,394
many,teep,394
many,teepo,395
many,teepo,395
many,teepo,395
many,teepoh,396
many,teepoh,397
many,teepoh,397
many,teepoh,397
many,telephone,398
many,tent,399
many,tepo,400
many,tepo,400
many,tepo,400
many,testing,401
many,this,402
many,one,402
many,tiny,403
many,robot,403
many,tip,404
many,toe,404
many,tipo,405
many,tipo,406
many,play,406
many,tipo,407
many,tipo,407
many,tipo,407
many,tipo...tipo...tipo,408
many,tipotipotipo,409
many,tired,410
many,tito,411
many,tito,411
many,tito,411
many,totototo,412
many,touching,413
many,something,413
many,touching,414
many,touchscreen,414
many,towel,415
many,trumpet,416
many,tune,417
many,bass,417
many,notes,417
many,twang,418
many,type,419
many,type,420
many,on,420
many,keyboard,420
many,typing,421
many,typing,422
many,computer,422
many,typo,423
many,typo,424
many,typo,424
many,typo,424
many,unhappy,425
many,vocal,426
many,stimming,426
many,voice,427
many,vow,428
many,vow,428
many,vow,428
many,wah,429
many,wah,429
many,wah,429
many,wait,430
many,waiting,431
many,walk,432
many,walking,433
many,warning,434
many,watch,435
many,out,435
many,water,436
many,whatever,437
many,woman,438
many,sound,438
many,word,439
many,noises,439
many,work,440
many,yes,441
many,NA,442
meat,agh,1
meat,agh,1
meat,anger,2
meat,arom,3
meat,t,3
meat,aum,4
meat,am,4
meat,am,4
meat,awm,5
meat,awm,5
meat,awm,5
meat,bad,6
meat,taste,6
meat,big,7
meat,bites,7
meat,big,8
meat,chomps,8
meat,chew,9
meat,chew,10
meat,mimick,10
meat,chewing,11
meat,chomp-chomp,12
meat,clearing,13
meat,throat,13
meat,continuously,14
meat,biting,14
meat,delicious,15
meat,delicious.,16
meat,devour,17
meat,devouring,18
meat,disagreement,19
meat,disliking,20
meat,food,20
meat,eat,21
meat,eat,22
meat,eating,23
meat,eating,24
meat,delicious,24
meat,food,24
meat,eating,25
meat,disgusting,25
meat,food,25
meat,eating,26
meat,fast,26
meat,eating,27
meat,something,27
meat,eating,28
meat,sound,28
meat,eating,29
meat,sounds,29
meat,eating,30
meat,vigourously,30
meat,"eating,",31
meat,"man,",31
meat,vicious,31
meat,eats,32
meat,enjoying,33
meat,eating,33
meat,enjoying,34
meat,food,34
meat,"enjoying,",35
meat,eating,35
meat,enjoyment,36
meat,erum,37
meat,na,37
meat,food,38
meat,food,39
meat,,39
meat,just,39
meat,alright,39
meat,gibberish,40
meat,gnome,41
meat,good,42
meat,food,42
meat,gorge,43
meat,grunting,44
meat,gulping,45
meat,hunger,46
meat,hungry,47
meat,i,48
meat,guess,48
meat,so,48
meat,it,49
meat,is,49
meat,delicious,49
meat,it,50
meat,tastes,50
meat,good,50
meat,loud,51
meat,eating,51
meat,male,52
meat,grunt,52
meat,maybe,53
meat,men’s,54
meat,ammmam,54
meat,men’s,55
meat,strange,55
meat,sounds,55
meat,mlam,56
meat,chomp,56
meat,motor,57
meat,munching,58
meat,noisy,59
meat,eating,59
meat,/,59
meat,chewing,59
meat,not,60
meat,now,60
meat,obnoxious,61
meat,eating,61
meat,ogre,62
meat,person,63
meat,swallowing,63
meat,fast,63
meat,pleasure,64
meat,"quiet,",65
meat,eating,65
meat,ravenous,66
meat,sound,67
meat,salivating,68
meat,satisfied,69
meat,after,69
meat,meal,69
meat,scarfing,70
meat,food,70
meat,scoffing,71
meat,smacking,72
meat,lips,72
meat,snore,73
meat,snoring,74
meat,snort,75
meat,sour,76
meat,speeding,77
meat,up,77
meat,spilling,78
meat,out,78
meat,tasty,79
meat,taste,80
meat,very,80
meat,good,80
meat,tasty,81
meat,thinking,82
meat,to,83
meat,chew,83
meat,ueeem,84
meat,nam,84
meat,nam,84
meat,voracious,85
meat,voracious,86
meat,eating,86
meat,you,87
meat,eat,87
meat,aahrm,88
meat,aahrm,88
meat,adult,89
meat,talking,89
meat,child,89
meat,aggressive,90
meat,eating,90
meat,ahumm,91
meat,hummhumm,91
meat,ammm,92
meat,ammm,92
meat,ammm,92
meat,angry,93
meat,chewing,93
meat,angry,94
meat,eat,94
meat,angry,95
meat,eating,95
meat,animal,96
meat,animal,97
meat,eating,97
meat,anticipation,98
meat,arghm,99
meat,arghm,99
meat,orghm,99
meat,arrchh,100
meat,smack,100
meat,arrogance,101
meat,arrrrm,102
meat,armmm,102
meat,"aum!,,,",103
meat,am...,103
meat,am!,103
meat,aumk,104
meat,aumk,104
meat,amt,104
meat,aumomomom,105
meat,avid,106
meat,bad,107
meat,taste,107
meat,big,108
meat,animal,108
meat,eating,108
meat,big,109
meat,bite,109
meat,big,110
meat,bites,110
meat,big,111
meat,eating,111
meat,bite,112
meat,biting,113
meat,biting,114
meat,loud,114
meat,brumm,115
meat,nom,115
meat,nom,115
meat,nah,115
meat,car,116
meat,carrot,117
meat,cartoon,118
meat,eating,118
meat,cha,119
meat,cha,119
meat,chew,120
meat,chewing,121
meat,chewing,122
meat,aggressively,122
meat,chewing,123
meat,food,123
meat,chewing,124
meat,sound,124
meat,chewing...,125
meat,mouth,125
meat,noise,125
meat,chomp,126
meat,chomp,127
meat,chomp,127
meat,(like,127
meat,eating),127
meat,chomping,128
meat,chowing,129
meat,clacking,130
meat,come,131
meat,eat,131
meat,cow,132
meat,cromp,133
meat,cromp,133
meat,danger,134
meat,delicious,135
meat,delicious,136
meat,food,136
meat,devour,137
meat,devouring,138
meat,disgruntled,139
meat,disgust,140
meat,disgusting,141
meat,disgusting,142
meat,eating,142
meat,sound,142
meat,dislike,143
meat,displeased,144
meat,distaste,145
meat,dog,146
meat,dog,147
meat,eating,147
meat,don't,148
meat,know,148
meat,dreaming,149
meat,dry,150
meat,mouth,150
meat,eat,151
meat,eating,152
meat,eating,153
meat,",chewing",153
meat,eating,154
meat,a,154
meat,big,154
meat,man,154
meat,eating,155
meat,annoyed,155
meat,eating,156
meat,apple,156
meat,eating,157
meat,chips,157
meat,eating,158
meat,disgusting,158
meat,food,158
meat,eating,159
meat,fast,159
meat,eating,160
meat,food,160
meat,eating,161
meat,good,161
meat,eating,162
meat,heartily,162
meat,eating,163
meat,loudly,163
meat,eating,164
meat,meat,164
meat,eating,165
meat,sauce,165
meat,eating,166
meat,something,166
meat,eating,167
meat,something,167
meat,delicious,167
meat,eating,168
meat,sound,168
meat,eating,169
meat,upset,169
meat,eating,170
meat,while,170
meat,hungry,170
meat,eating,171
meat,with,171
meat,enthusiasm,171
meat,eating,172
meat,with,172
meat,relish,172
meat,"eating,",173
meat,full,173
meat,"eating,",174
meat,hungry,174
meat,"eating,",175
meat,not,175
meat,liking,175
meat,eating?,176
meat,emm,177
meat,uhn,177
meat,jank,177
meat,enjoy,178
meat,chewing,178
meat,enjoying,179
meat,food,179
meat,enjoying,180
meat,something,180
meat,euueemmm,181
meat,mna,181
meat,mnam,181
meat,nanm,181
meat,exaggerate,182
meat,fake,183
meat,eating,183
meat,famished,184
meat,fat,185
meat,man,185
meat,eating,185
meat,feasting,186
meat,food,187
meat,ggggp,188
meat,ggggp,188
meat,gnhu,189
meat,gnhu,189
meat,go,190
meat,away,190
meat,gobble,191
meat,gobble,192
meat,up,192
meat,gobbling,193
meat,food,193
meat,good,194
meat,good,195
meat,food,195
meat,greedy,196
meat,groan,197
meat,grunt,198
meat,grunting,199
meat,gulp,200
meat,gulp,201
meat,gulp,201
meat,gulping,202
meat,haap,203
meat,haaap,203
meat,ham,204
meat,ham,204
meat,hamm,205
meat,nam,205
meat,nath,205
meat,happy,206
meat,eater,206
meat,hard,207
meat,hrom,208
meat,hrom,208
meat,huge,209
meat,bites,209
meat,hum,210
meat,ha,210
meat,hum,210
meat,humnummxm,211
meat,humxhumxhumx,212
meat,hunger,213
meat,hungry,214
meat,hungry,215
meat,eating,215
meat,hungry,216
meat,engine,216
meat,"hungry,",217
meat,food,217
meat,indifferent,218
meat,intensely,219
meat,satisfied,219
meat,with,219
meat,ones,219
meat,nourishment,219
meat,keep,220
meat,going,220
meat,kgo,221
meat,kgo,221
meat,khow,222
meat,khow,222
meat,lament,223
meat,large,224
meat,licking,225
meat,licking,226
meat,ice,226
meat,cream,226
meat,licking,227
meat,lips,227
meat,lip,228
meat,smacking,228
meat,loud,229
meat,chomp,229
meat,chomp,229
meat,eating,229
meat,noise,229
meat,loud,230
meat,eating,230
meat,man,231
meat,eating,231
meat,man,232
meat,eating,232
meat,delicious,232
meat,meal,232
meat,"man,",233
meat,donkey,233
meat,sound,233
meat,meal,234
meat,mnham,235
meat,motor,236
meat,motorbike,237
meat,munch,238
meat,munching,239
meat,munching,240
meat,and,240
meat,savoring,240
meat,nam,241
meat,nam,241
meat,nam,241
meat,noisy,242
meat,eating,242
meat,not,243
meat,enjoying,243
meat,a,243
meat,food,243
meat,num,244
meat,num,244
meat,(eating,244
meat,noise),244
meat,omomom,245
meat,overeating,246
meat,pig,247
meat,pig,248
meat,eating,248
meat,pig,249
meat,sound,249
meat,posh,250
meat,eating,250
meat,preparing,251
meat,to,251
meat,eat,251
meat,pretend,252
meat,to,252
meat,bite,252
meat,pretending,253
meat,to,253
meat,eat,253
meat,quickly,254
meat,rau,255
meat,rau,255
meat,raum,256
meat,raum,256
meat,raun,257
meat,raun,257
meat,raun,257
meat,really,258
meat,enjoying,258
meat,food,258
meat,repellent,259
meat,retiree,260
meat,revelling,261
meat,in,261
meat,eating,261
meat,roam-hum-a,262
meat,rodent,263
meat,roubroub,264
meat,rrhhehmmmmamamam,265
meat,ruam,266
meat,ruam,266
meat,satisfaction,267
meat,scrumptious,268
meat,meal,268
meat,scrunch,269
meat,sleep,270
meat,sleep,271
meat,talking,271
meat,sleeping,272
meat,slurping,273
meat,snore,274
meat,snoring,275
meat,snort,276
meat,sound,277
meat,of,277
meat,disgust,277
meat,ssnore,278
meat,swallowing,279
meat,something,279
meat,big,279
meat,tastes,280
meat,bad,280
meat,tasting,281
meat,"tasting,",282
meat,munching,282
meat,tasty,283
meat,tiger,284
meat,to,285
meat,chew,285
meat,to,286
meat,eat,286
meat,to,287
meat,heat,287
meat,something,287
meat,to,288
meat,savor,288
meat,tribal,289
meat,ueermm,290
meat,nam,290
meat,nam,290
meat,eh,290
meat,click,290
meat,uhmm,291
meat,namnam,291
meat,eggh,291
meat,uhmnham,292
meat,uhmuhm,293
meat,very,294
meat,good,294
meat,food,294
meat,very,295
meat,hungry,295
meat,villain,296
meat,eating,296
meat,walking,297
meat,in,297
meat,snow,297
meat,went,298
meat,that,298
meat,way,298
meat,wild,299
meat,animal,299
meat,eating,299
meat,sound,299
meat,wild,300
meat,eating,300
meat,sound,300
meat,wolf,301
meat,food,301
meat,yammy,302
meat,yawn,303
meat,yawning,304
meat,yum,305
meat,yummy,306
meat,NA,307
one,a,1
one,drop,1
one,agree,2
one,agreement,3
one,amazement,4
one,annoyed,5
one,asking,6
one,question,6
one,boop,7
one,sound,7
one,breaking,8
one,something,8
one,broken,9
one,bubble,10
one,click,11
one,clank,12
one,click,13
one,clicking,14
one,something,14
one,closed,15
one,mouth,15
one,come,16
one,convinced,17
one,dup,18
one,deep,19
one,dip,20
one,disaproval,21
one,disgust,22
one,dismissive,23
one,do,24
one,don't,25
one,care,25
one,doo,26
one,doop,27
one,doubt,28
one,doup,29
one,drop,30
one,dropping,31
one,sometihng,31
one,drum,32
one,stick,32
one,dum,33
one,dup,34
one,dupe,35
one,exactly,36
one,fall,37
one,feeling,38
one,sudden,38
one,pain,38
one,feminine,39
one,,39
one,mm,39
one,finger,40
one,snap,40
one,fingers,41
one,click,41
one,frustration,42
one,grunt,43
one,here,44
one,",",44
one,this,44
one,spot,44
one,hesitation,45
one,hiccup,46
one,hit,47
one,hm!,48
one,hmm,49
one,hmm,50
one,sound,50
one,holding,51
one,back,51
one,holding,52
one,back,52
one,laugh,52
one,hum,53
one,humph,54
one,i,55
one,do,55
one,i,56
one,will,56
one,not,56
one,indecisive,57
one,indiference,58
one,irritated,59
one,just,60
one,a,60
one,sound,60
one,just,61
one,assenting,61
one,comment,61
one,keys,62
one,knock,63
one,laugh,64
one,like,65
one,playing,65
one,drums,65
one,mmh,66
one,mhm,67
one,mmh,68
one,mouse,69
one,click,69
one,mouth,70
one,negative,71
one,no,72
one,no,73
one,or,73
one,don't,73
one,touch,73
one,no!,74
one,not,75
one,sure,75
one,object,76
one,falling,76
one,okay,77
one,padoop,78
one,pardon,79
one,piano,80
one,ping,81
one,playful,82
one,read,83
one,realization,84
one,registered,85
one,rejecting,86
one,idea,86
one,rejectment,87
one,reload,88
one,weapon,88
one,shock,89
one,slap,90
one,short,91
one,short,92
one,no,92
one,short,93
one,sound,93
one,sigh,94
one,silly,95
one,sing,96
one,small,97
one,item,97
one,falling,97
one,snap,98
one,snapping,99
one,snapping,100
one,something,100
one,some,101
one,crack,101
one,sound,102
one,startle,103
one,steady,104
one,stop,105
one,strange,106
one,sound,106
one,suprise,107
one,sure,108
one,surprise,109
one,switch,110
one,syllable,111
one,tck,112
one,"thinking,",113
one,thump,114
one,tick,115
one,tup,116
one,turing,117
one,on,117
one,lights,117
one,two,118
one,uhm,119
one,um-,120
one,umm,121
one,understand,122
one,voice,123
one,exercise,123
one,wait,124
one,what,125
one,what?,126
one,women’,127
one,pluuu,127
one,yes?,128
one,you,129
one,a,130
one,sound,130
one,about,131
one,to,131
one,laugh,131
one,acknowleding,132
one,instruction,132
one,adult,133
one,talking,133
one,child,133
one,affirmative,134
one,affirmative,135
one,response,135
one,afflicted,136
one,agreeing,137
one,agreeing,138
one,sound,138
one,agreement,139
one,ah!,140
one,annoyed,141
one,ask,142
one,asking,143
one,asking,144
one,to,144
one,repeat,144
one,assens,145
one,assent,146
one,assenting,147
one,attention,148
one,attention,149
one,seeking,149
one,attraction,150
one,attention,150
one,barcode,151
one,machine,151
one,beatbox,152
one,boh,153
one,bored,154
one,boy,155
one,break,156
one,calling,157
one,check,158
one,checked,159
one,chewing,160
one,clap,161
one,clearing,162
one,throat,162
one,click,163
one,click,164
one,pen,164
one,click,165
one,sound,165
one,click,166
one,tounge,166
one,clicking,167
one,clicking,168
one,with,168
one,tongue,168
one,clip,169
one,clipping,170
one,close,171
one,closing,172
one,come,173
one,completed,174
one,something,174
one,computer,175
one,confused,176
one,correction,177
one,craving,178
one,cutting,179
one,darn,180
one,denial,181
one,deny,182
one,did,183
one,you?,183
one,ding,184
one,dioux,185
one,disagree,186
one,disagreeing,187
one,disagreement,188
one,disapproval,189
one,disapprove,190
one,disbelief,191
one,disconfort,192
one,discord,193
one,disdain,194
one,distrust,195
one,do,196
one,do,197
one,it,197
one,doesn't,198
one,believe,198
one,don't,199
one,care,199
one,don't,200
one,know,200
one,done,201
one,dont,202
one,know.,202
one,doo,203
one,dooo,204
one,doop,205
one,door,206
one,doot,207
one,dope,208
one,doub,209
one,?,209
one,refusing,209
one,sound,209
one,?,209
one,doubt,210
one,drip,211
one,dripping,212
one,drop,213
one,drop,214
one,of,214
one,water,214
one,drop,215
one,water,215
one,dropping,216
one,something,216
one,drum,217
one,drum,218
one,sticks,218
one,drumming,219
one,drums,220
one,dub,221
one,dud,222
one,dude,223
one,due,224
one,duh,225
one,dup,226
one,dup,227
one,dup,227
one,dup,228
one,singing,228
one,dupe,229
one,dupp,230
one,durp,231
one,eat,232
one,eating,233
one,emm,234
one,end,235
one,exerting,236
one,effort,236
one,exertion,237
one,fall,238
one,find,239
one,something,239
one,funny,239
one,finger,240
one,snaping,240
one,flatulence,241
one,footstep,242
one,gentle,243
one,give,244
one,attention,244
one,go,245
one,away,245
one,got,246
one,it,246
one,got,247
one,ya,247
one,groan,248
one,grunt,249
one,gulp,250
one,guttural,251
one,sound,251
one,haaa,252
one,happy,253
one,have,254
one,an,254
one,idea,254
one,hesitating,255
one,hiccup,256
one,hiccups,257
one,hit,258
one,hit,259
one,with,259
one,stick,259
one,hmm,260
one,hmmh,261
one,horn,262
one,how,263
one,are,263
one,you,263
one,how,264
one,many,264
one,hum,265
one,hum,266
one,in,266
one,indifference,266
one,hum,267
one,of,267
one,approval,267
one,humming,268
one,i,269
one,don't,269
one,want,269
one,to,269
one,i,270
one,dont,270
one,know,270
one,i,271
one,wan't,271
one,ihh,272
one,indeference,273
one,indifference,274
one,indifferent,275
one,interjection,276
one,its,277
one,ok,277
one,jam,278
one,jolt,279
one,jump,280
one,kachew,281
one,kit,282
one,klick,283
one,of,283
one,thanos,283
one,knocking,284
one,knocking,285
one,something,285
one,over,285
one,laugh,286
one,laught,287
one,lets,288
one,go,288
one,light,289
one,switch,289
one,little,290
one,hurt,290
one,look,291
one,lub-dub,292
one,man,293
one,marble,294
one,ball,294
one,maybe,295
one,metal,296
one,hitting,296
one,mhh,297
one,mhhhmhh,298
one,mistake,299
one,mmh,300
one,mmm,301
one,mmmmm,302
one,mouse,303
one,click,303
one,mouth,304
one,clicking,304
one,mthu,305
one,muppet,306
one,mxm,307
one,negation,308
one,no,309
one,idea,309
one,no,310
one,knowing,310
one,no,311
one,way,311
one,nod,312
one,nodding,313
one,noice,314
one,noise,315
one,nop,316
one,nope,317
one,not,318
one,not,319
one,exactly,319
one,not,320
one,happy,320
one,not,321
one,like,321
one,that,321
one,not,322
one,sure,322
one,notification,323
one,nudge,324
one,nudge,325
one,sound,325
one,oh,326
one,i,326
one,see,326
one,"ok,don't",327
one,agree,327
one,okay,328
one,one,329
one,sound,329
one,oops,330
one,opening,331
one,a,331
one,can,331
one,pain,332
one,pay,333
one,attention,333
one,pdum,334
one,pen,335
one,clicking,335
one,pen,336
one,drop,336
one,ping,337
one,ping,338
one,a,338
one,door,338
one,pistol,339
one,safety,339
one,mechanism,339
one,que,340
one,question,341
one,questionable,342
one,questioning,343
one,quick,344
one,radar,345
one,raindrop,346
one,refuse,347
one,rule,348
one,sarcastic,349
one,acknowledgement,349
one,saying,350
one,m,350
one,saying,351
one,no,351
one,saying,352
one,something,352
one,shock,353
one,shocked,354
one,short,355
one,mmm,355
one,shrug,356
one,shy,357
one,silence,358
one,silent,359
one,bang,359
one,singing,360
one,slight,361
one,awe,361
one,slip,362
one,slurp,363
one,smacking,364
one,small,365
one,shock,365
one,smirk,366
one,snap,367
one,snap,368
one,fingers,368
one,snapping,369
one,someone,370
one,saying,370
one,no,370
one,sound,371
one,of,371
one,not,371
one,caring,371
one,sounds,372
one,speaking,373
one,stable,374
one,stammer,375
one,start,376
one,of,376
one,the,376
one,song,376
one,step,377
one,stomping,378
one,stop,379
one,stoped,380
one,stupid,381
one,sudden,382
one,surprise,382
one,suprise,383
one,holding,383
one,laugh,383
one,surprise,384
one,surprised,385
one,switch,386
one,talk,387
one,talking,388
one,tap,389
one,tapping,390
one,tch,391
one,territory,392
one,mark,392
one,thats,393
one,right,393
one,the,394
one,end,394
one,there,395
one,you,395
one,go,395
one,thinking,396
one,this,397
one,threaten,398
one,tic,399
one,tic,400
one,tock,400
one,tick,401
one,tick,402
one,tok,402
one,ticking,403
one,tish,404
one,tongue,405
one,clicking,405
one,tongue,406
one,noise,406
one,touch,407
one,toungue,408
one,on,408
one,roof,408
one,of,408
one,mouth,408
one,truncated,409
one,word,409
one,tsk,410
one,tsk,411
one,tsk,411
one,tup,412
one,turn,413
one,on,413
one,typing,414
one,uh,415
one,oh,415
one,uhm,416
one,um!,417
one,ummm,418
one,understanding,419
one,understood,420
one,unexpected,421
one,unsatisfied,422
one,uum,423
one,vocalize,424
one,walking,425
one,wand,426
one,beat,426
one,warning,427
one,water,428
one,dripping,428
one,water,429
one,drop,429
one,water,430
one,droplet,430
one,well,431
one,then,431
one,what,432
one,whatever,433
one,who,434
one,wink,435
one,wood,436
one,tap,436
one,yes,437
one,“no!”,438
one,NA,439
pound,"""doom""",1
pound,"anger,",2
pound,violence,2
pound,angry,3
pound,anxiety,4
pound,beat,5
pound,bang,6
pound,bang,7
pound,or,7
pound,thump,7
pound,beat,8
pound,beatbox,9
pound,beating,10
pound,big,11
pound,bangs,11
pound,bmop,12
pound,bmp,12
pound,bomb,13
pound,bombs,14
pound,boom,15
pound,boom,15
pound,bump,16
pound,call,17
pound,car,18
pound,car,19
pound,door,19
pound,closing,19
pound,clank,20
pound,clank!,20
pound,closed,21
pound,colision,22
pound,come,23
pound,come,23
pound,cough,24
pound,dum,25
pound,danger,26
pound,dinosaur,27
pound,done,28
pound,dont,29
pound,don’t,30
pound,doom,31
pound,doomp,32
pound,doop,33
pound,door,34
pound,knock,34
pound,dor,35
pound,knocking,35
pound,drop,36
pound,drum,37
pound,drum,38
pound,kick,38
pound,drum,39
pound,sound,39
pound,drumming,40
pound,drums,41
pound,dum,42
pound,"dumb,",43
pound,stupid,43
pound,dump,44
pound,dunk,45
pound,dunk,46
pound,dunk,46
pound,dunk,46
pound,dunk-dunk-dunk,47
pound,encroach,48
pound,excitement,49
pound,explosion,50
pound,fall,51
pound,fall,52
pound,fall,53
pound,to,53
pound,the,53
pound,ground,53
pound,giant,54
pound,gun,55
pound,gun,56
pound,firing,56
pound,gun,57
pound,shot,57
pound,gunshots,58
pound,hammering,59
pound,hard,60
pound,thump,60
pound,heavy,61
pound,hit,62
pound,hitting,63
pound,imitating,64
pound,a,64
pound,beat,64
pound,imitating,65
pound,beat,65
pound,imitating,66
pound,train,66
pound,impact,67
pound,joy,68
pound,jumping,69
pound,knock,70
pound,knock,71
pound,knock,71
pound,knock,72
pound,door,72
pound,knock,73
pound,knock,73
pound,knock,73
pound,knocking,74
pound,knot,75
pound,the,75
pound,door,75
pound,like,76
pound,"shooting,",76
pound,fear,76
pound,like,77
pound,techno,77
pound,sound,77
pound,loud,78
pound,footsteps,78
pound,male.,79
pound,,79
pound,inarticulate,79
pound,sounds,79
pound,moto,80
pound,move,81
pound,music,82
pound,music,83
pound,player,83
pound,"music,",84
pound,bass,84
pound,nail,85
pound,something,85
pound,pam,86
pound,pam,86
pound,pew,87
pound,pew,87
pound,playing,88
pound,pounding,89
pound,pumping,90
pound,pumps,91
pound,rhythm,92
pound,rejection,93
pound,rhythm,94
pound,shock,95
pound,shoot,96
pound,shot,97
pound,shots,98
pound,shutting,99
pound,something,99
pound,down,99
pound,sing,100
pound,singing,101
pound,singing,102
pound,dum,102
pound,singing,103
pound,in,103
pound,a,103
pound,tribe,103
pound,slap,104
pound,shot,104
pound,snare,105
pound,something,106
pound,falling,106
pound,spitting,107
pound,sroping,108
pound,on,108
pound,ground,108
pound,steps,109
pound,stomping,110
pound,stop,111
pound,stoping,112
pound,on,112
pound,ground,112
pound,striking,113
pound,strong,114
pound,shooting,114
pound,sound,114
pound,with,114
pound,mouth,114
pound,stupid,115
pound,or,115
pound,annoyed,115
pound,tenis,116
pound,thud,117
pound,thumping,118
pound,thunder,119
pound,tongue,120
pound,tump,121
pound,tump,121
pound,tump,121
pound,two,122
pound,violent,123
pound,drop,123
pound,vocal,124
pound,instrument,124
pound,walking,125
pound,women’s,126
pound,dom,126
pound,dom,126
pound,women’s,127
pound,doommm,127
pound,a,128
pound,lot,128
pound,of,128
pound,explosions,128
pound,adult,129
pound,making,129
pound,sounds,129
pound,adults,130
pound,making,130
pound,sounds,130
pound,angry,131
pound,angry,132
pound,steps,132
pound,bang,133
pound,bang,134
pound,bang,134
pound,bangbang,135
pound,banging,136
pound,bashing,137
pound,something,137
pound,bass,138
pound,beat,139
pound,beat,140
pound,box,140
pound,beat,141
pound,sound,141
pound,beat,142
pound,sounds,142
pound,voice,142
pound,beatboxing,143
pound,beating,144
pound,beating,145
pound,up,145
pound,big,146
pound,big,147
pound,sound,147
pound,big,148
pound,stomps,148
pound,bitbox,149
pound,bomb,150
pound,bombs,151
pound,bored,152
pound,bounce,153
pound,bouncing,154
pound,bouncing,155
pound,a,155
pound,ball,155
pound,breaking,156
pound,brum,157
pound,brum,157
pound,building,158
pound,tension,158
pound,bum,159
pound,bum,159
pound,bump,160
pound,car,161
pound,engine,161
pound,car,162
pound,starting,162
pound,chopping,163
pound,clank,164
pound,clapping,165
pound,climbing,166
pound,up,166
pound,collusion,167
pound,with,167
pound,ground,167
pound,confusion,168
pound,cough,169
pound,coughing,170
pound,crafting,171
pound,crucial,172
pound,realisation,172
pound,cyclope,173
pound,walking,173
pound,damn,174
pound,dance,175
pound,danger,176
pound,dangerous,177
pound,heavy,177
pound,deul,178
pound,dnk,179
pound,dnk,179
pound,dnk,179
pound,(drum,179
pound,beat),179
pound,do,180
pound,sound,180
pound,dodo,181
pound,domp,182
pound,don't,183
pound,don't,184
pound,know,184
pound,done,185
pound,donk,186
pound,donk,186
pound,donk,186
pound,doo,187
pound,doom,188
pound,doonk,189
pound,doonk,189
pound,doonk,189
pound,doonk-doonk-doonk,190
pound,doonkdoonkdoonk,191
pound,dope,192
pound,dramatic,193
pound,step,193
pound,drop,194
pound,drop,195
pound,something,195
pound,heavy,195
pound,dropping,196
pound,something,196
pound,heavy,196
pound,drum,197
pound,drum,198
pound,beat,198
pound,drum,199
pound,song,199
pound,drum,200
pound,sound,200
pound,drumming,201
pound,drums,202
pound,dry,203
pound,blow,203
pound,duh,204
pound,duhnk,205
pound,duhnk,205
pound,duhnk,205
pound,dum,206
pound,dumb,207
pound,,207
pound,speacker,207
pound,dumm,208
pound,dummm,209
pound,dun,210
pound,dunc,211
pound,dunc,211
pound,dunc,211
pound,dunk,212
pound,dunk,213
pound,dunk,213
pound,dunk,213
pound,dunkdunkdunk,214
pound,dunn,215
pound,dup,216
pound,emphasis,217
pound,energy,218
pound,engine,219
pound,start,219
pound,engine,220
pound,starting,220
pound,especial,221
pound,effects,221
pound,excavate,222
pound,explosion,223
pound,fake,224
pound,steps,224
pound,fall,225
pound,falling,226
pound,falling,227
pound,down,227
pound,stairs,227
pound,feet,228
pound,stomp,228
pound,finished,229
pound,fire,230
pound,arm,230
pound,footsteps,231
pound,gaming,232
pound,giant,233
pound,giant,234
pound,steps,234
pound,giant,235
pound,stomp,235
pound,going,236
pound,up,236
pound,gulping,237
pound,gun,238
pound,gun,239
pound,shots,239
pound,gunshot,240
pound,hammer,241
pound,hammering,242
pound,"hammering,",243
pound,gunshots,243
pound,heart,244
pound,heart,245
pound,beat,245
pound,heart,246
pound,beat?,246
pound,heartbeat,247
pound,heavy,248
pound,footsteps,248
pound,heavy,249
pound,steps,249
pound,heavy,250
pound,steps/knocking,250
pound,heavy,251
pound,walking,251
pound,hit,252
pound,hit,253
pound,hard,253
pound,hit,254
pound,on,254
pound,something,254
pound,hit,255
pound,plate,255
pound,hit,256
pound,something,256
pound,with,256
pound,a,256
pound,hammer,256
pound,hitting,257
pound,hitting,258
pound,pans,258
pound,hommer,259
pound,huffing,260
pound,huge,261
pound,human,262
pound,mimicking,262
pound,car,262
pound,pulling,262
pound,heavy,262
pound,load,262
pound,over,262
pound,speed,262
pound,bump,262
pound,humming,263
pound,a,263
pound,song,263
pound,i,264
pound,dont,264
pound,know,264
pound,i,265
pound,won't,265
pound,idiot,266
pound,imitating,267
pound,a,267
pound,song,267
pound,immitating,268
pound,gunshots,268
pound,impact,269
pound,impact,270
pound,noise,270
pound,kick,271
pound,it,271
pound,knock,272
pound,knock,273
pound,knock,273
pound,knock,274
pound,sound,274
pound,knocking,275
pound,knocking,276
pound,on,276
pound,a,276
pound,door,276
pound,knocking,277
pound,sounds,277
pound,knocking,278
pound,the,278
pound,door,278
pound,knocking?,279
pound,looking,280
pound,loud,281
pound,dom,281
pound,loud,282
pound,noise,282
pound,loud,283
pound,steps,283
pound,low,284
pound,making,285
pound,a,285
pound,rythm,285
pound,making,286
pound,loud,286
pound,noise,286
pound,making,287
pound,music,287
pound,sound,287
pound,man,288
pound,metal,289
pound,hit,289
pound,mimick,290
pound,instrument,290
pound,motorbike,291
pound,motorcycle,292
pound,movie,293
pound,soundtrack,293
pound,music,294
pound,music,295
pound,beat,295
pound,negation,296
pound,noise,297
pound,noises,298
pound,noisy,299
pound,note,300
pound,pam,301
pound,pam,301
pound,patter,302
pound,percussion,303
pound,pha,304
pound,pha,304
pound,play,305
pound,drums,305
pound,playing,306
pound,playing,307
pound,drums,307
pound,playing,308
pound,music,308
pound,playing,309
pound,with,309
pound,someone,309
pound,plop,310
pound,plot,311
pound,twist,311
pound,pmpm,312
pound,prohibition,313
pound,prum,314
pound,prum,314
pound,pruum,315
pound,prumm,315
pound,pum,316
pound,pum,316
pound,punch,317
pound,push,318
pound,respect,319
pound,reving,320
pound,engine,320
pound,ritual,321
pound,road,322
pound,bumps,322
pound,roam,323
pound,rumble,324
pound,rumbling,325
pound,rumor,326
pound,saying,327
pound,no,327
pound,scary,328
pound,scold,329
pound,shock,330
pound,"shock,",331
pound,intrigue,331
pound,shoot,332
pound,shooting,333
pound,shooting,334
pound,sound,334
pound,shooting,335
pound,sounds,335
pound,shoting,336
pound,gun,336
pound,shots,337
pound,shuffling,338
pound,singing,339
pound,singing?,340
pound,single,341
pound,rap,341
pound,noise,341
pound,sink,342
pound,slam,343
pound,slammin,344
pound,feet,344
pound,slamming,345
pound,slap,346
pound,sleep,347
pound,smack,348
pound,snorting,349
pound,snorting,350
pound,?,350
pound,someones,351
pound,coming,351
pound,something,352
pound,breaking,352
pound,something,353
pound,droped,353
pound,something,354
pound,dropped,354
pound,into,354
pound,water,354
pound,speaker,355
pound,stairs,356
pound,starting,357
pound,motorcycle,357
pound,steam,358
pound,train,358
pound,step,359
pound,steps,360
pound,stomp,361
pound,stomping,362
pound,strong,363
pound,knock,363
pound,mimic,363
pound,strong,364
pound,steping,364
pound,stump,365
pound,stuttering,366
pound,suddenly,367
pound,surprise,368
pound,effect,368
pound,suspence,369
pound,suspense,370
pound,tap,371
pound,tham,372
pound,tham,372
pound,this,373
pound,one,373
pound,thomp,374
pound,thud,375
pound,thuds,376
pound,thump,377
pound,thumping,378
pound,thumping,379
pound,rhythm,379
pound,thumping,380
pound,sound,380
pound,thunk,381
pound,thus,382
pound,or,382
pound,sound,382
pound,of,382
pound,door,382
pound,closing,382
pound,tick,383
pound,time,384
pound,ting,385
pound,tang,385
pound,tnk,386
pound,tnk,386
pound,(like,386
pound,a,386
pound,machine,386
pound,noise),386
pound,to,387
pound,rush,387
pound,toonk,388
pound,toonk,388
pound,toonk,388
pound,train,389
pound,tribal,390
pound,tum,391
pound,tum,392
pound,tum,392
pound,tumm,393
pound,tumm,394
pound,(one,394
pound,beat),394
pound,tumtum,395
pound,tunc,396
pound,tunc,396
pound,tunc,396
pound,tunctunc,397
pound,tung,398
pound,tung,398
pound,tung,398
pound,tunk,399
pound,sounds,399
pound,tunk,400
pound,tunk,400
pound,tunk,400
pound,tunk...tunk...tunk...tunk,401
pound,tunktunk,402
pound,tuntunj,403
pound,unsure,404
pound,using,405
pound,a,405
pound,hammer,405
pound,using,406
pound,hammer,406
pound,using,407
pound,tools,407
pound,violence/fighting,408
pound,vocal,409
pound,stimming,409
pound,walk,410
pound,walk,411
pound,loud,411
pound,walking,412
pound,walking,413
pound,loudly,413
pound,walking,414
pound,upstairs,414
pound,walking,415
pound,with,415
pound,boots,415
pound,warning,416
pound,work,417
pound,working,418
pound,sound,418
pound,wrong,419
pound,wrong,419
pound,NA,420
rock,???,1
rock,alert,2
rock,bang,3
rock,bass,4
rock,drop,4
rock,blip,5
rock,book,6
rock,falling,6
rock,boredom,7
rock,bouncing,8
rock,bump,9
rock,click,10
rock,call,11
rock,cheek,12
rock,pop,12
rock,click,13
rock,click,14
rock,or,14
rock,tap,14
rock,clicking,15
rock,clicking,16
rock,tongue,16
rock,clock,17
rock,clock,18
rock,human,18
rock,sound,18
rock,clock,19
rock,tick,19
rock,clock,20
rock,ticking,20
rock,clock,21
rock,ticking/tick,21
rock,clonk,22
rock,cluck,23
rock,clunk,24
rock,clup,25
rock,colision,26
rock,come,27
rock,come,28
rock,here,28
rock,danger,29
rock,disinterest,30
rock,donk,31
rock,doom,32
rock,drop,33
rock,"drop,",34
rock,fall,34
rock,drum,35
rock,drumming,36
rock,drums,37
rock,dull,38
rock,thud,38
rock,dum,39
rock,dumb,40
rock,sound,40
rock,dunk,41
rock,explosion,42
rock,falling,43
rock,falling,44
rock,in,44
rock,water,44
rock,having,45
rock,sex,45
rock,hit,46
rock,horse,47
rock,leg,47
rock,stomp,47
rock,i'm,48
rock,here,48
rock,impact,49
rock,impatient,50
rock,indecisive,51
rock,just,52
rock,assenting,52
rock,with,52
rock,tongue,52
rock,knock,53
rock,knocking,54
rock,knonk,55
rock,on,55
rock,wood,55
rock,knuckle,56
rock,like,57
rock,playing,57
rock,music,57
rock,lock,58
rock,men’s,59
rock,plum,59
rock,men’s,60
rock,low,60
rock,sound,60
rock,men’s,61
rock,plu,61
rock,mouth,62
rock,movement,62
rock,mouth,63
rock,sound,63
rock,not,64
rock,nothing?,65
rock,okay,66
rock,opened,67
rock,ping,68
rock,pong,68
rock,pop,69
rock,puac,70
rock,putting,71
rock,something,71
rock,down,71
rock,rhythm,72
rock,raindrop,73
rock,reverb,74
rock,sound,75
rock,sex,76
rock,smack,77
rock,sound,78
rock,sticks,79
rock,stomping,80
rock,stop,81
rock,strange,82
rock,sound,82
rock,talking,83
rock,thud,84
rock,sound,84
rock,thump,85
rock,tick,86
rock,ticking,87
rock,time,88
rock,tired,89
rock,to,90
rock,snap,90
rock,to,91
rock,snape,91
rock,tock,92
rock,tongue,93
rock,tongue,94
rock,click,94
rock,tongue,95
rock,noise,95
rock,tounge,96
rock,click,96
rock,tum,97
rock,uncorking,98
rock,wood,99
rock,yes,100
rock,adults,101
rock,talking,101
rock,child,101
rock,agree,102
rock,agreed,103
rock,agreement,104
rock,and,105
rock,animal,106
rock,attention,107
rock,baby,108
rock,sound,108
rock,bang,109
rock,barking,110
rock,bass,111
rock,bassy,112
rock,pang,112
rock,be,113
rock,strong,113
rock,beap,114
rock,beat,115
rock,beatbox,116
rock,bell,117
rock,big,118
rock,accident,118
rock,bird,119
rock,blow,120
rock,bomb,121
rock,bonk,122
rock,boom,123
rock,bored,124
rock,boring,125
rock,bottle,126
rock,bottle,127
rock,opening,127
rock,"bottle,",128
rock,opening,128
rock,bow,129
rock,shot,129
rock,bubble,130
rock,pop,130
rock,bump,131
rock,calm,132
rock,funny,132
rock,sound,132
rock,check,133
rock,cherry,134
rock,on,134
rock,top,134
rock,child,135
rock,chuk,136
rock,clack,137
rock,clacking,138
rock,click,139
rock,click,140
rock,tongue,140
rock,clicking,141
rock,clicking,142
rock,sound,142
rock,clicking,143
rock,tongue,143
rock,clo,144
rock,clock,145
rock,clock,146
rock,hand,146
rock,clock,147
rock,tick,147
rock,clock,148
rock,ticking,148
rock,clocking,149
rock,clocking,150
rock,mouth,150
rock,clok,151
rock,clonk,152
rock,clop,153
rock,clu,154
rock,cluc,155
rock,cluck,156
rock,clucking,157
rock,cluh,158
rock,clumk,159
rock,clunk,160
rock,clunking,161
rock,clup,162
rock,coin,163
rock,come,164
rock,congratulations,165
rock,cuc,166
rock,cue,167
rock,darn,168
rock,decisiveness,169
rock,deep,170
rock,drum,170
rock,deep,171
rock,sound,171
rock,deep,172
rock,talk,172
rock,deep,173
rock,vocal,173
rock,sing,173
rock,demonstrating,174
rock,deny,175
rock,disagreement,176
rock,distracted,177
rock,do,178
rock,know,178
rock,dom,179
rock,tka,179
rock,don't,180
rock,know,180
rock,done,181
rock,dont,182
rock,know,182
rock,doom,183
rock,doom,184
rock,string,184
rock,pluck,184
rock,door,185
rock,door,186
rock,close,186
rock,drink,187
rock,drip,188
rock,dripping,189
rock,dripping,190
rock,tap,190
rock,drop,191
rock,drop,192
rock,of,192
rock,water,192
rock,dropped,193
rock,in,193
rock,water,193
rock,drum,194
rock,drum,195
rock,beat,195
rock,drum,196
rock,like,196
rock,sound,196
rock,drum,197
rock,sound,197
rock,drumbeat,198
rock,drums,199
rock,dum,200
rock,dumgo,201
rock,dumk,202
rock,dump,203
rock,dunk,204
rock,end,205
rock,enough,206
rock,said,206
rock,explain,207
rock,",",207
rock,saying,207
rock,hi,207
rock,explosion,208
rock,fall,209
rock,fall,210
rock,down,210
rock,"fall,",211
rock,"strike,",211
rock,batter,211
rock,falling,212
rock,falling,213
rock,and,213
rock,hitting,213
rock,flick,214
rock,funny,215
rock,gallop,216
rock,galoping,217
rock,glass,218
rock,going,219
rock,over,219
rock,a,219
rock,soeed,219
rock,bump,219
rock,good,220
rock,greeting,221
rock,gulp,222
rock,heartbeat,223
rock,heavy,224
rock,blow,224
rock,heavy,225
rock,things,225
rock,here,226
rock,hiccup,227
rock,hit,228
rock,hitting,229
rock,hitting,230
rock,solid,230
rock,wall,230
rock,hitting,231
rock,something,231
rock,hitting,232
rock,the,232
rock,ground,232
rock,home,233
rock,horse,234
rock,horse,235
rock,galloping,235
rock,horse,236
rock,step,236
rock,house,237
rock,huh,238
rock,hummig,239
rock,i,240
rock,dont,240
rock,know,240
rock,"imitating,",241
rock,drum,241
rock,impact,242
rock,sound,242
rock,irritation,243
rock,jazz,244
rock,jump,245
rock,kid,246
rock,playing,246
rock,mouth,246
rock,kid,247
rock,playing,247
rock,sound,247
rock,kid,248
rock,playing,248
rock,with,248
rock,mouth,248
rock,klack,249
rock,klick,250
rock,klock,251
rock,knock,252
rock,knock,253
rock,and,253
rock,echo,253
rock,knock,254
rock,on,254
rock,wood,254
rock,kuk,255
rock,light,256
rock,lightning,257
rock,little,258
rock,explosion,258
rock,little,259
rock,noise,259
rock,loud,260
rock,lound,261
rock,noise,261
rock,making,262
rock,a,262
rock,sound,262
rock,male,263
rock,sound,263
rock,maybe,264
rock,metal,265
rock,hitting,265
rock,floor,265
rock,minute,266
rock,mouse,267
rock,mouth,268
rock,click,268
rock,mouth,269
rock,noise,269
rock,mouth,270
rock,sound,270
rock,munching,271
rock,music,272
rock,notice,273
rock,me,273
rock,nudge,274
rock,nut,275
rock,object,276
rock,drop,276
rock,object,277
rock,hitting,277
rock,ground,277
rock,obliging,278
rock,one,279
rock,drum,279
rock,one,280
rock,horse,280
rock,step,280
rock,pig,281
rock,ping,282
rock,pong,282
rock,pitching,283
rock,the,283
rock,tounge,283
rock,play,284
rock,playing,285
rock,playing,286
rock,ping,286
rock,pong,286
rock,plock,287
rock,plop,288
rock,pop,289
rock,ptttck,290
rock,puff,291
rock,disappeared,291
rock,punch,292
rock,raindrop,293
rock,rebound,294
rock,rock,295
rock,rounded,296
rock,click,296
rock,rumble,297
rock,saying,298
rock,no,298
rock,scary,299
rock,noise,299
rock,score,300
rock,scorn,301
rock,second,302
rock,see,303
rock,short,304
rock,sigh,305
rock,sing,306
rock,sink,307
rock,slam,308
rock,smack,309
rock,smacking,310
rock,small,311
rock,explosion,311
rock,smash,312
rock,teeth,312
rock,snap,313
rock,snorr,314
rock,solution,315
rock,something,316
rock,dropped,316
rock,into,316
rock,water,316
rock,sound,317
rock,special,318
rock,effect,318
rock,starting,319
rock,step,320
rock,stepping,321
rock,stop,322
rock,swallowing,323
rock,words,323
rock,talking,324
rock,normal,324
rock,tcho,325
rock,testing,326
rock,the,327
rock,horse,327
rock,step,327
rock,think,328
rock,thinking,329
rock,thirst,330
rock,thud,331
rock,thump,332
rock,thunder,333
rock,ticking,334
rock,clock,334
rock,tko,335
rock,toc,336
rock,tock,337
rock,tok,338
rock,tom,339
rock,ker,339
rock,(like,339
rock,a,339
rock,drum,339
rock,beat),339
rock,tong,340
rock,click,340
rock,tonge,341
rock,clicking,341
rock,tongue,342
rock,clacking,342
rock,tongue,343
rock,click,343
rock,tongue,344
rock,clicking,344
rock,tongue,345
rock,clucking,345
rock,tongue,346
rock,hitting,346
rock,palate,346
rock,tongue,347
rock,hittinh,347
rock,palate,347
rock,tongue,348
rock,noise,348
rock,tongue,349
rock,on,349
rock,the,349
rock,palate,349
rock,tongue,350
rock,pop,350
rock,tongue,351
rock,snap,351
rock,too,352
rock,toomk,353
rock,touch,354
rock,toung,355
rock,train,356
rock,going,356
rock,slowly,356
rock,trot,357
rock,tuc,358
rock,tum,359
rock,ku,359
rock,tum-gh,360
rock,tumbling,361
rock,tumm,362
rock,tung,363
rock,tunk,364
rock,tunklu,365
rock,twang,366
rock,ugh,367
rock,unfortunately,368
rock,unsure,369
rock,vanish,370
rock,vocal,371
rock,stimming,371
rock,walk,372
rock,watch,373
rock,water,374
rock,water,375
rock,drop,375
rock,well,376
rock,what´s,377
rock,up,377
rock,whimsical,378
rock,xok,379
rock,xxo,380
rock,yes,381
rock,you,382
rock,NA,383
sharp,asmr,1
sharp,action,2
sharp,alert,3
sharp,asmr,4
sharp,breath,5
sharp,baby,6
sharp,baby,7
sharp,cry,7
sharp,beep,8
sharp,bergh,9
sharp,bip,10
sharp,blow,11
sharp,blow,12
sharp,air,12
sharp,blowing,13
sharp,blowing,14
sharp,air,14
sharp,blowing,15
sharp,smoke,15
sharp,break,16
sharp,breaking,17
sharp,burning,18
sharp,sensation,18
sharp,crying,19
sharp,call,20
sharp,calling,21
sharp,someone,21
sharp,captured,22
sharp,cat,23
sharp,hissing,23
sharp,cat,24
sharp,meow,24
sharp,check,25
sharp,chicken,26
sharp,child,27
sharp,clashed,28
sharp,close,29
sharp,come,30
sharp,here,30
sharp,complain,31
sharp,cry,32
sharp,danger,33
sharp,despise,34
sharp,dolphin,35
sharp,don't,36
sharp,know,36
sharp,door,37
sharp,closing,37
sharp,duck,38
sharp,eeeek,39
sharp,eww,40
sharp,exhale,41
sharp,exhausted,42
sharp,falling,43
sharp,fast,44
sharp,fear,45
sharp,fighting,46
sharp,fuuou,47
sharp,gun,48
sharp,cocking,48
sharp,back,48
sharp,hello,49
sharp,hey,50
sharp,high,51
sharp,pitched,51
sharp,voice,51
sharp,hihat,52
sharp,hissing,53
sharp,honk,54
sharp,horn,55
sharp,human,56
sharp,,56
sharp,high,56
sharp,sound,56
sharp,i,57
sharp,dont,57
sharp,know,57
sharp,ignorant,58
sharp,iii,59
sharp,kill,60
sharp,maybe,61
sharp,men’s,62
sharp,,62
sharp,whoosh,62
sharp,mosquito,63
sharp,mouth,64
sharp,mouth,65
sharp,sound,65
sharp,baby,65
sharp,my,66
sharp,love,66
sharp,nervous,67
sharp,nonsense,68
sharp,not,69
sharp,good,69
sharp,not,70
sharp,sure,70
sharp,nouth,71
sharp,sound,71
sharp,old,72
sharp,furniture,72
sharp,from,72
sharp,a,72
sharp,horror,72
sharp,movie,72
sharp,opening,73
sharp,a,73
sharp,soda,73
sharp,pain,74
sharp,person,75
sharp,feels,75
sharp,exhausted,75
sharp,phew,76
sharp,pinched,77
sharp,sound,77
sharp,play,78
sharp,playing,79
sharp,presence,80
sharp,pronunciation,81
sharp,reactions,82
sharp,relief,83
sharp,shuuuuu!,84
sharp,sigh,85
sharp,sound,86
sharp,sad,87
sharp,safe,88
sharp,scared,89
sharp,shock,90
sharp,shooo,91
sharp,shoooh,92
sharp,sigh,93
sharp,silence,94
sharp,silence!,95
sharp,sip,96
sharp,sipping,97
sharp,slamming,98
sharp,door,98
sharp,smiling,99
sharp,sneeze,100
sharp,snicker,101
sharp,something,102
sharp,flying,102
sharp,squeak,103
sharp,squeal,104
sharp,startled,105
sharp,stop,106
sharp,strange,107
sharp,high,107
sharp,sounds,107
sharp,sucking,108
sharp,surprise,109
sharp,takeshi,110
sharp,taking,111
sharp,photo,111
sharp,talking,112
sharp,tchk!,113
sharp,tease,114
sharp,teen,115
sharp,threat,116
sharp,ticket,117
sharp,tkish,118
sharp,uncomfortable,119
sharp,venting,120
sharp,air,120
sharp,whip,121
sharp,whip,122
sharp,sound,122
sharp,whistle,123
sharp,whoosh,124
sharp,wind,125
sharp,wind,126
sharp,blow,126
sharp,wind,127
sharp,blowing,127
sharp,window,128
sharp,cleaning,128
sharp,air,129
sharp,airplane,130
sharp,alarm,131
sharp,anger,132
sharp,animal,133
sharp,annoyed,134
sharp,annoying,135
sharp,attention,136
sharp,baaa,137
sharp,baby,138
sharp,baby,139
sharp,crying,139
sharp,balloon,140
sharp,be,141
sharp,quiet,141
sharp,beat,142
sharp,box,142
sharp,beatboxing,143
sharp,beep,144
sharp,beeping,145
sharp,bird,146
sharp,song,146
sharp,bird,147
sharp,sound,147
sharp,bite,148
sharp,bless,149
sharp,you,149
sharp,blow,150
sharp,blowing,151
sharp,blowing,152
sharp,a,152
sharp,candle,152
sharp,blowing,153
sharp,on,153
sharp,something,153
sharp,bottle,154
sharp,opening,154
sharp,braggart,155
sharp,braking,156
sharp,break,157
sharp,something,157
sharp,breaking,158
sharp,something,158
sharp,breath,159
sharp,breathe,160
sharp,out,160
sharp,breathing,161
sharp,buzzing,162
sharp,can,163
sharp,of,163
sharp,soda,163
sharp,can,164
sharp,opening,164
sharp,car,165
sharp,alarm,165
sharp,carpet,166
sharp,catching,167
sharp,a,167
sharp,breath,167
sharp,caution,168
sharp,?,168
sharp,chicket,169
sharp,child,170
sharp,clacking,171
sharp,clanking,172
sharp,clash,173
sharp,clashing,174
sharp,sound,174
sharp,close,175
sharp,close,176
sharp,box,176
sharp,close,177
sharp,call,177
sharp,closing,178
sharp,a,178
sharp,draw,178
sharp,cold,179
sharp,collecting,180
sharp,oneself,180
sharp,come,181
sharp,here,181
sharp,confused,182
sharp,crack,183
sharp,cracking,184
sharp,creak,185
sharp,creek,186
sharp,cry,187
sharp,crying,188
sharp,cut,189
sharp,cutting,190
sharp,danger,191
sharp,disagree,192
sharp,disagreement,193
sharp,disparing,194
sharp,don't,195
sharp,know,195
sharp,donkey,196
sharp,door,197
sharp,door,198
sharp,open,198
sharp,door,199
sharp,opening,199
sharp,doorbell,200
sharp,doubt,201
sharp,draft,202
sharp,draw,203
sharp,attention,203
sharp,drifting,204
sharp,dropping,205
sharp,something,205
sharp,drum,206
sharp,cymbal,206
sharp,noise,206
sharp,eeee,207
sharp,eeeeh,208
sharp,eeeh,209
sharp,eeeiiioooo,210
sharp,eeh,211
sharp,ei!!,212
sharp,euh,213
sharp,exhale,214
sharp,exited,215
sharp,explosion,216
sharp,fake,217
sharp,excitement,217
sharp,female,218
sharp,vocal,218
sharp,fhuu,219
sharp,fire,220
sharp,fiu,221
sharp,fly,222
sharp,flying,223
sharp,"fright,",224
sharp,worry,224
sharp,frightened,225
sharp,frustration,226
sharp,gather,227
sharp,giggle,228
sharp,goat,229
sharp,goofing,230
sharp,groan,231
sharp,gun,232
sharp,gun,233
sharp,reload,233
sharp,gunshot,234
sharp,gust,235
sharp,of,235
sharp,wind,235
sharp,happy,236
sharp,help,237
sharp,here,238
sharp,hha,239
sharp,hiccups,240
sharp,high-pitched,241
sharp,shout,241
sharp,hiii,242
sharp,hiiimwooo,243
sharp,hissing,244
sharp,hit,245
sharp,hitting,246
sharp,holding,247
sharp,breath,247
sharp,honk,248
sharp,honking,249
sharp,horn,250
sharp,horse,251
sharp,humm,252
sharp,i,253
sharp,dont,253
sharp,know,253
sharp,ihhh,254
sharp,iiih,255
sharp,imitating,256
sharp,ticking,256
sharp,indeference,257
sharp,inhale,258
sharp,inhaling,259
sharp,iuueiee,260
sharp,jau,261
sharp,joy,262
sharp,kashaw,263
sharp,keep,264
sharp,quiet,264
sharp,khew,265
sharp,kind,266
sharp,of,266
sharp,kiss,267
sharp,kitten,268
sharp,moan,268
sharp,lash,269
sharp,laugh,270
sharp,laughter,271
sharp,lazo,272
sharp,lighter,273
sharp,lighting,274
sharp,matches,274
sharp,listen,275
sharp,here,275
sharp,little,276
sharp,sound,276
sharp,look,277
sharp,making,278
sharp,a,278
sharp,sound,278
sharp,making,279
sharp,faces,279
sharp,making,280
sharp,fun,280
sharp,maybe,281
sharp,me,282
sharp,mild,283
sharp,alerting,283
sharp,mmhm,284
sharp,mocking,285
sharp,mouse,286
sharp,mouse,287
sharp,squek,287
sharp,music,288
sharp,no,289
sharp,clue,289
sharp,noise,290
sharp,nudge,291
sharp,open,292
sharp,open,293
sharp,can,293
sharp,soda,293
sharp,opening,294
sharp,a,294
sharp,can,294
sharp,opening,295
sharp,a,295
sharp,tin,295
sharp,can,295
sharp,pay,296
sharp,attention,296
sharp,pe,297
sharp,pish,297
sharp,peep,298
sharp,peeping,299
sharp,pfiu,300
sharp,phew,301
sharp,pheww,302
sharp,phewww,303
sharp,pick,304
sharp,playing,305
sharp,pop,306
sharp,can,306
sharp,prick,307
sharp,"quick,",308
sharp,gone,308
sharp,quickly,309
sharp,quiet,310
sharp,releaved,311
sharp,relief,312
sharp,relieve,313
sharp,reload,314
sharp,reload,315
sharp,of,315
sharp,gun,315
sharp,reloading,316
sharp,right,317
sharp,ring,318
sharp,sad,319
sharp,scare,320
sharp,scared,321
sharp,schwoop,322
sharp,screech,323
sharp,see,324
sharp,sheu,325
sharp,shhh,326
sharp,shining,327
sharp,a,327
sharp,laser,327
sharp,shoot,328
sharp,shooting,329
sharp,shot,330
sharp,shots,331
sharp,shshshtsssk,332
sharp,shutter,333
sharp,shuuush,334
sharp,shy,335
sharp,sigh,336
sharp,sighing,337
sharp,signaling,338
sharp,silencing,339
sharp,silencing,340
sharp,someone,340
sharp,sleep,341
sharp,slingshot,342
sharp,small,343
sharp,small,344
sharp,animal,344
sharp,small,345
sharp,mouse,345
sharp,snap,346
sharp,sneaky,347
sharp,sneeze,348
sharp,sneezing,349
sharp,sniper,350
sharp,snorting,351
sharp,so,352
sharp,what,352
sharp,soda,353
sharp,something,354
sharp,dropping,354
sharp,sorrow,355
sharp,or,355
sharp,help,355
sharp,sound,356
sharp,sound,357
sharp,for,357
sharp,kinda,357
sharp,spark,358
sharp,speed,359
sharp,squeak,360
sharp,squeek,361
sharp,stapler,362
sharp,stove,363
sharp,turning,363
sharp,on,363
sharp,stress,364
sharp,"strike,",365
sharp,hit,365
sharp,strong,366
sharp,blow,366
sharp,submission,367
sharp,suck,368
sharp,sucking,369
sharp,a,369
sharp,straw,369
sharp,sudden,370
sharp,snap,370
sharp,surprise,371
sharp,surprised,372
sharp,swallow,373
sharp,swish,374
sharp,swoosh,375
sharp,t,376
sharp,chiss,376
sharp,t-kishi,377
sharp,taking,378
sharp,a,378
sharp,picture,378
sharp,takish,379
sharp,takishe,380
sharp,tcxi,381
sharp,teasing,382
sharp,tekes,383
sharp,tekishhhh,384
sharp,tequixe....,385
sharp,thank,386
sharp,you,386
sharp,the,387
sharp,end,387
sharp,the,388
sharp,kitchen,388
sharp,thickish,389
sharp,tiiiiii,390
sharp,tikichyn,391
sharp,tikish,392
sharp,tikishi,393
sharp,tiposhi,394
sharp,tired,395
sharp,tissue,396
sharp,please,396
sharp,tk,397
sharp,shhh,397
sharp,tkish,398
sharp,tksh,399
sharp,tkshe,400
sharp,to,401
sharp,brake,401
sharp,to,402
sharp,strike,402
sharp,tooth,403
sharp,noise,403
sharp,touch,404
sharp,toy,405
sharp,duck,405
sharp,train,406
sharp,trumpet,407
sharp,tsk,408
sharp,tsktsk,409
sharp,turkish,410
sharp,understand,411
sharp,unlock,412
sharp,unlocking,413
sharp,something,413
sharp,wait,414
sharp,washing,415
sharp,floor,415
sharp,weapon,416
sharp,weeee,417
sharp,weird,418
sharp,japanese,418
sharp,stuff,418
sharp,weird,419
sharp,sound,419
sharp,what,420
sharp,you,420
sharp,doing?,420
sharp,wheew,421
sharp,wheeze,422
sharp,whimpering,423
sharp,whip,424
sharp,whipping,425
sharp,something,425
sharp,whisper,426
sharp,whispering,427
sharp,whistle,428
sharp,whiteboard,429
sharp,marker,429
sharp,whoosh,430
sharp,whoosh,431
sharp,(imitation,431
sharp,wind,431
sharp,blowing),431
sharp,wimper,432
sharp,wind,433
sharp,wip,434
sharp,woosh,435
sharp,yawn,436
sharp,yawning,437
sharp,NA,438
sleep,*sleeping*,1
sleep,asleep,2
sleep,be,3
sleep,"quiet,",3
sleep,shush,3
sleep,deep,4
sleep,snore,4
sleep,drowsiness,5
sleep,"drowsiness,",6
sleep,"sleeping,",6
sleep,snoring,6
sleep,grrrr,7
sleep,shhh,7
sleep,guaa,8
sleep,shh,8
sleep,high,9
sleep,,9
sleep,snoring,9
sleep,i’m,10
sleep,bored,10
sleep,keep,11
sleep,quiet,11
sleep,keep,12
sleep,quit,12
sleep,person,13
sleep,who,13
sleep,snores,13
sleep,rest,14
sleep,silence,15
sleep,sleep,16
sleep,snore,17
sleep,snoring,18
sleep,sleep,19
sleep,sleeping,20
sleep,sleeping,21
sleep,while,21
sleep,snoring,21
sleep,"sleeping,",22
sleep,snoring,22
sleep,sleepy,23
sleep,"sleepy,",24
sleep,drowsy,24
sleep,slumber,25
sleep,snoar,26
sleep,snoaring,27
sleep,snoozing,28
sleep,snore,29
sleep,snoring,30
sleep,snoring,31
sleep,pig,31
sleep,"snoring,",32
sleep,sleeping,32
sleep,well,32
sleep,"snoring,",33
sleep,"sleeping,",33
sleep,rest,33
sleep,snorring,34
sleep,snort,35
sleep,snorting,36
sleep,sound,37
sleep,of,37
sleep,snoring,37
sleep,tired,38
sleep,"tired,",39
sleep,sleeping,39
sleep,uck,40
sleep,shhh,40
sleep,zzzz,41
sleep,agh,42
sleep,shuuu,42
sleep,aghhh....chiss,43
sleep,agtsssh,44
sleep,animal,45
sleep,sleeping,45
sleep,asleep,46
sleep,baking,47
sleep,bed,48
sleep,time,48
sleep,bored/snoring,49
sleep,chaapsh,50
sleep,chaatschh,51
sleep,chee,52
sleep,cheecha,53
sleep,chip,54
sleep,ciii,55
sleep,deep,56
sleep,sleep,56
sleep,deep,57
sleep,sleeping,57
sleep,dream,58
sleep,fake,59
sleep,snore,59
sleep,ghng,60
sleep,chss,60
sleep,grashgrash,61
sleep,grrgg...grrgga,62
sleep,hachihachi,63
sleep,haooooh,64
sleep,hhhhhh,65
sleep,psshhh,65
sleep,hmgrng-shhh,66
sleep,hrraaaa,67
sleep,tshiiii,67
sleep,hrrrr,68
sleep,hraa,68
sleep,hrrrr-shshsh,69
sleep,hrrrrr,70
sleep,aahhh,70
sleep,hrrrtshick,71
sleep,individual,72
sleep,snoring,72
sleep,jjjssss,73
sleep,jrrrja,74
sleep,kgo,75
sleep,um,75
sleep,kgookgo,76
sleep,khow,77
sleep,phush,77
sleep,knocked,78
sleep,out,78
sleep,light,79
sleep,snoring,79
sleep,man,80
sleep,sleeping,80
sleep,open,81
sleep,mouth,81
sleep,snore,81
sleep,protray,82
sleep,sneezing,82
sleep,resting,83
sleep,rom,84
sleep,hom,84
sleep,romchew,85
sleep,rommchew,86
sleep,rooa-shee,87
sleep,roooorrrr,88
sleep,rotchhhh,89
sleep,ruah,90
sleep,xii,90
sleep,snoring,91
sleep,shhh,92
sleep,show,93
sleep,show,93
sleep,silence,94
sleep,sleep,95
sleep,sleep,96
sleep,mimic,96
sleep,sleep,97
sleep,snore,97
sleep,sleep,98
sleep,sound,98
sleep,sleep,99
sleep,time,99
sleep,sleeping,100
sleep,sleeping,101
sleep,breathing,101
sleep,sleeping,102
sleep,man,102
sleep,sleeping,103
sleep,sound,103
sleep,sleeping,104
sleep,sounds,104
sleep,sleeping,105
sleep,woman,105
sleep,"sleeping,",106
sleep,sleepy,106
sleep,sleepy,107
sleep,snap,108
sleep,snoore,109
sleep,snooring,110
sleep,snooze,111
sleep,snor,112
sleep,snore,113
sleep,snore,114
sleep,sleeping,114
sleep,snore,115
sleep,sound,115
sleep,snore-huhhhh,116
sleep,snores,117
sleep,snoring,118
sleep,snoring,119
sleep,in,119
sleep,sleep,119
sleep,snoring,120
sleep,lightly,120
sleep,snoring,121
sleep,noise,121
sleep,snoring,122
sleep,shhhh,122
sleep,snoring/sleeping,123
sleep,snorring,124
sleep,snorting,125
sleep,snoze,126
sleep,soft,127
sleep,sleeping,127
sleep,noise,127
sleep,soft,128
sleep,snoring,128
sleep,noise,128
sleep,tired,129
sleep,tree,130
sleep,wheezing,131
sleep,woman,132
sleep,snoring,132
sleep,yes,133
sleep,zzzzzz,134
sleep,zzzzzzz,135
sleep,zzzzzzzzz,136
sleep,NA,137
small,"""tip",1
small,"it""",1
small,sound,1
small,a,2
small,little,2
small,bit,2
small,abstract,3
small,acceptance,4
small,afraid,5
small,alert,6
small,animal,7
small,ashamed,8
small,asking,9
small,assenting,10
small,baby,11
small,baby,12
small,bark,13
small,beg,14
small,bellowing,15
small,bipping,16
small,device,16
small,bird,17
small,call,18
small,calling,19
small,calmness,20
small,chi,21
small,chirp,22
small,click,23
small,confirmed,24
small,crying,25
small,dog,26
small,dip,27
small,dippit,28
small,dismissive,29
small,do,30
small,it,30
small,dog,31
small,dog,32
small,sound,32
small,droplet,33
small,emergency,34
small,excuse,35
small,me,35
small,fear,36
small,fixing,37
small,fool,38
small,foreigner,39
small,friend,40
small,frog,41
small,frog,42
small,sound,42
small,funny,43
small,noise,43
small,gentle,44
small,gently,45
small,howl,45
small,get,46
small,it,46
small,get,47
small,that,47
small,giving,48
small,an,48
small,order,48
small,grief,49
small,here,50
small,horn,51
small,of,51
small,a,51
small,car,51
small,howl,52
small,hurry,53
small,up,53
small,hurt,54
small,hurt,55
small,animal,55
small,imitating,56
small,a,56
small,sound,56
small,imitating,57
small,beat,57
small,injury,58
small,or,58
small,pain,58
small,instruct,59
small,it,60
small,hurts,60
small,i’m,61
small,unsure,61
small,keep,62
small,it,62
small,keep,63
small,it,63
small,knock,64
small,something,64
small,over,64
small,look,65
small,here,65
small,moaning,66
small,monkey,67
small,name,68
small,"no,",69
small,not,69
small,like,69
small,that,69
small,not,70
small,sure,70
small,ooo,71
small,owl,72
small,owling,73
small,pain,74
small,or,74
small,sorrow,74
small,"pain,",75
small,sorrow,75
small,paing,76
small,peep,77
small,peep,77
small,putting,78
small,down,78
small,glass,78
small,quiet,79
small,"quiet,",80
small,warning,80
small,relaxed,81
small,request,82
small,robot,83
small,sound,84
small,sad,85
small,sad,86
small,dog,86
small,"sad,",87
small,scared,87
small,sadness,88
small,scared,89
small,seeze,90
small,sigh,91
small,small,92
small,smoothness,93
small,sneeze,94
small,sorry,95
small,sound,96
small,spit,97
small,stop,98
small,strange,99
small,tap,100
small,tea,101
small,talking,102
small,tapete,103
small,tea,104
small,tenderness,105
small,tepid,106
small,tibit,107
small,tic,108
small,tick,109
small,tidbit,110
small,tik,111
small,tiny,112
small,tip,113
small,tip,114
small,it,114
small,tipip,115
small,tipit,116
small,tippy,117
small,top,117
small,tired,118
small,to,119
small,keep,119
small,something,119
small,typing,120
small,wake,121
small,up,121
small,werid,122
small,chirp,122
small,what,123
small,whimper,124
small,whine,125
small,whisper,126
small,women’s,127
small,inarticulate,127
small,sounds,127
small,women’s,128
small,low,128
small,uuuuu,128
small,women’s,129
small,tiiiii,129
small,worried,130
small,yelp,131
small,yes,132
small,you,133
small,a,134
small,little,134
small,bit,134
small,a,135
small,sound,135
small,adult,136
small,talking,136
small,child,136
small,adults,137
small,talking,137
small,child,137
small,affirmative,138
small,response,138
small,agree,139
small,agreeing,140
small,alarm,141
small,alert,142
small,alerting,143
small,someone,143
small,animal,144
small,animal,145
small,impersonation,145
small,annoyed,146
small,asking,147
small,for,147
small,attention,147
small,assent,148
small,attention,149
small,awe,150
small,baby,151
small,baby,152
small,noise,152
small,be,153
small,quiet,153
small,beat,154
small,beat,155
small,box,155
small,beep,156
small,beep,157
small,beep,157
small,being,158
small,careful,158
small,bird,159
small,bird,160
small,calling,160
small,bird,161
small,chriping,161
small,bird,162
small,name,162
small,bird,163
small,sound,163
small,bird,164
small,tweet,164
small,boy,165
small,call,166
small,cannot,167
small,understand,167
small,careful,168
small,cat,169
small,eyes,169
small,chasing,170
small,away,170
small,chi,171
small,child,172
small,chirp,173
small,chirping,174
small,chuckle,175
small,cip,176
small,clean,177
small,window,177
small,click,178
small,clicking,179
small,sound,179
small,clink,180
small,clock,181
small,coin,182
small,drop,182
small,cold,183
small,come,184
small,counting,185
small,cry,186
small,crying,187
small,cursing,188
small,cute,189
small,delicate,190
small,despair,191
small,distressed,192
small,do,193
small,it,193
small,dog,194
small,dog,195
small,cry,195
small,dog,196
small,whimper,196
small,dog,197
small,whining,197
small,don't,198
small,know,198
small,done,199
small,dont,200
small,know,200
small,drink,201
small,drop,202
small,electrical,203
small,signal,203
small,alert,203
small,expecting,204
small,something,204
small,fast,205
small,fear,206
small,flut,207
small,fool,208
small,frog,209
small,frog,210
small,jumping,210
small,frog,211
small,sound,211
small,funny,212
small,gentleness,213
small,gibberish,214
small,give,215
small,an,215
small,order,215
small,go,216
small,away,216
small,groan,217
small,haooooo,218
small,hawk,219
small,here,220
small,you,220
small,go,220
small,hey,221
small,hit,222
small,hop,223
small,howl,224
small,howling,225
small,huhmp,226
small,huhuhum,227
small,humming,228
small,hurry,229
small,hurt,230
small,hym,231
small,i,232
small,dont,232
small,know,232
small,idk,233
small,impatience,234
small,in,235
small,pain,235
small,iron,236
small,clank,236
small,jipit,237
small,juwuuus,238
small,keep,239
small,keep,240
small,it,240
small,kid,241
small,giggling,241
small,light,242
small,reminder,242
small,liking,243
small,something,243
small,little,244
small,little,245
small,bird,245
small,look,246
small,loving,247
small,lullaby,248
small,machine,249
small,beep,249
small,man,250
small,microwave,251
small,moan,252
small,moaning,253
small,mocking,254
small,monkey,255
small,monster,256
small,moo,257
small,sound,257
small,noise,258
small,notification,259
small,sound,259
small,nudge,260
small,oh,261
small,yes,261
small,ooh,262
small,ooooh,263
small,ooooo,264
small,order,265
small,order,266
small,to,266
small,keep,266
small,owl,267
small,owl,268
small,vocal,268
small,sounds,268
small,owoowoo,269
small,pain,270
small,peh,271
small,phone,272
small,pleading,273
small,pouting,274
small,problem,275
small,puncture,276
small,puppy,277
small,call,277
small,puppy,278
small,voice,278
small,puppy,279
small,yawn,279
small,purring,280
small,question,281
small,"question,",282
small,query,282
small,quick,283
small,quiet,284
small,quiet,285
small,down,285
small,quiet,286
small,sneeze,286
small,rabbit,287
small,rain,288
small,regrets,289
small,relax,290
small,repeat,291
small,ring,292
small,phone,292
small,ringing,293
small,sad,294
small,sad,295
small,dog,295
small,sad,296
small,sound,296
small,saying,297
small,tea,297
small,scare,298
small,scared,299
small,scaring,300
small,noise,300
small,seriousness,301
small,shht,302
small,shifting,303
small,shy,304
small,sigh,305
small,signal,306
small,silence,307
small,sleepy,308
small,small,309
small,small,310
small,animal,310
small,small,311
small,cries,311
small,small,312
small,sound,312
small,sms,313
small,sneeze,314
small,soft,315
small,noise,315
small,something,316
small,fell,316
small,sound,317
small,of,317
small,a,317
small,bug,317
small,speaking,318
small,squeak,319
small,stop,320
small,stop,321
small,or,321
small,here,321
small,stop,322
small,right,322
small,there,322
small,stop,323
small,that,323
small,stretching,324
small,swallowing,325
small,words,325
small,sweet,326
small,sound,326
small,swish,327
small,take,328
small,talking,329
small,tap,330
small,tap,331
small,dance,331
small,tapit,332
small,tapping,333
small,tea,334
small,tea,335
small,?,335
small,tee,336
small,teee,337
small,teeth,338
small,telling,339
small,to,339
small,shush,339
small,thanks,340
small,thi,341
small,think,342
small,thump,343
small,ti,344
small,sound,344
small,tibbit,345
small,tibet,346
small,tibit,347
small,tic,348
small,tick,349
small,tickle,350
small,tickling,351
small,tih,352
small,tiiiiii,353
small,tiiit,354
small,tim,355
small,ting,356
small,tip,357
small,it,357
small,tip,358
small,titp,358
small,tip,359
small,toeing,359
small,tip-it,360
small,tipic,361
small,tipit,362
small,tipping,363
small,tippit,364
small,tiptap,365
small,tiptoe,366
small,titi,367
small,tongue,368
small,toot,369
small,touch,370
small,touching,371
small,glass,371
small,truncated,372
small,word,372
small,tsk,373
small,turn,374
small,the,374
small,light,374
small,type,375
small,it,375
small,typing,376
small,uauuuu...uauuuu,377
small,uh,378
small,uh,378
small,uh,378
small,uhhh,379
small,uhhh,379
small,uhu,380
small,uhuu,381
small,unsure,382
small,unsure,383
small,expression,383
small,urgency,384
small,uuhh,385
small,uuu,386
small,uuuu,387
small,uweuwueuw,388
small,uwu,389
small,vocal,390
small,sound,390
small,vocal,391
small,stimming,391
small,water,392
small,drop,392
small,weird,393
small,comunicate,393
small,weird,394
small,frog,394
small,whimper,395
small,whimpering,396
small,whimpering,397
small,dog,397
small,whine,398
small,whining,399
small,whisper,400
small,wimpering,401
small,woman,402
small,woof,403
small,worried,404
small,"worry,",405
small,sorrow,405
small,wowowo,406
small,yawn,407
small,yes,408
small,NA,409
snake,accident,1
snake,be,2
snake,aware,2
snake,be,3
snake,quiet,3
snake,beatboxing,4
snake,bird,5
snake,bird,6
snake,chirping,6
snake,blowing,7
snake,air,7
snake,blowing,8
snake,hot,8
snake,food,8
snake,breathing,9
snake,breathing,10
snake,in,10
snake,broken,11
snake,broom,12
snake,browning,13
snake,vegs,13
snake,burn,14
snake,burning,15
snake,burning,16
snake,",",16
snake,hot,16
snake,burns,17
snake,cat,18
snake,purring,18
snake,child,19
snake,chilly,20
snake,cleaning,21
snake,complicate,22
snake,situation,22
snake,cooking,23
snake,cooking,24
snake,oil,24
snake,creeping,25
snake,don't,26
snake,know,26
snake,danger,27
snake,danger,28
snake,alert,28
snake,disgust,29
snake,don't,30
snake,do,30
snake,that,30
snake,drum,31
snake,cymbals,31
snake,drums,32
snake,eating,33
snake,sometging,33
snake,hot,33
snake,enough,34
snake,exaggerating,35
snake,sound,35
snake,exasperation,36
snake,fish,37
snake,frying,38
snake,fuse,39
snake,gardening,40
snake,gunfire,41
snake,hissing,42
snake,hi,43
snake,hat,43
snake,hiss,44
snake,hissing,45
snake,hot,46
snake,hot,47
snake,pan,47
snake,inconvenience,48
snake,it’s,49
snake,hot,49
snake,just,50
snake,noise,50
snake,mouth,51
snake,cymbal,51
snake,mouth,52
snake,sounds,52
snake,not,53
snake,sure,53
snake,ocean,54
snake,opening,55
snake,opening,56
snake,curtain,56
snake,pain,57
snake,pouring,58
snake,hot,58
snake,water,58
snake,pressing,59
snake,lips,59
snake,together,59
snake,psssstsss,60
snake,ptssssss,61
snake,pulling,62
snake,up,62
snake,blinds,62
snake,python,63
snake,rapping,64
snake,running,65
snake,slurp,66
snake,sound,67
snake,scatteeing,68
snake,tiny,68
snake,gravel,68
snake,scrape,69
snake,scrapping,70
snake,noise,70
snake,scratching,71
snake,severe,72
snake,pain,72
snake,sheeee,73
snake,sheeshe,74
snake,shhhh,75
snake,shhhhhhh,76
snake,shhhhh,76
snake,shooting,77
snake,sound,77
snake,silence,78
snake,"silence,",79
snake,shush,79
snake,sipping,80
snake,sizzle,81
snake,sizzling,82
snake,snake,83
snake,snake,84
snake,hissing,84
snake,sneaky,85
snake,sniff,86
snake,sniffing,87
snake,snort,88
snake,or,88
snake,sniffle,88
snake,sound,89
snake,spray,90
snake,spraying,91
snake,starting,92
snake,car,92
snake,steam,93
snake,strange,94
snake,sound,94
snake,"stress,",95
snake,or,95
snake,fear,95
snake,stutter,96
snake,sweeping,97
snake,synthesizer,98
snake,teen,99
snake,trepidation,100
snake,tss,101
snake,tsstst,102
snake,tststststsk,103
snake,very,104
snake,fast,104
snake,vocalizing,105
snake,washed,106
snake,away,106
snake,washing,107
snake,hands,107
snake,water,108
snake,water,109
snake,leaking,109
snake,water,110
snake,poured,110
snake,on,110
snake,heate,110
snake,waves,111
snake,whispering,112
snake,wind,113
snake,windy,114
snake,work,115
snake,yummy,116
snake,yikes,117
snake,a,118
snake,repetitive,118
snake,action,118
snake,a,119
snake,shower,119
snake,air,120
snake,escaping,120
snake,air,121
snake,whoosh,121
snake,anger,122
snake,angry,123
snake,animal,124
snake,animla,125
snake,aspirate,126
snake,saliva,126
snake,attention,127
snake,"attention,",128
snake,"careful,",128
snake,wrong,128
snake,back,129
snake,off,129
snake,bad,130
snake,be,131
snake,quiet,131
snake,beat,132
snake,box,132
snake,beatbox,133
snake,beatboxing,134
snake,big,135
snake,waves,135
snake,bird,136
snake,birds,137
snake,blow,138
snake,blow,139
snake,your,139
snake,nose,139
snake,blowing,140
snake,blowing,141
snake,nose,141
snake,bomb,142
snake,bored,143
snake,boredom,144
snake,boring,145
snake,bothered,146
snake,bowl,147
snake,with,147
snake,sand,147
snake,breath,148
snake,in,148
snake,sharply,148
snake,breathe,149
snake,burn,150
snake,burned,151
snake,burned,152
snake,myself,152
snake,burner,153
snake,burning,154
snake,bzzzzz,155
snake,can,156
snake,can,157
snake,open,157
snake,"can,",158
snake,opening,158
snake,careful,159
snake,chain,160
snake,dragging,160
snake,chew,161
snake,chew,161
snake,chuuu...chuchu....tatau,162
snake,cicada,163
snake,sound,163
snake,cleaning,164
snake,cook,165
snake,cooking,166
snake,"crackle,",167
snake,buz,167
snake,crayon,168
snake,cricket,169
snake,curtain,170
snake,pulling,170
snake,cymbal,171
snake,danger,172
snake,danger,173
snake,is,173
snake,coming,173
snake,deflate,174
snake,sound,174
snake,delicious,175
snake,disappointed,176
snake,disapprove,177
snake,disbelief,178
snake,disgusting,179
snake,slurping,179
snake,sound,179
snake,don't,180
snake,know,180
snake,dont,181
snake,know,181
snake,drink,182
snake,drinking,183
snake,drinking,184
snake,from,184
snake,a,184
snake,straw,184
snake,drinking,185
snake,water,185
snake,drum,186
snake,cymbals,186
snake,drum,187
snake,set,187
snake,drums,188
snake,eating,189
snake,soup,189
snake,electric,190
snake,sound,190
snake,exhausted,191
snake,explosion,192
snake,fast,193
snake,moving,193
snake,fast,194
snake,train,194
snake,fear,195
snake,fight,196
snake,fill,197
snake,fire,198
snake,fizzling,199
snake,cola,199
snake,flying,200
snake,fright,201
snake,fry,202
snake,frying,203
snake,frying,204
snake,pan,204
snake,fufufuf,205
snake,gas,206
snake,leak,206
snake,gliding,207
snake,going,208
snake,to,208
snake,hurt,208
snake,good,209
snake,flavour,209
snake,grass,210
snake,grasshopper,211
snake,gunfire,212
snake,happy,213
snake,mouth,213
snake,sound,213
snake,heat,214
snake,high,215
snake,pressure,215
snake,nozzle,215
snake,adjustment,215
snake,from,215
snake,a,215
snake,hose,215
snake,hiss,216
snake,hissin,217
snake,hissing,218
snake,hissing,219
snake,beat,219
snake,hissing,220
snake,cat,220
snake,hissing,221
snake,snake,221
snake,hisssssss,222
snake,hlhm,223
snake,hot,224
snake,hot,225
snake,iron,225
snake,hot,226
snake,pan,226
snake,humming,227
snake,hurt,228
snake,imitating,229
snake,a,229
snake,train,229
snake,impatient,230
snake,insect,231
snake,instrument,232
snake,jazz,233
snake,keep,234
snake,quiet,234
snake,leaf,235
snake,lightning,236
snake,a,236
snake,dynamite,236
snake,lost,237
snake,their,237
snake,thought,237
snake,machine,238
snake,gun,238
snake,magic,239
snake,man,240
snake,sound,240
snake,mimick,241
snake,airplain,241
snake,mouth,242
snake,sound,242
snake,mouth,243
snake,sounds,243
snake,move,244
snake,away,244
snake,mthhh,245
snake,music,246
snake,imitation,246
snake,negativity,247
snake,ocean,248
snake,open,249
snake,a,249
snake,bottle,249
snake,opening,250
snake,a,250
snake,bottle,250
snake,opening,251
snake,a,251
snake,can,251
snake,opening,252
snake,a,252
snake,coke,252
snake,ouch,253
snake,owww,254
snake,pain,255
snake,pain,256
snake,from,256
snake,burn,256
snake,painful,257
snake,inhale,257
snake,pistons,258
snake,working,258
snake,playing,259
snake,gun,259
snake,playing,260
snake,instrument,260
snake,playing,261
snake,with,261
snake,sounds,261
snake,pppsst,262
snake,psstt,262
snake,(like,262
snake,air,262
snake,escaping),262
snake,pssseee,263
snake,quick,264
snake,quiet,265
snake,quietly,266
snake,warning,266
snake,radio,267
snake,syntonization,267
snake,rain,268
snake,rattle,269
snake,rattle,270
snake,like,270
snake,snake,270
snake,rattlesnake,271
snake,relaxed,272
snake,or,272
snake,entertained,272
snake,rubbing,273
snake,hands,273
snake,s,274
snake,-tss-,274
snake,tststss,274
snake,sand,275
snake,sand,276
snake,storm,276
snake,scaring,277
snake,scaring,278
snake,off,278
snake,schchchchttt,279
snake,schhschhh,280
snake,sea,281
snake,sea,282
snake,wave,282
snake,shaker,283
snake,sharp,284
snake,inhale,284
snake,sharpen,285
snake,sharpening,286
snake,knife,286
snake,sheechecheechhee,287
snake,shhh,288
snake,shhhh,289
snake,shhhh,290
snake,shhhhhh,290
snake,shhhh-weaw,291
snake,shhh,291
snake,shhhhs,292
snake,shifting,293
snake,shock,294
snake,shoo,295
snake,shooting,296
snake,shower,297
snake,shower,298
snake,starting,298
snake,shshhhhsh,299
snake,shshshs,300
snake,shshshshshshsssssh,301
snake,shssshshshsshs,302
snake,shuffling,303
snake,shushing,304
snake,shut,305
snake,up,305
snake,sieve,306
snake,silence,307
snake,silencing,308
snake,silencing,309
snake,someone,309
snake,sing,310
snake,singing,311
snake,sip,312
snake,sizzle,313
snake,sizzling,314
snake,sizzling,315
snake,hot,315
snake,sleep,316
snake,slice,317
snake,sliding,318
snake,slither,319
snake,slurp,320
snake,slurping,321
snake,smelling,322
snake,smooth,323
snake,snake,324
snake,snake,325
snake,sound,325
snake,sniff,326
snake,sniffing,327
snake,sniffling,328
snake,snore,329
snake,soft,330
snake,drinks,330
snake,opening,330
snake,soft,331
snake,imitation,331
snake,explosion,331
snake,someone,332
snake,got,332
snake,hurt,332
snake,something,333
snake,dragging,333
snake,something,334
snake,hot,334
snake,something,335
snake,moving,335
snake,quickly,335
snake,something,336
snake,not,336
snake,going,336
snake,as,336
snake,it,336
snake,should,336
snake,something,337
snake,went,337
snake,wrong,337
snake,soup,338
snake,noodles,338
snake,speinkler,339
snake,splash,340
snake,splashing,341
snake,splashing,342
snake,water,342
snake,spray,343
snake,sprinkler,344
snake,sprinklers,345
snake,sprinkling,346
snake,sounds,346
snake,squeezing,347
snake,srrtrthhthth,348
snake,sshhh,349
snake,sshhheo,349
snake,sss,350
snake,tsss,350
snake,tss,350
snake,tssss,350
snake,tssssss,350
snake,sss-tuh,351
snake,tuh,351
snake,tuh,351
snake,st-st-st,351
snake,ssssss,352
snake,ssstststs,353
snake,steam,354
snake,stetei,355
snake,storm,356
snake,stressed,357
snake,suck,358
snake,hard,358
snake,sucking,359
snake,saliva,359
snake,sucking,360
snake,sound,360
snake,summer,361
snake,surprised/scared,362
snake,suss,363
snake,suss,363
snake,sweeping,364
snake,swiping,365
snake,metal,365
snake,sheet,365
snake,swipping,366
snake,swish,367
snake,swoosh,368
snake,sword,369
snake,sword,370
snake,clash,370
snake,symbol,371
snake,sympathy,372
snake,take,373
snake,taking,374
snake,a,374
snake,sip,374
snake,tambourine,375
snake,tchhh,376
snake,telling,377
snake,someone,377
snake,to,377
snake,shut,377
snake,up,377
snake,territory,378
snake,mark,378
snake,that's,379
snake,painful,379
snake,think,380
snake,thinking,381
snake,thunder,382
snake,to,383
snake,burn,383
snake,touch,384
snake,something,384
snake,hot,384
snake,train,385
snake,ts,386
snake,ts,386
snake,ts,387
snake,ts,387
snake,ts,387
snake,tsk,388
snake,tsk,389
snake,tsk,389
snake,tsk,389
snake,tsss,390
snake,tatisstistsss,390
snake,tsss,391
snake,ts,391
snake,ts,391
snake,ts,391
snake,ts,391
snake,ts,391
snake,tssssss,392
snake,tsssssss,393
snake,tssstsss,394
snake,tsst,395
snake,tstt,395
snake,(like,395
snake,a,395
snake,drum,395
snake,cymbal),395
snake,unknown,396
snake,unlucky,397
snake,using,398
snake,straw,398
snake,vague,399
snake,mouth,399
snake,sounds,399
snake,waiting,400
snake,warning,401
snake,washing,402
snake,watch,403
snake,out,403
snake,water,404
snake,water,405
snake,currents,405
snake,water,406
snake,explosion,406
snake,water,407
snake,on,407
snake,fire,407
snake,water,408
snake,pipe,408
snake,noise,408
snake,waterjet,409
snake,watter,410
snake,out,410
snake,waves,411
snake,weshiot,412
snake,white,413
snake,noise,413
snake,whizzing,414
snake,whoooosh,415
snake,wind,416
snake,NA,417
that,aaaahhh,1
that,surprised,1
that,aaaaaam,2
that,aaaaah?,3
that,aaaah,4
that,acknowledge,5
that,addressing,6
that,someone,6
that,admiration,7
that,admired,8
that,agree,9
that,"ah,",10
that,questioning,10
that,or,10
that,understanding,10
that,aha,11
that,ahem,12
that,ahh,13
that,ahhh,14
that,then,14
that,spit,14
that,ahhhh,15
that,amm,16
that,"anne,",17
that,name,17
that,approval,18
that,assenting,19
that,awe,20
that,bite,21
that,bored,22
that,boring,23
that,calm,24
that,closing,25
that,door,25
that,contemplating,26
that,danger,27
that,delicious,28
that,disappointed,29
that,discovery,30
that,discredit,31
that,doubt,32
that,eating,33
that,eat,34
that,eating,35
that,enlightened,36
that,ergh,37
that,esting,38
that,falling,39
that,feeding,40
that,feeding,41
that,baby,41
that,feminine,42
that,annm,42
that,filler,43
that,words,43
that,fimding,44
that,something,44
that,out,44
that,finding,45
that,something,45
that,out,45
that,food,46
that,"groanibg,",47
that,mooing,47
that,how?,48
that,hurt,49
that,i,50
that,see,50
that,i,51
that,get,51
that,it,51
that,i,52
that,like,52
that,it,52
that,i,53
that,see,53
that,i,54
that,see,54
that,what,54
that,you,54
that,mean,54
that,now,54
that,i,55
that,understand,55
that,i,56
that,understand,56
that,now,56
that,i,57
that,understand.,57
that,now,57
that,indecisive,58
that,inspiration,59
that,interest/intrigue,60
that,interesting,61
that,loud,62
that,voice,62
that,male,63
that,,63
that,strange,63
that,sounds,63
that,maybe,64
that,men’s,65
that,ouuu,65
that,mild,66
that,agree,66
that,mild,67
that,surprise,67
that,oh,68
that,oh,69
that,i,69
that,see,69
that,okay,70
that,old,71
that,man,71
that,understands,71
that,oooh,72
that,opening,73
that,mouth,73
that,pain,74
that,pause,75
that,perplexed,76
that,plane,77
that,eating,77
that,relieve,78
that,realising,79
that,realization,80
that,realize,81
that,realizing,82
that,really?,83
that,really?,84
that,a,84
that,question,84
that,mark,84
that,sing,85
that,sound,86
that,saying,87
that,what,87
that,sigh,88
that,surprise,89
that,surprised,90
that,think,91
that,thinking,92
that,"thinking,",93
that,ummm,94
that,undecided,95
that,understand,96
that,understanding,97
that,undestanding,98
that,uuuuuh,99
that,verbal,100
that,affirmation,100
that,"what,",101
that,em,101
that,woman,102
that,woman,103
that,enjoying,103
that,food,103
that,woman,104
that,singing,104
that,wondering,105
that,yawn,106
that,yawning,107
that,yes,108
that,yum,109
that,"aa,",110
that,like,110
that,discovering,110
that,aaaaaa,111
that,aaaaaammmm,112
that,aaaahaha,113
that,aaaahhhhht,114
that,aaaahhht,115
that,aaaammmm,116
that,aaah,117
that,aaahg,118
that,aaahhhh,119
that,aaahme,120
that,aaahmmm,121
that,aaam,122
that,aaammmmm,123
that,aaerm,124
that,aah,125
that,-,125
that,understanding,125
that,aahhhatwt,126
that,aahm,127
that,aahmm,128
that,ache,129
that,"acknowledgement,",130
that,understanding,130
that,acknowledging,131
that,admirery,132
that,of,132
that,idea,132
that,adults,133
that,talking,133
that,child,133
that,again?,134
that,agree,135
that,agreeing,136
that,ahh,137
that,ahhh,138
that,ahhhh,139
that,ahhhh,140
that,tu,140
that,ahm,141
that,ahm,142
that,(expression),142
that,alright,143
that,amazed,144
that,amazed,145
that,man,145
that,amazement,146
that,amm,147
that,ammm,148
that,and,149
that,angry,150
that,annoy,151
that,annoyance,152
that,annoyed,153
that,approval,154
that,arg,155
that,asking,156
that,to,156
that,stop,156
that,assent,157
that,assenting,158
that,assenting,159
that,unpleasant,159
that,comment,159
that,attempt,160
that,to,160
that,catch,160
that,air,160
that,attention,161
that,awe,162
that,baby,163
that,babytalk,164
that,be,165
that,calm,165
that,being,166
that,pleasantly,166
that,surprised,166
that,being,167
that,startled,167
that,big,168
that,bite,168
that,bored,169
that,boring,170
that,calm,171
that,understanding,171
that,cartoon,172
that,farmer,172
that,come,173
that,complaint,174
that,comprehension,175
that,confused,176
that,confusion,177
that,disbelief,178
that,discontent,179
that,discovering,180
that,discovering,181
that,something,181
that,disgust,182
that,do,183
that,it,183
that,doctor,184
that,don't,185
that,know,185
that,dont,186
that,know,186
that,doubt,187
that,doubtful,188
that,eating,189
that,eating,190
that,delicious,190
that,meal,190
that,eeem,191
that,epiphany,192
that,errrrm,193
that,(thinking),193
that,exacerbate,194
that,exclamation,195
that,explaining,196
that,facinastion,197
that,fearful,198
that,groan,198
that,feed,199
that,feeding,200
that,child,200
that,female,201
that,noise,201
that,figuring,202
that,out,202
that,finally,203
that,understanding,203
that,something,203
that,find,204
that,solution,204
that,gentle,205
that,attention,205
that,gh-huhh,206
that,glee,207
that,goat,208
that,got,209
that,it,209
that,grateful,210
that,surprise,210
that,greeting,211
that,grunt,212
that,haaa,213
that,haaaam,214
that,ham,215
that,heat,216
that,hhaaa,217
that,hhowa,218
that,huagh,219
that,huam,220
that,huh,221
that,hum,222
that,humm,223
that,hungry,224
that,i,225
that,didn't,225
that,understand,225
that,i,226
that,dont,226
that,know,226
that,i,227
that,like,227
that,it,227
that,i,228
that,see,228
that,i,229
that,understand,229
that,now,229
that,i,230
that,undertand,230
that,idea,231
that,idk,232
that,impatience,233
that,impatient,234
that,interesting,235
that,its,236
that,ok,236
that,knowledge,237
that,known,238
that,lament,239
that,look,240
that,looking,241
that,for,241
that,words,241
that,low,242
that,scream,242
that,male,243
that,vocal,243
that,man,244
that,man,245
that,intrigued,245
that,mild,246
that,surprise,246
that,mimick,247
that,sound,247
that,moaning,248
that,mom,249
that,moo,250
that,mooing,251
that,nervous,252
that,filler,252
that,word,252
that,“um”,252
that,nice,253
that,surprise,253
that,not,254
that,bad,254
that,not,255
that,sure,255
that,now,256
that,oahhh,257
that,oh,258
that,i,258
that,see,258
that,oh,259
that,i,259
that,understand,259
that,oh,260
that,cool,260
that,oh,261
that,my,261
that,oh,262
that,ok,262
that,oh,263
that,right,263
that,oh,264
that,wow,264
that,"oh,",265
that,really?,265
that,ohh,266
that,ohhh,267
that,ok,268
that,ok,268
that,ooo,269
that,ooohhh,270
that,open,271
that,open,272
that,mouth,272
that,open,273
that,wide,273
that,opening,274
that,mouth,274
that,opening,275
that,wide,275
that,out,276
that,pain,277
that,person,278
that,understanding,278
that,something,278
that,pondering,279
that,"pondering,",280
that,not,280
that,sure,280
that,puzzled,281
that,questioning,282
that,an,282
that,action,282
that,realisation,283
that,realise,284
that,realise,285
that,something,285
that,realization,286
that,realize,287
that,realizing,288
that,realizing,289
that,something,289
that,"realizing,",290
that,understand,290
that,really?,291
that,reflecting,292
that,relief,293
that,revelation,294
that,right,295
that,satisfaction,296
that,satisfied,297
that,say,298
that,ah,298
that,scared,299
that,scream,300
that,shock,301
that,sigh,302
that,sing,303
that,singing,304
that,sleep,305
that,sleepiness,306
that,sleeping,307
that,sleepy,308
that,snoring,309
that,sound,310
that,of,310
that,astonishment,310
that,started,311
that,to,311
that,understand,311
that,startled,312
that,sudden,313
that,realization,313
that,suddenly,314
that,clicked,314
that,suprised,315
that,surprise,316
that,"surprise,",317
that,intrigue,317
that,surprised,318
that,surprised,319
that,man,319
that,surprising,320
that,taking,321
that,a,321
that,bite,321
that,tasting,322
that,teaching,323
that,to,323
that,eat,323
that,thank,324
that,you,324
that,there,325
that,you,325
that,are,325
that,think,326
that,thinking,327
that,thought,328
that,tired,329
that,tiredness,330
that,to,331
that,hesitate,331
that,towards,332
that,cow,332
that,ueaaaaa,333
that,tup,333
that,uhhh,334
that,(realisation,334
that,noise),334
that,uhm,335
that,umm,336
that,ummmm..,337
that,uncertainty,338
that,understand,339
that,understanding,340
that,understanding,341
that,noises,341
that,understanding,342
that,something,342
that,understandment,343
that,understood,344
that,undestand,345
that,unique,346
that,excitement,346
that,unsure,347
that,uohh...,348
that,salutation..,348
that,surprise,348
that,uohs,349
that,upset,350
that,uuhm,351
that,uuuhhm,352
that,uuummmmm,353
that,sound,353
that,uuurh,354
that,(realisation),354
that,uuuuee,355
that,uuuuhhh,356
that,pt,356
that,vomit,357
that,waa,358
that,wake,359
that,up,359
that,waking,360
that,up,360
that,walked,361
that,weakness,362
that,what,363
that,who,364
that,whoa!,365
that,whooooa,366
that,willing,367
that,to,367
that,eat,367
that,woah,368
that,woman,369
that,liking,369
that,her,369
that,food,369
that,wonder,370
that,wondering,371
that,wooh,372
that,wouw,373
that,yaw,374
that,yawn,375
that,yawning,376
that,yes,377
that,yum,378
that,NA,379
this,annoyance,1
this,accepting,2
this,an,2
this,idea,2
this,acknowledge,3
this,address,4
this,affirmation,5
this,agree,6
this,agreeable,7
this,agreement,8
this,beer,9
this,calm,10
this,closing,11
this,a,11
this,box,11
this,closing,12
this,a,12
this,window,12
this,consent,13
this,consenting,14
this,contented,15
this,continue,16
this,"defeat,",17
this,tiredness,17
this,dentro,18
this,disgust,19
this,disinterest,20
this,dismissive,21
this,doubt,22
this,doubting,23
this,ehm,24
this,"em,",25
this,"what,",25
this,question,25
this,em.,26
this,emmm,27
this,energyless,28
this,agreeing,28
this,enter,29
this,erm,30
this,excuse,31
this,me,31
this,funny,32
this,him,33
this,hee,34
this,heh,35
this,hey,36
this,him,37
this,hmm,38
this,hmm,39
this,hmm,39
this,hmm,40
this,hmmm,40
this,"hmm,",41
this,what,41
this,hmmph,42
this,hmph,43
this,ho,44
this,hum,44
this,hum,45
this,humming,46
this,i,47
this,am,47
this,i,48
this,don't,48
this,believe,48
this,you,48
this,i,49
this,see,49
this,i,50
this,think,50
this,so,50
this,ihm,51
this,in,52
this,indiference,53
this,indifference,54
this,indifferent,55
this,indifferent,56
this,acknowledgment,56
this,inn,57
this,interesting,58
this,is,59
this,that,59
this,so,59
this,just,60
this,accepting,60
this,an,60
this,idea,60
this,laugh,61
this,laughing,62
this,letter,63
this,m,63
this,low,64
this,low,65
this,sound,65
this,mmh,66
this,machine,67
this,meh,68
this,men’s,69
this,low,69
this,eeeeee,69
this,men’s,70
this,mmm,70
this,mh,71
this,mh,71
this,mild,72
this,mischievous,73
this,sneer,73
this,mum,74
this,no,75
this,with,75
this,sigh,75
this,not,76
this,sure,76
this,now,77
this,i,77
this,see,77
this,ok,78
this,ok,79
this,sound,79
this,ok!,80
this,okay,81
this,pause,82
this,pondering,83
this,possibly,84
this,proud,85
this,of,85
this,myself,85
this,quiet,86
this,sound,86
this,reading,87
this,realising,88
this,realization,89
this,right,90
this,sound,91
this,satisfied,92
this,short,93
this,sound,93
this,shrug,94
this,sigh,95
this,sneeze,96
this,so,97
this,what,97
this,speak,98
this,speaking,99
this,strange,100
this,sound,100
this,surprise,101
this,talk,102
this,think,103
this,thoughtful,104
this,"thoughtful,",105
this,pensive,105
this,tired,106
this,uhm.,107
this,uhum,108
this,um,109
this,"um,",110
this,um....,110
this,umm,111
this,undecided,112
this,understand,113
this,unfazed,114
this,unimpressed,115
this,unsure,116
this,voice,117
this,exercise,117
this,whatever,118
this,women’s,119
this,emmm,119
this,wonder,120
this,worry,121
this,yes,122
this,young,123
this,a,124
this,little,124
this,disappointed,124
this,accept,125
this,acknowledge,126
this,acknowledgement,127
this,acquiescence,128
this,adults,129
this,talking,129
this,child,129
this,affirmation,130
this,affirmative,131
this,affirmative,132
this,response,132
this,affirming,133
this,affirmitive,134
this,sound,134
this,afirmation,135
this,agree,136
this,"agree,",137
this,ok,137
this,agreeing,138
this,agreeing,139
this,with,139
this,someone,139
this,agreement,140
this,aha,141
this,ahem,142
this,aim,143
this,alert,144
this,alphabet,145
this,amusement,146
this,apathy,147
this,appreciating,148
this,approval,149
this,approval,150
this,?,150
this,consent,150
this,?,150
this,approving,151
this,assens,152
this,assent,153
this,attention,154
this,baby,155
this,crying,155
this,being,156
this,unimpressed,156
this,bin,157
this,bird,158
this,bleat,159
this,bored,160
this,buzz,161
this,calm,162
this,chair,163
this,child,164
this,come,165
this,comprehension,166
this,comunicate,167
this,confirming,168
this,confused,169
this,consent,170
this,contempt,171
this,content,172
this,continue,173
this,talking,173
this,correct,174
this,could,175
this,be,175
this,either,175
this,cry,176
this,curious,177
this,curiousness,178
this,disagree,179
this,disapointed,180
this,disapointement,181
this,disappointment,182
this,disapproval,183
this,discord,184
this,discouraged,185
this,disdain,186
this,disinterest,187
this,dismissal,188
this,dispproval,189
this,dissaprove,190
this,distaste,191
this,distrust,192
this,don't,193
this,know,193
this,dont,194
this,know,194
this,door,195
this,doubt,196
this,doubt,197
this,?,197
this,doubting,198
this,drinking,199
this,ear,200
this,eating,201
this,eee,202
this,ehhh,203
this,ehm,204
this,ehmm,205
this,eiii,206
this,ekhm,207
this,emee,208
this,emm,209
this,emm,210
this,thinking,210
this,enjoy,211
this,enjoyment,212
this,envy,213
this,ergh,214
this,erm,215
this,"erm,",216
this,like,216
this,a,216
this,filler,216
this,word,216
this,when,216
this,talking,216
this,erm?,217
this,explaining,218
this,female,219
this,vocal,219
this,fine,220
this,friend,221
this,funny,222
this,giggle,223
this,go,224
this,away,224
this,good,225
this,got,226
this,it,226
this,grunting,227
this,hand,228
this,hearing,229
this,heeeem,230
this,hesitate,231
this,hey,232
this,hiim,233
this,him,234
this,hm,235
this,hm,235
this,hm,236
this,m,236
this,hmm,237
this,hmm,238
this,(bored,238
this,hmmm),238
this,hmm,239
this,hee,239
this,(as,239
this,in,239
this,don't,239
this,know),239
this,hmmm,240
this,hmmm,241
this,hum,241
this,hmmmm,242
this,how,243
this,do,243
this,i,243
this,say,243
this,this,243
this,huargh,244
this,hum,245
this,hum,246
this,in,246
this,agreement,246
this,hum,247
this,in,247
this,question,247
this,hum,248
this,of,248
this,acknowledgment,248
this,hum-hum,249
this,humming,250
this,hunger,251
this,i,252
this,don't,252
this,care,252
this,i,253
this,dont,253
this,know,253
this,i,254
this,understand,254
this,i'm,255
this,idk,256
this,ihm,257
this,ihmm,258
this,imm,259
this,immm,260
this,imp,261
this,"impatience,",262
this,annoyance,262
this,impatient,263
this,indecisive,264
this,indiference,265
this,indifference,266
this,indifferent,267
this,inh,268
this,insecurity,269
this,inside,270
this,interesting,271
this,intrigue,272
this,its,273
this,her,273
this,kirby,274
this,laugh,275
this,laughter,276
this,letter,277
this,m,277
this,letter,278
this,m,278
this,like,279
this,it,279
this,listening,280
this,little,281
this,joyful,281
this,comment,281
this,low,282
this,volume,282
this,moan,282
this,m,283
this,letter,283
this,maem,284
this,making,285
this,noise,285
this,man,286
this,maybe,287
this,meh,288
this,mew,289
this,mhh,290
this,mhhh,291
this,mhm,292
this,mhm,293
this,uhm,293
this,mhmmh,294
this,mm-hm,295
this,mm-hmm,296
this,mmh,297
this,mmh,298
this,mmh,298
this,mmm,299
this,mmm....,300
this,mmmju,301
this,myself,302
this,neutral,303
this,talking,303
this,nice,304
this,no,305
this,idea,305
this,nod,306
this,nodding,307
this,not,308
this,amused,308
this,not,309
this,caring,309
this,not,310
this,emotinal,310
this,sound,310
this,not,311
this,impressed,311
this,not,312
this,interesting,312
this,not,313
this,nice,313
this,comment,313
this,not,314
this,surprised,314
this,man,314
this,not,315
this,understood,315
this,nothing,316
this,now,317
this,of,318
this,course,318
this,oh,319
this,right,319
this,ok.,320
this,okay,321
this,olay,322
this,pause,323
this,pausing,324
this,pausing,325
this,a,325
this,sentence,325
this,pleased,326
this,pointing,327
this,pointing,328
this,at,328
this,someone,328
this,positively,329
this,accepting,329
this,prayer,330
this,pronouncing,331
this,m,331
this,quiet,332
this,reading,333
this,realize,334
this,realizing,335
this,really,336
this,reflection,337
this,sad,338
this,sadness,339
this,sated,340
this,satisfaction,341
this,satisfied,342
this,say,343
this,em,343
this,saying,344
this,a,344
this,letter,344
this,saying,345
this,m,345
this,shrug,346
this,shrugging,347
this,off,347
this,an,347
this,idea,347
this,sigh,348
this,silence,349
this,sleep,350
this,slight,351
this,agree,351
this,so,352
this,so,352
this,someone,353
this,someone,354
this,(him),354
this,something,355
this,smelling,355
this,speaking,356
this,spelling,357
this,spelling,358
this,m,358
this,statement,359
this,sure,360
this,surprise,361
this,syllable,362
this,talking,363
this,tasting,364
this,them,365
this,there,366
this,think,367
this,thinking,368
this,this,369
this,throat,370
this,clear,370
this,tick,371
this,to,372
this,nod,372
this,to,373
this,think,373
this,token,374
this,uh,375
this,huh,375
this,uhu,376
this,um,377
this,hesitant,377
this,umming,378
this,unamused,379
this,uncertainty,380
this,understanding,381
this,understood,382
this,uninsterest,383
this,unsure,384
this,vocalize,385
this,weird,386
this,whatever,387
this,whining,388
this,why,389
this,woman,390
this,wonder,391
this,wondering,392
this,work,393
this,yeet,394
this,yes,395
this,"yes,",396
this,correct,396
this,yum,397
this,NA,398
tiger,aaag,1
tiger,aggressive,2
tiger,airplane,3
tiger,alertness,4
tiger,anger,5
tiger,angry,6
tiger,animal,7
tiger,or,7
tiger,monster,7
tiger,annoyed,8
tiger,bear,9
tiger,burp,10
tiger,cat,11
tiger,danger,12
tiger,dangerous,13
tiger,disgust,14
tiger,exhaustion,15
tiger,facing,16
tiger,horror,16
tiger,feisty,17
tiger,furious,18
tiger,go,19
tiger,away,19
tiger,graaaaoow,20
tiger,great,21
tiger,anger,21
tiger,groanibg?,22
tiger,roaring?,22
tiger,groaning,23
tiger,growl,24
tiger,growling,25
tiger,beast,25
tiger,growning,26
tiger,grraaah,27
tiger,grunt,28
tiger,grunting,29
tiger,hhhohhohhohhohho,30
tiger,hungry,31
tiger,i,32
tiger,hate,32
tiger,you,32
tiger,i'm,33
tiger,angry,33
tiger,imponence,34
tiger,i’m,35
tiger,,35
tiger,irritated,35
tiger,joking,36
tiger,sound,36
tiger,lion,37
tiger,lion,38
tiger,roar,38
tiger,mad,39
tiger,male,40
tiger,irritating,40
tiger,spuds,40
tiger,men’s,41
tiger,high,41
tiger,oooo,41
tiger,meow,42
tiger,monster,43
tiger,monster,44
tiger,sound,44
tiger,oink,45
tiger,pain,46
tiger,roar,47
tiger,raaawr,48
tiger,raawr,49
tiger,rage,50
tiger,rawr,51
tiger,rawr,52
tiger,sound,52
tiger,rawrrrrr,53
tiger,really,54
tiger,angry,54
tiger,rest,55
tiger,roar,56
tiger,"roar,",57
tiger,"monster,",57
tiger,scary,57
tiger,roaring,58
tiger,roaring?,59
tiger,snore,60
tiger,sassy,61
tiger,"scare,",62
tiger,attack,62
tiger,scary,63
tiger,sound,63
tiger,"scary,",64
tiger,"monster,",64
tiger,lion,64
tiger,scream,65
tiger,screaming,66
tiger,sleep,67
tiger,sleeping,68
tiger,snarl,69
tiger,snarling,70
tiger,sound,70
tiger,snoar,71
tiger,snoozing,72
tiger,snore,73
tiger,snoring,74
tiger,snort,75
tiger,terrifying,76
tiger,monster,76
tiger,threat,77
tiger,tiger,78
tiger,tired,79
tiger,vibrating,80
tiger,vomit,81
tiger,warning,82
tiger,you,82
tiger,wild,83
tiger,zombie,84
tiger,a,85
tiger,beast,85
tiger,aaaahhh,86
tiger,aaagggggghhhh,87
tiger,aargh,88
tiger,adults,89
tiger,scaring,89
tiger,child,89
tiger,aeeeargh,90
tiger,aggressive,91
tiger,agitation,92
tiger,agressive,93
tiger,anger,94
tiger,angry,95
tiger,angry,96
tiger,bored,96
tiger,angry,97
tiger,defensive,97
tiger,angry,98
tiger,growl,98
tiger,angry,99
tiger,roar,99
tiger,animal,100
tiger,animal,101
tiger,anger,101
tiger,animal,102
tiger,attack,102
tiger,animal,103
tiger,growl,103
tiger,animal,104
tiger,roar,104
tiger,animal,105
tiger,roaring,105
tiger,animal,106
tiger,snoring,106
tiger,animalistic,107
tiger,sound,107
tiger,annoy,108
tiger,annoyed,109
tiger,argh,110
tiger,arrghh,111
tiger,asserting,112
tiger,dominance,112
tiger,back,113
tiger,off,113
tiger,be,114
tiger,at,114
tiger,ease,114
tiger,bear,115
tiger,bear,116
tiger,snoring,116
tiger,beast,117
tiger,beast,118
tiger,growl,118
tiger,bedtime,119
tiger,belch,120
tiger,big,121
tiger,cat,121
tiger,snarl,121
tiger,bored,122
tiger,boring,123
tiger,burp,124
tiger,car,125
tiger,car,126
tiger,driving,126
tiger,by,126
tiger,cat,127
tiger,cat,128
tiger,meowing,128
tiger,cat,129
tiger,purring,129
tiger,cat,130
tiger,snarl,130
tiger,cat,131
tiger,sound,131
tiger,chawo,132
tiger,cough,133
tiger,croak,134
tiger,cry,135
tiger,of,135
tiger,pain,135
tiger,danger,136
tiger,danger,137
tiger,anger,137
tiger,violence,137
tiger,"danger,",138
tiger,monster,138
tiger,dangerous,139
tiger,dangerous,140
tiger,beast,140
tiger,dangerous,141
tiger,monster,141
tiger,dinosaur,142
tiger,disgust,143
tiger,disinterested,144
tiger,dog,145
tiger,dragon,146
tiger,exclamation,147
tiger,fake,148
tiger,snore,148
tiger,fear,149
tiger,fed,150
tiger,up,150
tiger,feeling,151
tiger,relieved,151
tiger,feeling,152
tiger,unwell,152
tiger,feline,153
tiger,ferocious,154
tiger,animal,154
tiger,fierce,155
tiger,frightening,156
tiger,creature,156
tiger,frisky,157
tiger,frog,158
tiger,frustrated,159
tiger,furious,160
tiger,georrrrr,161
tiger,ghhheugh,162
tiger,gorilla,163
tiger,grauuu,164
tiger,grawling,165
tiger,groaning,166
tiger,groul,167
tiger,growl,168
tiger,growling,169
tiger,gruauuu,170
tiger,grunt,171
tiger,grunting,172
tiger,grunting,173
tiger,loudly,173
tiger,haaoowwlll,174
tiger,haoowwl,175
tiger,high,176
tiger,effort,176
tiger,hissing,177
tiger,hoarseness,178
tiger,hrrieaw,179
tiger,hrrreahhhhhhhhh,180
tiger,hrrreeuuu,181
tiger,huge,182
tiger,monster,182
tiger,jauummm,183
tiger,jeuah,184
tiger,leon,185
tiger,mimick,185
tiger,lion,186
tiger,lion,187
tiger,or,187
tiger,tiger,187
tiger,lion,188
tiger,roar,188
tiger,lion,189
tiger,roaring,189
tiger,lion's,190
tiger,roar,190
tiger,man,191
tiger,in,191
tiger,jungle,191
tiger,again,191
tiger,"man,",192
tiger,sound,192
tiger,marmot,193
tiger,menacing,194
tiger,meow,195
tiger,"mischievous,",196
tiger,playful,196
tiger,monster,197
tiger,monster,198
tiger,noise,198
tiger,monster,199
tiger,roaring,199
tiger,monster,200
tiger,sound,200
tiger,motor,201
tiger,mouth,202
tiger,sounds,202
tiger,no,203
tiger,comment,203
tiger,noisy,204
tiger,exhale,204
tiger,non,205
tiger,human,205
tiger,snore,205
tiger,owl,206
tiger,pig,207
tiger,pig,208
tiger,noise,208
tiger,pig,209
tiger,sound,209
tiger,(child),209
tiger,play,210
tiger,playing,211
tiger,with,211
tiger,toys,211
tiger,predator,212
tiger,predator,213
tiger,warning,213
tiger,primitive,214
tiger,purr,215
tiger,purring,216
tiger,raaaawrgh,217
tiger,raaarrr,218
tiger,raaawwwr,219
tiger,raawwwrrr,220
tiger,rage,221
tiger,raowwwllll,222
tiger,rare,223
tiger,rauuu,224
tiger,rawr,225
tiger,rearr,226
tiger,reauuu,227
tiger,relaxing,228
tiger,roar,229
tiger,roar,230
tiger,like,230
tiger,tiger,230
tiger,roar,231
tiger,lion,231
tiger,"roar,",232
tiger,danger,232
tiger,roaring,233
tiger,roaring,234
tiger,tiger,234
tiger,savage,235
tiger,scare,236
tiger,scare,237
tiger,someone,237
tiger,scared,238
tiger,scaring,239
tiger,scaring,240
tiger,off,240
tiger,something,240
tiger,scaring,241
tiger,someone,241
tiger,scary,242
tiger,scary,243
tiger,monster,243
tiger,scary,244
tiger,roar,244
tiger,scream,245
tiger,sexual,246
tiger,growling,246
tiger,sexy,247
tiger,meow,247
tiger,sleep,248
tiger,sleeping,249
tiger,sleeping,250
tiger,dog,250
tiger,snarl,251
tiger,snarling,252
tiger,sneeze,253
tiger,snooze,254
tiger,snor,255
tiger,snore,256
tiger,snore,257
tiger,or,257
tiger,snort,257
tiger,snoring,258
tiger,snoring,259
tiger,while,259
tiger,sleeping,259
tiger,snorting,260
tiger,soft,261
tiger,car,261
tiger,purr,261
tiger,stay,262
tiger,away,262
tiger,stretch,263
tiger,terror,264
tiger,threat,265
tiger,tiger,266
tiger,"tired,",267
tiger,go,267
tiger,away,267
tiger,to,268
tiger,roar,268
tiger,truck,269
tiger,undead,270
tiger,uuuuuaaaahhhhh,271
tiger,vampire,272
tiger,very,273
tiger,angry,273
tiger,vicious,274
tiger,animal,274
tiger,waking,275
tiger,up,275
tiger,weird,276
tiger,weird,277
tiger,snore,277
tiger,weird,278
tiger,sound,278
tiger,whaaaaaow,279
tiger,whaw,280
tiger,whawoo,281
tiger,whhhhearrrrhhhh,282
tiger,wild,283
tiger,animal,283
tiger,wolf,284
tiger,wowww!,285
tiger,wraaaawrrrr,286
tiger,wrrr,287
tiger,yawn,288
tiger,yeti,289
tiger,zombie,290
tiger,NA,291
water,....,1
water,air,2
water,bubbles,2
water,baby,3
water,blblblbl,4
water,bloop,5
water,boredom,6
water,bubble,7
water,bubbles,8
water,bubbling,9
water,chewing,10
water,choking,11
water,on,11
water,water,11
water,don't,12
water,know,12
water,drain,13
water,pipe,13
water,driking,14
water,drink,15
water,drinking,16
water,drinking,17
water,noises,17
water,drinking,18
water,or,18
water,fish,18
water,drinking,19
water,water,19
water,dripping,20
water,droplet,21
water,droplets,22
water,dropping,23
water,drops,24
water,drops,25
water,of,25
water,water,25
water,eat,26
water,eating,27
water,eww,28
water,fish,29
water,fishing,30
water,footsteps,31
water,gulp,32
water,glug,33
water,gluh,34
water,go,35
water,away,35
water,gu,36
water,gu,36
water,gu,36
water,gu,36
water,gulp,37
water,gulp,38
water,gulp,38
water,gulp,38
water,"gulp,",39
water,swallow,39
water,gulping,40
water,gulping,41
water,down,41
water,drink,41
water,gulping,42
water,something,42
water,hiccups,43
water,horse,44
water,horse,45
water,hooves,45
water,imitating,46
water,a,46
water,beat,46
water,just,47
water,being,47
water,idle,47
water,leaking,48
water,licking,49
water,man,50
water,playing,50
water,many,51
water,fish,51
water,men’s,52
water,,52
water,plummm,52
water,mix.,53
water,it,53
water,mixing,54
water,mouth,55
water,clap,55
water,mouth,56
water,sounds,56
water,no,57
water,sound,57
water,none,58
water,not,59
water,sure,59
water,nothing,60
water,plc,61
water,plc,61
water,plc,61
water,plop,62
water,plump,63
water,lips,63
water,plunger,64
water,posing,65
water,a,65
water,question,65
water,pouring,66
water,a,66
water,drink,66
water,prlam,67
water,pumping,68
water,quiet,69
water,rude,70
water,rain,71
water,sound,72
water,saliva,73
water,in,73
water,mouth,73
water,silence?,74
water,sound,75
water,sound,76
water,of,76
water,airplane,76
water,splash,77
water,of,77
water,water,77
water,steps,78
water,sticky,79
water,strange,80
water,,80
water,sounds,80
water,strange,81
water,cosmic,81
water,sound,81
water,swallow,82
water,swallowing,83
water,swalow,84
water,swim,85
water,swimming,86
water,tap,87
water,drip,87
water,tasting,88
water,thirsty,89
water,trotting,90
water,through,90
water,water,90
water,whistle,91
water,water,92
water,water,93
water,drops,93
water,water,94
water,drop,94
water,water,95
water,droplets,95
water,water,96
water,droplets,96
water,droping,96
water,water,97
water,drops,97
water,water,98
water,sounds,98
water,air,99
water,bubbles,99
water,also,100
water,silent,100
water,animal,101
water,drinking,101
water,water,101
water,animal,102
water,on,102
water,water,102
water,animal,103
water,walk,103
water,attention,104
water,babababa,105
water,baby,106
water,bath,107
water,beer,108
water,big,109
water,animal,109
water,bird,110
water,call,110
water,blow,111
water,bubbles,111
water,blowing,112
water,into,112
water,straw,112
water,blu,113
water,blu,113
water,blu,113
water,blup,114
water,blurps,115
water,bored,116
water,bottle,117
water,bubble,118
water,bubbles,119
water,bubbles,120
water,popping,120
water,bubbling,121
water,cant,122
water,hear,122
water,anything,122
water,car,123
water,sounds,123
water,chew,124
water,chipmuk,125
water,chug,126
water,chugging,127
water,liquid,127
water,clicking,128
water,cooling,129
water,dipping,130
water,dog,131
water,drinking,131
water,water,131
water,dog,132
water,licking,132
water,water,132
water,dog,133
water,sip,133
water,don't,134
water,know,134
water,drink,135
water,drink,136
water,water,136
water,"drink,",137
water,thirsty,137
water,drinking,138
water,drinking,139
water,a,139
water,bottle,139
water,drinking,140
water,dog,140
water,drinking,141
water,gulp,141
water,drinking,142
water,sound,142
water,drinking,143
water,water,143
water,drip,144
water,drip,145
water,noise,145
water,drip,146
water,water,146
water,dripping,147
water,dripping,148
water,water,148
water,drop,149
water,drop,150
water,drop,150
water,drop,151
water,drop,151
water,drop,151
water,drop,152
water,noise,152
water,droplet,153
water,droplets,154
water,droplets,155
water,falling,155
water,droplets,156
water,of,156
water,water,156
water,drops,157
water,drops,158
water,of,158
water,falling,158
water,water,158
water,drown,159
water,drowning,160
water,eat,161
water,eating,162
water,electronic,163
water,sound,163
water,empty,164
water,faint,165
water,bubbling,165
water,faint,166
water,tap,166
water,faint,167
water,water,167
water,sound,167
water,fish,168
water,fish,169
water,in,169
water,water,169
water,fish,170
water,underwater,170
water,flow,171
water,fluid,172
water,sound,172
water,footsteps,173
water,gallop,174
water,galloping,175
water,galopp,176
water,on,176
water,bubbles,176
water,gargle,177
water,gloop,178
water,glub...glub,179
water,go,180
water,go,180
water,go,181
water,go,181
water,go,181
water,gogogo,182
water,goo,183
water,goo,183
water,goo,183
water,(like,183
water,imitation,183
water,drinking,183
water,noise),183
water,goo-goo-goo-goo,184
water,goup,185
water,goup,185
water,greeting,186
water,gu,187
water,gu,187
water,gu,187
water,gu,188
water,gu,188
water,gu,188
water,gu,188
water,gu..gu...gu,189
water,gugugu,190
water,gugugugu,191
water,gugugugugug,192
water,guh,193
water,guh,193
water,guh,193
water,guh,193
water,guhguhguh,194
water,gulp,195
water,gulp,196
water,gulp,196
water,gulp,197
water,gulp,197
water,gulp,197
water,gulping,198
water,gulps,199
water,gurgling,200
water,hand,201
water,over,201
water,mouth,201
water,hello,202
water,hens,203
water,hiccups,204
water,horse,205
water,horse,206
water,riding,206
water,horse,207
water,running,207
water,hungry,208
water,hurry,209
water,imitating,210
water,itowo,211
water,jelly,212
water,keep,213
water,silent,213
water,kid,214
water,knock,215
water,licking,216
water,licking,217
water,microphone,217
water,lip,218
water,smacking,218
water,lips,219
water,liquid,220
water,low,221
water,bubbly,221
water,sound,221
water,man,222
water,mouth,223
water,noises,223
water,mouth's,224
water,noise,224
water,moving,225
water,water,225
water,mumbling,226
water,munch,227
water,no,228
water,idea,228
water,no,229
water,sound,229
water,nom,230
water,nom,230
water,nom,230
water,nothing,231
water,notification,232
water,pao,233
water,pao,233
water,pao,233
water,pao,233
water,passing,234
water,time,234
water,pee-ee,235
water,aweah,235
water,phwep,236
water,play,237
water,with,237
water,child,237
water,playing,238
water,playing,239
water,with,239
water,tongue,239
water,plep,240
water,plep,240
water,plep,240
water,plepleepellee,241
water,pliip,242
water,plop,242
water,plop,243
water,plop,243
water,plop,244
water,plop,244
water,plop,244
water,pluba,245
water,pluba,245
water,pluba,245
water,pluba,245
water,pluba,245
water,pluh,246
water,plumplumploomplommploom,247
water,plup,248
water,pond,249
water,poul,250
water,poul,250
water,pouring,251
water,pouring,252
water,water,252
water,pueh,253
water,pueh,253
water,pueh,253
water,quick,254
water,racking,255
water,rain,256
water,really,257
water,quiet,257
water,repeated,258
water,gulping,258
water,ringing,259
water,rippling,260
water,run,261
water,salivating,262
water,silence,263
water,silliness,264
water,playfulness,264
water,sink,265
water,siping,266
water,slapping,267
water,sound,267
water,sleeping,268
water,fish,268
water,slurp,269
water,slurp,270
water,slurp,270
water,slurp,270
water,smack,271
water,tongue,271
water,smacking,272
water,sound,273
water,sound,274
water,of,274
water,water,274
water,spelling,275
water,g,275
water,spitting,276
water,splash,277
water,splashing,278
water,steps,279
water,stuttering,280
water,suck,281
water,suckers,282
water,swallow,283
water,swallow,284
water,liquid,284
water,swallowing,285
water,swallowing,286
water,something,286
water,swallowing,287
water,while,287
water,drinking,287
water,"swallowing,",288
water,gurgling,288
water,swim,289
water,swimming,290
water,underwater,290
water,talk,291
water,or,291
water,use,291
water,mouth,291
water,talk,292
water,to,292
water,baby,292
water,tapping,293
water,-,293
water,walking,293
water,tapping,294
water,sound,294
water,tasting,295
water,thadthadd,296
water,thinking,297
water,throat,298
water,noises,298
water,tongue,299
water,tongue,300
water,beats,300
water,lips,300
water,tongue,301
water,language,301
water,tongue,302
water,play,302
water,trotting,303
water,tuputputput,304
water,turkey,305
water,unclog,306
water,unclogging,307
water,toilet,307
water,underwater,308
water,walking,309
water,walking,310
water,in,310
water,the,310
water,rain,310
water,wanting,311
water,to,311
water,leave,311
water,water,312
water,water,313
water,being,313
water,emptied,313
water,from,313
water,a,313
water,vessel,313
water,water,314
water,dripping,314
water,water,315
water,dripping,315
water,sound,315
water,water,316
water,drop,316
water,water,317
water,droplet,317
water,water,318
water,drops,318
water,water,319
water,in,319
water,tap,319
water,water,320
water,sound,320
water,water,321
water,splash,321
water,water,322
water,splashing,322
water,watery,323
water,sound,323
water,watter,324
water,drop,324
water,wet,325
water,whip,326
water,wap,326
water,work,327
water,on,327
water,stone,327
water,working,328
water,zeroing,329
water,NA,330
woman,a,1
woman,banana,1
woman,a,2
woman,calling,2
woman,adult,3
woman,sound,3
woman,amanana,4
woman,amazed,5
woman,amused,6
woman,amusement,7
woman,animal,8
woman,auu,9
woman,auuummmmmm.....,10
woman,auuuu,11
woman,baby,12
woman,babble,13
woman,baby,14
woman,bark,15
woman,sound,15
woman,blah,16
woman,blah,16
woman,careful,17
woman,cartoon,18
woman,sleeping,18
woman,chill,19
woman,cold,20
woman,complain,21
woman,confusion,22
woman,cozy,23
woman,danger,24
woman,depressed,25
woman,person,25
woman,disbelief,26
woman,enjoyment,27
woman,excitement,28
woman,"excitement,",29
woman,surprised,29
woman,"exclamation,",30
woman,surprised,30
woman,exictement,31
woman,and,31
woman,surprise,31
woman,falling.,32
woman,gently,32
woman,fatigue,33
woman,feeling,34
woman,of,34
woman,surprise,34
woman,female,35
woman,wail,35
woman,finding,36
woman,out,36
woman,something,36
woman,fright,37
woman,funny,38
woman,giggle,39
woman,hurray,40
woman,happiness,41
woman,happy,42
woman,hmmmmm,43
woman,horse,44
woman,horse,45
woman,neighing,45
woman,how,46
woman,are,46
woman,you,46
woman,hurry,47
woman,up,47
woman,i,48
woman,am,48
woman,lora,48
woman,i,49
woman,am,49
woman,tired,49
woman,i,50
woman,don't,50
woman,know,50
woman,i,51
woman,dunno,51
woman,i'm,52
woman,a,52
woman,runner,52
woman,i'm,53
woman,admired,53
woman,i'm,54
woman,alone,54
woman,i'm,55
woman,surprised,55
woman,imitating,56
woman,a,56
woman,trumpet,56
woman,imitating,57
woman,beat,57
woman,imitating,58
woman,wolf,58
woman,sound,58
woman,"impressed,",59
woman,surprised,59
woman,inquireness,60
woman,japanese,61
woman,woman,61
woman,singing,61
woman,laughing,62
woman,laugh,63
woman,laughter,64
woman,lets,65
woman,"go,",65
woman,no?,65
woman,light,66
woman,snicker,66
woman,like,67
woman,italian,67
woman,language,67
woman,making,68
woman,fun,68
woman,men’s,69
woman,low,69
woman,,69
woman,uuuu,69
woman,monkey,70
woman,mumbling,71
woman,naughty,72
woman,nervousness,73
woman,noding,74
woman,nonsense,75
woman,not,76
woman,sure,76
woman,oh,77
woman,dear,77
woman,or,77
woman,what,77
woman,is,77
woman,it,77
woman,oh,78
woman,no,78
woman,no,78
woman,oh,79
woman,what?,79
woman,a,79
woman,questioning,79
woman,sound,79
woman,oh!,80
woman,oooh!,81
woman,pleasantly,82
woman,surprised,82
woman,pleased,83
woman,pomodoro,84
woman,pronunciation,85
woman,questioning,86
woman,realization,87
woman,reject,88
woman,idea,88
woman,relief,89
woman,shout,90
woman,sleep,91
woman,satisfied,92
woman,scared,93
woman,scary,94
woman,shivering,95
woman,shivers,96
woman,shock,97
woman,shyness,98
woman,sigh,99
woman,sing,100
woman,singing,101
woman,so,102
woman,good,102
woman,soothing,103
woman,strange,104
woman,dialect,104
woman,suprise,105
woman,surprise,106
woman,surprise,107
woman,d,107
woman,surprised,108
woman,surprised,109
woman,inquiry,109
woman,surprize,110
woman,suspense,111
woman,talk,112
woman,talking,113
woman,the,114
woman,person,114
woman,doesn't,114
woman,know,114
woman,something,114
woman,tired,115
woman,uuh,116
woman,vamo,117
woman,nuno,117
woman,vocalist,118
woman,welcome,119
woman,welcome,120
woman,home,120
woman,what,121
woman,a,121
woman,surprise,121
woman,what,122
woman,we,122
woman,doing,122
woman,now,122
woman,"whimsy,",123
woman,joy,123
woman,whinny,124
woman,woman,125
woman,"woman,",126
woman,quiet,126
woman,women’s,127
woman,,127
woman,inarticulate.sounds,127
woman,wow,128
woman,yawn,129
woman,yawning,130
woman,a,131
woman,banana,131
woman,a,132
woman,request,132
woman,aahaaa,133
woman,admired,134
woman,sound,134
woman,agree,135
woman,agreeing,136
woman,sound,136
woman,amazed,137
woman,amazement,138
woman,amazing,139
woman,amerola,140
woman,amerono,141
woman,amonana,142
woman,amonona,143
woman,amusement,144
woman,annoyed,145
woman,asleep,146
woman,astonishment,147
woman,attention,148
woman,awakening,149
woman,awe,150
woman,awhoowhoowhoo,151
woman,babble,152
woman,baby,153
woman,cooing,153
woman,baby,154
woman,talk,154
woman,banana,155
woman,be,156
woman,quiet,156
woman,being,157
woman,startled,157
woman,bewilderment,158
woman,bored,159
woman,bottom,160
woman,kick,160
woman,but,161
woman,why?,161
woman,c'mon,162
woman,bruno,162
woman,calling,163
woman,someone,163
woman,cartoon,164
woman,character,164
woman,talking,164
woman,cheerful,165
woman,cheering,166
woman,child,167
woman,child,168
woman,vocalization,168
woman,chills,169
woman,chinese,170
woman,woman,170
woman,calling,170
woman,others,170
woman,chipper,171
woman,chuckle,172
woman,cloun,173
woman,cold,174
woman,come,175
woman,along,175
woman,come,176
woman,on,176
woman,complaint,177
woman,confused,178
woman,confusion,179
woman,coyness,180
woman,cozy,181
woman,damage,182
woman,dancing,183
woman,delight,184
woman,delighted,185
woman,disapproval,186
woman,distance,187
woman,distrust,188
woman,dog,189
woman,dog,190
woman,bark,190
woman,don't,191
woman,know,191
woman,dont,192
woman,know,192
woman,drunk,193
woman,enjoyment,194
woman,excited,195
woman,excitment,196
woman,exclamation,197
woman,exitement,198
woman,expressing,199
woman,pleasant,199
woman,surprise,199
woman,fairy,200
woman,fake,201
woman,italian,201
woman,family,202
woman,fantastic,203
woman,feeling,204
woman,giddy,204
woman,forlorn,205
woman,freaked,206
woman,freight,207
woman,frightened,208
woman,funny,209
woman,getting,210
woman,icy,210
woman,cold,210
woman,getting,211
woman,to,211
woman,sleep,211
woman,ghost,212
woman,giggle,213
woman,giggling,214
woman,giggly,215
woman,girl,216
woman,goosebumps,217
woman,got,218
woman,it,218
woman,gtreetings,219
woman,hahhhhhhhmrrrdddhhh,220
woman,hahohohoho,221
woman,hammanono,222
woman,happiness,223
woman,happy,224
woman,happy,225
woman,horse,225
woman,happy,226
woman,surprise,226
woman,happy,227
woman,woman,227
woman,"happy,",228
woman,whimsical,228
woman,having,229
woman,fun,229
woman,here,230
woman,i,230
woman,come,230
woman,hhhmmmmmm,231
woman,hmmhmmmmhmmhmhm,232
woman,hold,233
woman,on,233
woman,holding,234
woman,someone,234
woman,back,234
woman,home,235
woman,alone,235
woman,honolulu,236
woman,horse,237
woman,horse,238
woman,neigh,238
woman,horse,239
woman,neighing,239
woman,horse,240
woman,shy,240
woman,horse,241
woman,sound,241
woman,horse,242
woman,sounds,242
woman,how,243
woman,are,243
woman,you,243
woman,hu-hu-hu-hum,244
woman,hum,245
woman,humming,246
woman,humming,247
woman,with,247
woman,excitement,247
woman,hurry,248
woman,hurt,249
woman,i,250
woman,don't,250
woman,know,250
woman,i'll,251
woman,consider,251
woman,it,251
woman,idiot,252
woman,idk,253
woman,impatience,254
woman,impersonating,255
woman,in,256
woman,love,256
woman,information,257
woman,interesting,258
woman,joke,259
woman,lady,260
woman,laugh,261
woman,laughing,262
woman,laughing,263
woman,horse,263
woman,laughter,264
woman,laziness,265
woman,let's,266
woman,go,266
woman,mama,267
woman,man,268
woman,man,269
woman,sound,269
woman,mananana,270
woman,mocking,271
woman,mouth,272
woman,sound,272
woman,mumble,273
woman,mumbling,274
woman,murmur,275
woman,nap,276
woman,neighing,277
woman,noise,277
woman,nooo,278
woman,oeuhhh,279
woman,oh,280
woman,mo,280
woman,no,280
woman,no,280
woman,oh,281
woman,my,281
woman,oh,282
woman,no,282
woman,oh,283
woman,wow,283
woman,ohh,284
woman,ohhh,285
woman,ohhh,286
woman,(surprise),286
woman,omanora,287
woman,ommmihhsss,288
woman,omolola,289
woman,omonono,290
woman,ooh,291
woman,ooh,292
woman,excitement,292
woman,oohhh,293
woman,sound,293
woman,oooh,294
woman,oooo,295
woman,ooooh,296
woman,oul,297
woman,owl,298
woman,owww,299
woman,playful,300
woman,smile,300
woman,pleasant,301
woman,pleasantly,302
woman,surprised,302
woman,pleased,303
woman,pleasur,304
woman,pleasure,305
woman,pomeroro,306
woman,prolongued,307
woman,whimper,307
woman,question,308
woman,questioning,309
woman,rabbit,310
woman,realization,311
woman,relief,312
woman,relief,313
woman,and,313
woman,pleasant,313
woman,surprise,313
woman,sadness,314
woman,satisfaction,315
woman,satisfaing,316
woman,satisfied,317
woman,saying,318
woman,-,318
woman,but,318
woman,why?,318
woman,saying,319
woman,no,319
woman,scared,320
woman,shiver,321
woman,shivering,322
woman,shivering,323
woman,in,323
woman,cold,323
woman,shock,324
woman,shocked,325
woman,shuddering,326
woman,shy,327
woman,sigh,328
woman,silliness,329
woman,sing,330
woman,singing,331
woman,singing,332
woman,puppet,332
woman,song,332
woman,singing,333
woman,softly,333
woman,singing?,334
woman,sinking,335
woman,sleep,336
woman,sleeping,337
woman,smiling,338
woman,snickering,339
woman,snoring,340
woman,soft,341
woman,meh,341
woman,meh,341
woman,meh,341
woman,ma,341
woman,something,342
woman,is,342
woman,rolling,342
woman,something,343
woman,tasty,343
woman,sound,344
woman,speaking,345
woman,speaking,346
woman,without,346
woman,being,346
woman,able,346
woman,strange,347
woman,suprise,348
woman,suprised,349
woman,surprise,350
woman,surprise,351
woman,expresion,351
woman,"surprise,",352
woman,unexpected,352
woman,surprised,353
woman,surprised,354
woman,gay,354
woman,man,354
woman,surprised,355
woman,grunt,355
woman,surprised,356
woman,woman,356
woman,taking,357
woman,care,357
woman,talking,358
woman,teeheeee,359
woman,tired,360
woman,titter,361
woman,trying,362
woman,to,362
woman,laugh,362
woman,uh-hmmm,363
woman,uhh,364
woman,uhhh,365
woman,uhm,366
woman,uhm,366
woman,uhuhhhh,367
woman,um,368
woman,un,368
woman,uno,368
woman,ummadono,369
woman,underarmour,370
woman,understanding,371
woman,awe,371
woman,unintellible,372
woman,noises,372
woman,uuuuuuuu,373
woman,vamos,374
woman,uno,374
woman,waking,375
woman,up,375
woman,warming,376
woman,up,376
woman,went,377
woman,that,377
woman,way,377
woman,what,378
woman,whine,379
woman,whoooo,380
woman,witch,381
woman,woman,382
woman,calling,382
woman,someone,382
woman,wondering,383
woman,woo,384
woman,woohoo,385
woman,woooah,386
woman,woooh,387
woman,worried,388
woman,worried,389
woman,for,389
woman,someone,389
woman,or,389
woman,showing,389
woman,empathy,389
woman,worry,390
woman,wow,391
woman,wowowow,392
woman,yawn,393
woman,yawning,394
woman,yawning/stretching,395
woman,yelp,396
woman,young,397
woman,NA,398
