,Right_Answer,Answer,No,dist_path,dist_wup
0,bad,0.0,1,NA,NA
1,bad,adult,2,0.3333333333333333,0.5
2,bad,disgust,2,0.2,0.5
3,bad,anger,3,0.25,0.5
4,bad,"anger,",4,NA,NA
5,bad,mother,4,0.25,0.4
6,bad,angry,5,0.3333333333333333,0.5
7,bad,angry,6,0.3333333333333333,0.5
8,bad,maybe,6,0.3333333333333333,0.5
9,bad,angry,7,0.3333333333333333,0.5
10,bad,voice,7,0.25,0.6666666666666666
11,bad,annoyed,8,0.3333333333333333,0.5
12,bad,bewilderment,9,0.1111111111111111,0.42857142857142855
13,bad,blah,10,0.125,0.36363636363636365
14,bad,calling,11,0.3333333333333333,0.5
15,bad,angerly,11,NA,NA
16,bad,cheering,12,0.3333333333333333,0.5
17,bad,curiousity,13,NA,NA
18,bad,disgust,14,0.2,0.5
19,bad,disgusting,15,0.3333333333333333,0.5
20,bad,discusting,16,NA,NA
21,bad,disgust,17,0.2,0.5
22,bad,disgusted,18,0.3333333333333333,0.5
23,bad,disgusted,19,0.3333333333333333,0.5
24,bad,feeling,19,0.3333333333333333,0.6
25,bad,disgusting,20,0.3333333333333333,0.5
26,bad,dislike,21,0.3333333333333333,0.5454545454545454
27,bad,don't,22,NA,NA
28,bad,agre,22,NA,NA
29,bad,eugh,23,NA,NA
30,bad,eeughh,23,NA,NA
31,bad,eww,24,NA,NA
32,bad,frustrated,25,0.3333333333333333,0.5
33,bad,feels,26,0.3333333333333333,0.6
34,bad,like,26,0.3333333333333333,0.5
35,bad,disgusting,26,0.3333333333333333,0.5
36,bad,frustrated,27,0.3333333333333333,0.5
37,bad,give,28,0.3333333333333333,0.5
38,bad,me,28,0.08333333333333333,0.15384615384615385
39,bad,groan,29,0.25,0.4
40,bad,gross,30,0.3333333333333333,0.5
41,bad,gross,31,0.3333333333333333,0.5
42,bad,,31,0.1111111111111111,0.2
43,bad,yuck,31,NA,NA
44,bad,grosse,32,NA,NA
45,bad,grossed,33,0.2,0.3333333333333333
46,bad,out,33,0.3333333333333333,0.5
47,bad,gurgle,34,0.25,0.4
48,bad,harsh,35,0.3333333333333333,0.5
49,bad,happy,36,0.3333333333333333,0.5
50,bad,harsh,37,0.3333333333333333,0.5
51,bad,instruction,37,0.14285714285714285,0.4
52,bad,hitting,38,0.3333333333333333,0.5
53,bad,how,39,NA,NA
54,bad,come?,39,NA,NA
55,bad,i,40,0.3333333333333333,0.5
56,bad,dislike,40,0.3333333333333333,0.5454545454545454
57,bad,idk,41,NA,NA
58,bad,imitate,42,0.2,0.3333333333333333
59,bad,an,42,0.09090909090909091,0.2857142857142857
60,bad,animal,42,0.3333333333333333,0.5
61,bad,incitement,43,0.125,0.36363636363636365
62,bad,irritation,44,0.14285714285714285,0.5
63,bad,like,45,0.3333333333333333,0.5
64,bad,a,45,0.1,0.3076923076923077
65,bad,something,45,NA,NA
66,bad,listen!,46,NA,NA
67,bad,mipi,47,NA,NA
68,bad,makes,48,0.3333333333333333,0.5
69,bad,sense,48,0.25,0.4
70,bad,maybe,49,0.3333333333333333,0.5
71,bad,me,50,0.08333333333333333,0.15384615384615385
72,bad,too,50,0.3333333333333333,0.5
73,bad,men’s,51,NA,NA
74,bad,oooo,51,NA,NA
75,bad,men’s,52,NA,NA
76,bad,strange,52,0.3333333333333333,0.5
77,bad,sounds,52,0.3333333333333333,0.5454545454545454
78,bad,miky,53,NA,NA
79,bad,mipi,54,NA,NA
80,bad,mitsy,55,NA,NA
81,bad,more,56,0.3333333333333333,0.5
82,bad,murphy,57,0.1,0.18181818181818182
83,bad,my,58,NA,NA
84,bad,pee,58,0.2,0.3333333333333333
85,bad,name,59,0.3333333333333333,0.5
86,bad,of,59,NA,NA
87,bad,person,59,0.14285714285714285,0.3333333333333333
88,bad,nasty,60,0.3333333333333333,0.5
89,bad,nauseated,61,0.3333333333333333,0.5
90,bad,nippy,62,0.3333333333333333,0.5
91,bad,not,63,0.3333333333333333,0.5
92,bad,liking,63,0.3333333333333333,0.5454545454545454
93,bad,something,63,NA,NA
94,bad,not,64,0.3333333333333333,0.5
95,bad,sure,64,0.3333333333333333,0.5
96,bad,offensive,65,0.3333333333333333,0.5
97,bad,,65,0.1111111111111111,0.2
98,bad,smell,65,0.25,0.6
99,bad,offensive,66,0.3333333333333333,0.5
100,bad,smell,66,0.25,0.6
101,bad,ohhhh,67,NA,NA
102,bad,ough,68,NA,NA
103,bad,ough,68,NA,NA
104,bad,pokemon,69,NA,NA
105,bad,quit,70,0.3333333333333333,0.5
106,bad,it!,70,NA,NA
107,bad,reieve,71,NA,NA
108,bad,really?,72,NA,NA
109,bad,refusing,73,0.3333333333333333,0.5
110,bad,rejection,74,0.16666666666666666,0.5454545454545454
111,bad,or,74,0.08333333333333333,0.15384615384615385
112,bad,disgusting,74,0.3333333333333333,0.5
113,bad,repulsed,75,0.25,0.4
114,bad,satisfaction,76,0.125,0.46153846153846156
115,bad,scolding,77,0.25,0.4
116,bad,screaming,78,0.3333333333333333,0.5
117,bad,shout,79,0.25,0.4
118,bad,shout,80,0.25,0.4
119,bad,danger,80,0.16666666666666666,0.5454545454545454
120,bad,sick,81,0.3333333333333333,0.5
121,bad,sing,82,0.25,0.4
122,bad,stop,83,0.3333333333333333,0.5454545454545454
123,bad,strange,84,0.3333333333333333,0.5
124,bad,sound,84,0.3333333333333333,0.5454545454545454
125,bad,s,84,0.16666666666666666,0.5454545454545454
126,bad,"stress,",85,NA,NA
127,bad,anger,85,0.25,0.5
128,bad,surprise,86,0.25,0.5
129,bad,tired,87,0.3333333333333333,0.5
130,bad,"tired,",88,NA,NA
131,bad,disgust,88,0.2,0.5
132,bad,uooh,89,NA,NA
133,bad,utter,90,0.3333333333333333,0.5
134,bad,disgust,90,0.2,0.5
135,bad,what,91,NA,NA
136,bad,happened?,91,NA,NA
137,bad,woaah,92,NA,NA
138,bad,"yeuch,",93,NA,NA
139,bad,that's,93,NA,NA
140,bad,disgusting,93,0.3333333333333333,0.5
141,bad,yuck,94,NA,NA
142,bad,a,95,0.1,0.3076923076923077
143,bad,groan,95,0.25,0.4
144,bad,aaaagh,96,NA,NA
145,bad,admiring,97,0.25,0.4
146,bad,adults,98,0.125,0.2222222222222222
147,bad,celebrating,98,0.3333333333333333,0.5
148,bad,agitated,99,0.3333333333333333,0.5
149,bad,anger,100,0.25,0.5
150,bad,angry,101,0.3333333333333333,0.5
151,bad,angry,102,0.3333333333333333,0.5
152,bad,alien,102,0.3333333333333333,0.5
153,bad,parent,102,0.3333333333333333,0.5
154,bad,angry,103,0.3333333333333333,0.5
155,bad,meepee,103,NA,NA
156,bad,angry,104,0.3333333333333333,0.5
157,bad,name,104,0.3333333333333333,0.5
158,bad,shouting,104,0.25,0.4
159,bad,angry,105,0.3333333333333333,0.5
160,bad,person,105,0.14285714285714285,0.3333333333333333
161,bad,angry,106,0.3333333333333333,0.5
162,bad,woman,106,0.125,0.36363636363636365
163,bad,"angry,",107,NA,NA
164,bad,accusation,107,0.1,0.3076923076923077
165,bad,animal,108,0.3333333333333333,0.5
166,bad,animal,109,0.3333333333333333,0.5
167,bad,imitation,109,0.3333333333333333,0.5
168,bad,annoyance,110,0.14285714285714285,0.5
169,bad,annoyed,111,0.3333333333333333,0.5
170,bad,argh,112,NA,NA
171,bad,argh,112,NA,NA
172,bad,arghh,113,NA,NA
173,bad,attack,114,0.3333333333333333,0.5
174,bad,away,115,0.3333333333333333,0.5
175,bad,awgoh,116,NA,NA
176,bad,awww,117,NA,NA
177,bad,backchat?,118,NA,NA
178,bad,bad,119,1.0,1.0
179,bad,bad,120,1.0,1.0
180,bad,smell,120,0.25,0.6
181,bad,bad,121,1.0,1.0
182,bad,taste,121,0.3333333333333333,0.5
183,bad,beat,122,0.3333333333333333,0.5454545454545454
184,bad,it,122,0.09090909090909091,0.2857142857142857
185,bad,being,123,0.3333333333333333,0.6
186,bad,disgusted,123,0.3333333333333333,0.5
187,bad,bored,124,0.3333333333333333,0.5
188,bad,boredom,125,0.1,0.4
189,bad,bother,126,0.25,0.4
190,bad,buzzer,127,0.09090909090909091,0.16666666666666666
191,bad,calling,128,0.3333333333333333,0.5
192,bad,calling,129,0.3333333333333333,0.5
193,bad,out,129,0.3333333333333333,0.5
194,bad,dog,129,0.2,0.3333333333333333
195,bad,cat,130,0.2,0.3333333333333333
196,bad,celebrating,131,0.3333333333333333,0.5
197,bad,child,132,0.125,0.2222222222222222
198,bad,come,133,0.3333333333333333,0.5
199,bad,here!,133,NA,NA
200,bad,come,134,0.3333333333333333,0.5
201,bad,on,134,0.3333333333333333,0.5
202,bad,complain,135,0.3333333333333333,0.5
203,bad,creepy,136,0.3333333333333333,0.5
204,bad,cross,137,0.3333333333333333,0.5
205,bad,crying,138,0.3333333333333333,0.5
206,bad,cughh,139,NA,NA
207,bad,danger,140,0.16666666666666666,0.5454545454545454
208,bad,digest,141,0.25,0.4
209,bad,disapointment,142,NA,NA
210,bad,disappoint,143,0.2,0.3333333333333333
211,bad,disappointment,144,0.1,0.4
212,bad,disapproving,145,0.3333333333333333,0.5
213,bad,discussing,146,0.125,0.2222222222222222
214,bad,discusting,147,NA,NA
215,bad,disguss,148,NA,NA
216,bad,disgussed,149,NA,NA
217,bad,disgust,150,0.2,0.5
218,bad,disgust,151,0.2,0.5
219,bad,noises,151,0.25,0.7272727272727273
220,bad,disgust,152,0.2,0.5
221,bad,sound,152,0.3333333333333333,0.5454545454545454
222,bad,"disgust,",153,NA,NA
223,bad,messy,153,0.3333333333333333,0.5
224,bad,disgusted,154,0.3333333333333333,0.5
225,bad,disgusting,155,0.3333333333333333,0.5
226,bad,dislike,156,0.3333333333333333,0.5454545454545454
227,bad,distaste,157,0.14285714285714285,0.5
228,bad,distgust,158,NA,NA
229,bad,do,159,0.3333333333333333,0.5
230,bad,not,159,0.3333333333333333,0.5
231,bad,like,159,0.3333333333333333,0.5
232,bad,don't,160,NA,NA
233,bad,enjoy,160,0.3333333333333333,0.5
234,bad,this,160,NA,NA
235,bad,don't,161,NA,NA
236,bad,know,161,0.3333333333333333,0.5
237,bad,don't,162,NA,NA
238,bad,like,162,0.3333333333333333,0.5
239,bad,dont,163,NA,NA
240,bad,know,163,0.3333333333333333,0.5
241,bad,double,164,0.3333333333333333,0.5
242,bad,disgust,164,0.2,0.5
243,bad,eat,165,0.25,0.4
244,bad,ecxclamation,166,NA,NA
245,bad,ehaa,167,NA,NA
246,bad,electronic,168,0.3333333333333333,0.5
247,bad,sound,168,0.3333333333333333,0.5454545454545454
248,bad,ew,169,0.1111111111111111,0.3333333333333333
249,bad,gross,169,0.3333333333333333,0.5
250,bad,ewrr,170,NA,NA
251,bad,eww,171,NA,NA
252,bad,ewww,172,NA,NA
253,bad,excited,173,0.3333333333333333,0.5
254,bad,expressing,174,0.3333333333333333,0.5
255,bad,disgust,174,0.2,0.5
256,bad,friend,175,0.125,0.2222222222222222
257,bad,fury,176,0.14285714285714285,0.5
258,bad,gag,177,0.3333333333333333,0.5
259,bad,grandmother,178,0.08333333333333333,0.15384615384615385
260,bad,gross,179,0.3333333333333333,0.5
261,bad,grunting,180,0.25,0.4
262,bad,how,181,NA,NA
263,bad,dare,181,0.25,0.4
264,bad,you,181,NA,NA
265,bad,i,182,0.3333333333333333,0.5
266,bad,dont,182,NA,NA
267,bad,know,182,0.3333333333333333,0.5
268,bad,insult,183,0.16666666666666666,0.36363636363636365
269,bad,irritated,184,0.3333333333333333,0.5
270,bad,irritation,185,0.14285714285714285,0.5
271,bad,it's,186,NA,NA
272,bad,mine,186,0.2,0.3333333333333333
273,bad,keewwl,187,NA,NA
274,bad,lach,188,NA,NA
275,bad,awo,188,NA,NA
276,bad,lah,189,0.1,0.3076923076923077
277,bad,loh,189,NA,NA
278,bad,leahhh,190,NA,NA
279,bad,leaoh,190,NA,NA
280,bad,leave,191,0.3333333333333333,0.5
281,bad,him,191,NA,NA
282,bad,lgh-uuuhhh,192,NA,NA
283,bad,listen,193,0.25,0.4
284,bad,now!,193,NA,NA
285,bad,llloaah,194,NA,NA
286,bad,loaa,195,NA,NA
287,bad,lol,196,NA,NA
288,bad,louaa,197,NA,NA
289,bad,lough,198,0.125,0.2222222222222222
290,bad,luaagg,199,NA,NA
291,bad,mad,200,0.3333333333333333,0.5
292,bad,mad,201,0.3333333333333333,0.5
293,bad,at,201,0.14285714285714285,0.4
294,bad,something,201,NA,NA
295,bad,mad,202,0.3333333333333333,0.5
296,bad,person,202,0.14285714285714285,0.3333333333333333
297,bad,man,203,0.25,0.4444444444444444
298,bad,mapy,204,NA,NA
299,bad,maybe,205,0.3333333333333333,0.5
300,bad,meaty!,206,NA,NA
301,bad,mee,207,NA,NA
302,bad,pee,207,0.2,0.3333333333333333
303,bad,meepee,208,NA,NA
304,bad,meepee!,209,NA,NA
305,bad,meepi,210,NA,NA
306,bad,meepi,210,NA,NA
307,bad,meepie,211,NA,NA
308,bad,meeppyy,212,NA,NA
309,bad,meepy,213,NA,NA
310,bad,mepee,214,NA,NA
311,bad,mi-pee,215,NA,NA
312,bad,with,215,NA,NA
313,bad,anger,215,0.25,0.5
314,bad,mild,216,0.3333333333333333,0.5
315,bad,detest,216,0.25,0.4
316,bad,minecraft,217,NA,NA
317,bad,mipi,218,NA,NA
318,bad,mipie,219,NA,NA
319,bad,nauseous,220,0.3333333333333333,0.5
320,bad,nippy,221,0.3333333333333333,0.5
321,bad,not,222,0.3333333333333333,0.5
322,bad,beliving,222,NA,NA
323,bad,not,223,0.3333333333333333,0.5
324,bad,nice,223,0.3333333333333333,0.5
325,bad,oahh,224,NA,NA
326,bad,errh,224,NA,NA
327,bad,(like,224,NA,NA
328,bad,disgust),224,NA,NA
329,bad,oh,225,0.08333333333333333,0.15384615384615385
330,bad,no,225,0.3333333333333333,0.5
331,bad,oh,226,0.08333333333333333,0.15384615384615385
332,bad,right,226,0.3333333333333333,0.6153846153846154
333,bad,oohh,227,NA,NA
334,bad,(realisation,227,NA,NA
335,bad,noise),227,NA,NA
336,bad,person,228,0.14285714285714285,0.3333333333333333
337,bad,name,228,0.3333333333333333,0.5
338,bad,puke,229,0.2,0.3333333333333333
339,bad,pushing,230,0.25,0.4
340,bad,something,230,NA,NA
341,bad,rage,231,0.3333333333333333,0.5
342,bad,realise,232,0.3333333333333333,0.5
343,bad,reepy,233,NA,NA
344,bad,rejection,234,0.16666666666666666,0.5454545454545454
345,bad,reprimand,235,0.125,0.3333333333333333
346,bad,reprimanding,236,0.125,0.2222222222222222
347,bad,repugnant,237,0.3333333333333333,0.5
348,bad,repulsive,238,0.3333333333333333,0.5
349,bad,right,239,0.3333333333333333,0.6153846153846154
350,bad,now,239,0.3333333333333333,0.5454545454545454
351,bad,rudeness,240,0.16666666666666666,0.5454545454545454
352,bad,scare,241,0.2,0.46153846153846156
353,bad,scary,242,0.3333333333333333,0.5
354,bad,scoff,243,0.14285714285714285,0.3333333333333333
355,bad,scold,244,0.25,0.4
356,bad,scolding,245,0.25,0.4
357,bad,scream,246,0.25,0.4
358,bad,screaming,247,0.3333333333333333,0.5
359,bad,screw,248,0.2,0.3333333333333333
360,bad,you,248,NA,NA
361,bad,shouting,249,0.25,0.4
362,bad,sick,250,0.3333333333333333,0.5
363,bad,snarl,251,0.2,0.4
364,bad,sneezing,252,0.2,0.3333333333333333
365,bad,sound,253,0.3333333333333333,0.5454545454545454
366,bad,of,253,NA,NA
367,bad,disgust,253,0.2,0.5
368,bad,speaking,254,0.3333333333333333,0.5
369,bad,stern,255,0.3333333333333333,0.5
370,bad,stretching,256,0.25,0.4
371,bad,surprise,257,0.25,0.5
372,bad,surprizing,258,NA,NA
373,bad,there,259,0.3333333333333333,0.5
374,bad,tired,260,0.3333333333333333,0.5
375,bad,to,261,NA,NA
376,bad,scare,261,0.2,0.46153846153846156
377,bad,uagg...disgust,262,NA,NA
378,bad,uehh,263,NA,NA
379,bad,ouhh,263,NA,NA
380,bad,ugggh,264,NA,NA
381,bad,ugh,265,NA,NA
382,bad,ugh,266,NA,NA
383,bad,uegh,266,NA,NA
384,bad,ugh,267,NA,NA
385,bad,ugh,267,NA,NA
386,bad,ugly,268,0.3333333333333333,0.5
387,bad,uhuho,269,NA,NA
388,bad,uoooo,270,NA,NA
389,bad,upset,271,0.3333333333333333,0.5
390,bad,urgh,272,NA,NA
391,bad,utter,273,0.3333333333333333,0.5
392,bad,disgust,273,0.2,0.5
393,bad,uughh,274,NA,NA
394,bad,very,275,0.3333333333333333,0.5
395,bad,angry,275,0.3333333333333333,0.5
396,bad,vomit,276,0.2,0.3333333333333333
397,bad,vomiting,277,0.2,0.3333333333333333
398,bad,wake,278,0.3333333333333333,0.5
399,bad,up,278,0.3333333333333333,0.5
400,bad,wants,279,0.3333333333333333,0.5
401,bad,to,279,NA,NA
402,bad,vomit,279,0.2,0.3333333333333333
403,bad,weird,280,0.3333333333333333,0.5
404,bad,vocal,280,0.3333333333333333,0.5
405,bad,sound,280,0.3333333333333333,0.5454545454545454
406,bad,whippy,281,0.3333333333333333,0.5
407,bad,whoack,282,NA,NA
408,bad,whoack,282,NA,NA
409,bad,wifi,283,0.07692307692307693,0.14285714285714285
410,bad,witch,284,0.2,0.3333333333333333
411,bad,woah,285,NA,NA
412,bad,wooo,286,NA,NA
413,bad,wuuuueeel,287,NA,NA
414,bad,yak,288,0.16666666666666666,0.3076923076923077
415,bad,yak,289,0.16666666666666666,0.3076923076923077
416,bad,-,289,NA,NA
417,bad,disgusting,289,0.3333333333333333,0.5
418,bad,yawning,290,0.3333333333333333,0.5
419,bad,yawning,291,0.3333333333333333,0.5
420,bad,deeper,291,0.3333333333333333,0.5
421,bad,yelling,292,0.25,0.4
422,bad,yeugh,293,NA,NA
423,bad,yipee,294,NA,NA
424,bad,yippii,295,NA,NA
425,bad,yuck,296,NA,NA
426,bad,yuckkk,297,NA,NA
427,bad,yucky,298,0.3333333333333333,0.5
428,bad,“get,299,NA,NA
429,bad,out!”,299,NA,NA
430,bad,,300,0.1111111111111111,0.2
431,big,a,1,0.1,0.18181818181818182
432,big,word,1,0.125,0.2222222222222222
433,big,abstract,2,0.3333333333333333,0.5
434,big,aaah,3,NA,NA
435,big,admiration,4,0.1111111111111111,0.2
436,big,admiring,5,0.25,0.4
437,big,adult,6,1.0,1.0
438,big,in,6,0.3333333333333333,0.5
439,big,concordance,6,0.125,0.2222222222222222
440,big,amazed,7,0.3333333333333333,0.5
441,big,amazement,8,0.125,0.2222222222222222
442,big,amazing,9,0.3333333333333333,0.5
443,big,an,10,0.09090909090909091,0.16666666666666666
444,big,animal,10,0.3333333333333333,0.5
445,big,assenting,11,0.14285714285714285,0.25
446,big,astonishment,12,0.125,0.2222222222222222
447,big,awakening,13,0.25,0.4
448,big,awe,14,0.14285714285714285,0.25
449,big,baby,15,0.16666666666666666,0.2857142857142857
450,big,crying,15,0.3333333333333333,0.5
451,big,bad,16,1.0,1.0
452,big,impression,16,0.125,0.2222222222222222
453,big,surprise,16,0.25,0.4
454,big,beware,17,0.25,0.4
455,big,big,18,1.0,1.0
456,big,come,19,0.3333333333333333,0.5
457,big,on,19,0.3333333333333333,0.5
458,big,comprehension,20,0.125,0.2222222222222222
459,big,danger,21,0.16666666666666666,0.2857142857142857
460,big,discovery,22,0.125,0.2222222222222222
461,big,don’t,23,NA,NA
462,big,know,23,0.3333333333333333,0.5
463,big,"dreadful,",24,NA,NA
464,big,exhaustion,24,0.1111111111111111,0.2
465,big,emphasising,25,0.09090909090909091,0.16666666666666666
466,big,enjoyment,26,0.1111111111111111,0.2
467,big,enunciating,27,0.3333333333333333,0.5
468,big,finally,28,0.3333333333333333,0.5
469,big,funny,29,0.3333333333333333,0.5
470,big,sound,29,0.3333333333333333,0.5
471,big,getting,30,0.3333333333333333,0.5
472,big,up,30,0.3333333333333333,0.5
473,big,from,30,NA,NA
474,big,chair,30,0.14285714285714285,0.25
475,big,ghost,31,0.25,0.4
476,big,greater,32,1.0,1.0
477,big,understanding,32,0.3333333333333333,0.5
478,big,"groan,",33,NA,NA
479,big,oh,33,0.08333333333333333,0.15384615384615385
480,big,no,33,0.3333333333333333,0.5
481,big,groaning,34,0.25,0.4
482,big,hurt,35,0.3333333333333333,0.5
483,big,impressive,36,0.3333333333333333,0.5
484,big,intimidating,37,0.3333333333333333,0.5
485,big,korean,38,0.3333333333333333,0.5
486,big,amazement,38,0.125,0.2222222222222222
487,big,lady,39,0.1,0.18181818181818182
488,big,lazy,40,0.3333333333333333,0.5
489,big,likes,41,0.3333333333333333,0.5
490,big,something,41,NA,NA
491,big,maog,42,NA,NA
492,big,ma,43,0.1,0.18181818181818182
493,big,oga,43,NA,NA
494,big,malga,44,NA,NA
495,big,maoga,45,NA,NA
496,big,maow,46,NA,NA
497,big,ga,46,0.1111111111111111,0.2
498,big,mauga,47,NA,NA
499,big,men’s,48,NA,NA
500,big,oooo,48,NA,NA
501,big,meow,49,0.25,0.4
502,big,milk,50,0.2,0.3333333333333333
503,big,moaga,51,NA,NA
504,big,morgue,52,0.1,0.18181818181818182
505,big,mother,53,0.25,0.4
506,big,mr,54,0.09090909090909091,0.16666666666666666
507,big,bean,54,0.2,0.3333333333333333
508,big,my,55,NA,NA
509,big,god,55,0.1,0.18181818181818182
510,big,my,56,NA,NA
511,big,god,56,0.1,0.18181818181818182
512,big,not,57,0.3333333333333333,0.5
513,big,sure,57,0.3333333333333333,0.5
514,big,overwhelm,58,0.2,0.3333333333333333
515,big,pronunciation,59,0.125,0.2222222222222222
516,big,read,60,0.3333333333333333,0.5
517,big,realization,61,0.1111111111111111,0.2
518,big,roar,62,0.25,0.4
519,big,roaring,63,0.3333333333333333,0.5
520,big,sing,64,0.25,0.4
521,big,surprise,65,0.25,0.4
522,big,satisfied,66,0.3333333333333333,0.5
523,big,scare,67,0.2,0.3333333333333333
524,big,scared,68,0.3333333333333333,0.5
525,big,shock,69,0.25,0.4
526,big,small,70,0.3333333333333333,0.5
527,big,one,70,0.3333333333333333,0.5
528,big,snoar,71,NA,NA
529,big,so,72,0.3333333333333333,0.5
530,big,cool,72,0.3333333333333333,0.5
531,big,speaking,73,0.3333333333333333,0.5
532,big,strange,74,0.3333333333333333,0.5
533,big,sound,74,0.3333333333333333,0.5
534,big,strange,75,0.3333333333333333,0.5
535,big,sounds,75,0.3333333333333333,0.5
536,big,strenght,76,NA,NA
537,big,stunned,77,0.3333333333333333,0.5
538,big,suprised,78,NA,NA
539,big,sure,79,0.3333333333333333,0.5
540,big,suroprise,80,NA,NA
541,big,surprise,81,0.25,0.4
542,big,surprised,82,0.3333333333333333,0.5
543,big,talk,83,0.16666666666666666,0.2857142857142857
544,big,talking,84,0.16666666666666666,0.2857142857142857
545,big,teaching,85,0.2,0.3333333333333333
546,big,there,86,0.3333333333333333,0.5
547,big,you,86,NA,NA
548,big,are,86,0.3333333333333333,0.5
549,big,this,87,NA,NA
550,big,way,87,0.3333333333333333,0.5
551,big,too,88,0.3333333333333333,0.5
552,big,much,88,0.3333333333333333,0.5
553,big,tribe,89,0.14285714285714285,0.25
554,big,uau,90,NA,NA
555,big,understanding,91,0.3333333333333333,0.5
556,big,uwaah,92,NA,NA
557,big,vocalization,93,0.16666666666666666,0.2857142857142857
558,big,whoaaah,94,NA,NA
559,big,woah,95,NA,NA
560,big,waaaaa,96,NA,NA
561,big,welcome,97,0.3333333333333333,0.5
562,big,what,98,NA,NA
563,big,whoa,99,NA,NA
564,big,whoa,100,NA,NA
565,big,sound,100,0.3333333333333333,0.5
566,big,woah,101,NA,NA
567,big,women’s,102,NA,NA
568,big,strange,102,0.3333333333333333,0.5
569,big,sounds,102,0.3333333333333333,0.5
570,big,woooaah,103,NA,NA
571,big,wooooaaah,104,NA,NA
572,big,woooooah,105,NA,NA
573,big,wow,106,0.2,0.3333333333333333
574,big,wow!,107,NA,NA
575,big,excitement,107,0.1,0.18181818181818182
576,big,"wow,",108,NA,NA
577,big,sound,108,0.3333333333333333,0.5
578,big,of,108,NA,NA
579,big,wonder,108,0.2,0.3333333333333333
580,big,or,108,0.08333333333333333,0.15384615384615385
581,big,surprise,108,0.25,0.4
582,big,yawn,109,0.25,0.4
583,big,yawn,110,0.25,0.4
584,big,yawning,111,0.3333333333333333,0.5
585,big,a,112,0.1,0.18181818181818182
586,big,cat?,112,NA,NA
587,big,admiration,113,0.1111111111111111,0.2
588,big,admire,114,0.25,0.4
589,big,admired,115,0.3333333333333333,0.5
590,big,adult,116,1.0,1.0
591,big,talking,116,0.16666666666666666,0.2857142857142857
592,big,child,116,0.125,0.2222222222222222
593,big,agree,117,0.3333333333333333,0.5
594,big,amazed,118,0.3333333333333333,0.5
595,big,amazed,119,0.3333333333333333,0.5
596,big,by,119,0.3333333333333333,0.5
597,big,something,119,NA,NA
598,big,amazed,120,0.3333333333333333,0.5
599,big,kid,120,0.125,0.2222222222222222
600,big,amazed,121,0.3333333333333333,0.5
601,big,man,121,0.25,0.4
602,big,amazed,122,0.3333333333333333,0.5
603,big,or,122,0.08333333333333333,0.15384615384615385
604,big,looking,122,0.3333333333333333,0.5
605,big,at,122,0.14285714285714285,0.25
606,big,food,122,0.14285714285714285,0.25
607,big,amazement,123,0.125,0.2222222222222222
608,big,amazing,124,0.3333333333333333,0.5
609,big,annoyed,125,0.3333333333333333,0.5
610,big,appreaciating,126,NA,NA
611,big,astonished,127,0.3333333333333333,0.5
612,big,astonishment,128,0.125,0.2222222222222222
613,big,awe,129,0.14285714285714285,0.25
614,big,awesome,130,0.3333333333333333,0.5
615,big,awestruck,131,0.3333333333333333,0.5
616,big,awsome,132,NA,NA
617,big,baby,133,0.16666666666666666,0.2857142857142857
618,big,baby,134,0.16666666666666666,0.2857142857142857
619,big,talk,134,0.16666666666666666,0.2857142857142857
620,big,bad,135,1.0,1.0
621,big,baby,135,0.16666666666666666,0.2857142857142857
622,big,bear,136,0.3333333333333333,0.5
623,big,before,137,0.3333333333333333,0.5
624,big,the,137,NA,NA
625,big,sleep,137,0.25,0.4
626,big,being,138,0.3333333333333333,0.5
627,big,amazed,138,0.3333333333333333,0.5
628,big,being,139,0.3333333333333333,0.5
629,big,impressed,139,0.3333333333333333,0.5
630,big,big,140,1.0,1.0
631,big,big,141,1.0,1.0
632,big,object,141,0.25,0.4
633,big,big,142,1.0,1.0
634,big,surprise,142,0.25,0.4
635,big,bodybuilding,143,0.07692307692307693,0.14285714285714285
636,big,boredom,144,0.08333333333333333,0.15384615384615385
637,big,bowl,145,0.2,0.3333333333333333
638,big,breathe,146,0.3333333333333333,0.5
639,big,buttock,147,0.125,0.2222222222222222
640,big,bwaah,148,NA,NA
641,big,call,149,0.3333333333333333,0.5
642,big,calling,150,0.3333333333333333,0.5
643,big,cat,151,0.2,0.3333333333333333
644,big,child,152,0.125,0.2222222222222222
645,big,speaking,152,0.3333333333333333,0.5
646,big,child,153,0.125,0.2222222222222222
647,big,suprised,153,NA,NA
648,big,children,154,0.125,0.2222222222222222
649,big,come,155,0.3333333333333333,0.5
650,big,here,155,0.3333333333333333,0.5
651,big,complaining,156,0.3333333333333333,0.5
652,big,conclussion,157,NA,NA
653,big,cooing,158,0.25,0.4
654,big,danger,159,0.16666666666666666,0.2857142857142857
655,big,delight/awe,160,NA,NA
656,big,discovery,161,0.125,0.2222222222222222
657,big,disgust,162,0.2,0.3333333333333333
658,big,don't,163,NA,NA
659,big,know,163,0.3333333333333333,0.5
660,big,dont,164,NA,NA
661,big,know,164,0.3333333333333333,0.5
662,big,elder,165,0.3333333333333333,0.5
663,big,enlightment,166,NA,NA
664,big,entusiasm,167,NA,NA
665,big,enunciating,168,0.3333333333333333,0.5
666,big,enunciation,169,0.1,0.18181818181818182
667,big,everything,170,NA,NA
668,big,excitement,171,0.1,0.18181818181818182
669,big,exclamation,172,0.125,0.2222222222222222
670,big,exited,173,0.25,0.4
671,big,experiencing,174,0.3333333333333333,0.5
672,big,something,174,NA,NA
673,big,incredible,174,0.3333333333333333,0.5
674,big,explaining,175,0.2,0.3333333333333333
675,big,something,175,NA,NA
676,big,expressing,176,0.3333333333333333,0.5
677,big,disbelief,176,0.125,0.2222222222222222
678,big,falling,177,0.3333333333333333,0.5
679,big,"family,",178,NA,NA
680,big,home,178,0.3333333333333333,0.5
681,big,feeling,179,0.3333333333333333,0.5
682,big,shocked,179,0.3333333333333333,0.5
683,big,frustrated,180,0.3333333333333333,0.5
684,big,giant,181,0.3333333333333333,0.5
685,big,gibberish,182,0.125,0.2222222222222222
686,big,giving,183,1.0,1.0
687,big,an,183,0.09090909090909091,0.16666666666666666
688,big,example,183,0.125,0.2222222222222222
689,big,grand,184,0.3333333333333333,0.5
690,big,grandmother,185,0.08333333333333333,0.15384615384615385
691,big,groan,186,0.25,0.4
692,big,happy,187,0.3333333333333333,0.5
693,big,huaaaaw,188,NA,NA
694,big,hum,189,0.25,0.4
695,big,i,190,0.3333333333333333,0.5
696,big,agree,190,0.3333333333333333,0.5
697,big,i,191,0.3333333333333333,0.5
698,big,see,191,0.3333333333333333,0.5
699,big,impressed,192,0.3333333333333333,0.5
700,big,impressed,193,0.3333333333333333,0.5
701,big,male,193,0.3333333333333333,0.5
702,big,impressed,194,0.3333333333333333,0.5
703,big,person,194,0.14285714285714285,0.25
704,big,in,195,0.3333333333333333,0.5
705,big,awe,195,0.14285714285714285,0.25
706,big,incomprehensible,196,0.3333333333333333,0.5
707,big,incredulous,197,0.3333333333333333,0.5
708,big,indigenous,198,0.3333333333333333,0.5
709,big,instruct,199,0.14285714285714285,0.25
710,big,interested,200,0.3333333333333333,0.5
711,big,interesting,201,0.3333333333333333,0.5
712,big,intimidate,202,0.25,0.4
713,big,irony,203,0.125,0.2222222222222222
714,big,kitten,204,0.16666666666666666,0.2857142857142857
715,big,large,205,1.0,1.0
716,big,learn,206,0.3333333333333333,0.5
717,big,lion,207,0.125,0.2222222222222222
718,big,maaaalga,208,NA,NA
719,big,maaaaoogah,209,NA,NA
720,big,maaaauuugaaaa,210,NA,NA
721,big,maaauga,211,NA,NA
722,big,maaauguh,212,NA,NA
723,big,maauwga,213,NA,NA
724,big,maho,214,NA,NA
725,big,gah,214,NA,NA
726,big,malaga,215,0.1,0.18181818181818182
727,big,malga,216,NA,NA
728,big,malva,217,0.09090909090909091,0.16666666666666666
729,big,man,218,0.25,0.4
730,big,man,219,0.25,0.4
731,big,go,219,0.3333333333333333,0.5
732,big,man,220,0.25,0.4
733,big,interested,220,0.3333333333333333,0.5
734,big,man,221,0.25,0.4
735,big,surprised,221,0.3333333333333333,0.5
736,big,mao,222,0.1,0.18181818181818182
737,big,ga,222,0.1111111111111111,0.2
738,big,maoga,223,NA,NA
739,big,maoo-ga,224,NA,NA
740,big,maooga,225,NA,NA
741,big,maooo,226,NA,NA
742,big,ga,226,0.1111111111111111,0.2
743,big,maoooo,227,NA,NA
744,big,ka,227,0.08333333333333333,0.15384615384615385
745,big,marveling,228,0.25,0.4
746,big,at,228,0.14285714285714285,0.25
747,big,something,228,NA,NA
748,big,marvelling,229,0.25,0.4
749,big,mau,230,NA,NA
750,big,ga,230,0.1111111111111111,0.2
751,big,mauca,231,NA,NA
752,big,mauga,232,NA,NA
753,big,mauguh,233,NA,NA
754,big,mawg,234,NA,NA
755,big,mawga,235,NA,NA
756,big,meditation,236,0.08333333333333333,0.15384615384615385
757,big,meowing,237,0.25,0.4
758,big,mild,238,0.3333333333333333,0.5
759,big,surprise,238,0.25,0.4
760,big,milka,239,NA,NA
761,big,miming,240,0.16666666666666666,0.2857142857142857
762,big,mind-blowing,241,0.3333333333333333,0.5
763,big,mine,242,0.2,0.3333333333333333
764,big,mom,243,0.07142857142857142,0.13333333333333333
765,big,monster,244,0.1111111111111111,0.2
766,big,impression,244,0.125,0.2222222222222222
767,big,mother,245,0.25,0.4
768,big,motivating,246,0.3333333333333333,0.5
769,big,mounga,247,NA,NA
770,big,mouth,248,0.25,0.4
771,big,mowga,249,NA,NA
772,big,mowwoga,250,NA,NA
773,big,mug,251,0.14285714285714285,0.25
774,big,mug,252,0.14285714285714285,0.25
775,big,?,252,NA,NA
776,big,mulg,253,NA,NA
777,big,my,254,NA,NA
778,big,god,254,0.1,0.18181818181818182
779,big,name,255,0.3333333333333333,0.5
780,big,nice,256,0.3333333333333333,0.5
781,big,nonsense,257,0.3333333333333333,0.5
782,big,nothing,258,0.3333333333333333,0.5
783,big,now,259,0.3333333333333333,0.5
784,big,now,260,0.3333333333333333,0.5
785,big,i,260,0.3333333333333333,0.5
786,big,see,260,0.3333333333333333,0.5
787,big,ogre,261,0.1,0.18181818181818182
788,big,oh,262,0.08333333333333333,0.15384615384615385
789,big,god,262,0.1,0.18181818181818182
790,big,why,262,0.1111111111111111,0.2
791,big,oh,263,0.08333333333333333,0.15384615384615385
792,big,no,263,0.3333333333333333,0.5
793,big,oh,264,0.08333333333333333,0.15384615384615385
794,big,"no,",264,NA,NA
795,big,sugar,264,0.16666666666666666,0.2857142857142857
796,big,ohh,265,NA,NA
797,big,uau,265,NA,NA
798,big,ohhhhh,266,NA,NA
799,big,old,267,0.3333333333333333,0.5
800,big,chinese,267,0.3333333333333333,0.5
801,big,instrument,267,0.2,0.3333333333333333
802,big,oooarrrrr,268,NA,NA
803,big,oooh,269,NA,NA
804,big,opening,270,0.3333333333333333,0.5
805,big,mouth,270,0.25,0.4
806,big,pain,271,0.16666666666666666,0.2857142857142857
807,big,pleasure,272,0.125,0.2222222222222222
808,big,portuguese,273,0.3333333333333333,0.5
809,big,pray,274,0.14285714285714285,0.25
810,big,praying,275,0.14285714285714285,0.25
811,big,presenting,276,0.3333333333333333,0.5
812,big,oneself,276,NA,NA
813,big,primitive,277,0.3333333333333333,0.5
814,big,pronouncing,278,0.3333333333333333,0.5
815,big,pronouncing,279,0.3333333333333333,0.5
816,big,words,279,0.14285714285714285,0.25
817,big,proud,280,0.3333333333333333,0.5
818,big,pulling,281,0.25,0.4
819,big,raw,282,0.3333333333333333,0.5
820,big,relief,283,0.125,0.2222222222222222
821,big,remember,284,0.3333333333333333,0.5
822,big,request,285,0.14285714285714285,0.25
823,big,roaa,286,NA,NA
824,big,roar,287,0.25,0.4
825,big,sadness,288,0.14285714285714285,0.25
826,big,samurai,289,0.1111111111111111,0.2
827,big,satisfaction,290,0.1,0.18181818181818182
828,big,scaring,291,0.2,0.3333333333333333
829,big,someone,291,0.14285714285714285,0.25
830,big,scary,292,0.3333333333333333,0.5
831,big,settle,293,0.3333333333333333,0.5
832,big,down,293,0.3333333333333333,0.5
833,big,shock,294,0.25,0.4
834,big,shocked,295,0.3333333333333333,0.5
835,big,shocked/stunned,296,NA,NA
836,big,sing,297,0.25,0.4
837,big,singing,298,0.3333333333333333,0.5
838,big,siren,299,0.125,0.2222222222222222
839,big,sleep,300,0.25,0.4
840,big,slight,301,0.3333333333333333,0.5
841,big,amazement,301,0.125,0.2222222222222222
842,big,slow,302,0.3333333333333333,0.5
843,big,speak,303,0.3333333333333333,0.5
844,big,speak,304,0.3333333333333333,0.5
845,big,slowly,304,0.3333333333333333,0.5
846,big,speech,305,0.14285714285714285,0.25
847,big,learning,305,0.3333333333333333,0.5
848,big,spelling,306,0.3333333333333333,0.5
849,big,or,306,0.08333333333333333,0.15384615384615385
850,big,teaching,306,0.2,0.3333333333333333
851,big,sudden,307,0.3333333333333333,0.5
852,big,understanding,307,0.3333333333333333,0.5
853,big,suprise,308,NA,NA
854,big,suprised,309,NA,NA
855,big,surprise,310,0.25,0.4
856,big,surprise,311,0.25,0.4
857,big,(whale),311,NA,NA
858,big,surprise,312,0.25,0.4
859,big,expresion,312,NA,NA
860,big,surprise/,313,NA,NA
861,big,delight,313,0.3333333333333333,0.5
862,big,surprised,314,0.3333333333333333,0.5
863,big,surprised,315,0.3333333333333333,0.5
864,big,chinese,315,0.3333333333333333,0.5
865,big,woman,315,0.125,0.2222222222222222
866,big,surprised,316,0.3333333333333333,0.5
867,big,expresion,316,NA,NA
868,big,surprising,317,0.3333333333333333,0.5
869,big,talk,318,0.16666666666666666,0.2857142857142857
870,big,talking,319,0.16666666666666666,0.2857142857142857
871,big,teaching,320,0.2,0.3333333333333333
872,big,teaching,321,0.2,0.3333333333333333
873,big,to,321,NA,NA
874,big,talk,321,0.16666666666666666,0.2857142857142857
875,big,there,322,0.3333333333333333,0.5
876,big,it,322,0.09090909090909091,0.16666666666666666
877,big,is,322,0.3333333333333333,0.5
878,big,there,323,0.3333333333333333,0.5
879,big,you,323,NA,NA
880,big,go,323,0.3333333333333333,0.5
881,big,tired,324,0.3333333333333333,0.5
882,big,tribe,325,0.14285714285714285,0.25
883,big,u-waaaah,326,NA,NA
884,big,uncultured,327,0.3333333333333333,0.5
885,big,yawning,327,0.3333333333333333,0.5
886,big,understand,328,0.3333333333333333,0.5
887,big,understanding,329,0.3333333333333333,0.5
888,big,unexpected,330,0.3333333333333333,0.5
889,big,uooohhhhh...,331,NA,NA
890,big,exclamation,331,0.125,0.2222222222222222
891,big,uuhhh-whoaaa,332,NA,NA
892,big,uuuuooooooooh,333,NA,NA
893,big,uuuuuewow,334,NA,NA
894,big,vocal,335,0.3333333333333333,0.5
895,big,exercise,335,0.3333333333333333,0.5
896,big,waaaaa,336,NA,NA
897,big,waaaaoh,337,NA,NA
898,big,waking,338,0.3333333333333333,0.5
899,big,up,338,0.3333333333333333,0.5
900,big,whaaaa,339,NA,NA
901,big,whale,340,0.16666666666666666,0.2857142857142857
902,big,whhaa,341,NA,NA
903,big,whoa,342,NA,NA
904,big,whoaaaa,343,NA,NA
905,big,whoaaaaaa,344,NA,NA
906,big,whoo,345,NA,NA
907,big,ahhh,345,NA,NA
908,big,widget,346,0.14285714285714285,0.25
909,big,witch,347,0.2,0.3333333333333333
910,big,magic,347,0.3333333333333333,0.5
911,big,spell,347,0.3333333333333333,0.5
912,big,woaaaaah,348,NA,NA
913,big,woaaaahhhhh,349,NA,NA
914,big,woaah,350,NA,NA
915,big,(like,350,NA,NA
916,big,impressed),350,NA,NA
917,big,woah,351,NA,NA
918,big,woah!,352,NA,NA
919,big,woman,353,0.125,0.2222222222222222
920,big,wonder,354,0.2,0.3333333333333333
921,big,wonderful,355,0.3333333333333333,0.5
922,big,wondering,356,0.3333333333333333,0.5
923,big,wonderment,357,0.1111111111111111,0.2
924,big,wooah,358,NA,NA
925,big,woooho,359,NA,NA
926,big,woooo,360,NA,NA
927,big,wooooo,361,NA,NA
928,big,woooooa,362,NA,NA
929,big,woooooaaa,363,NA,NA
930,big,woooooah,364,NA,NA
931,big,wooooow,365,NA,NA
932,big,wow,366,0.2,0.3333333333333333
933,big,wow,367,0.2,0.3333333333333333
934,big,sound,367,0.3333333333333333,0.5
935,big,"wow,",368,NA,NA
936,big,amazed,368,0.3333333333333333,0.5
937,big,wowwaaa,369,NA,NA
938,big,wuuaaaaa,370,NA,NA
939,big,wuuuaaahhh,371,NA,NA
940,big,wuuuuuooooooohhhhh,372,NA,NA
941,big,wwooah,373,NA,NA
942,big,yawn,374,0.25,0.4
943,big,yawning,375,0.3333333333333333,0.5
944,big,zombie,376,0.1111111111111111,0.2
945,big,,377,0.1111111111111111,0.2
946,child,agony,1,0.08333333333333333,0.15384615384615385
947,child,amazement,2,0.1,0.18181818181818182
948,child,anime,3,0.09090909090909091,0.2857142857142857
949,child,sounds,3,0.14285714285714285,0.4
950,child,baby,4,1.0,0.9523809523809523
951,child,baby,5,1.0,0.9523809523809523
952,child,cry,5,0.1111111111111111,0.2
953,child,baby,6,1.0,0.9523809523809523
954,child,crying,6,0.125,0.36363636363636365
955,child,baby,7,1.0,0.9523809523809523
956,child,laser,7,0.1,0.47058823529411764
957,child,beam,7,0.125,0.5
958,child,baby,8,1.0,0.9523809523809523
959,child,talk,8,0.09090909090909091,0.16666666666666666
960,child,baby,9,1.0,0.9523809523809523
961,child,wail,9,0.1,0.18181818181818182
962,child,baby,10,1.0,0.9523809523809523
963,child,whining,10,0.1111111111111111,0.2
964,child,bawling,11,0.1111111111111111,0.3333333333333333
965,child,but,12,0.125,0.2222222222222222
966,child,why,12,0.09090909090909091,0.16666666666666666
967,child,cry,13,0.1111111111111111,0.2
968,child,crying,14,0.125,0.36363636363636365
969,child,cat,15,0.2,0.6666666666666666
970,child,cat,16,0.2,0.6666666666666666
971,child,snoar,16,NA,NA
972,child,cat,17,0.2,0.6666666666666666
973,child,sounds,17,0.14285714285714285,0.4
974,child,child,18,1.0,1.0
975,child,child,19,1.0,1.0
976,child,crying,19,0.125,0.36363636363636365
977,child,child,20,1.0,1.0
978,child,interacting,20,0.1111111111111111,0.2
979,child,child,21,1.0,1.0
980,child,whining,21,0.1111111111111111,0.2
981,child,childish,22,0.125,0.2222222222222222
982,child,chinese,23,0.2,0.6666666666666666
983,child,come,24,0.125,0.3333333333333333
984,child,on,24,0.125,0.2222222222222222
985,child,come,25,0.125,0.3333333333333333
986,child,on,25,0.125,0.2222222222222222
987,child,true,25,0.125,0.2222222222222222
988,child,come,26,0.125,0.3333333333333333
989,child,"on,",26,NA,NA
990,child,hun,26,0.16666666666666666,0.631578947368421
991,child,counting,27,0.125,0.2222222222222222
992,child,cry,28,0.1111111111111111,0.2
993,child,crybaby,29,0.25,0.7058823529411765
994,child,crying,30,0.125,0.36363636363636365
995,child,crying,31,0.125,0.36363636363636365
996,child,baby,31,1.0,0.9523809523809523
997,child,crying,32,0.125,0.36363636363636365
998,child,imitation,32,0.125,0.47058823529411764
999,child,"crying,",33,NA,NA
1000,child,sneezing,33,0.1,0.3076923076923077
1001,child,cute,34,0.125,0.2222222222222222
1002,child,sneeze,34,0.1,0.3076923076923077
1003,child,danger,35,0.25,0.6666666666666666
1004,child,dog,36,0.2,0.7058823529411765
1005,child,whining,36,0.1111111111111111,0.2
1006,child,door,37,0.125,0.5333333333333333
1007,child,closing,37,0.125,0.2222222222222222
1008,child,door,38,0.125,0.5333333333333333
1009,child,opening,38,0.14285714285714285,0.5714285714285714
1010,child,eh,39,NA,NA
1011,child,eh,39,NA,NA
1012,child,eeeeeh,39,NA,NA
1013,child,go,40,0.125,0.42857142857142855
1014,child,away,40,0.125,0.2222222222222222
1015,child,human,41,0.125,0.5454545454545454
1016,child,,41,0.14285714285714285,0.6
1017,child,meow,41,0.1111111111111111,0.2
1018,child,infant,42,0.5,0.9523809523809523
1019,child,japanese,43,0.2,0.6666666666666666
1020,child,sneeze,43,0.1,0.3076923076923077
1021,child,kitten,44,0.14285714285714285,0.6666666666666666
1022,child,lets,45,0.125,0.2222222222222222
1023,child,go,45,0.125,0.42857142857142855
1024,child,moaning,46,0.1111111111111111,0.2
1025,child,man,47,0.3333333333333333,0.75
1026,child,crying,47,0.125,0.36363636363636365
1027,child,like,47,0.125,0.2222222222222222
1028,child,a,47,0.09090909090909091,0.2857142857142857
1029,child,baby,47,1.0,0.9523809523809523
1030,child,men’s,48,NA,NA
1031,child,eeee,48,NA,NA
1032,child,moaning,49,0.1111111111111111,0.2
1033,child,"pain,",50,NA,NA
1034,child,or,50,0.09090909090909091,0.4444444444444444
1035,child,crying,50,0.125,0.36363636363636365
1036,child,person,51,0.5,0.8
1037,child,imitating,51,0.1,0.18181818181818182
1038,child,cat,51,0.2,0.6666666666666666
1039,child,playing,52,0.125,0.2222222222222222
1040,child,with,52,NA,NA
1041,child,baby,52,1.0,0.9523809523809523
1042,child,pleading,53,0.125,0.2222222222222222
1043,child,please,54,0.125,0.2222222222222222
1044,child,purring,55,0.1,0.18181818181818182
1045,child,quanchu,56,NA,NA
1046,child,request,57,0.1111111111111111,0.2
1047,child,sound,58,0.14285714285714285,0.4
1048,child,sad,59,0.125,0.2222222222222222
1049,child,sad,60,0.125,0.2222222222222222
1050,child,child,60,1.0,1.0
1051,child,sad,61,0.125,0.2222222222222222
1052,child,sound,61,0.14285714285714285,0.4
1053,child,sad,62,0.125,0.2222222222222222
1054,child,surprise,62,0.1111111111111111,0.2
1055,child,sadness,63,0.1111111111111111,0.2
1056,child,scared,64,0.125,0.2222222222222222
1057,child,sick,65,0.125,0.2222222222222222
1058,child,sing,66,0.1111111111111111,0.2
1059,child,sneezing,67,0.1,0.3076923076923077
1060,child,sobbing,68,0.1111111111111111,0.3333333333333333
1061,child,sobing,69,0.1,0.18181818181818182
1062,child,talking,70,0.09090909090909091,0.16666666666666666
1063,child,uaaa,71,NA,NA
1064,child,chee,71,NA,NA
1065,child,unhappy,72,0.125,0.2222222222222222
1066,child,upset,73,0.125,0.47058823529411764
1067,child,wail,74,0.1,0.18181818181818182
1068,child,wailing,75,0.125,0.3333333333333333
1069,child,weeee,76,NA,NA
1070,child,whine,77,0.1111111111111111,0.2
1071,child,whine,78,0.1111111111111111,0.2
1072,child,/,78,NA,NA
1073,child,cry,78,0.1111111111111111,0.2
1074,child,whining,79,0.1111111111111111,0.2
1075,child,"whining,",80,NA,NA
1076,child,complaining,80,0.125,0.2222222222222222
1077,child,why,81,0.09090909090909091,0.16666666666666666
1078,child,not,81,0.125,0.2222222222222222
1079,child,women’s,82,NA,NA
1080,child,squeals,82,0.1111111111111111,0.2
1081,child,wooaah,83,NA,NA
1082,child,aaahchew!,84,NA,NA
1083,child,adorable,85,0.125,0.2222222222222222
1084,child,puppy,85,0.25,0.6666666666666666
1085,child,adults,86,0.3333333333333333,0.75
1086,child,talking,86,0.09090909090909091,0.16666666666666666
1087,child,child,86,1.0,1.0
1088,child,amazed,87,0.125,0.2222222222222222
1089,child,woman,87,0.25,0.7058823529411765
1090,child,animal,88,0.25,0.8
1091,child,animal,89,0.25,0.8
1092,child,noises,89,0.1,0.18181818181818182
1093,child,annoyed,90,0.125,0.2222222222222222
1094,child,child,90,1.0,1.0
1095,child,asking,91,0.125,0.2222222222222222
1096,child,asking,92,0.125,0.2222222222222222
1097,child,for,92,NA,NA
1098,child,attention,92,0.09090909090909091,0.16666666666666666
1099,child,attention,93,0.09090909090909091,0.16666666666666666
1100,child,seeking,93,0.125,0.2222222222222222
1101,child,"aww,",94,NA,NA
1102,child,cute,94,0.125,0.2222222222222222
1103,child,baby,95,1.0,0.9523809523809523
1104,child,baby,96,1.0,0.9523809523809523
1105,child,bird,96,0.16666666666666666,0.6666666666666666
1106,child,baby,97,1.0,0.9523809523809523
1107,child,calling,97,0.125,0.2222222222222222
1108,child,baby,98,1.0,0.9523809523809523
1109,child,cry,98,0.1111111111111111,0.2
1110,child,baby,99,1.0,0.9523809523809523
1111,child,cry,99,0.1111111111111111,0.2
1112,child,attention,99,0.09090909090909091,0.16666666666666666
1113,child,baby,100,1.0,0.9523809523809523
1114,child,cry,100,0.1111111111111111,0.2
1115,child,sound,100,0.14285714285714285,0.4
1116,child,baby,101,1.0,0.9523809523809523
1117,child,crying,101,0.125,0.36363636363636365
1118,child,baby,102,1.0,0.9523809523809523
1119,child,crying,102,0.125,0.36363636363636365
1120,child,imitation,102,0.125,0.47058823529411764
1121,child,baby,103,1.0,0.9523809523809523
1122,child,noise,103,0.1,0.18181818181818182
1123,child,baby,104,1.0,0.9523809523809523
1124,child,noises,104,0.1,0.18181818181818182
1125,child,baby,105,1.0,0.9523809523809523
1126,child,sickness,105,0.09090909090909091,0.16666666666666666
1127,child,baby,106,1.0,0.9523809523809523
1128,child,whimpering,106,0.1,0.18181818181818182
1129,child,"baby,",107,NA,NA
1130,child,door,107,0.125,0.5333333333333333
1131,child,babyish,108,0.125,0.2222222222222222
1132,child,cry,108,0.1111111111111111,0.2
1133,child,beeping,109,0.1,0.18181818181818182
1134,child,beg,110,0.1,0.18181818181818182
1135,child,begging,111,0.1,0.18181818181818182
1136,child,bird,112,0.16666666666666666,0.6666666666666666
1137,child,bird,113,0.16666666666666666,0.6666666666666666
1138,child,getting,113,0.125,0.2222222222222222
1139,child,shot,113,0.25,0.7058823529411765
1140,child,bored,114,0.125,0.2222222222222222
1141,child,c'mon,115,NA,NA
1142,child,cars,116,0.1,0.47058823529411764
1143,child,cartoon,117,0.1,0.4444444444444444
1144,child,cat,118,0.2,0.6666666666666666
1145,child,cat,119,0.2,0.6666666666666666
1146,child,cry,119,0.1111111111111111,0.2
1147,child,cat,120,0.2,0.6666666666666666
1148,child,meow,120,0.1111111111111111,0.2
1149,child,cat,121,0.2,0.6666666666666666
1150,child,sneezing,121,0.1,0.3076923076923077
1151,child,cat,122,0.2,0.6666666666666666
1152,child,whining,122,0.1111111111111111,0.2
1153,child,chicken,123,0.25,0.7058823529411765
1154,child,sound,123,0.14285714285714285,0.4
1155,child,child,124,1.0,1.0
1156,child,child,125,1.0,1.0
1157,child,crying,125,0.125,0.36363636363636365
1158,child,(imitating),125,NA,NA
1159,child,child,126,1.0,1.0
1160,child,surprised,126,0.125,0.2222222222222222
1161,child,child,127,1.0,1.0
1162,child,whimper,127,0.1,0.18181818181818182
1163,child,childish,128,0.125,0.2222222222222222
1164,child,childish,129,0.125,0.2222222222222222
1165,child,crying,129,0.125,0.36363636363636365
1166,child,sound,129,0.14285714285714285,0.4
1167,child,childish,130,0.125,0.2222222222222222
1168,child,sneezing,130,0.1,0.3076923076923077
1169,child,chirp,131,0.1111111111111111,0.2
1170,child,chirps,132,0.1111111111111111,0.2
1171,child,chu,133,NA,NA
1172,child,close,134,0.125,0.2222222222222222
1173,child,door,134,0.125,0.5333333333333333
1174,child,closing,135,0.125,0.2222222222222222
1175,child,door,135,0.125,0.5333333333333333
1176,child,come,136,0.125,0.3333333333333333
1177,child,here,136,0.14285714285714285,0.5
1178,child,come,137,0.125,0.3333333333333333
1179,child,"on,",137,NA,NA
1180,child,go,137,0.125,0.42857142857142855
1181,child,come,138,0.125,0.3333333333333333
1182,child,with,138,NA,NA
1183,child,complaining,139,0.125,0.2222222222222222
1184,child,complaints,140,0.09090909090909091,0.16666666666666666
1185,child,cooam-tup,141,NA,NA
1186,child,corrnn-tshooo,142,NA,NA
1187,child,coummm...chu,143,NA,NA
1188,child,counting,144,0.125,0.2222222222222222
1189,child,craaa,145,NA,NA
1190,child,chew,145,0.08333333333333333,0.15384615384615385
1191,child,cries,146,0.1111111111111111,0.2
1192,child,cring,147,NA,NA
1193,child,crrwuuh,148,NA,NA
1194,child,te,148,0.125,0.36363636363636365
1195,child,crunchy,149,NA,NA
1196,child,cry,150,0.1111111111111111,0.2
1197,child,crying,151,0.125,0.36363636363636365
1198,child,crying,152,0.125,0.36363636363636365
1199,child,baby,152,1.0,0.9523809523809523
1200,child,crying,153,0.125,0.36363636363636365
1201,child,for,153,NA,NA
1202,child,something,153,NA,NA
1203,child,crying,154,0.125,0.36363636363636365
1204,child,or,154,0.09090909090909091,0.4444444444444444
1205,child,weeping,154,0.125,0.36363636363636365
1206,child,"crying,",155,NA,NA
1207,child,baby's,155,NA,NA
1208,child,cry,155,0.1111111111111111,0.2
1209,child,cryyy,156,NA,NA
1210,child,cuatu,157,NA,NA
1211,child,cub,158,0.2,0.6666666666666666
1212,child,cute,159,0.125,0.2222222222222222
1213,child,despair,160,0.125,0.2222222222222222
1214,child,disgust,161,0.1,0.18181818181818182
1215,child,displeased,162,0.125,0.2222222222222222
1216,child,distress,163,0.1,0.18181818181818182
1217,child,distressed,164,0.125,0.2222222222222222
1218,child,infant,164,0.5,0.9523809523809523
1219,child,dog,165,0.2,0.7058823529411765
1220,child,crying,165,0.125,0.36363636363636365
1221,child,dog,166,0.2,0.7058823529411765
1222,child,mimic,166,0.14285714285714285,0.6
1223,child,don't,167,NA,NA
1224,child,know,167,0.125,0.2222222222222222
1225,child,dont,168,NA,NA
1226,child,know,168,0.125,0.2222222222222222
1227,child,door,169,0.125,0.5333333333333333
1228,child,door,170,0.125,0.5333333333333333
1229,child,open,170,0.125,0.42857142857142855
1230,child,door,171,0.125,0.5333333333333333
1231,child,opening,171,0.14285714285714285,0.5714285714285714
1232,child,e,172,0.1111111111111111,0.3333333333333333
1233,child,ee,172,0.07692307692307693,0.14285714285714285
1234,child,eeee,172,NA,NA
1235,child,e,173,0.1111111111111111,0.3333333333333333
1236,child,eh,173,NA,NA
1237,child,ehh,173,NA,NA
1238,child,ear,174,0.1,0.4444444444444444
1239,child,ear,174,0.1,0.4444444444444444
1240,child,ear,174,0.1,0.4444444444444444
1241,child,ee-ee-eeeeh,175,NA,NA
1242,child,effort,176,0.09090909090909091,0.16666666666666666
1243,child,ehehehh,177,NA,NA
1244,child,ehehehhe,178,NA,NA
1245,child,ehhh,179,NA,NA
1246,child,eeehhh,179,NA,NA
1247,child,eeeeeeeeeh,179,NA,NA
1248,child,endearing,180,0.125,0.2222222222222222
1249,child,erg,181,0.09090909090909091,0.16666666666666666
1250,child,erg,181,0.09090909090909091,0.16666666666666666
1251,child,errrggggg,181,NA,NA
1252,child,ewain,182,NA,NA
1253,child,fake,183,0.16666666666666666,0.631578947368421
1254,child,baby,183,1.0,0.9523809523809523
1255,child,crying,183,0.125,0.36363636363636365
1256,child,fake,184,0.16666666666666666,0.631578947368421
1257,child,crying,184,0.125,0.36363636363636365
1258,child,fart,185,0.1,0.3076923076923077
1259,child,fast,186,0.125,0.2222222222222222
1260,child,feline,187,0.125,0.5714285714285714
1261,child,flies,188,0.125,0.6
1262,child,buzzing,188,0.125,0.2222222222222222
1263,child,get,189,0.125,0.2222222222222222
1264,child,up,189,0.125,0.2222222222222222
1265,child,groan,190,0.1111111111111111,0.2
1266,child,of,190,NA,NA
1267,child,pain,190,0.2,0.6666666666666666
1268,child,gurrhr,191,NA,NA
1269,child,he-he-heee,192,NA,NA
1270,child,hen,193,0.16666666666666666,0.7058823529411765
1271,child,hurt,194,0.125,0.2222222222222222
1272,child,huuuuuaa,195,NA,NA
1273,child,ciuu,195,NA,NA
1274,child,infant,196,0.5,0.9523809523809523
1275,child,or,196,0.09090909090909091,0.4444444444444444
1276,child,toddler,196,0.5,0.9473684210526315
1277,child,in,196,0.125,0.35294117647058826
1278,child,distress,196,0.1,0.18181818181818182
1279,child,insect,197,0.2,0.6666666666666666
1280,child,intimidated,198,0.125,0.2222222222222222
1281,child,ki,199,0.07692307692307693,0.14285714285714285
1282,child,ki,199,0.07692307692307693,0.14285714285714285
1283,child,ki,199,0.07692307692307693,0.14285714285714285
1284,child,kitten,200,0.14285714285714285,0.6666666666666666
1285,child,kitten,201,0.14285714285714285,0.6666666666666666
1286,child,moan,201,0.1111111111111111,0.2
1287,child,kua,202,NA,NA
1288,child,tchu,202,NA,NA
1289,child,kuwan,203,NA,NA
1290,child,wimp,203,0.25,0.7058823529411765
1291,child,laser,204,0.1,0.47058823529411764
1292,child,shooting,204,0.1111111111111111,0.2
1293,child,laughing,205,0.125,0.2222222222222222
1294,child,lazy,206,0.125,0.2222222222222222
1295,child,little,207,0.125,0.2222222222222222
1296,child,cries,207,0.1111111111111111,0.2
1297,child,man,208,0.3333333333333333,0.75
1298,child,man,209,0.3333333333333333,0.75
1299,child,immitating,209,NA,NA
1300,child,baby,209,1.0,0.9523809523809523
1301,child,crying,209,0.125,0.36363636363636365
1302,child,manly,210,0.125,0.2222222222222222
1303,child,baby,210,1.0,0.9523809523809523
1304,child,me,211,0.08333333333333333,0.35294117647058826
1305,child,too,211,0.125,0.2222222222222222
1306,child,meow,212,0.1111111111111111,0.2
1307,child,meowing,213,0.1111111111111111,0.2
1308,child,"meowing,",214,NA,NA
1309,child,creak,214,0.09090909090909091,0.16666666666666666
1310,child,mewing,215,0.1111111111111111,0.2
1311,child,miaow,216,0.1111111111111111,0.2
1312,child,miau,217,NA,NA
1313,child,mimic,218,0.14285714285714285,0.6
1314,child,baby,218,1.0,0.9523809523809523
1315,child,cry,218,0.1111111111111111,0.2
1316,child,mmheemhee,219,NA,NA
1317,child,mmhmmmhmm,220,NA,NA
1318,child,moaning,221,0.1111111111111111,0.2
1319,child,mosquito,222,0.1111111111111111,0.6
1320,child,moved,223,0.125,0.2222222222222222
1321,child,muffled,224,0.125,0.2222222222222222
1322,child,crying,224,0.125,0.36363636363636365
1323,child,mum,225,0.125,0.5714285714285714
1324,child,sneeze,225,0.1,0.3076923076923077
1325,child,nagging,226,0.125,0.2222222222222222
1326,child,cry,226,0.1111111111111111,0.2
1327,child,nagging,227,0.125,0.2222222222222222
1328,child,sound,227,0.14285714285714285,0.4
1329,child,newborn,228,0.3333333333333333,0.9090909090909091
1330,child,newborn,229,0.3333333333333333,0.9090909090909091
1331,child,crying,229,0.125,0.36363636363636365
1332,child,no,230,0.125,0.36363636363636365
1333,child,idea,230,0.1,0.18181818181818182
1334,child,oh,231,0.08333333333333333,0.35294117647058826
1335,child,no,231,0.125,0.36363636363636365
1336,child,old,232,0.125,0.2222222222222222
1337,child,door,232,0.125,0.5333333333333333
1338,child,one,233,0.125,0.2222222222222222
1339,child,two,233,0.125,0.2857142857142857
1340,child,owa,234,NA,NA
1341,child,o,234,0.125,0.36363636363636365
1342,child,planes,235,0.1111111111111111,0.4444444444444444
1343,child,playful,236,0.125,0.2222222222222222
1344,child,playing,237,0.125,0.2222222222222222
1345,child,playing,238,0.125,0.2222222222222222
1346,child,with,238,NA,NA
1347,child,kids,238,1.0,1.0
1348,child,pleading,239,0.125,0.2222222222222222
1349,child,please,240,0.125,0.2222222222222222
1350,child,please,241,0.125,0.2222222222222222
1351,child,help,241,0.25,0.7058823529411765
1352,child,me,241,0.08333333333333333,0.35294117647058826
1353,child,princess,242,0.2,0.6666666666666666
1354,child,sneeze,242,0.1,0.3076923076923077
1355,child,qaaaa,243,NA,NA
1356,child,ping,243,0.1111111111111111,0.3333333333333333
1357,child,sad,244,0.125,0.2222222222222222
1358,child,sad,245,0.125,0.2222222222222222
1359,child,baby,245,1.0,0.9523809523809523
1360,child,sad,246,0.125,0.2222222222222222
1361,child,cat,246,0.2,0.6666666666666666
1362,child,"sad,",247,NA,NA
1363,child,crying,247,0.125,0.36363636363636365
1364,child,sarcastic,248,0.125,0.2222222222222222
1365,child,baby,248,1.0,0.9523809523809523
1366,child,cry,248,0.1111111111111111,0.2
1367,child,scare,249,0.1,0.18181818181818182
1368,child,scared,250,0.125,0.2222222222222222
1369,child,sheep,251,0.25,0.7058823529411765
1370,child,sheep,252,0.25,0.7058823529411765
1371,child,sound,252,0.14285714285714285,0.4
1372,child,shoot,253,0.1111111111111111,0.47058823529411764
1373,child,shoots,254,0.1111111111111111,0.47058823529411764
1374,child,sick,255,0.125,0.2222222222222222
1375,child,silent?,256,NA,NA
1376,child,singing,257,0.125,0.2222222222222222
1377,child,sleep,258,0.1111111111111111,0.2
1378,child,sleepy,259,0.125,0.2222222222222222
1379,child,sneeze,260,0.1,0.3076923076923077
1380,child,sneeze,261,0.1,0.3076923076923077
1381,child,?,261,NA,NA
1382,child,sneeze,262,0.1,0.3076923076923077
1383,child,impression,262,0.1,0.47058823529411764
1384,child,sneezing,263,0.1,0.3076923076923077
1385,child,sneezing,264,0.1,0.3076923076923077
1386,child,parrot,264,0.25,0.7058823529411765
1387,child,sneezing,265,0.1,0.3076923076923077
1388,child,sound,265,0.14285714285714285,0.4
1389,child,sob,266,0.2,0.6666666666666666
1390,child,speaking,267,0.125,0.2222222222222222
1391,child,speking,268,NA,NA
1392,child,squeak,269,0.09090909090909091,0.16666666666666666
1393,child,squeaking,270,0.125,0.2222222222222222
1394,child,starting,271,0.125,0.2222222222222222
1395,child,to,271,NA,NA
1396,child,cry,271,0.1111111111111111,0.2
1397,child,stop,272,0.125,0.5
1398,child,whining,272,0.1111111111111111,0.2
1399,child,stretching,273,0.1111111111111111,0.2
1400,child,successfully,274,0.125,0.2222222222222222
1401,child,completed,274,0.125,0.2222222222222222
1402,child,talking,275,0.09090909090909091,0.16666666666666666
1403,child,to,275,NA,NA
1404,child,baby,275,1.0,0.9523809523809523
1405,child,teacher,276,0.16666666666666666,0.631578947368421
1406,child,teenager,277,0.3333333333333333,0.7058823529411765
1407,child,to,278,NA,NA
1408,child,sneeze,278,0.1,0.3076923076923077
1409,child,toy,279,0.14285714285714285,0.6666666666666666
1410,child,train,280,0.1111111111111111,0.5
1411,child,uenuenuen,281,NA,NA
1412,child,uenuuen,282,NA,NA
1413,child,waaaa,283,NA,NA
1414,child,waaaaah,284,NA,NA
1415,child,waaeee,285,NA,NA
1416,child,waatchu,286,NA,NA
1417,child,wah,287,NA,NA
1418,child,wah,287,NA,NA
1419,child,waah,287,NA,NA
1420,child,wailing,288,0.125,0.3333333333333333
1421,child,waking,289,0.125,0.2222222222222222
1422,child,up,289,0.125,0.2222222222222222
1423,child,want,290,0.14285714285714285,0.4
1424,child,weeaaah,291,NA,NA
1425,child,weeeeh,292,NA,NA
1426,child,weeping,293,0.125,0.36363636363636365
1427,child,weeping,294,0.125,0.36363636363636365
1428,child,child,294,1.0,1.0
1429,child,weird,295,0.125,0.2222222222222222
1430,child,sneeze,295,0.1,0.3076923076923077
1431,child,wheeeeeeee,296,NA,NA
1432,child,whehhhh,297,NA,NA
1433,child,wheining,298,NA,NA
1434,child,whimpering,299,0.1,0.18181818181818182
1435,child,whine,300,0.1111111111111111,0.2
1436,child,whinge,301,NA,NA
1437,child,whinging,302,NA,NA
1438,child,whining,303,0.1111111111111111,0.2
1439,child,whining,304,0.1111111111111111,0.2
1440,child,baby,304,1.0,0.9523809523809523
1441,child,wieee,305,NA,NA
1442,child,woman,306,0.25,0.7058823529411765
1443,child,crying,306,0.125,0.36363636363636365
1444,child,woooo,307,NA,NA
1445,child,shu,307,NA,NA
1446,child,yawn?,308,NA,NA
1447,child,yes,309,0.07142857142857142,0.13333333333333333
1448,child,,310,0.14285714285714285,0.6
1449,cook,air,1,0.25,0.4
1450,cook,taste,1,0.25,0.4
1451,cook,airplane,2,0.06666666666666667,0.36363636363636365
1452,cook,amsr,3,NA,NA
1453,cook,amusement,4,0.09090909090909091,0.16666666666666666
1454,cook,bad,5,0.25,0.4
1455,cook,joke,5,0.2,0.3333333333333333
1456,cook,beat,6,0.25,0.6666666666666666
1457,cook,beat,7,0.25,0.6666666666666666
1458,cook,box,7,0.2,0.5714285714285714
1459,cook,beat,8,0.25,0.6666666666666666
1460,cook,boxing,8,0.2,0.3333333333333333
1461,cook,beatbox,9,NA,NA
1462,cook,"bird,",10,NA,NA
1463,cook,"snake,",10,NA,NA
1464,cook,flying,10,0.25,0.4
1465,cook,blowing,11,0.25,0.5
1466,cook,blowing,12,0.25,0.5
1467,cook,a,12,0.09090909090909091,0.25
1468,cook,kiss,12,0.2,0.3333333333333333
1469,cook,blowing,13,0.25,0.5
1470,cook,and,13,NA,NA
1471,cook,eating,13,0.25,0.3333333333333333
1472,cook,blowing,14,0.25,0.5
1473,cook,on,14,0.25,0.4
1474,cook,food,14,0.125,0.3333333333333333
1475,cook,to,14,NA,NA
1476,cook,cool,14,0.3333333333333333,0.42857142857142855
1477,cook,it,14,0.08333333333333333,0.15384615384615385
1478,cook,"blowing,",15,NA,NA
1479,cook,eating,15,0.25,0.3333333333333333
1480,cook,boredom,16,0.07692307692307693,0.14285714285714285
1481,cook,bottle,17,0.16666666666666666,0.42105263157894735
1482,cook,opening,17,0.25,0.5
1483,cook,brush,18,0.25,0.4444444444444444
1484,cook,teeth,18,0.1111111111111111,0.4444444444444444
1485,cook,burn,19,0.3333333333333333,0.6666666666666666
1486,cook,something,19,NA,NA
1487,cook,call,20,0.25,0.4
1488,cook,canned,21,0.3333333333333333,0.75
1489,cook,drink,21,0.2,0.3333333333333333
1490,cook,cat,22,0.16666666666666666,0.6
1491,cook,chewing,23,0.16666666666666666,0.4444444444444444
1492,cook,chs,24,NA,NA
1493,cook,chs,24,NA,NA
1494,cook,chsss,24,NA,NA
1495,cook,pa,24,0.1,0.5
1496,cook,pa,24,0.1,0.5
1497,cook,clashing,25,0.25,0.4
1498,cook,cold,26,0.25,0.46153846153846156
1499,cook,confusion,27,0.1111111111111111,0.2
1500,cook,cooking,28,1.0,1.0
1501,cook,cooking,29,1.0,1.0
1502,cook,spunds,29,NA,NA
1503,cook,cymbals,30,0.07692307692307693,0.4
1504,cook,don't,31,NA,NA
1505,cook,know,31,0.25,0.4
1506,cook,dancing,32,0.2,0.3333333333333333
1507,cook,danger,33,0.16666666666666666,0.5454545454545454
1508,cook,deception,34,0.1,0.18181818181818182
1509,cook,disgust,35,0.16666666666666666,0.2857142857142857
1510,cook,disgusting,36,0.25,0.4
1511,cook,drink,37,0.2,0.3333333333333333
1512,cook,drink,38,0.2,0.3333333333333333
1513,cook,soup,38,0.125,0.2857142857142857
1514,cook,drinking,39,0.2,0.3333333333333333
1515,cook,drinking,40,0.2,0.3333333333333333
1516,cook,broth,40,0.08333333333333333,0.25
1517,cook,drowning,41,0.2,0.3333333333333333
1518,cook,drum,42,0.16666666666666666,0.4444444444444444
1519,cook,drum,43,0.16666666666666666,0.4444444444444444
1520,cook,hi-hat,43,NA,NA
1521,cook,drum,44,0.16666666666666666,0.4444444444444444
1522,cook,sounds,44,0.25,0.4
1523,cook,"drums,",45,NA,NA
1524,cook,hi-hats,45,NA,NA
1525,cook,eat,46,0.25,0.3333333333333333
1526,cook,eat,47,0.25,0.3333333333333333
1527,cook,eat,48,0.25,0.3333333333333333
1528,cook,or,48,0.07692307692307693,0.4
1529,cook,chew,48,0.16666666666666666,0.4444444444444444
1530,cook,eating,49,0.25,0.3333333333333333
1531,cook,fire,50,0.3333333333333333,0.75
1532,cook,hissing,50,0.2,0.3333333333333333
1533,cook,freezing,51,0.3333333333333333,0.5714285714285714
1534,cook,funny,52,0.25,0.4
1535,cook,go,53,0.25,0.4
1536,cook,away,53,0.25,0.4
1537,cook,hissing,54,0.2,0.3333333333333333
1538,cook,hot,55,0.25,0.4
1539,cook,hard,56,0.25,0.4
1540,cook,hi,57,0.1,0.3157894736842105
1541,cook,hat,57,0.16666666666666666,0.42105263157894735
1542,cook,hihat,58,NA,NA
1543,cook,beatbox,58,NA,NA
1544,cook,hissing,59,0.2,0.3333333333333333
1545,cook,hot,60,0.25,0.4
1546,cook,hot,61,0.25,0.4
1547,cook,food,61,0.125,0.3333333333333333
1548,cook,hot,62,0.25,0.4
1549,cook,or,62,0.07692307692307693,0.4
1550,cook,steam,62,0.5,0.8571428571428571
1551,cook,i,63,0.25,0.4
1552,cook,was,63,0.25,0.4
1553,cook,walking,63,0.25,0.4
1554,cook,imitating,64,0.2,0.2857142857142857
1555,cook,beat,64,0.25,0.6666666666666666
1556,cook,inarticulate,65,0.25,0.4
1557,cook,sounds,65,0.25,0.4
1558,cook,insult,66,0.16666666666666666,0.25
1559,cook,it’s,67,NA,NA
1560,cook,windy,67,0.25,0.4
1561,cook,lighting,68,0.2,0.42105263157894735
1562,cook,up,68,0.25,0.4
1563,cook,candle,68,0.2,0.4
1564,cook,like,69,0.25,0.4
1565,cook,a,69,0.09090909090909091,0.25
1566,cook,beat,69,0.25,0.6666666666666666
1567,cook,lip,70,0.1,0.47058823529411764
1568,cook,smacking,70,0.2,0.3333333333333333
1569,cook,lubdub,71,NA,NA
1570,cook,making,72,1.0,1.0
1571,cook,nonsense,72,0.25,0.47058823529411764
1572,cook,noise,72,0.16666666666666666,0.2857142857142857
1573,cook,men’s,73,NA,NA
1574,cook,ccc,73,0.25,0.4
1575,cook,mouth,74,0.2,0.6
1576,cook,munching,75,0.14285714285714285,0.4
1577,cook,music,76,0.125,0.2222222222222222
1578,cook,open,77,0.25,0.4
1579,cook,,77,0.1111111111111111,0.5454545454545454
1580,cook,the,77,NA,NA
1581,cook,drink,77,0.2,0.3333333333333333
1582,cook,open,78,0.25,0.4
1583,cook,soda,78,0.08333333333333333,0.26666666666666666
1584,cook,and,78,NA,NA
1585,cook,pu,78,0.1111111111111111,0.3076923076923077
1586,cook,it,78,0.08333333333333333,0.15384615384615385
1587,cook,in,78,0.25,0.4
1588,cook,glass,78,0.25,0.4444444444444444
1589,cook,opening,79,0.25,0.5
1590,cook,pop,79,0.25,0.5
1591,cook,can,79,0.3333333333333333,0.75
1592,cook,opening,80,0.25,0.5
1593,cook,soda,80,0.08333333333333333,0.26666666666666666
1594,cook,percussions,81,0.09090909090909091,0.16666666666666666
1595,cook,perfume,82,0.16666666666666666,0.4444444444444444
1596,cook,person,83,0.25,0.7058823529411765
1597,cook,tasting,83,0.25,0.4
1598,cook,food,83,0.125,0.3333333333333333
1599,cook,playing,84,0.25,0.4
1600,cook,playing,85,0.25,0.4
1601,cook,drums,85,0.16666666666666666,0.4444444444444444
1602,cook,please,86,0.25,0.4
1603,cook,no,86,0.25,0.4
1604,cook,press,87,0.25,0.5
1605,cook,play,87,0.25,0.4
1606,cook,putting,88,0.3333333333333333,0.3333333333333333
1607,cook,out,88,0.25,0.4
1608,cook,candle,88,0.2,0.4
1609,cook,quiet,89,0.25,0.4
1610,cook,quiet,90,0.25,0.4
1611,cook,hiss,90,0.2,0.3333333333333333
1612,cook,rambling,91,0.25,0.4
1613,cook,rapping,92,0.16666666666666666,0.3076923076923077
1614,cook,rejection,93,0.1111111111111111,0.2857142857142857
1615,cook,sound,94,0.25,0.4
1616,cook,scornful,95,0.25,0.4
1617,cook,scratching,96,0.25,0.4
1618,cook,tsk,96,0.2,0.3333333333333333
1619,cook,tsk,96,0.2,0.3333333333333333
1620,cook,shower,97,0.16666666666666666,0.5
1621,cook,sighing,98,0.2,0.3333333333333333
1622,cook,silly,99,0.25,0.6
1623,cook,silly,100,0.25,0.6
1624,cook,music,100,0.125,0.2222222222222222
1625,cook,singing,101,0.25,0.4
1626,cook,sip,102,0.16666666666666666,0.2857142857142857
1627,cook,sippinng,103,NA,NA
1628,cook,sizzle,104,0.2,0.2857142857142857
1629,cook,slurp,105,0.16666666666666666,0.2857142857142857
1630,cook,smack,105,0.25,0.4
1631,cook,smack,106,0.25,0.4
1632,cook,lips,106,0.1,0.47058823529411764
1633,cook,snake,107,0.16666666666666666,0.631578947368421
1634,cook,snore,108,0.2,0.3333333333333333
1635,cook,snoring,109,0.2,0.3333333333333333
1636,cook,snorring,110,NA,NA
1637,cook,sound,111,0.25,0.4
1638,cook,sound,112,0.25,0.4
1639,cook,imitation,112,0.25,0.42105263157894735
1640,cook,sour,113,0.25,0.4
1641,cook,taste,113,0.25,0.4
1642,cook,spray,114,0.2,0.4444444444444444
1643,cook,starting,115,0.25,0.4
1644,cook,car,115,0.08333333333333333,0.42105263157894735
1645,cook,stopped,116,0.25,0.4
1646,cook,strange,117,0.25,0.4
1647,cook,sound,117,0.25,0.4
1648,cook,sunth,118,NA,NA
1649,cook,taste,119,0.25,0.4
1650,cook,tasting,120,0.25,0.4
1651,cook,tiredness,121,0.1111111111111111,0.2
1652,cook,train,122,0.25,0.4444444444444444
1653,cook,ts,123,0.09090909090909091,0.23529411764705882
1654,cook,ts,123,0.09090909090909091,0.23529411764705882
1655,cook,ts,124,0.09090909090909091,0.23529411764705882
1656,cook,tsss,124,0.08333333333333333,0.15384615384615385
1657,cook,tsk,125,0.2,0.3333333333333333
1658,cook,tsk,125,0.2,0.3333333333333333
1659,cook,tsk,126,0.2,0.3333333333333333
1660,cook,tsk,126,0.2,0.3333333333333333
1661,cook,"tssss,",126,NA,NA
1662,cook,bloop,126,NA,NA
1663,cook,bloop,126,NA,NA
1664,cook,tss,127,0.08333333333333333,0.15384615384615385
1665,cook,tss,127,0.08333333333333333,0.15384615384615385
1666,cook,uneducated,128,0.25,0.4
1667,cook,vacuum,129,0.25,0.4
1668,cook,cleaner,129,0.25,0.5454545454545454
1669,cook,very,130,0.25,0.4
1670,cook,tasty,130,0.25,0.4
1671,cook,vocal,131,0.25,0.4
1672,cook,exercise,131,0.25,0.4
1673,cook,warming,132,0.3333333333333333,0.4
1674,cook,voice,132,0.2,0.631578947368421
1675,cook,whisper,133,0.125,0.3076923076923077
1676,cook,windy,134,0.25,0.4
1677,cook,day,134,0.14285714285714285,0.6
1678,cook,yawn,135,0.2,0.3333333333333333
1679,cook,adults,136,0.2,0.6666666666666666
1680,cook,talking,136,0.14285714285714285,0.3333333333333333
1681,cook,child,136,0.2,0.6666666666666666
1682,cook,air,137,0.25,0.4
1683,cook,intake,137,0.1111111111111111,0.47058823529411764
1684,cook,alien,138,0.3333333333333333,0.631578947368421
1685,cook,gibberish,138,0.1111111111111111,0.2
1686,cook,annoyance,139,0.14285714285714285,0.6
1687,cook,annoying,140,0.25,0.4
1688,cook,attention,141,0.1,0.18181818181818182
1689,cook,ba,142,0.1,0.2857142857142857
1690,cook,dum,142,NA,NA
1691,cook,tssss,142,NA,NA
1692,cook,babbling,143,0.16666666666666666,0.3076923076923077
1693,cook,barbeque,144,0.3333333333333333,0.75
1694,cook,bath,145,0.14285714285714285,0.42105263157894735
1695,cook,battery,146,0.125,0.42105263157894735
1696,cook,plates,146,0.16666666666666666,0.47058823529411764
1697,cook,be,147,0.25,0.4
1698,cook,quiet,147,0.25,0.4
1699,cook,beat,148,0.25,0.6666666666666666
1700,cook,beat,149,0.25,0.6666666666666666
1701,cook,box,149,0.2,0.5714285714285714
1702,cook,beat,150,0.25,0.6666666666666666
1703,cook,boxing,150,0.2,0.3333333333333333
1704,cook,beat,151,0.25,0.6666666666666666
1705,cook,with,151,NA,NA
1706,cook,mouth,151,0.2,0.6
1707,cook,beatbox,152,NA,NA
1708,cook,beatboxing,153,NA,NA
1709,cook,blow,154,0.25,0.5
1710,cook,blow,155,0.25,0.5
1711,cook,and,155,NA,NA
1712,cook,eat,155,0.25,0.3333333333333333
1713,cook,blowing,156,0.25,0.5
1714,cook,and,156,NA,NA
1715,cook,eating,156,0.25,0.3333333333333333
1716,cook,blowing,157,0.25,0.5
1717,cook,on,157,0.25,0.4
1718,cook,"food,",157,NA,NA
1719,cook,then,157,0.25,0.4
1720,cook,smacking,157,0.2,0.3333333333333333
1721,cook,lips,157,0.1,0.47058823529411764
1722,cook,together,157,0.25,0.4
1723,cook,blowing,158,0.25,0.5
1724,cook,out,158,0.25,0.4
1725,cook,boast,159,0.2,0.3333333333333333
1726,cook,boil,160,0.3333333333333333,0.3333333333333333
1727,cook,water,160,0.25,0.47058823529411764
1728,cook,boiling,161,0.3333333333333333,0.4
1729,cook,boiling,162,0.3333333333333333,0.4
1730,cook,pot,162,0.125,0.4444444444444444
1731,cook,boiling,163,0.3333333333333333,0.4
1732,cook,water,163,0.25,0.47058823529411764
1733,cook,bored,164,0.25,0.4
1734,cook,breathing,165,0.25,0.4
1735,cook,in,165,0.25,0.4
1736,cook,burning,166,0.3333333333333333,0.6666666666666666
1737,cook,burns,167,0.3333333333333333,0.6666666666666666
1738,cook,bus,168,0.16666666666666666,0.42105263157894735
1739,cook,making,168,1.0,1.0
1740,cook,stops,168,0.25,0.4444444444444444
1741,cook,calling,169,0.25,0.4
1742,cook,a,169,0.09090909090909091,0.25
1743,cook,dog,169,0.16666666666666666,0.631578947368421
1744,cook,for,169,NA,NA
1745,cook,food,169,0.125,0.3333333333333333
1746,cook,calm,170,0.25,0.4
1747,cook,can,171,0.3333333333333333,0.75
1748,cook,of,171,NA,NA
1749,cook,soda,171,0.08333333333333333,0.26666666666666666
1750,cook,can,172,0.3333333333333333,0.75
1751,cook,of,172,NA,NA
1752,cook,soda,172,0.08333333333333333,0.26666666666666666
1753,cook,opening,172,0.25,0.5
1754,cook,car,173,0.08333333333333333,0.42105263157894735
1755,cook,caution,174,0.1111111111111111,0.2857142857142857
1756,cook,cheering,175,0.25,0.4
1757,cook,up,175,0.25,0.4
1758,cook,someone,175,0.25,0.7058823529411765
1759,cook,chewing,176,0.16666666666666666,0.4444444444444444
1760,cook,chewing,177,0.16666666666666666,0.4444444444444444
1761,cook,and,177,NA,NA
1762,cook,savoring,177,0.25,0.4
1763,cook,chho,178,NA,NA
1764,cook,thm,178,0.08333333333333333,0.15384615384615385
1765,cook,thm,178,0.08333333333333333,0.15384615384615385
1766,cook,thm,178,0.08333333333333333,0.15384615384615385
1767,cook,chick,179,0.125,0.6
1768,cook,chick,179,0.125,0.6
1769,cook,tss,179,0.08333333333333333,0.15384615384615385
1770,cook,child,180,0.2,0.6666666666666666
1771,cook,childish,181,0.25,0.4
1772,cook,chinchinytsss,182,NA,NA
1773,cook,chink,183,0.25,0.5714285714285714
1774,cook,chink,183,0.25,0.5714285714285714
1775,cook,tsss,183,0.08333333333333333,0.15384615384615385
1776,cook,rabdam,183,NA,NA
1777,cook,rabdadam,183,NA,NA
1778,cook,chisk,184,NA,NA
1779,cook,chisk,184,NA,NA
1780,cook,tssss,184,NA,NA
1781,cook,gurgle,184,0.2,0.3333333333333333
1782,cook,gurgle,184,0.2,0.3333333333333333
1783,cook,gurgle,184,0.2,0.3333333333333333
1784,cook,chit..chit....sssss...blabla!,185,NA,NA
1785,cook,cho,186,NA,NA
1786,cook,cho,186,NA,NA
1787,cook,shhh,186,NA,NA
1788,cook,chu,187,NA,NA
1789,cook,chu,187,NA,NA
1790,cook,ciuk,188,NA,NA
1791,cook,ciuk,188,NA,NA
1792,cook,cii,188,NA,NA
1793,cook,blupblupblup,188,NA,NA
1794,cook,cleaning,189,0.3333333333333333,0.3333333333333333
1795,cook,teeth,189,0.1111111111111111,0.4444444444444444
1796,cook,coffee,190,0.1,0.5714285714285714
1797,cook,cold,191,0.25,0.46153846153846156
1798,cook,come,192,0.25,0.4
1799,cook,completely,193,0.25,0.4
1800,cook,have,193,0.25,0.6666666666666666
1801,cook,no,193,0.25,0.4
1802,cook,"idea,",193,NA,NA
1803,cook,kinda,193,0.25,0.4
1804,cook,of,193,NA,NA
1805,cook,stange,193,NA,NA
1806,cook,sounds,193,0.25,0.4
1807,cook,confused,194,0.3333333333333333,0.4
1808,cook,contemplating,195,0.2,0.3333333333333333
1809,cook,cooking,196,1.0,1.0
1810,cook,"cooking,",197,NA,NA
1811,cook,boiling,197,0.3333333333333333,0.4
1812,cook,"coughing,",198,NA,NA
1813,cook,gurgling,198,0.2,0.3333333333333333
1814,cook,cymbal,199,0.07692307692307693,0.4
1815,cook,cymbals,200,0.07692307692307693,0.4
1816,cook,cymbals,201,0.07692307692307693,0.4
1817,cook,crashing,201,0.25,0.5714285714285714
1818,cook,danger,202,0.16666666666666666,0.5454545454545454
1819,cook,deflate,203,0.3333333333333333,0.3333333333333333
1820,cook,delicate,204,0.25,0.4
1821,cook,delicious,205,0.25,0.4
1822,cook,delicous,206,NA,NA
1823,cook,disappointed,207,0.25,0.4
1824,cook,disapproving,208,0.25,0.4
1825,cook,disbelieve,209,0.14285714285714285,0.25
1826,cook,dishsoap,210,NA,NA
1827,cook,in,210,0.25,0.4
1828,cook,water,210,0.25,0.47058823529411764
1829,cook,diss,211,0.16666666666666666,0.25
1830,cook,dissapointment,212,NA,NA
1831,cook,distracted,213,0.25,0.4
1832,cook,diving,214,0.16666666666666666,0.2857142857142857
1833,cook,do,215,0.25,0.4
1834,cook,not,215,0.25,0.4
1835,cook,know,215,0.25,0.4
1836,cook,dog,216,0.16666666666666666,0.631578947368421
1837,cook,sleeping,216,0.25,0.4
1838,cook,doing,217,0.25,0.4
1839,cook,an,217,0.08333333333333333,0.15384615384615385
1840,cook,impression,217,0.1111111111111111,0.42105263157894735
1841,cook,don't,218,NA,NA
1842,cook,belive,218,NA,NA
1843,cook,it,218,0.08333333333333333,0.15384615384615385
1844,cook,don't,219,NA,NA
1845,cook,know,219,0.25,0.4
1846,cook,don't,220,NA,NA
1847,cook,try,220,0.2,0.5
1848,cook,it,220,0.08333333333333333,0.15384615384615385
1849,cook,drink,221,0.2,0.3333333333333333
1850,cook,drink,222,0.2,0.3333333333333333
1851,cook,someting,222,NA,NA
1852,cook,drinking,223,0.2,0.3333333333333333
1853,cook,drinking,224,0.2,0.3333333333333333
1854,cook,and,224,NA,NA
1855,cook,tasting,224,0.25,0.4
1856,cook,drinking,225,0.2,0.3333333333333333
1857,cook,from,225,NA,NA
1858,cook,a,225,0.09090909090909091,0.25
1859,cook,straw,225,0.25,0.4
1860,cook,drinking,226,0.2,0.3333333333333333
1861,cook,hot,226,0.25,0.4
1862,cook,drink,226,0.2,0.3333333333333333
1863,cook,drinking,227,0.2,0.3333333333333333
1864,cook,smoothie,227,0.1111111111111111,0.5454545454545454
1865,cook,"drinking,",228,NA,NA
1866,cook,swallowing,228,0.2,0.3333333333333333
1867,cook,drowned,229,0.2,0.3333333333333333
1868,cook,drowning,230,0.2,0.3333333333333333
1869,cook,drum,231,0.16666666666666666,0.4444444444444444
1870,cook,drum,232,0.16666666666666666,0.4444444444444444
1871,cook,cymbal,232,0.07692307692307693,0.4
1872,cook,noise,232,0.16666666666666666,0.2857142857142857
1873,cook,drum,233,0.16666666666666666,0.4444444444444444
1874,cook,cymbals,233,0.07692307692307693,0.4
1875,cook,drumbeat,234,0.125,0.2222222222222222
1876,cook,drums,235,0.16666666666666666,0.4444444444444444
1877,cook,dynamite,236,0.25,0.5714285714285714
1878,cook,under,236,0.25,0.4
1879,cook,water,236,0.25,0.47058823529411764
1880,cook,eat,237,0.25,0.3333333333333333
1881,cook,eating,238,0.25,0.3333333333333333
1882,cook,eating,239,0.25,0.3333333333333333
1883,cook,(vacuum),239,NA,NA
1884,cook,eating,240,0.25,0.3333333333333333
1885,cook,soup,240,0.125,0.2857142857142857
1886,cook,eating,241,0.25,0.3333333333333333
1887,cook,spaghetti,241,0.1,0.2857142857142857
1888,cook,echo,242,0.2,0.3333333333333333
1889,cook,engine,243,0.16666666666666666,0.5454545454545454
1890,cook,start,243,0.25,0.4
1891,cook,excited,244,0.3333333333333333,0.4
1892,cook,to,244,NA,NA
1893,cook,eat,244,0.25,0.3333333333333333
1894,cook,fall,245,0.25,0.4
1895,cook,down,245,0.25,0.5217391304347826
1896,cook,stairs,245,0.09090909090909091,0.4444444444444444
1897,cook,fast,246,0.25,0.4
1898,cook,fear,247,0.25,0.4
1899,cook,feeding,248,0.2,0.3333333333333333
1900,cook,child,248,0.2,0.6666666666666666
1901,cook,airplane,248,0.06666666666666667,0.36363636363636365
1902,cook,feeling,249,0.25,0.4
1903,cook,lazy,249,0.25,0.4
1904,cook,fhhhh,250,NA,NA
1905,cook,mlask,250,NA,NA
1906,cook,mlask,250,NA,NA
1907,cook,mlask,250,NA,NA
1908,cook,fire,251,0.3333333333333333,0.75
1909,cook,firework,252,0.08333333333333333,0.25
1910,cook,fruaah,253,NA,NA
1911,cook,frying,254,0.5,0.8571428571428571
1912,cook,egg,254,0.16666666666666666,0.5
1913,cook,funny,255,0.25,0.4
1914,cook,mouth,255,0.2,0.6
1915,cook,sounds,255,0.25,0.4
1916,cook,garble,256,0.14285714285714285,0.25
1917,cook,get,257,0.3333333333333333,0.4
1918,cook,back,257,0.25,0.5714285714285714
1919,cook,gibberish,258,0.1111111111111111,0.2
1920,cook,give,259,0.25,0.4
1921,cook,you,259,NA,NA
1922,cook,glass,260,0.25,0.4444444444444444
1923,cook,breaking,260,0.3333333333333333,0.6666666666666666
1924,cook,grilling,261,0.5,0.8571428571428571
1925,cook,gun,262,0.16666666666666666,0.6
1926,cook,sounds,262,0.25,0.4
1927,cook,gurgling,263,0.2,0.3333333333333333
1928,cook,having,264,0.25,0.4
1929,cook,a,264,0.09090909090909091,0.25
1930,cook,shower,264,0.16666666666666666,0.5
1931,cook,having,265,0.25,0.4
1932,cook,soup,265,0.125,0.2857142857142857
1933,cook,heat,266,0.3333333333333333,0.4444444444444444
1934,cook,in,266,0.25,0.4
1935,cook,water,266,0.25,0.47058823529411764
1936,cook,heating,267,0.3333333333333333,0.4444444444444444
1937,cook,hot,267,0.25,0.4
1938,cook,food,267,0.125,0.3333333333333333
1939,cook,hey,268,NA,NA
1940,cook,hhowmcmmcmmcm,269,NA,NA
1941,cook,hi,270,0.1,0.3157894736842105
1942,cook,hat,270,0.16666666666666666,0.42105263157894735
1943,cook,hi-hat,271,NA,NA
1944,cook,hiiii,272,NA,NA
1945,cook,nam,272,NA,NA
1946,cook,nam,272,NA,NA
1947,cook,hiss,273,0.2,0.3333333333333333
1948,cook,hisses,274,0.2,0.3333333333333333
1949,cook,hissing,275,0.2,0.3333333333333333
1950,cook,horse,276,0.14285714285714285,0.48
1951,cook,eating,276,0.25,0.3333333333333333
1952,cook,hot,277,0.25,0.4
1953,cook,hot,278,0.25,0.4
1954,cook,oil,278,0.2,0.4
1955,cook,hum,279,0.2,0.3333333333333333
1956,cook,i,280,0.25,0.4
1957,cook,dont,280,NA,NA
1958,cook,know,280,0.25,0.4
1959,cook,idk,281,NA,NA
1960,cook,ignite,282,0.2,0.3333333333333333
1961,cook,imitating,283,0.2,0.2857142857142857
1962,cook,immitating,284,NA,NA
1963,cook,bird,284,0.16666666666666666,0.6
1964,cook,incoherent,285,0.25,0.4
1965,cook,sounds,285,0.25,0.4
1966,cook,inhale,286,0.2,0.3333333333333333
1967,cook,and,286,NA,NA
1968,cook,savor,286,0.25,0.4
1969,cook,insect,287,0.14285714285714285,0.6
1970,cook,instrumental,288,0.25,0.4
1971,cook,music,288,0.125,0.2222222222222222
1972,cook,jazz,289,0.16666666666666666,0.25
1973,cook,juuuuuu,290,NA,NA
1974,cook,ppp,290,0.07692307692307693,0.14285714285714285
1975,cook,keep,291,0.5,0.8571428571428571
1976,cook,talking,291,0.14285714285714285,0.3333333333333333
1977,cook,khow,292,NA,NA
1978,cook,gup,292,NA,NA
1979,cook,kwaa,293,NA,NA
1980,cook,tap,293,0.2,0.4444444444444444
1981,cook,tap,293,0.2,0.4444444444444444
1982,cook,tap,293,0.2,0.4444444444444444
1983,cook,lighting,294,0.2,0.42105263157894735
1984,cook,up,294,0.25,0.4
1985,cook,like,295,0.25,0.4
1986,cook,machine,296,0.25,0.6666666666666666
1987,cook,madness,297,0.1,0.18181818181818182
1988,cook,make,298,1.0,1.0
1989,cook,fun,298,0.1111111111111111,0.2
1990,cook,mess,299,0.25,0.4
1991,cook,mimic,300,0.25,0.5454545454545454
1992,cook,music,300,0.125,0.2222222222222222
1993,cook,minecraft,301,NA,NA
1994,cook,lava,301,0.08333333333333333,0.25
1995,cook,intem,301,NA,NA
1996,cook,modern,302,0.25,0.6666666666666666
1997,cook,music,302,0.125,0.2222222222222222
1998,cook,motor,303,0.25,0.5
1999,cook,moutbh,304,NA,NA
2000,cook,noise,304,0.16666666666666666,0.2857142857142857
2001,cook,and,304,NA,NA
2002,cook,sipping,304,0.16666666666666666,0.2857142857142857
2003,cook,mouth,305,0.2,0.6
2004,cook,drum,305,0.16666666666666666,0.4444444444444444
2005,cook,mouth,306,0.2,0.6
2006,cook,sound,306,0.25,0.4
2007,cook,mouth,307,0.2,0.6
2008,cook,warmup,307,NA,NA
2009,cook,munch,308,0.14285714285714285,0.5714285714285714
2010,cook,munching,309,0.14285714285714285,0.4
2011,cook,music,310,0.125,0.2222222222222222
2012,cook,noises,311,0.16666666666666666,0.2857142857142857
2013,cook,nudge,312,0.16666666666666666,0.2857142857142857
2014,cook,of,313,NA,NA
2015,cook,course,313,0.25,0.47058823529411764
2016,cook,oomtutu,314,NA,NA
2017,cook,open,315,0.25,0.4
2018,cook,and,315,NA,NA
2019,cook,pour,315,0.2,0.3333333333333333
2020,cook,open,316,0.25,0.4
2021,cook,the,316,NA,NA
2022,cook,bottle,316,0.16666666666666666,0.42105263157894735
2023,cook,opening,317,0.25,0.5
2024,cook,opening,318,0.25,0.5
2025,cook,a,318,0.09090909090909091,0.25
2026,cook,can,318,0.3333333333333333,0.75
2027,cook,opening,319,0.25,0.5
2028,cook,a,319,0.09090909090909091,0.25
2029,cook,pump,319,0.2,0.42105263157894735
2030,cook,opening,320,0.25,0.5
2031,cook,coke,320,0.2,0.375
2032,cook,and,320,NA,NA
2033,cook,drink,320,0.2,0.3333333333333333
2034,cook,pasta,321,0.1111111111111111,0.3076923076923077
2035,cook,pff,322,NA,NA
2036,cook,mnham,322,NA,NA
2037,cook,mham,322,NA,NA
2038,cook,photo,323,0.09090909090909091,0.4444444444444444
2039,cook,playing,324,0.25,0.4
2040,cook,playing,325,0.25,0.4
2041,cook,",",325,NA,NA
2042,cook,silly,325,0.25,0.6
2043,cook,playing,326,0.25,0.4
2044,cook,a,326,0.09090909090909091,0.25
2045,cook,baby,326,0.2,0.6666666666666666
2046,cook,playing,327,0.25,0.4
2047,cook,cymbals,327,0.07692307692307693,0.4
2048,cook,playing,328,0.25,0.4
2049,cook,train,328,0.25,0.4444444444444444
2050,cook,pouring,329,0.25,0.4
2051,cook,water,329,0.25,0.47058823529411764
2052,cook,pressure,330,0.2,0.2857142857142857
2053,cook,release,330,0.25,0.4444444444444444
2054,cook,printer,331,0.3333333333333333,0.6
2055,cook,pssss,332,NA,NA
2056,cook,psssss,332,NA,NA
2057,cook,psuhhhf...psuhhff,333,NA,NA
2058,cook,ptsiptsi,334,NA,NA
2059,cook,quiet,335,0.25,0.4
2060,cook,"quiet,",336,NA,NA
2061,cook,too,336,0.25,0.4
2062,cook,noisy,336,0.25,0.4
2063,cook,rain,337,0.2,0.3333333333333333
2064,cook,random,338,0.25,0.4
2065,cook,rooomtmtmt,339,NA,NA
2066,cook,run,340,0.25,0.5714285714285714
2067,cook,rythm,341,NA,NA
2068,cook,sarcasm,342,0.1111111111111111,0.2
2069,cook,sauna,343,0.07692307692307693,0.4
2070,cook,savoring,344,0.25,0.4
2071,cook,taste,344,0.25,0.4
2072,cook,shaking,345,0.3333333333333333,0.3333333333333333
2073,cook,bottle,345,0.16666666666666666,0.42105263157894735
2074,cook,cola,345,0.09090909090909091,0.35294117647058826
2075,cook,shooting,346,0.2,0.3333333333333333
2076,cook,show,347,0.25,0.4
2077,cook,off,347,0.25,0.4
2078,cook,showing,348,0.25,0.4
2079,cook,off,348,0.25,0.4
2080,cook,silly,349,0.25,0.6
2081,cook,silly,350,0.25,0.6
2082,cook,noises,350,0.16666666666666666,0.2857142857142857
2083,cook,sim,351,NA,NA
2084,cook,sing,352,0.2,0.3333333333333333
2085,cook,sink,353,0.2,0.4444444444444444
2086,cook,sounds,353,0.25,0.4
2087,cook,sipping,354,0.16666666666666666,0.2857142857142857
2088,cook,sizzle,355,0.2,0.2857142857142857
2089,cook,sizzling,356,0.25,0.4
2090,cook,and,356,NA,NA
2091,cook,drinking,356,0.2,0.3333333333333333
2092,cook,sleep,357,0.2,0.3333333333333333
2093,cook,sleeping,358,0.25,0.4
2094,cook,sleeping,359,0.25,0.4
2095,cook,noises,359,0.16666666666666666,0.2857142857142857
2096,cook,slow,360,0.25,0.4
2097,cook,slurp,361,0.16666666666666666,0.2857142857142857
2098,cook,slurp,362,0.16666666666666666,0.2857142857142857
2099,cook,noodles,362,0.1,0.2857142857142857
2100,cook,slurping,363,0.16666666666666666,0.2857142857142857
2101,cook,slurping,364,0.16666666666666666,0.2857142857142857
2102,cook,soup,364,0.125,0.2857142857142857
2103,cook,smack,365,0.25,0.4
2104,cook,smacking,366,0.2,0.3333333333333333
2105,cook,mouth,366,0.2,0.6
2106,cook,smell,367,0.2,0.3333333333333333
2107,cook,and,367,NA,NA
2108,cook,eat,367,0.25,0.3333333333333333
2109,cook,smoking,368,0.25,0.4
2110,cook,snake,369,0.16666666666666666,0.631578947368421
2111,cook,snake,370,0.16666666666666666,0.631578947368421
2112,cook,sound,370,0.25,0.4
2113,cook,snake,371,0.16666666666666666,0.631578947368421
2114,cook,sounds,371,0.25,0.4
2115,cook,sniffing,372,0.16666666666666666,0.2857142857142857
2116,cook,snore,373,0.2,0.3333333333333333
2117,cook,snoring,374,0.2,0.3333333333333333
2118,cook,snoring,375,0.2,0.3333333333333333
2119,cook,while,375,0.1,0.18181818181818182
2120,cook,lipping,375,NA,NA
2121,cook,lips,375,0.1,0.47058823529411764
2122,cook,"snoring,",376,NA,NA
2123,cook,slurping,376,0.16666666666666666,0.2857142857142857
2124,cook,snort,377,0.2,0.3333333333333333
2125,cook,snort,378,0.2,0.3333333333333333
2126,cook,smack,378,0.25,0.4
2127,cook,smack,378,0.25,0.4
2128,cook,smack,378,0.25,0.4
2129,cook,soda,379,0.08333333333333333,0.26666666666666666
2130,cook,can,379,0.3333333333333333,0.75
2131,cook,soft,380,0.25,0.4
2132,cook,drinks,380,0.2,0.3333333333333333
2133,cook,soft,381,0.25,0.4
2134,cook,tst,381,NA,NA
2135,cook,tst,381,NA,NA
2136,cook,(like,381,NA,NA
2137,cook,a,381,0.09090909090909091,0.25
2138,cook,cymbal),381,NA,NA
2139,cook,"sound,",382,NA,NA
2140,cook,man,382,0.3333333333333333,0.6666666666666666
2141,cook,soup,383,0.125,0.2857142857142857
2142,cook,spicy,384,0.25,0.4
2143,cook,splashing,385,0.25,0.4
2144,cook,spray,386,0.2,0.4444444444444444
2145,cook,spraying,387,0.2,0.3333333333333333
2146,cook,starting,388,0.25,0.4
2147,cook,engine,388,0.16666666666666666,0.5454545454545454
2148,cook,starting,389,0.25,0.4
2149,cook,machine,389,0.25,0.6666666666666666
2150,cook,steam,390,0.5,0.8571428571428571
2151,cook,iron,390,0.25,0.4444444444444444
2152,cook,steam,391,0.5,0.8571428571428571
2153,cook,train,391,0.25,0.4444444444444444
2154,cook,straw,392,0.25,0.4
2155,cook,stretching,393,0.25,0.3333333333333333
2156,cook,after,393,0.25,0.4
2157,cook,waking,393,0.3333333333333333,0.4
2158,cook,suck,394,0.25,0.4
2159,cook,sucking,395,0.25,0.4
2160,cook,swimming,396,0.25,0.4
2161,cook,taste,397,0.25,0.4
2162,cook,taste,398,0.25,0.4
2163,cook,testing,398,0.2,0.3333333333333333
2164,cook,tasting,399,0.25,0.4
2165,cook,tasty,400,0.25,0.4
2166,cook,tch,401,NA,NA
2167,cook,tch,401,NA,NA
2168,cook,tsss,401,0.08333333333333333,0.15384615384615385
2169,cook,blah,401,0.1111111111111111,0.2
2170,cook,blah,401,0.1111111111111111,0.2
2171,cook,blah,401,0.1111111111111111,0.2
2172,cook,tea,402,0.1,0.5714285714285714
2173,cook,drinking,402,0.2,0.3333333333333333
2174,cook,tease,403,0.25,0.631578947368421
2175,cook,thank,404,0.09090909090909091,0.25
2176,cook,you,404,NA,NA
2177,cook,that's,405,NA,NA
2178,cook,enough,405,0.25,0.4
2179,cook,thinking,406,0.3333333333333333,0.4
2180,cook,thirsty,407,0.25,0.4
2181,cook,this,408,NA,NA
2182,cook,is,408,0.25,0.4
2183,cook,what,408,NA,NA
2184,cook,happened,408,0.25,0.4
2185,cook,throwing,409,0.25,0.5714285714285714
2186,cook,tink,410,0.16666666666666666,0.2857142857142857
2187,cook,tink,410,0.16666666666666666,0.2857142857142857
2188,cook,tsss,410,0.08333333333333333,0.15384615384615385
2189,cook,bllrb,410,NA,NA
2190,cook,tire,411,0.25,0.42105263157894735
2191,cook,pressure,411,0.2,0.2857142857142857
2192,cook,tiss,412,NA,NA
2193,cook,tititshibububu,413,NA,NA
2194,cook,to,414,NA,NA
2195,cook,sniff,414,0.16666666666666666,0.2857142857142857
2196,cook,tongue,415,0.16666666666666666,0.4444444444444444
2197,cook,tongue,416,0.16666666666666666,0.4444444444444444
2198,cook,sounds,416,0.25,0.4
2199,cook,too,417,0.25,0.4
2200,cook,hot,417,0.25,0.4
2201,cook,toothbrush,418,0.09090909090909091,0.4444444444444444
2202,cook,train,419,0.25,0.4444444444444444
2203,cook,truck,420,0.16666666666666666,0.4
2204,cook,braking,420,0.2,0.3333333333333333
2205,cook,ts,421,0.09090909090909091,0.23529411764705882
2206,cook,ts,421,0.09090909090909091,0.23529411764705882
2207,cook,ts,422,0.09090909090909091,0.23529411764705882
2208,cook,ts,422,0.09090909090909091,0.23529411764705882
2209,cook,ts,422,0.09090909090909091,0.23529411764705882
2210,cook,blblblblbl,422,NA,NA
2211,cook,ts,423,0.09090909090909091,0.23529411764705882
2212,cook,tss,423,0.08333333333333333,0.15384615384615385
2213,cook,tsc,424,NA,NA
2214,cook,tsc,424,NA,NA
2215,cook,tsc,425,NA,NA
2216,cook,tsc,425,NA,NA
2217,cook,blum,425,NA,NA
2218,cook,tschh,426,NA,NA
2219,cook,,426,0.1111111111111111,0.5454545454545454
2220,cook,tschh,426,NA,NA
2221,cook,tse,427,NA,NA
2222,cook,tse,427,NA,NA
2223,cook,tsh,428,0.08333333333333333,0.25
2224,cook,tsh,428,0.08333333333333333,0.25
2225,cook,ccc,428,0.25,0.4
2226,cook,blbblbl,428,NA,NA
2227,cook,tsk,429,0.2,0.3333333333333333
2228,cook,tsk,430,0.2,0.3333333333333333
2229,cook,tsk,430,0.2,0.3333333333333333
2230,cook,tss,431,0.08333333333333333,0.15384615384615385
2231,cook,tss,431,0.08333333333333333,0.15384615384615385
2232,cook,tss,432,0.08333333333333333,0.15384615384615385
2233,cook,tsss,432,0.08333333333333333,0.15384615384615385
2234,cook,tss-tss,433,NA,NA
2235,cook,tssk,434,NA,NA
2236,cook,tssk,434,NA,NA
2237,cook,tissss,434,NA,NA
2238,cook,tsss,435,0.08333333333333333,0.15384615384615385
2239,cook,tss,435,0.08333333333333333,0.15384615384615385
2240,cook,tsss,436,0.08333333333333333,0.15384615384615385
2241,cook,tss..,436,NA,NA
2242,cook,tsss,437,0.08333333333333333,0.15384615384615385
2243,cook,tsss,437,0.08333333333333333,0.15384615384615385
2244,cook,tsss,438,0.08333333333333333,0.15384615384615385
2245,cook,tssss,438,NA,NA
2246,cook,tsts,439,NA,NA
2247,cook,tststs,440,NA,NA
2248,cook,tststststss,441,NA,NA
2249,cook,tuk,442,NA,NA
2250,cook,tuk,442,NA,NA
2251,cook,tuk,442,NA,NA
2252,cook,tss,442,0.08333333333333333,0.15384615384615385
2253,cook,plup,442,NA,NA
2254,cook,turning,443,0.3333333333333333,0.42105263157894735
2255,cook,on,443,0.25,0.4
2256,cook,water,443,0.25,0.47058823529411764
2257,cook,turning,444,0.3333333333333333,0.42105263157894735
2258,cook,up,444,0.25,0.4
2259,cook,the,444,NA,NA
2260,cook,oven,444,0.06666666666666667,0.36363636363636365
2261,cook,tut,445,0.2,0.3333333333333333
2262,cook,tututshh,446,NA,NA
2263,cook,mlmlml,446,NA,NA
2264,cook,using,447,0.25,0.4
2265,cook,a,447,0.09090909090909091,0.25
2266,cook,spoon,447,0.2,0.4444444444444444
2267,cook,using,448,0.25,0.4
2268,cook,tools,448,0.2,0.631578947368421
2269,cook,vehicle,449,0.14285714285714285,0.46153846153846156
2270,cook,voices?,449,NA,NA
2271,cook,vocal,450,0.25,0.4
2272,cook,nonsense,450,0.25,0.47058823529411764
2273,cook,waiting,451,0.25,0.4
2274,cook,wake,452,0.3333333333333333,0.4
2275,cook,up,452,0.25,0.4
2276,cook,warm,453,0.3333333333333333,0.4
2277,cook,ups,453,0.25,0.2857142857142857
2278,cook,warning,454,0.25,0.4
2279,cook,wash,455,0.25,0.5714285714285714
2280,cook,waste,456,0.25,0.4
2281,cook,water,457,0.25,0.47058823529411764
2282,cook,water,458,0.25,0.47058823529411764
2283,cook,effects,458,0.2,0.3333333333333333
2284,cook,weapons,459,0.09090909090909091,0.42105263157894735
2285,cook,weird,460,0.25,0.4
2286,cook,vocal,460,0.25,0.4
2287,cook,sitimming,460,NA,NA
2288,cook,who,461,0.08333333333333333,0.15384615384615385
2289,cook,knows!,461,NA,NA
2290,cook,whoosh,462,0.2,0.3333333333333333
2291,cook,chomp,462,0.14285714285714285,0.4
2292,cook,chomp,462,0.14285714285714285,0.4
2293,cook,chomp,462,0.14285714285714285,0.4
2294,cook,whuuu,463,NA,NA
2295,cook,platt,463,NA,NA
2296,cook,platt,463,NA,NA
2297,cook,platt,463,NA,NA
2298,cook,whuuuuuu,464,NA,NA
2299,cook,ciam,464,NA,NA
2300,cook,ciam,464,NA,NA
2301,cook,ciam,464,NA,NA
2302,cook,wind,465,0.25,0.42105263157894735
2303,cook,wine,466,0.16666666666666666,0.4
2304,cook,tasting,466,0.25,0.4
2305,cook,sound,466,0.25,0.4
2306,cook,yummy,467,0.25,0.4
2307,cook,soup,467,0.125,0.2857142857142857
2308,cook,“looks,468,NA,NA
2309,cook,delicious!”,468,NA,NA
2310,cook,“turn,469,NA,NA
2311,cook,it,469,0.08333333333333333,0.15384615384615385
2312,cook,on”,469,NA,NA
2313,cook,,470,0.1111111111111111,0.5454545454545454
2314,cut,accelerated,1,0.3333333333333333,0.5
2315,cut,snorting,1,0.25,0.4
2316,cut,aggressively,2,0.3333333333333333,0.5
2317,cut,snoring,2,0.25,0.4
2318,cut,agony,3,0.1111111111111111,0.5
2319,cut,animal,4,0.3333333333333333,0.5
2320,cut,chaser,4,0.1,0.42105263157894735
2321,cut,animal,5,0.3333333333333333,0.5
2322,cut,sound,5,0.3333333333333333,0.6666666666666666
2323,cut,annoyed,6,0.3333333333333333,0.5
2324,cut,beat,7,0.3333333333333333,0.7
2325,cut,beat,8,0.3333333333333333,0.7
2326,cut,of,8,NA,NA
2327,cut,electronic,8,0.3333333333333333,0.5
2328,cut,music,8,0.2,0.7142857142857143
2329,cut,breath,9,0.14285714285714285,0.5714285714285714
2330,cut,breathing,10,0.3333333333333333,0.7272727272727273
2331,cut,heavily,10,0.3333333333333333,0.5
2332,cut,cd,11,0.3333333333333333,0.5263157894736842
2333,cut,spining,11,0.25,0.5714285714285714
2334,cut,call,12,0.3333333333333333,0.7272727272727273
2335,cut,can,13,0.25,0.5882352941176471
2336,cut,catching,14,0.3333333333333333,0.6666666666666666
2337,cut,breath,14,0.14285714285714285,0.5714285714285714
2338,cut,chopping,15,0.5,0.8571428571428571
2339,cut,chu,16,NA,NA
2340,cut,chu,16,NA,NA
2341,cut,chu,16,NA,NA
2342,cut,click,17,0.3333333333333333,0.5555555555555556
2343,cut,cut,18,1.0,1.0
2344,cut,cut,19,1.0,1.0
2345,cut,it,19,0.09090909090909091,0.4
2346,cut,cutting,20,1.0,1.0
2347,cut,cutting,21,1.0,1.0
2348,cut,hair,21,0.14285714285714285,0.625
2349,cut,cutting,22,1.0,1.0
2350,cut,something,22,NA,NA
2351,cut,cutting,23,1.0,1.0
2352,cut,thinly,23,0.3333333333333333,0.5
2353,cut,don't,24,NA,NA
2354,cut,know,24,0.3333333333333333,0.5263157894736842
2355,cut,danger,25,0.16666666666666666,0.6
2356,cut,deck,26,0.3333333333333333,0.5882352941176471
2357,cut,of,26,NA,NA
2358,cut,cards,26,0.2,0.6666666666666666
2359,cut,desperate,27,0.3333333333333333,0.5
2360,cut,digging,28,0.25,0.631578947368421
2361,cut,disappointment,29,0.1,0.5263157894736842
2362,cut,"disapproval,",30,NA,NA
2363,cut,dog,31,0.25,0.8
2364,cut,dog,32,0.25,0.8
2365,cut,breathing,32,0.3333333333333333,0.7272727272727273
2366,cut,donkey,33,0.1,0.5714285714285714
2367,cut,eating,34,0.25,0.4
2368,cut,fench,35,NA,NA
2369,cut,buldog,35,NA,NA
2370,cut,flick,36,0.3333333333333333,0.5882352941176471
2371,cut,flicker,37,0.25,0.7368421052631579
2372,cut,flicking,38,0.3333333333333333,0.4
2373,cut,paper,38,0.25,0.7142857142857143
2374,cut,ft,39,0.1111111111111111,0.2857142857142857
2375,cut,ft,39,0.1111111111111111,0.2857142857142857
2376,cut,ft,39,0.1111111111111111,0.2857142857142857
2377,cut,ft,39,0.1111111111111111,0.2857142857142857
2378,cut,grunt,40,0.25,0.5
2379,cut,gasping,41,0.16666666666666666,0.2857142857142857
2380,cut,go,42,0.5,0.6666666666666666
2381,cut,away,42,0.3333333333333333,0.5
2382,cut,growl,43,0.25,0.5
2383,cut,horse,44,0.16666666666666666,0.5555555555555556
2384,cut,heavy,45,0.3333333333333333,0.6
2385,cut,breathing,45,0.3333333333333333,0.7272727272727273
2386,cut,hissing,46,0.25,0.6
2387,cut,sound,46,0.3333333333333333,0.6666666666666666
2388,cut,hit,47,0.5,0.8
2389,cut,imitating,48,0.25,0.3333333333333333
2390,cut,beat,48,0.3333333333333333,0.7
2391,cut,intense,49,0.3333333333333333,0.5
2392,cut,irritated,50,0.3333333333333333,0.5
2393,cut,i’m,51,NA,NA
2394,cut,tired,51,0.3333333333333333,0.5
2395,cut,jujo,52,NA,NA
2396,cut,jujo,52,NA,NA
2397,cut,jujo,52,NA,NA
2398,cut,knocking,53,0.2,0.5333333333333333
2399,cut,lighter,54,0.3333333333333333,0.5882352941176471
2400,cut,lighting,55,0.25,0.8
2401,cut,a,55,0.1,0.375
2402,cut,lighter,55,0.3333333333333333,0.5882352941176471
2403,cut,like,56,0.3333333333333333,0.5
2404,cut,opening,56,0.5,0.9473684210526315
2405,cut,can,56,0.25,0.5882352941176471
2406,cut,małe,57,NA,NA
2407,cut,wheezing,57,0.3333333333333333,0.5
2408,cut,mouth,58,0.25,0.6666666666666666
2409,cut,mouth,59,0.25,0.6666666666666666
2410,cut,drums,59,0.2,0.5555555555555556
2411,cut,mouth,60,0.25,0.6666666666666666
2412,cut,sounds,60,0.3333333333333333,0.6666666666666666
2413,cut,mystery,61,0.14285714285714285,0.625
2414,cut,no,62,0.3333333333333333,0.5555555555555556
2415,cut,never,62,0.3333333333333333,0.5
2416,cut,not,63,0.3333333333333333,0.5
2417,cut,sure,63,0.3333333333333333,0.5
2418,cut,opening,64,0.5,0.9473684210526315
2419,cut,opening,65,0.5,0.9473684210526315
2420,cut,a,65,0.1,0.375
2421,cut,lid,65,0.125,0.5882352941176471
2422,cut,panting,66,0.25,0.625
2423,cut,paper,67,0.25,0.7142857142857143
2424,cut,like,67,0.3333333333333333,0.5
2425,cut,sound,67,0.3333333333333333,0.6666666666666666
2426,cut,pig,68,0.25,0.5882352941176471
2427,cut,pig,69,0.25,0.5882352941176471
2428,cut,noise,69,0.2,0.5714285714285714
2429,cut,pigs,70,0.25,0.5882352941176471
2430,cut,playing,71,0.3333333333333333,0.7058823529411765
2431,cut,with,71,NA,NA
2432,cut,cards,71,0.2,0.6666666666666666
2433,cut,possible,72,0.3333333333333333,0.5
2434,cut,quiet,73,0.3333333333333333,0.5714285714285714
2435,cut,quiet,73,0.3333333333333333,0.5714285714285714
2436,cut,quiet,73,0.3333333333333333,0.5714285714285714
2437,cut,reloading,74,0.2,0.2857142857142857
2438,cut,sound,75,0.3333333333333333,0.6666666666666666
2439,cut,saw,76,0.5,0.8571428571428571
2440,cut,sawing,77,0.5,0.8571428571428571
2441,cut,scissor,78,0.5,0.8571428571428571
2442,cut,scratch,79,0.3333333333333333,0.9090909090909091
2443,cut,scratching,80,0.3333333333333333,0.75
2444,cut,scratching,81,0.3333333333333333,0.75
2445,cut,nose,81,0.25,0.5882352941176471
2446,cut,scrubbing,82,0.3333333333333333,0.6666666666666666
2447,cut,shame,83,0.3333333333333333,0.625
2448,cut,on,83,0.3333333333333333,0.5
2449,cut,you,83,NA,NA
2450,cut,shave,84,0.5,0.8571428571428571
2451,cut,short,85,0.3333333333333333,0.631578947368421
2452,cut,blowing,85,0.3333333333333333,0.5
2453,cut,shuffle,86,0.5,0.8888888888888888
2454,cut,slicing,87,0.5,0.9565217391304348
2455,cut,"slicing,",88,NA,NA
2456,cut,whittling,88,0.5,0.8571428571428571
2457,cut,smokker,89,NA,NA
2458,cut,run,89,0.5,0.7619047619047619
2459,cut,sneak,90,0.3333333333333333,0.5
2460,cut,snipping,91,0.5,0.8571428571428571
2461,cut,snipping,92,0.5,0.8571428571428571
2462,cut,or,92,0.1,0.5263157894736842
2463,cut,cutting,92,1.0,1.0
2464,cut,snoaring,93,NA,NA
2465,cut,snoozing,94,0.125,0.2222222222222222
2466,cut,imitation,94,0.3333333333333333,0.6153846153846154
2467,cut,snoring,95,0.25,0.4
2468,cut,snort,96,0.25,0.5
2469,cut,soda,97,0.1,0.4
2470,cut,popping,97,0.3333333333333333,0.6666666666666666
2471,cut,something,98,NA,NA
2472,cut,dashing,98,0.3333333333333333,0.5
2473,cut,fast,98,0.3333333333333333,0.6
2474,cut,spray,99,0.25,0.5882352941176471
2475,cut,spray,100,0.25,0.5882352941176471
2476,cut,bottle,100,0.2,0.5555555555555556
2477,cut,spraying,101,0.25,0.6666666666666666
2478,cut,strange,102,0.3333333333333333,0.5
2479,cut,high,102,0.3333333333333333,0.5263157894736842
2480,cut,sounds,102,0.3333333333333333,0.6666666666666666
2481,cut,stressed,103,0.3333333333333333,0.5
2482,cut,"stuffy,",104,NA,NA
2483,cut,congested,104,0.3333333333333333,0.5
2484,cut,sucking,105,0.3333333333333333,0.5
2485,cut,sound,105,0.3333333333333333,0.6666666666666666
2486,cut,sweeping,106,0.3333333333333333,0.6666666666666666
2487,cut,swipe,107,0.3333333333333333,0.9090909090909091
2488,cut,tak,108,NA,NA
2489,cut,tsk,108,0.25,0.4
2490,cut,tsk,108,0.25,0.4
2491,cut,tee,109,0.25,0.5555555555555556
2492,cut,ticking,110,0.2,0.625
2493,cut,ticking,111,0.2,0.625
2494,cut,time,111,0.25,0.5454545454545454
2495,cut,tik,112,NA,NA
2496,cut,tok,112,NA,NA
2497,cut,tiniest,113,0.3333333333333333,0.5
2498,cut,wooden,113,0.3333333333333333,0.5
2499,cut,sword,113,0.1,0.5263157894736842
2500,cut,sounds,113,0.3333333333333333,0.6666666666666666
2501,cut,tired,114,0.3333333333333333,0.5
2502,cut,tiredness,115,0.14285714285714285,0.5714285714285714
2503,cut,"tiredness,",116,NA,NA
2504,cut,physical,116,0.3333333333333333,0.5
2505,cut,effort,116,0.16666666666666666,0.7058823529411765
2506,cut,to,117,NA,NA
2507,cut,spit,117,0.25,0.5882352941176471
2508,cut,train,118,0.25,0.5882352941176471
2509,cut,trouble,119,0.25,0.6666666666666666
2510,cut,"breathing,",119,NA,NA
2511,cut,pug,119,0.08333333333333333,0.42105263157894735
2512,cut,tsikitsikitsiki,120,NA,NA
2513,cut,tsk,121,0.25,0.4
2514,cut,tsk,121,0.25,0.4
2515,cut,tsk,121,0.25,0.4
2516,cut,tsuk,122,NA,NA
2517,cut,tsuk,122,NA,NA
2518,cut,typping,123,NA,NA
2519,cut,upbeat,124,0.3333333333333333,0.5
2520,cut,vocal,125,0.3333333333333333,0.6666666666666666
2521,cut,exercise,125,0.3333333333333333,0.7058823529411765
2522,cut,walk,126,0.25,0.7619047619047619
2523,cut,weird,127,0.3333333333333333,0.5
2524,cut,women’s,128,NA,NA
2525,cut,ticking,128,0.2,0.625
2526,cut,writing,129,0.5,0.8888888888888888
2527,cut,about,130,0.3333333333333333,0.5
2528,cut,to,130,NA,NA
2529,cut,spit,130,0.25,0.5882352941176471
2530,cut,adhesive,131,0.3333333333333333,0.5
2531,cut,tape,131,0.5,0.9090909090909091
2532,cut,adults,132,0.125,0.47058823529411764
2533,cut,talking,132,0.25,0.6666666666666666
2534,cut,child,132,0.125,0.47058823529411764
2535,cut,aggressive,133,0.3333333333333333,0.5
2536,cut,anger,134,0.25,0.6
2537,cut,"anger,",135,NA,NA
2538,cut,agitated,135,0.3333333333333333,0.5
2539,cut,angry,136,0.3333333333333333,0.5
2540,cut,angry,137,0.3333333333333333,0.5
2541,cut,cat,137,0.2,0.5714285714285714
2542,cut,angry,138,0.3333333333333333,0.5
2543,cut,dog,138,0.25,0.8
2544,cut,anxious,139,0.3333333333333333,0.5
2545,cut,"anxious,",140,NA,NA
2546,cut,stressed,140,0.3333333333333333,0.5
2547,cut,argument,141,0.14285714285714285,0.5714285714285714
2548,cut,asmr,142,NA,NA
2549,cut,attention,143,0.14285714285714285,0.6666666666666666
2550,cut,barking,144,0.25,0.6
2551,cut,beat,145,0.3333333333333333,0.7
2552,cut,beat,146,0.3333333333333333,0.7
2553,cut,box,146,0.3333333333333333,0.6666666666666666
2554,cut,beatboxing,147,NA,NA
2555,cut,bicycle,148,0.16666666666666666,0.5555555555555556
2556,cut,pump,148,0.25,0.6
2557,cut,bird,149,0.3333333333333333,0.8571428571428571
2558,cut,bored,150,0.5,0.8571428571428571
2559,cut,bottle,151,0.2,0.5555555555555556
2560,cut,breathe,152,0.3333333333333333,0.7272727272727273
2561,cut,hard,152,0.3333333333333333,0.5
2562,cut,breathe,153,0.3333333333333333,0.7272727272727273
2563,cut,heavily,153,0.3333333333333333,0.5
2564,cut,breathing,154,0.3333333333333333,0.7272727272727273
2565,cut,loudly,154,0.3333333333333333,0.5
2566,cut,breathing,155,0.3333333333333333,0.7272727272727273
2567,cut,problem,155,0.14285714285714285,0.5714285714285714
2568,cut,breathless,156,0.3333333333333333,0.5
2569,cut,broken,157,0.3333333333333333,0.8
2570,cut,buldog,158,NA,NA
2571,cut,burd,159,NA,NA
2572,cut,call,160,0.3333333333333333,0.7272727272727273
2573,cut,calling,161,0.3333333333333333,0.7272727272727273
2574,cut,a,161,0.1,0.375
2575,cut,cat,161,0.2,0.5714285714285714
2576,cut,camera,162,0.1111111111111111,0.5555555555555556
2577,cut,can,163,0.25,0.5882352941176471
2578,cut,open,163,0.3333333333333333,0.5
2579,cut,can,164,0.25,0.5882352941176471
2580,cut,opener,164,0.125,0.5263157894736842
2581,cut,can't,165,NA,NA
2582,cut,breath,165,0.14285714285714285,0.5714285714285714
2583,cut,cannot,166,NA,NA
2584,cut,breathe,166,0.3333333333333333,0.7272727272727273
2585,cut,cat,167,0.2,0.5714285714285714
2586,cut,loud,167,0.3333333333333333,0.5
2587,cut,purring,167,0.2,0.3333333333333333
2588,cut,chachacho,168,NA,NA
2589,cut,chocking,169,0.25,0.4
2590,cut,chop,170,0.5,0.9333333333333333
2591,cut,chopping,171,0.5,0.8571428571428571
2592,cut,"chu,",172,NA,NA
2593,cut,"chu,",172,NA,NA
2594,cut,"chu,",172,NA,NA
2595,cut,chu,172,NA,NA
2596,cut,clack,173,0.25,0.6
2597,cut,clakc,173,NA,NA
2598,cut,clack,173,0.25,0.6
2599,cut,cleaning,174,0.3333333333333333,0.7
2600,cut,clear,175,0.3333333333333333,0.5555555555555556
2601,cut,throat,175,0.16666666666666666,0.7058823529411765
2602,cut,click,176,0.3333333333333333,0.5555555555555556
2603,cut,clicker,177,NA,NA
2604,cut,or,177,0.1,0.5263157894736842
2605,cut,puncher,177,0.1111111111111111,0.5555555555555556
2606,cut,clicking,178,0.3333333333333333,0.5
2607,cut,clicking,179,0.3333333333333333,0.5
2608,cut,tongue,179,0.25,0.8
2609,cut,clock,180,0.16666666666666666,0.5454545454545454
2610,cut,clock,181,0.16666666666666666,0.5454545454545454
2611,cut,ticking,181,0.2,0.625
2612,cut,critter,182,0.1,0.47058823529411764
2613,cut,cut,183,1.0,1.0
2614,cut,cut,184,1.0,1.0
2615,cut,wood,184,0.125,0.5263157894736842
2616,cut,cutting,185,1.0,1.0
2617,cut,cutting,186,1.0,1.0
2618,cut,leaves,186,0.3333333333333333,0.625
2619,cut,cutting,187,1.0,1.0
2620,cut,noise,187,0.2,0.5714285714285714
2621,cut,cutting,188,1.0,1.0
2622,cut,paper,188,0.25,0.7142857142857143
2623,cut,cutting,189,1.0,1.0
2624,cut,sound,189,0.3333333333333333,0.6666666666666666
2625,cut,cutting,190,1.0,1.0
2626,cut,with,190,NA,NA
2627,cut,saw,190,0.5,0.8571428571428571
2628,cut,cutting,191,1.0,1.0
2629,cut,wood,191,0.125,0.5263157894736842
2630,cut,cyk,192,NA,NA
2631,cut,cyk,192,NA,NA
2632,cut,desperate,193,0.3333333333333333,0.5
2633,cut,dialing,194,0.2,0.6
2634,cut,difficult,195,0.3333333333333333,0.5
2635,cut,dip,196,0.25,0.5714285714285714
2636,cut,dip,196,0.25,0.5714285714285714
2637,cut,dip,196,0.25,0.5714285714285714
2638,cut,dip,196,0.25,0.5714285714285714
2639,cut,disappointed,197,0.3333333333333333,0.5
2640,cut,disapprove,198,0.2,0.3333333333333333
2641,cut,dj'ing,199,NA,NA
2642,cut,do,200,0.5,0.5714285714285714
2643,cut,it,200,0.09090909090909091,0.4
2644,cut,like,200,0.3333333333333333,0.5
2645,cut,this,200,NA,NA
2646,cut,dog,201,0.25,0.8
2647,cut,breathing,201,0.3333333333333333,0.7272727272727273
2648,cut,dog,202,0.25,0.8
2649,cut,impression,202,0.125,0.631578947368421
2650,cut,dog,203,0.25,0.8
2651,cut,sounds,203,0.3333333333333333,0.6666666666666666
2652,cut,don't,204,NA,NA
2653,cut,know,204,0.3333333333333333,0.5263157894736842
2654,cut,drinking,205,0.25,0.5714285714285714
2655,cut,drums,206,0.2,0.5555555555555556
2656,cut,eat,207,0.25,0.4
2657,cut,eating,208,0.25,0.4
2658,cut,empty,209,0.3333333333333333,0.5882352941176471
2659,cut,water,209,0.25,0.625
2660,cut,gun,209,0.2,0.5555555555555556
2661,cut,erasing,210,0.25,0.4
2662,cut,with,210,NA,NA
2663,cut,rubber,210,0.3333333333333333,0.5555555555555556
2664,cut,"excited,",211,NA,NA
2665,cut,tired,211,0.3333333333333333,0.5
2666,cut,exercising,212,0.3333333333333333,0.6
2667,cut,exertion,213,0.125,0.631578947368421
2668,cut,exhaustion,214,0.25,0.8571428571428571
2669,cut,faster,215,0.3333333333333333,0.5
2670,cut,ficfiuctick,216,NA,NA
2671,cut,fire,217,0.3333333333333333,0.631578947368421
2672,cut,firing,218,0.3333333333333333,0.8
2673,cut,the,218,NA,NA
2674,cut,lighter?,218,NA,NA
2675,cut,flick,219,0.3333333333333333,0.5882352941176471
2676,cut,flickering,220,0.3333333333333333,0.5
2677,cut,flicking,221,0.3333333333333333,0.4
2678,cut,pages,221,0.25,0.42105263157894735
2679,cut,flint,222,0.3333333333333333,0.5
2680,cut,and,222,NA,NA
2681,cut,steel,222,0.25,0.5555555555555556
2682,cut,follow,223,0.3333333333333333,0.5
2683,cut,me,223,0.08333333333333333,0.3157894736842105
2684,cut,frikitfrikitfrikit,224,NA,NA
2685,cut,fumigate,225,0.2,0.2857142857142857
2686,cut,gasping,226,0.16666666666666666,0.2857142857142857
2687,cut,get,227,0.5,0.8333333333333334
2688,cut,back,227,0.3333333333333333,0.631578947368421
2689,cut,gggagggagga,228,NA,NA
2690,cut,giving,229,0.3333333333333333,0.6666666666666666
2691,cut,cards,229,0.2,0.6666666666666666
2692,cut,go,230,0.5,0.6666666666666666
2693,cut,away,230,0.3333333333333333,0.5
2694,cut,grater,231,0.1,0.5263157894736842
2695,cut,grunt,232,0.25,0.5
2696,cut,grunting,233,0.25,0.4
2697,cut,grunting,234,0.25,0.4
2698,cut,mad,234,0.3333333333333333,0.5
2699,cut,gunfire,235,0.125,0.5882352941176471
2700,cut,guttural,236,0.3333333333333333,0.5
2701,cut,sound,236,0.3333333333333333,0.6666666666666666
2702,cut,hacksaw,237,0.09090909090909091,0.5
2703,cut,heaving,238,0.3333333333333333,0.7619047619047619
2704,cut,heavy,239,0.3333333333333333,0.6
2705,cut,breathing,239,0.3333333333333333,0.7272727272727273
2706,cut,hiss,240,0.25,0.6
2707,cut,hit,241,0.5,0.8
2708,cut,smthing,241,NA,NA
2709,cut,hog,242,0.2,0.4
2710,cut,hoherhoherhah,243,NA,NA
2711,cut,horse,244,0.16666666666666666,0.5555555555555556
2712,cut,huh-ah,245,NA,NA
2713,cut,huh-ah,245,NA,NA
2714,cut,huh,245,NA,NA
2715,cut,hurry,246,0.25,0.8
2716,cut,hurts,247,0.3333333333333333,0.9
2717,cut,huuu,248,NA,NA
2718,cut,aa,248,0.1111111111111111,0.375
2719,cut,huuu,248,NA,NA
2720,cut,aa,248,0.1111111111111111,0.375
2721,cut,huuu,248,NA,NA
2722,cut,i,249,0.3333333333333333,0.5
2723,cut,dont,249,NA,NA
2724,cut,know,249,0.3333333333333333,0.5263157894736842
2725,cut,impatient,250,0.3333333333333333,0.5
2726,cut,inflator,251,0.08333333333333333,0.47619047619047616
2727,cut,irrigation,252,0.14285714285714285,0.6666666666666666
2728,cut,systems,252,0.16666666666666666,0.625
2729,cut,jajajaoh,253,NA,NA
2730,cut,kgokgokgo,254,NA,NA
2731,cut,khu,255,NA,NA
2732,cut,khu,255,NA,NA
2733,cut,khu,255,NA,NA
2734,cut,knock,256,0.2,0.6666666666666666
2735,cut,knocking,257,0.2,0.5333333333333333
2736,cut,lags,258,0.25,0.5882352941176471
2737,cut,leafes,259,0.3333333333333333,0.6666666666666666
2738,cut,light,260,0.3333333333333333,0.5882352941176471
2739,cut,a,260,0.1,0.375
2740,cut,match,260,0.3333333333333333,0.6666666666666666
2741,cut,light,261,0.3333333333333333,0.5882352941176471
2742,cut,brushes,261,0.3333333333333333,0.631578947368421
2743,cut,against,261,NA,NA
2744,cut,a,261,0.1,0.375
2745,cut,smooth,261,0.3333333333333333,0.6666666666666666
2746,cut,surface,261,0.3333333333333333,0.6666666666666666
2747,cut,lighter,262,0.3333333333333333,0.5882352941176471
2748,cut,lighter,263,0.3333333333333333,0.5882352941176471
2749,cut,flicker,263,0.25,0.7368421052631579
2750,cut,lighter,264,0.3333333333333333,0.5882352941176471
2751,cut,sound,264,0.3333333333333333,0.6666666666666666
2752,cut,lighting,265,0.25,0.8
2753,cut,a,265,0.1,0.375
2754,cut,lighter,265,0.3333333333333333,0.5882352941176471
2755,cut,lighting,266,0.25,0.8
2756,cut,fire,266,0.3333333333333333,0.631578947368421
2757,cut,lip,267,0.1111111111111111,0.5555555555555556
2758,cut,sound,267,0.3333333333333333,0.6666666666666666
2759,cut,make,268,0.5,0.6666666666666666
2760,cut,fun,268,0.16666666666666666,0.7058823529411765
2761,cut,make,269,0.5,0.6666666666666666
2762,cut,the,269,NA,NA
2763,cut,tip,269,0.25,0.6153846153846154
2764,cut,making,270,0.5,0.6666666666666666
2765,cut,pig,270,0.25,0.5882352941176471
2766,cut,matches,271,0.3333333333333333,0.6666666666666666
2767,cut,mmrmmr,272,NA,NA
2768,cut,mouse,273,0.25,0.8181818181818182
2769,cut,mouse,274,0.25,0.8181818181818182
2770,cut,eating,274,0.25,0.4
2771,cut,mouth,275,0.25,0.6666666666666666
2772,cut,sounds,275,0.3333333333333333,0.6666666666666666
2773,cut,moving,276,0.5,0.5
2774,cut,things,276,0.25,0.7058823529411765
2775,cut,music?,277,NA,NA
2776,cut,negation,278,0.16666666666666666,0.6153846153846154
2777,cut,noise,279,0.2,0.5714285714285714
2778,cut,with,279,NA,NA
2779,cut,teeth,279,0.125,0.5882352941176471
2780,cut,nose,280,0.25,0.5882352941176471
2781,cut,check,280,0.5,0.9090909090909091
2782,cut,nothing,281,0.3333333333333333,0.5
2783,cut,open,282,0.3333333333333333,0.5
2784,cut,open,283,0.3333333333333333,0.5
2785,cut,can,283,0.25,0.5882352941176471
2786,cut,open,284,0.3333333333333333,0.5
2787,cut,something,284,NA,NA
2788,cut,opening,285,0.5,0.9473684210526315
2789,cut,a,285,0.1,0.375
2790,cut,can,285,0.25,0.5882352941176471
2791,cut,opening,286,0.5,0.9473684210526315
2792,cut,bottle,286,0.2,0.5555555555555556
2793,cut,opening,287,0.5,0.9473684210526315
2794,cut,can,287,0.25,0.5882352941176471
2795,cut,opening,288,0.5,0.9473684210526315
2796,cut,sodas,288,0.1,0.4
2797,cut,openning,289,NA,NA
2798,cut,cans,289,0.25,0.5882352941176471
2799,cut,out,290,0.3333333333333333,0.5882352941176471
2800,cut,of,290,NA,NA
2801,cut,breath,290,0.14285714285714285,0.5714285714285714
2802,cut,paging,291,0.25,0.5333333333333333
2803,cut,panic,292,0.25,0.5263157894736842
2804,cut,panting,293,0.25,0.625
2805,cut,patting,294,0.2,0.3333333333333333
2806,cut,something,294,NA,NA
2807,cut,pay,295,0.3333333333333333,0.6666666666666666
2808,cut,attention,295,0.14285714285714285,0.6666666666666666
2809,cut,peeling,296,0.2,0.3333333333333333
2810,cut,pft,297,NA,NA
2811,cut,pft,297,NA,NA
2812,cut,pft,297,NA,NA
2813,cut,noise,297,0.2,0.5714285714285714
2814,cut,(like,297,NA,NA
2815,cut,flicking,297,0.3333333333333333,0.4
2816,cut,something),297,NA,NA
2817,cut,pig,298,0.25,0.5882352941176471
2818,cut,pig,299,0.25,0.5882352941176471
2819,cut,grunt,299,0.25,0.5
2820,cut,pig,300,0.25,0.5882352941176471
2821,cut,snorting,300,0.25,0.4
2822,cut,pig,301,0.25,0.5882352941176471
2823,cut,sound,301,0.3333333333333333,0.6666666666666666
2824,cut,play,302,0.3333333333333333,0.9
2825,cut,guns,302,0.2,0.5555555555555556
2826,cut,playing,303,0.3333333333333333,0.7058823529411765
2827,cut,point,304,0.3333333333333333,0.6153846153846154
2828,cut,this,304,NA,NA
2829,cut,ptptptpt,305,NA,NA
2830,cut,pupping,306,0.2,0.2857142857142857
2831,cut,tires,306,0.3333333333333333,0.5555555555555556
2832,cut,quick,307,0.3333333333333333,0.5
2833,cut,quick,308,0.3333333333333333,0.5
2834,cut,steps,308,0.5,0.9333333333333333
2835,cut,r,309,0.125,0.4
2836,cut,rru,309,NA,NA
2837,cut,repeated,310,0.3333333333333333,0.5454545454545454
2838,cut,sound,310,0.3333333333333333,0.6666666666666666
2839,cut,roa,311,NA,NA
2840,cut,roa,311,NA,NA
2841,cut,roa,311,NA,NA
2842,cut,running,312,0.5,0.7619047619047619
2843,cut,saw,313,0.5,0.8571428571428571
2844,cut,sawing,314,0.5,0.8571428571428571
2845,cut,scared,315,0.3333333333333333,0.5
2846,cut,breathing,315,0.3333333333333333,0.7272727272727273
2847,cut,scary,316,0.3333333333333333,0.5
2848,cut,panting,316,0.25,0.625
2849,cut,schllk,317,NA,NA
2850,cut,schllk,317,NA,NA
2851,cut,schllk,317,NA,NA
2852,cut,(shears),317,NA,NA
2853,cut,scissor,318,0.5,0.8571428571428571
2854,cut,scissors,319,0.5,0.8571428571428571
2855,cut,scissors,320,0.5,0.8571428571428571
2856,cut,cutting,320,1.0,1.0
2857,cut,scrape,321,0.3333333333333333,0.9090909090909091
2858,cut,scrape,322,0.3333333333333333,0.9090909090909091
2859,cut,something,322,NA,NA
2860,cut,scraping,323,0.3333333333333333,0.75
2861,cut,scratch,324,0.3333333333333333,0.9090909090909091
2862,cut,scratching,325,0.3333333333333333,0.75
2863,cut,scratching,326,0.3333333333333333,0.75
2864,cut,a,326,0.1,0.375
2865,cut,match,326,0.3333333333333333,0.6666666666666666
2866,cut,scrath,327,NA,NA
2867,cut,scratch,327,0.3333333333333333,0.9090909090909091
2868,cut,scrubbing,328,0.3333333333333333,0.6666666666666666
2869,cut,see-sawing,329,NA,NA
2870,cut,something,329,NA,NA
2871,cut,shake,330,0.3333333333333333,0.7
2872,cut,shaking,331,0.3333333333333333,0.7
2873,cut,something,331,NA,NA
2874,cut,"sharp,",332,NA,NA
2875,cut,cutting,332,1.0,1.0
2876,cut,sharpening,333,0.3333333333333333,0.5
2877,cut,shaving,334,0.5,0.8571428571428571
2878,cut,shh,335,NA,NA
2879,cut,shh,335,NA,NA
2880,cut,shh,335,NA,NA
2881,cut,sh,335,NA,NA
2882,cut,shootgun,336,NA,NA
2883,cut,shotgun,337,0.08333333333333333,0.47619047619047616
2884,cut,reload,337,0.2,0.2857142857142857
2885,cut,shwoosing,338,NA,NA
2886,cut,sick,339,0.3333333333333333,0.5
2887,cut,sigh,340,0.25,0.5333333333333333
2888,cut,silence,341,0.14285714285714285,0.5882352941176471
2889,cut,silent?,342,NA,NA
2890,cut,sleep,343,0.25,0.6666666666666666
2891,cut,sleeping,344,0.3333333333333333,0.631578947368421
2892,cut,slice,345,1.0,1.0
2893,cut,snap,346,0.3333333333333333,0.7368421052631579
2894,cut,snarfl,347,NA,NA
2895,cut,snarfl,347,NA,NA
2896,cut,sneezing,348,0.2,0.42105263157894735
2897,cut,snip,349,0.5,0.9565217391304348
2898,cut,"snip,",350,NA,NA
2899,cut,cut,350,1.0,1.0
2900,cut,snore,351,0.25,0.5
2901,cut,snoring,352,0.25,0.4
2902,cut,snoring,353,0.25,0.4
2903,cut,fast,353,0.3333333333333333,0.6
2904,cut,track,353,1.0,1.0
2905,cut,snoring,354,0.25,0.4
2906,cut,loud,354,0.3333333333333333,0.5
2907,cut,snort,355,0.25,0.5
2908,cut,snort,356,0.25,0.5
2909,cut,or,356,0.1,0.5263157894736842
2910,cut,snore,356,0.25,0.5
2911,cut,snort,357,0.25,0.5
2912,cut,snort,357,0.25,0.5
2913,cut,snort,357,0.25,0.5
2914,cut,snorting,358,0.25,0.4
2915,cut,snorting,359,0.25,0.4
2916,cut,dog,359,0.25,0.8
2917,cut,soda,360,0.1,0.4
2918,cut,soda,361,0.1,0.4
2919,cut,can,361,0.25,0.5882352941176471
2920,cut,opening,361,0.5,0.9473684210526315
2921,cut,sound,362,0.3333333333333333,0.6666666666666666
2922,cut,sound,363,0.3333333333333333,0.6666666666666666
2923,cut,from,363,NA,NA
2924,cut,a,363,0.1,0.375
2925,cut,boar,363,0.058823529411764705,0.3333333333333333
2926,cut,spider,364,0.1,0.47058823529411764
2927,cut,spitting,365,0.25,0.5882352941176471
2928,cut,splashing,366,0.3333333333333333,0.7
2929,cut,spray,367,0.25,0.5882352941176471
2930,cut,spray,368,0.25,0.5882352941176471
2931,cut,bottle,368,0.2,0.5555555555555556
2932,cut,spraying,369,0.25,0.6666666666666666
2933,cut,sprinkler,370,0.1,0.5263157894736842
2934,cut,squirrel,371,0.08333333333333333,0.36363636363636365
2935,cut,stamps,372,0.25,0.6666666666666666
2936,cut,staple,373,0.3333333333333333,0.625
2937,cut,stapling,374,0.16666666666666666,0.2857142857142857
2938,cut,start,375,0.3333333333333333,0.7368421052631579
2939,cut,a,375,0.1,0.375
2940,cut,fire,375,0.3333333333333333,0.631578947368421
2941,cut,step,376,0.5,0.9333333333333333
2942,cut,steps,377,0.5,0.9333333333333333
2943,cut,struggling,378,0.3333333333333333,0.5
2944,cut,suq...suq...suqe,379,NA,NA
2945,cut,sweep,380,0.3333333333333333,0.7368421052631579
2946,cut,swiping,381,0.3333333333333333,0.6666666666666666
2947,cut,swiping,382,0.3333333333333333,0.6666666666666666
2948,cut,the,382,NA,NA
2949,cut,air,382,0.3333333333333333,0.7619047619047619
2950,cut,swoosh,383,0.2,0.5
2951,cut,take,384,0.3333333333333333,0.7272727272727273
2952,cut,notice,384,0.3333333333333333,0.6666666666666666
2953,cut,taking,385,0.3333333333333333,0.7272727272727273
2954,cut,taking,386,0.3333333333333333,0.7272727272727273
2955,cut,deep,386,0.3333333333333333,0.5
2956,cut,breathes,386,0.3333333333333333,0.7272727272727273
2957,cut,taking,387,0.3333333333333333,0.7272727272727273
2958,cut,photos,387,0.125,0.5882352941176471
2959,cut,tapping,388,0.5,0.8571428571428571
2960,cut,territory,389,0.125,0.42105263157894735
2961,cut,mark,389,0.3333333333333333,0.7272727272727273
2962,cut,th,390,0.1111111111111111,0.42857142857142855
2963,cut,th,390,0.1111111111111111,0.42857142857142855
2964,cut,th,390,0.1111111111111111,0.42857142857142855
2965,cut,th,390,0.1111111111111111,0.42857142857142855
2966,cut,thck,391,NA,NA
2967,cut,thck,391,NA,NA
2968,cut,thck,391,NA,NA
2969,cut,throat,392,0.16666666666666666,0.7058823529411765
2970,cut,clearing,392,0.3333333333333333,0.7
2971,cut,tic,393,0.08333333333333333,0.38095238095238093
2972,cut,tic,393,0.08333333333333333,0.38095238095238093
2973,cut,tic,393,0.08333333333333333,0.38095238095238093
2974,cut,tick,394,0.2,0.5555555555555556
2975,cut,tick,395,0.2,0.5555555555555556
2976,cut,tick,395,0.2,0.5555555555555556
2977,cut,ticking,396,0.2,0.625
2978,cut,ticking,397,0.2,0.625
2979,cut,clock,397,0.16666666666666666,0.5454545454545454
2980,cut,tik,398,NA,NA
2981,cut,tok,398,NA,NA
2982,cut,sound,398,0.3333333333333333,0.6666666666666666
2983,cut,time,399,0.25,0.5454545454545454
2984,cut,tik,399,NA,NA
2985,cut,tiping,400,0.25,0.46153846153846156
2986,cut,on,400,0.3333333333333333,0.5
2987,cut,computer,400,0.1111111111111111,0.5555555555555556
2988,cut,tipping,401,0.25,0.46153846153846156
2989,cut,tired,402,0.3333333333333333,0.5
2990,cut,tired,403,0.3333333333333333,0.5
2991,cut,dog,403,0.25,0.8
2992,cut,tired,404,0.3333333333333333,0.5
2993,cut,from,404,NA,NA
2994,cut,running,404,0.5,0.7619047619047619
2995,cut,tiredness,405,0.14285714285714285,0.5714285714285714
2996,cut,tishp,406,NA,NA
2997,cut,tishp,406,NA,NA
2998,cut,tishp,406,NA,NA
2999,cut,to,407,NA,NA
3000,cut,cancel,407,0.3333333333333333,0.6666666666666666
3001,cut,to,408,NA,NA
3002,cut,cut,408,1.0,1.0
3003,cut,towards,409,NA,NA
3004,cut,pig,409,0.25,0.5882352941176471
3005,cut,train,410,0.25,0.5882352941176471
3006,cut,train,411,0.25,0.5882352941176471
3007,cut,rolling,411,0.3333333333333333,0.6666666666666666
3008,cut,along,411,0.3333333333333333,0.5
3009,cut,try,412,0.25,0.7058823529411765
3010,cut,harder,412,0.3333333333333333,0.5
3011,cut,tsc,413,NA,NA
3012,cut,tsc,413,NA,NA
3013,cut,tschtschtsch,414,NA,NA
3014,cut,tshe,415,NA,NA
3015,cut,tshe,415,NA,NA
3016,cut,thshe,415,NA,NA
3017,cut,tshe,415,NA,NA
3018,cut,tsk,416,0.25,0.4
3019,cut,tsk,416,0.25,0.4
3020,cut,tsk,416,0.25,0.4
3021,cut,tsk,417,0.25,0.4
3022,cut,tsk,417,0.25,0.4
3023,cut,tsk,417,0.25,0.4
3024,cut,tsk,417,0.25,0.4
3025,cut,tsk-uh,418,NA,NA
3026,cut,tsk-uh,418,NA,NA
3027,cut,tsk-uh,418,NA,NA
3028,cut,tsking,419,0.25,0.4
3029,cut,sounds,419,0.3333333333333333,0.6666666666666666
3030,cut,tsktsktsk,420,NA,NA
3031,cut,tssk,421,NA,NA
3032,cut,tssk,421,NA,NA
3033,cut,tssk,421,NA,NA
3034,cut,tsssk,422,NA,NA
3035,cut,tssk,422,NA,NA
3036,cut,tssk,422,NA,NA
3037,cut,tuc,423,NA,NA
3038,cut,turning,424,0.5,0.8
3039,cut,turning,425,0.5,0.8
3040,cut,cigarette,425,0.08333333333333333,0.35294117647058826
3041,cut,lighter,425,0.3333333333333333,0.5882352941176471
3042,cut,tututu,426,NA,NA
3043,cut,typing,427,0.3333333333333333,0.8
3044,cut,tzack,428,NA,NA
3045,cut,tzack,428,NA,NA
3046,cut,tzack,428,NA,NA
3047,cut,upset,429,0.3333333333333333,0.7
3048,cut,walk,430,0.25,0.7619047619047619
3049,cut,walked,431,0.25,0.5714285714285714
3050,cut,walking,432,0.3333333333333333,0.7619047619047619
3051,cut,weariness,433,0.14285714285714285,0.5714285714285714
3052,cut,weird,434,0.3333333333333333,0.5
3053,cut,breathing,434,0.3333333333333333,0.7272727272727273
3054,cut,exercise,434,0.3333333333333333,0.7058823529411765
3055,cut,wheeze,435,0.25,0.4
3056,cut,whittling,436,0.5,0.8571428571428571
3057,cut,winding,437,0.3333333333333333,0.7
3058,cut,up,437,0.3333333333333333,0.5
3059,cut,wiping,438,0.2,0.3333333333333333
3060,cut,shoes,438,0.16666666666666666,0.5882352941176471
3061,cut,wood,439,0.125,0.5263157894736842
3062,cut,carving,439,0.5,0.8571428571428571
3063,cut,wood,440,0.125,0.5263157894736842
3064,cut,cutting,440,1.0,1.0
3065,cut,woodcutting,441,NA,NA
3066,cut,work,442,0.5,0.7058823529411765
3067,cut,working,443,0.5,0.7058823529411765
3068,cut,with,443,NA,NA
3069,cut,tool,443,0.2,0.5882352941176471
3070,cut,writing,444,0.5,0.8888888888888888
3071,cut,zak,445,NA,NA
3072,cut,zak,445,NA,NA
3073,cut,zipping,446,0.25,0.4
3074,cut,up,446,0.3333333333333333,0.5
3075,cut,“over,447,NA,NA
3076,cut,here!”,447,NA,NA
3077,cut,,448,0.16666666666666666,0.6666666666666666
3078,deer,;laugh,1,NA,NA
3079,deer,activating,2,0.058823529411764705,0.1111111111111111
3080,deer,some,2,0.058823529411764705,0.1111111111111111
3081,deer,buttons,2,0.07142857142857142,0.38095238095238093
3082,deer,agggg,3,NA,NA
3083,deer,ahahaha,4,NA,NA
3084,deer,tr,4,NA,NA
3085,deer,tr,4,NA,NA
3086,deer,tr,4,NA,NA
3087,deer,ahahaha,5,NA,NA
3088,deer,trk,5,NA,NA
3089,deer,trk,5,NA,NA
3090,deer,trk,5,NA,NA
3091,deer,alarm,6,0.0625,0.34782608695652173
3092,deer,clock,6,0.05263157894736842,0.3076923076923077
3093,deer,animal,7,0.1111111111111111,0.6363636363636364
3094,deer,sound,7,0.058823529411764705,0.2
3095,deer,animal,8,0.1111111111111111,0.6363636363636364
3096,deer,sounds,8,0.058823529411764705,0.2
3097,deer,annoyed,9,0.058823529411764705,0.1111111111111111
3098,deer,"attention,",10,NA,NA
3099,deer,quiet,10,0.058823529411764705,0.15384615384615385
3100,deer,awkward,11,0.058823529411764705,0.1111111111111111
3101,deer,but,11,0.058823529411764705,0.1111111111111111
3102,deer,funny,11,0.058823529411764705,0.1111111111111111
3103,deer,beat,12,0.07142857142857142,0.48
3104,deer,box,12,0.06666666666666667,0.46153846153846156
3105,deer,beatbox,13,NA,NA
3106,deer,click,13,0.058823529411764705,0.32
3107,deer,bewildered,14,0.058823529411764705,0.1111111111111111
3108,deer,bored,15,0.058823529411764705,0.1111111111111111
3109,deer,feeling,15,0.058823529411764705,0.1111111111111111
3110,deer,braying,16,0.05555555555555555,0.10526315789473684
3111,deer,broken,17,0.058823529411764705,0.1111111111111111
3112,deer,calling,18,0.058823529411764705,0.1111111111111111
3113,deer,cow,19,0.16666666666666666,0.8484848484848485
3114,deer,click,20,0.058823529411764705,0.32
3115,deer,click,21,0.058823529411764705,0.32
3116,deer,sound,21,0.058823529411764705,0.2
3117,deer,clicking,22,0.058823529411764705,0.1111111111111111
3118,deer,clicking,23,0.058823529411764705,0.1111111111111111
3119,deer,tongue,23,0.0625,0.34782608695652173
3120,deer,"clicking,",24,NA,NA
3121,deer,dolphin,24,0.1,0.7096774193548387
3122,deer,clock,25,0.05263157894736842,0.3076923076923077
3123,deer,clunk,26,0.05263157894736842,0.1
3124,deer,"clunk,",26,NA,NA
3125,deer,hmm,26,NA,NA
3126,deer,hmm.,26,NA,NA
3127,deer,come,27,0.058823529411764705,0.18181818181818182
3128,deer,with,27,NA,NA
3129,deer,me,27,0.05,0.24
3130,deer,complain,28,0.058823529411764705,0.1111111111111111
3131,deer,cow,29,0.16666666666666666,0.8484848484848485
3132,deer,cow,30,0.16666666666666666,0.8484848484848485
3133,deer,sound,30,0.058823529411764705,0.2
3134,deer,cow's,31,NA,NA
3135,deer,noise,31,0.05263157894736842,0.1
3136,deer,crazy,32,0.06666666666666667,0.46153846153846156
3137,deer,cucla,33,NA,NA
3138,deer,cucla,33,NA,NA
3139,deer,mmm,33,NA,NA
3140,deer,curious,34,0.058823529411764705,0.1111111111111111
3141,deer,horse,34,0.14285714285714285,0.8
3142,deer,danger,35,0.0625,0.2727272727272727
3143,deer,disgust,36,0.05263157894736842,0.1
3144,deer,don't,37,NA,NA
3145,deer,want,37,0.058823529411764705,0.2
3146,deer,to,37,NA,NA
3147,deer,donkey,38,0.125,0.7741935483870968
3148,deer,donkey,39,0.125,0.7741935483870968
3149,deer,bray,39,0.05555555555555555,0.10526315789473684
3150,deer,drinking,40,0.05555555555555555,0.18181818181818182
3151,deer,fear,41,0.058823529411764705,0.1111111111111111
3152,deer,figure,42,0.07142857142857142,0.48
3153,deer,out,42,0.058823529411764705,0.1111111111111111
3154,deer,frustration,43,0.047619047619047616,0.09090909090909091
3155,deer,funny,44,0.058823529411764705,0.1111111111111111
3156,deer,funny,45,0.058823529411764705,0.1111111111111111
3157,deer,laughing,45,0.058823529411764705,0.1111111111111111
3158,deer,feeling,45,0.058823529411764705,0.1111111111111111
3159,deer,funny,46,0.058823529411764705,0.1111111111111111
3160,deer,thing,46,0.07142857142857142,0.38095238095238093
3161,deer,"funny,",47,NA,NA
3162,deer,go,47,0.058823529411764705,0.16666666666666666
3163,deer,away,47,0.058823529411764705,0.1111111111111111
3164,deer,go,48,0.058823529411764705,0.16666666666666666
3165,deer,away,48,0.058823529411764705,0.1111111111111111
3166,deer,"groan,",49,NA,NA
3167,deer,oh,49,0.05,0.24
3168,deer,no,49,0.058823529411764705,0.19047619047619047
3169,deer,horse,50,0.14285714285714285,0.8
3170,deer,ha,51,0.05555555555555555,0.2608695652173913
3171,deer,ha,51,0.05555555555555555,0.2608695652173913
3172,deer,ha,51,0.05555555555555555,0.2608695652173913
3173,deer,hahaha,52,NA,NA
3174,deer,happy,53,0.058823529411764705,0.1111111111111111
3175,deer,and,53,NA,NA
3176,deer,follow,53,0.058823529411764705,0.1111111111111111
3177,deer,hop,54,0.07142857142857142,0.48
3178,deer,hop,54,0.07142857142857142,0.48
3179,deer,horse,55,0.14285714285714285,0.8
3180,deer,horse,56,0.14285714285714285,0.8
3181,deer,neighing,56,0.05555555555555555,0.10526315789473684
3182,deer,horse,57,0.14285714285714285,0.8
3183,deer,trot,57,0.07692307692307693,0.5
3184,deer,horse,58,0.14285714285714285,0.8
3185,deer,"walking,",58,NA,NA
3186,deer,sad,58,0.058823529411764705,0.1111111111111111
3187,deer,animal,58,0.1111111111111111,0.6363636363636364
3188,deer,hurry,59,0.05555555555555555,0.10526315789473684
3189,deer,up,59,0.058823529411764705,0.1111111111111111
3190,deer,hurt,60,0.058823529411764705,0.1111111111111111
3191,deer,i,61,0.058823529411764705,0.19047619047619047
3192,deer,don't,61,NA,NA
3193,deer,want,61,0.058823529411764705,0.2
3194,deer,it,62,0.043478260869565216,0.08333333333333333
3195,deer,hurts,62,0.05555555555555555,0.10526315789473684
3196,deer,joke,63,0.05555555555555555,0.10526315789473684
3197,deer,kinda,64,0.058823529411764705,0.1111111111111111
3198,deer,funny,64,0.058823529411764705,0.1111111111111111
3199,deer,laugh,65,0.05555555555555555,0.10526315789473684
3200,deer,laugh,66,0.05555555555555555,0.10526315789473684
3201,deer,laughing,67,0.058823529411764705,0.1111111111111111
3202,deer,laughing,68,0.058823529411764705,0.1111111111111111
3203,deer,then,68,0.058823529411764705,0.1111111111111111
3204,deer,trch,68,NA,NA
3205,deer,trch,68,NA,NA
3206,deer,trch,68,NA,NA
3207,deer,laughter,69,0.05,0.09523809523809523
3208,deer,let's,70,NA,NA
3209,deer,play,70,0.058823529411764705,0.1111111111111111
3210,deer,male,71,0.1,0.6086956521739131
3211,deer,strange,71,0.058823529411764705,0.1111111111111111
3212,deer,sounds,71,0.058823529411764705,0.2
3213,deer,man,72,0.125,0.7586206896551724
3214,deer,in,72,0.058823529411764705,0.24
3215,deer,jungle,72,0.06666666666666667,0.3
3216,deer,calling,72,0.058823529411764705,0.1111111111111111
3217,deer,someone,72,0.09090909090909091,0.5454545454545454
3218,deer,man,73,0.125,0.7586206896551724
3219,deer,thinks,73,0.058823529411764705,0.1111111111111111
3220,deer,he,73,0.05555555555555555,0.19047619047619047
3221,deer,is,73,0.058823529411764705,0.1111111111111111
3222,deer,a,73,0.047619047619047616,0.16666666666666666
3223,deer,sheep,73,0.25,0.9032258064516129
3224,deer,men’s,74,NA,NA
3225,deer,,74,0.0625,0.4444444444444444
3226,deer,plumcans,74,NA,NA
3227,deer,men’s,75,NA,NA
3228,deer,ooooo,75,NA,NA
3229,deer,message,76,0.05555555555555555,0.10526315789473684
3230,deer,notification,76,0.047619047619047616,0.09090909090909091
3231,deer,moan,77,0.05555555555555555,0.10526315789473684
3232,deer,"moan,",78,NA,NA
3233,deer,pleasure,78,0.05263157894736842,0.18181818181818182
3234,deer,moaning,79,0.05555555555555555,0.10526315789473684
3235,deer,mocking,80,0.058823529411764705,0.1111111111111111
3236,deer,moo,81,0.05555555555555555,0.10526315789473684
3237,deer,mooing,82,0.05555555555555555,0.10526315789473684
3238,deer,mouth,83,0.07142857142857142,0.48
3239,deer,sounds,83,0.058823529411764705,0.2
3240,deer,mowing,84,0.05,0.09523809523809523
3241,deer,noding,85,0.058823529411764705,0.1111111111111111
3242,deer,no,85,0.058823529411764705,0.19047619047619047
3243,deer,owl,86,0.1,0.6666666666666666
3244,deer,pain,87,0.07142857142857142,0.48
3245,deer,ping,88,0.05263157894736842,0.18181818181818182
3246,deer,pong,88,0.04,0.07692307692307693
3247,deer,playful,89,0.058823529411764705,0.1111111111111111
3248,deer,mouth,89,0.07142857142857142,0.48
3249,deer,playful,90,0.058823529411764705,0.1111111111111111
3250,deer,shooting,90,0.05555555555555555,0.10526315789473684
3251,deer,plead,91,0.05,0.09523809523809523
3252,deer,pleasure,92,0.05263157894736842,0.18181818181818182
3253,deer,request,93,0.05263157894736842,0.1
3254,deer,rooster,94,0.08333333333333333,0.6206896551724138
3255,deer,snore,95,0.05555555555555555,0.18181818181818182
3256,deer,sound,96,0.058823529411764705,0.2
3257,deer,satisfaction,97,0.045454545454545456,0.08695652173913043
3258,deer,sex,98,0.05555555555555555,0.19047619047619047
3259,deer,sheep,99,0.25,0.9032258064516129
3260,deer,sheep,100,0.25,0.9032258064516129
3261,deer,baaing,100,0.05555555555555555,0.10526315789473684
3262,deer,sign,101,0.06666666666666667,0.36363636363636365
3263,deer,language,101,0.05555555555555555,0.10526315789473684
3264,deer,alert,101,0.058823529411764705,0.1111111111111111
3265,deer,sleepiness,102,0.05,0.09523809523809523
3266,deer,snoar,103,NA,NA
3267,deer,snore,104,0.05555555555555555,0.18181818181818182
3268,deer,some,105,0.058823529411764705,0.1111111111111111
3269,deer,alarm,105,0.0625,0.34782608695652173
3270,deer,something,106,NA,NA
3271,deer,was,106,0.058823529411764705,0.24
3272,deer,difficult,106,0.058823529411764705,0.1111111111111111
3273,deer,that,107,NA,NA
3274,deer,was,107,0.058823529411764705,0.24
3275,deer,funny,107,0.058823529411764705,0.1111111111111111
3276,deer,to,108,NA,NA
3277,deer,snap,108,0.058823529411764705,0.3333333333333333
3278,deer,tongue,109,0.0625,0.34782608695652173
3279,deer,tongue,110,0.0625,0.34782608695652173
3280,deer,clicking,110,0.058823529411764705,0.1111111111111111
3281,deer,tongue,111,0.0625,0.34782608695652173
3282,deer,clicking,111,0.058823529411764705,0.1111111111111111
3283,deer,and,111,NA,NA
3284,deer,swallow,111,0.09090909090909091,0.6428571428571429
3285,deer,tongue,112,0.0625,0.34782608695652173
3286,deer,clicks,112,0.058823529411764705,0.32
3287,deer,tounge,113,NA,NA
3288,deer,clicks,113,0.058823529411764705,0.32
3289,deer,unwillingness,114,0.047619047619047616,0.09090909090909091
3290,deer,vechicle,115,NA,NA
3291,deer,very,116,0.058823529411764705,0.1111111111111111
3292,deer,funny,116,0.058823529411764705,0.1111111111111111
3293,deer,vibration,117,0.05,0.09523809523809523
3294,deer,walking,118,0.058823529411764705,0.1111111111111111
3295,deer,yelp,119,0.05263157894736842,0.1
3296,deer,you,120,NA,NA
3297,deer,go,120,0.058823529411764705,0.16666666666666666
3298,deer,there,120,0.06666666666666667,0.3
3299,deer,a,121,0.047619047619047616,0.16666666666666666
3300,deer,dog,121,0.125,0.7586206896551724
3301,deer,a,122,0.047619047619047616,0.16666666666666666
3302,deer,horse,122,0.14285714285714285,0.8
3303,deer,stopping,122,0.058823529411764705,0.32
3304,deer,aaaa,123,NA,NA
3305,deer,aaaahhhh,124,NA,NA
3306,deer,gew,124,NA,NA
3307,deer,gew,124,NA,NA
3308,deer,adults,125,0.1,0.6086956521739131
3309,deer,laughing,125,0.058823529411764705,0.1111111111111111
3310,deer,adults,126,0.1,0.6086956521739131
3311,deer,talking,126,0.05,0.09523809523809523
3312,deer,child,126,0.08333333333333333,0.5217391304347826
3313,deer,agony,127,0.045454545454545456,0.08695652173913043
3314,deer,agree,128,0.058823529411764705,0.1111111111111111
3315,deer,aha,129,NA,NA
3316,deer,through,129,0.058823529411764705,0.1111111111111111
3317,deer,through,129,0.058823529411764705,0.1111111111111111
3318,deer,ahaha..,130,NA,NA
3319,deer,horror,130,0.058823529411764705,0.1111111111111111
3320,deer,laughing,130,0.058823529411764705,0.1111111111111111
3321,deer,ahahah,131,NA,NA
3322,deer,troock,131,NA,NA
3323,deer,troock,131,NA,NA
3324,deer,troock,131,NA,NA
3325,deer,ahahaha,132,NA,NA
3326,deer,trk,132,NA,NA
3327,deer,trk,132,NA,NA
3328,deer,trk,132,NA,NA
3329,deer,ahahahaha,133,NA,NA
3330,deer,ahahahaha....truc..truc...truc,134,NA,NA
3331,deer,ahh,135,NA,NA
3332,deer,ahh,136,NA,NA
3333,deer,haa,136,NA,NA
3334,deer,haa,136,NA,NA
3335,deer,trp,136,NA,NA
3336,deer,trp,136,NA,NA
3337,deer,ahh,137,NA,NA
3338,deer,truc,137,NA,NA
3339,deer,truc,137,NA,NA
3340,deer,ahha,138,NA,NA
3341,deer,trugtrug,138,NA,NA
3342,deer,treug,138,NA,NA
3343,deer,ahhahahtrktrktrk,139,NA,NA
3344,deer,ahhhhh,140,NA,NA
3345,deer,ahn,141,NA,NA
3346,deer,alien,142,0.07692307692307693,0.5
3347,deer,comunication,142,NA,NA
3348,deer,amused,143,0.058823529411764705,0.1111111111111111
3349,deer,animal,144,0.1111111111111111,0.6363636363636364
3350,deer,animal,145,0.1111111111111111,0.6363636363636364
3351,deer,sound,145,0.058823529411764705,0.2
3352,deer,annoyed,146,0.058823529411764705,0.1111111111111111
3353,deer,annoying,147,0.058823529411764705,0.1111111111111111
3354,deer,laugh,147,0.05555555555555555,0.10526315789473684
3355,deer,arggg,148,NA,NA
3356,deer,asking,149,0.058823529411764705,0.1111111111111111
3357,deer,something,149,NA,NA
3358,deer,attention,150,0.047619047619047616,0.09090909090909091
3359,deer,baa,151,0.05555555555555555,0.10526315789473684
3360,deer,baaaaa,152,NA,NA
3361,deer,beat,153,0.07142857142857142,0.48
3362,deer,box,153,0.06666666666666667,0.46153846153846156
3363,deer,being,154,0.1,0.5714285714285714
3364,deer,in,154,0.058823529411764705,0.24
3365,deer,pain,154,0.07142857142857142,0.48
3366,deer,bird,155,0.125,0.72
3367,deer,bored,156,0.058823529411764705,0.1111111111111111
3368,deer,bothered,157,0.058823529411764705,0.1111111111111111
3369,deer,brief,158,0.058823529411764705,0.1111111111111111
3370,deer,laugh,158,0.05555555555555555,0.10526315789473684
3371,deer,calling,159,0.058823529411764705,0.1111111111111111
3372,deer,a,159,0.047619047619047616,0.16666666666666666
3373,deer,dog,159,0.125,0.7586206896551724
3374,deer,calling,160,0.058823529411764705,0.1111111111111111
3375,deer,seals,160,0.125,0.7586206896551724
3376,deer,car,161,0.058823529411764705,0.3333333333333333
3377,deer,car,162,0.058823529411764705,0.3333333333333333
3378,deer,noise,162,0.05263157894736842,0.1
3379,deer,car,163,0.058823529411764705,0.3333333333333333
3380,deer,signal,163,0.058823529411764705,0.16666666666666666
3381,deer,car,164,0.058823529411764705,0.3333333333333333
3382,deer,starting,164,0.058823529411764705,0.1111111111111111
3383,deer,cart,165,0.058823529411764705,0.3333333333333333
3384,deer,cartoon,166,0.05555555555555555,0.32
3385,deer,sound,166,0.058823529411764705,0.2
3386,deer,effects,166,0.058823529411764705,0.2
3387,deer,child,167,0.08333333333333333,0.5217391304347826
3388,deer,chuckling,168,0.05263157894736842,0.1
3389,deer,clacking,169,0.05555555555555555,0.10526315789473684
3390,deer,click,170,0.058823529411764705,0.32
3391,deer,and,170,NA,NA
3392,deer,hum,170,0.05555555555555555,0.10526315789473684
3393,deer,clicking,171,0.058823529411764705,0.1111111111111111
3394,deer,clicking,172,0.058823529411764705,0.1111111111111111
3395,deer,hmmm,172,NA,NA
3396,deer,clicking,173,0.058823529411764705,0.1111111111111111
3397,deer,noises,173,0.05263157894736842,0.1
3398,deer,clicking,174,0.058823529411764705,0.1111111111111111
3399,deer,of,174,NA,NA
3400,deer,"tongue,",174,NA,NA
3401,deer,hmm,174,NA,NA
3402,deer,hmm,174,NA,NA
3403,deer,hmm,174,NA,NA
3404,deer,clicking,175,0.058823529411764705,0.1111111111111111
3405,deer,tongue,175,0.0625,0.34782608695652173
3406,deer,clip,176,0.058823529411764705,0.3333333333333333
3407,deer,clop,176,0.05263157894736842,0.1
3408,deer,clip,177,0.058823529411764705,0.3333333333333333
3409,deer,clop,177,0.05263157894736842,0.1
3410,deer,clip,177,0.058823529411764705,0.3333333333333333
3411,deer,clop,177,0.05263157894736842,0.1
3412,deer,hmmm,177,NA,NA
3413,deer,hmmm,177,NA,NA
3414,deer,cloaak,178,NA,NA
3415,deer,clooak,178,NA,NA
3416,deer,cloc..clac...clac...uum..uumm,179,NA,NA
3417,deer,clock,180,0.05263157894736842,0.3076923076923077
3418,deer,clock,181,0.05263157894736842,0.3076923076923077
3419,deer,ticking,181,0.06666666666666667,0.36363636363636365
3420,deer,clocking,182,0.047619047619047616,0.09090909090909091
3421,deer,and,182,NA,NA
3422,deer,eming,182,NA,NA
3423,deer,cloclo,183,NA,NA
3424,deer,mhmhmh,183,NA,NA
3425,deer,clop,184,0.05263157894736842,0.1
3426,deer,clop,184,0.05263157894736842,0.1
3427,deer,hmm,184,NA,NA
3428,deer,hmm,184,NA,NA
3429,deer,clu,185,NA,NA
3430,deer,cla,185,NA,NA
3431,deer,clu,185,NA,NA
3432,deer,cla,185,NA,NA
3433,deer,hum,185,0.05555555555555555,0.10526315789473684
3434,deer,hum,185,0.05555555555555555,0.10526315789473684
3435,deer,cluc,186,NA,NA
3436,deer,cluc,186,NA,NA
3437,deer,clucking,187,0.05555555555555555,0.10526315789473684
3438,deer,comedy,188,0.047619047619047616,0.09090909090909091
3439,deer,complaining,189,0.058823529411764705,0.1111111111111111
3440,deer,concert,190,0.05,0.09523809523809523
3441,deer,content,191,0.0625,0.21052631578947367
3442,deer,satisfaction,191,0.045454545454545456,0.08695652173913043
3443,deer,cow,192,0.16666666666666666,0.8484848484848485
3444,deer,cow,193,0.16666666666666666,0.8484848484848485
3445,deer,mooing,193,0.05555555555555555,0.10526315789473684
3446,deer,cow,194,0.16666666666666666,0.8484848484848485
3447,deer,mowing,194,0.05,0.09523809523809523
3448,deer,cow,195,0.16666666666666666,0.8484848484848485
3449,deer,sound,195,0.058823529411764705,0.2
3450,deer,ctuctuctu,196,NA,NA
3451,deer,dancing,197,0.05555555555555555,0.10526315789473684
3452,deer,deer,198,1.0,1.0
3453,deer,dismayed,199,0.058823529411764705,0.1111111111111111
3454,deer,doesn't,200,NA,NA
3455,deer,care,200,0.05555555555555555,0.10526315789473684
3456,deer,dog,201,0.125,0.7586206896551724
3457,deer,sounds,201,0.058823529411764705,0.2
3458,deer,don't,202,NA,NA
3459,deer,know,202,0.058823529411764705,0.1111111111111111
3460,deer,donkey,203,0.125,0.7741935483870968
3461,deer,doubt,204,0.05,0.09523809523809523
3462,deer,drinking,205,0.05555555555555555,0.18181818181818182
3463,deer,eat,206,0.05555555555555555,0.10526315789473684
3464,deer,eating,207,0.05555555555555555,0.18181818181818182
3465,deer,eating,208,0.05555555555555555,0.18181818181818182
3466,deer,happily,208,0.058823529411764705,0.1111111111111111
3467,deer,eating,209,0.05555555555555555,0.18181818181818182
3468,deer,plesure,209,NA,NA
3469,deer,effort,210,0.047619047619047616,0.09090909090909091
3470,deer,ehahahea,211,NA,NA
3471,deer,tryk,211,NA,NA
3472,deer,tryk,211,NA,NA
3473,deer,tryk,211,NA,NA
3474,deer,tryk,211,NA,NA
3475,deer,engine,212,0.0625,0.3333333333333333
3476,deer,evaluating,213,0.05555555555555555,0.10526315789473684
3477,deer,food,213,0.058823529411764705,0.2
3478,deer,expressing,214,0.058823529411764705,0.1111111111111111
3479,deer,joy,214,0.058823529411764705,0.1111111111111111
3480,deer,fake,215,0.06666666666666667,0.46153846153846156
3481,deer,laugh,215,0.05555555555555555,0.10526315789473684
3482,deer,fast,216,0.058823529411764705,0.1111111111111111
3483,deer,and,216,NA,NA
3484,deer,slow,216,0.058823529411764705,0.1111111111111111
3485,deer,foolish,217,0.058823529411764705,0.1111111111111111
3486,deer,frustration,218,0.047619047619047616,0.09090909090909091
3487,deer,funny,219,0.058823529411764705,0.1111111111111111
3488,deer,gallop,220,0.05263157894736842,0.1
3489,deer,galopp,221,NA,NA
3490,deer,to,221,NA,NA
3491,deer,water,221,0.06666666666666667,0.36363636363636365
3492,deer,getting,222,0.058823529411764705,0.1111111111111111
3493,deer,hurt,222,0.058823529411764705,0.1111111111111111
3494,deer,getting,223,0.058823529411764705,0.1111111111111111
3495,deer,up,223,0.058823529411764705,0.1111111111111111
3496,deer,go,224,0.058823529411764705,0.16666666666666666
3497,deer,and,224,NA,NA
3498,deer,try,224,0.05555555555555555,0.10526315789473684
3499,deer,it,224,0.043478260869565216,0.08333333333333333
3500,deer,goan,225,NA,NA
3501,deer,of,225,NA,NA
3502,deer,frustration,225,0.047619047619047616,0.09090909090909091
3503,deer,goat,226,0.25,0.9032258064516129
3504,deer,goat,227,0.25,0.9032258064516129
3505,deer,sound,227,0.058823529411764705,0.2
3506,deer,goats,228,0.25,0.9032258064516129
3507,deer,crying,228,0.058823529411764705,0.19047619047619047
3508,deer,goofy,229,0.058823529411764705,0.1111111111111111
3509,deer,goofy,230,0.058823529411764705,0.1111111111111111
3510,deer,laugh,230,0.05555555555555555,0.10526315789473684
3511,deer,grade,231,0.16666666666666666,0.8484848484848485
3512,deer,groan,232,0.05555555555555555,0.10526315789473684
3513,deer,groaning,233,0.05555555555555555,0.10526315789473684
3514,deer,ha,234,0.05555555555555555,0.2608695652173913
3515,deer,ha,234,0.05555555555555555,0.2608695652173913
3516,deer,ha,234,0.05555555555555555,0.2608695652173913
3517,deer,haha,235,NA,NA
3518,deer,trktrktrk,235,NA,NA
3519,deer,hahaha,236,NA,NA
3520,deer,truck,236,0.05555555555555555,0.32
3521,deer,truck,236,0.05555555555555555,0.32
3522,deer,truck,236,0.05555555555555555,0.32
3523,deer,hahahaha,237,NA,NA
3524,deer,ch,237,NA,NA
3525,deer,ch,237,NA,NA
3526,deer,ch,237,NA,NA
3527,deer,hahahahaha,238,NA,NA
3528,deer,happy,239,0.058823529411764705,0.1111111111111111
3529,deer,hard,240,0.058823529411764705,0.1111111111111111
3530,deer,"work,",240,NA,NA
3531,deer,passing,240,0.058823529411764705,0.18181818181818182
3532,deer,time,240,0.05555555555555555,0.10526315789473684
3533,deer,having,241,0.058823529411764705,0.1111111111111111
3534,deer,fun,241,0.05,0.09523809523809523
3535,deer,hhh,242,NA,NA
3536,deer,uuuuuhhh,242,NA,NA
3537,deer,hhohhoohhoo,243,NA,NA
3538,deer,hm,244,0.045454545454545456,0.08695652173913043
3539,deer,hm,244,0.045454545454545456,0.08695652173913043
3540,deer,hm,244,0.045454545454545456,0.08695652173913043
3541,deer,horse,245,0.14285714285714285,0.8
3542,deer,horse,246,0.14285714285714285,0.8
3543,deer,gallop,246,0.05263157894736842,0.1
3544,deer,horse,247,0.14285714285714285,0.8
3545,deer,galloping,247,0.05263157894736842,0.1
3546,deer,horse,248,0.14285714285714285,0.8
3547,deer,halt,248,0.058823529411764705,0.1111111111111111
3548,deer,horse,249,0.14285714285714285,0.8
3549,deer,hooves,249,0.05,0.17391304347826086
3550,deer,horse,250,0.14285714285714285,0.8
3551,deer,noises,250,0.05263157894736842,0.1
3552,deer,horse,251,0.14285714285714285,0.8
3553,deer,ride,251,0.058823529411764705,0.32
3554,deer,horse,252,0.14285714285714285,0.8
3555,deer,riding,252,0.058823529411764705,0.1111111111111111
3556,deer,horse,253,0.14285714285714285,0.8
3557,deer,slaughter,253,0.05555555555555555,0.10526315789473684
3558,deer,horse,254,0.14285714285714285,0.8
3559,deer,sound,254,0.058823529411764705,0.2
3560,deer,horse,255,0.14285714285714285,0.8
3561,deer,trotting,255,0.05,0.09523809523809523
3562,deer,horse,256,0.14285714285714285,0.8
3563,deer,type,256,0.07692307692307693,0.5
3564,deer,sounds,256,0.058823529411764705,0.2
3565,deer,horse/animal,257,NA,NA
3566,deer,horseride,258,NA,NA
3567,deer,hu,259,NA,NA
3568,deer,ha,259,0.05555555555555555,0.2608695652173913
3569,deer,hu,259,NA,NA
3570,deer,ha,259,0.05555555555555555,0.2608695652173913
3571,deer,m,259,0.058823529411764705,0.1111111111111111
3572,deer,mm,259,0.045454545454545456,0.08695652173913043
3573,deer,hurt,260,0.058823529411764705,0.1111111111111111
3574,deer,"hurt,",261,NA,NA
3575,deer,pained,261,0.058823529411764705,0.1111111111111111
3576,deer,hurts,262,0.05555555555555555,0.10526315789473684
3577,deer,hysterical,263,0.058823529411764705,0.1111111111111111
3578,deer,laughter,263,0.05,0.09523809523809523
3579,deer,iaaah,264,NA,NA
3580,deer,idk,265,NA,NA
3581,deer,imitating,266,0.05263157894736842,0.1
3582,deer,horse,266,0.14285714285714285,0.8
3583,deer,immitating,267,NA,NA
3584,deer,a,267,0.047619047619047616,0.16666666666666666
3585,deer,horse,267,0.14285714285714285,0.8
3586,deer,impatient,268,0.058823529411764705,0.1111111111111111
3587,deer,in,269,0.058823529411764705,0.24
3588,deer,pain,269,0.07142857142857142,0.48
3589,deer,ironic,270,0.058823529411764705,0.1111111111111111
3590,deer,laughter,270,0.05,0.09523809523809523
3591,deer,its,271,0.043478260869565216,0.08333333333333333
3592,deer,that,271,NA,NA
3593,deer,joke,272,0.05555555555555555,0.10526315789473684
3594,deer,joy,273,0.058823529411764705,0.1111111111111111
3595,deer,kid,274,0.2,0.875
3596,deer,playing,274,0.058823529411764705,0.1111111111111111
3597,deer,sound,274,0.058823529411764705,0.2
3598,deer,knick,275,NA,NA
3599,deer,knack,275,0.043478260869565216,0.08333333333333333
3600,deer,mmh,275,NA,NA
3601,deer,knocking,276,0.05263157894736842,0.1
3602,deer,lament,277,0.05555555555555555,0.10526315789473684
3603,deer,laugh,278,0.05555555555555555,0.10526315789473684
3604,deer,laugh,279,0.05555555555555555,0.10526315789473684
3605,deer,and,279,NA,NA
3606,deer,footsteps,279,0.05263157894736842,0.1
3607,deer,laugh,280,0.05555555555555555,0.10526315789473684
3608,deer,sound,280,0.058823529411764705,0.2
3609,deer,training,280,0.05555555555555555,0.10526315789473684
3610,deer,"laugh,",281,NA,NA
3611,deer,snap,281,0.058823529411764705,0.3333333333333333
3612,deer,laughing,282,0.058823529411764705,0.1111111111111111
3613,deer,laughing,283,0.058823529411764705,0.1111111111111111
3614,deer,and,283,NA,NA
3615,deer,shooting,283,0.05555555555555555,0.10526315789473684
3616,deer,laughing,284,0.058823529411764705,0.1111111111111111
3617,deer,and,284,NA,NA
3618,deer,walking,284,0.058823529411764705,0.1111111111111111
3619,deer,laughing,285,0.058823529411764705,0.1111111111111111
3620,deer,on,285,0.058823529411764705,0.1111111111111111
3621,deer,horse,285,0.14285714285714285,0.8
3622,deer,laughing,286,0.058823529411764705,0.1111111111111111
3623,deer,sound,286,0.058823529411764705,0.2
3624,deer,laught,287,NA,NA
3625,deer,laughter,288,0.05,0.09523809523809523
3626,deer,"laughter,",289,NA,NA
3627,deer,mimicry,289,0.043478260869565216,0.08333333333333333
3628,deer,laughting,290,NA,NA
3629,deer,lazy,291,0.058823529411764705,0.1111111111111111
3630,deer,loud,292,0.058823529411764705,0.1111111111111111
3631,deer,and,292,NA,NA
3632,deer,soft,292,0.058823529411764705,0.1111111111111111
3633,deer,making,293,0.0625,0.2857142857142857
3634,deer,a,293,0.047619047619047616,0.16666666666666666
3635,deer,sound,293,0.058823529411764705,0.2
3636,deer,making,294,0.0625,0.2857142857142857
3637,deer,galloping,294,0.05263157894736842,0.1
3638,deer,noises,294,0.05263157894736842,0.1
3639,deer,man,295,0.125,0.7586206896551724
3640,deer,hurting,295,0.05555555555555555,0.10526315789473684
3641,deer,message,296,0.05555555555555555,0.10526315789473684
3642,deer,received,296,0.058823529411764705,0.1111111111111111
3643,deer,mh-ohhh,297,NA,NA
3644,deer,mimic,298,0.0625,0.4444444444444444
3645,deer,moan,299,0.05555555555555555,0.10526315789473684
3646,deer,moaning,300,0.05555555555555555,0.10526315789473684
3647,deer,moaning,301,0.05555555555555555,0.10526315789473684
3648,deer,out,301,0.058823529411764705,0.1111111111111111
3649,deer,of,301,NA,NA
3650,deer,pain,301,0.07142857142857142,0.48
3651,deer,moans,302,0.05555555555555555,0.10526315789473684
3652,deer,mooching,303,0.05263157894736842,0.1
3653,deer,mooing,304,0.05555555555555555,0.10526315789473684
3654,deer,mooo,305,NA,NA
3655,deer,mouth,306,0.07142857142857142,0.48
3656,deer,nnoises,306,NA,NA
3657,deer,mouth,307,0.07142857142857142,0.48
3658,deer,noises,307,0.05263157894736842,0.1
3659,deer,mouth,308,0.07142857142857142,0.48
3660,deer,sounds,308,0.058823529411764705,0.2
3661,deer,muuu,309,NA,NA
3662,deer,no,310,0.058823529411764705,0.19047619047619047
3663,deer,idea,310,0.05,0.09523809523809523
3664,deer,noc,311,0.058823529411764705,0.42857142857142855
3665,deer,hum,311,0.05555555555555555,0.10526315789473684
3666,deer,hum,311,0.05555555555555555,0.10526315789473684
3667,deer,not,312,0.058823529411764705,0.1111111111111111
3668,deer,allowed,312,0.058823529411764705,0.1111111111111111
3669,deer,not,313,0.058823529411764705,0.1111111111111111
3670,deer,very,313,0.058823529411764705,0.1111111111111111
3671,deer,funny,313,0.058823529411764705,0.1111111111111111
3672,deer,oh,314,0.05,0.24
3673,deer,i,314,0.058823529411764705,0.19047619047619047
3674,deer,see,314,0.058823529411764705,0.25
3675,deer,ohh,315,NA,NA
3676,deer,ohhhh,316,NA,NA
3677,deer,ohhhh,317,NA,NA
3678,deer,(in,317,NA,NA
3679,deer,pain),317,NA,NA
3680,deer,old,318,0.058823529411764705,0.1111111111111111
3681,deer,school,318,0.0625,0.34782608695652173
3682,deer,horn,318,0.0625,0.34782608695652173
3683,deer,onomatopoeia,319,0.047619047619047616,0.09090909090909091
3684,deer,ooh,320,0.05263157894736842,0.1
3685,deer,oohhh,321,NA,NA
3686,deer,oooh,322,NA,NA
3687,deer,oooooh,323,NA,NA
3688,deer,ooooooah,324,NA,NA
3689,deer,ouch,325,NA,NA
3690,deer,over,326,0.058823529411764705,0.1111111111111111
3691,deer,there,326,0.06666666666666667,0.3
3692,deer,pain,327,0.07142857142857142,0.48
3693,deer,pain/irritation,328,NA,NA
3694,deer,painful,329,0.058823529411764705,0.1111111111111111
3695,deer,pay,330,0.05555555555555555,0.10526315789473684
3696,deer,attention,330,0.047619047619047616,0.09090909090909091
3697,deer,playful,331,0.058823529411764705,0.1111111111111111
3698,deer,playing,332,0.058823529411764705,0.1111111111111111
3699,deer,playing,333,0.058823529411764705,0.1111111111111111
3700,deer,tongue,333,0.0625,0.34782608695652173
3701,deer,printer,334,0.07142857142857142,0.48
3702,deer,random,335,0.058823529411764705,0.1111111111111111
3703,deer,random,336,0.058823529411764705,0.1111111111111111
3704,deer,noises,336,0.05263157894736842,0.1
3705,deer,ride,337,0.058823529411764705,0.32
3706,deer,sad,338,0.058823529411764705,0.1111111111111111
3707,deer,scream,339,0.05555555555555555,0.10526315789473684
3708,deer,sheep,340,0.25,0.9032258064516129
3709,deer,sheep,341,0.25,0.9032258064516129
3710,deer,and,341,NA,NA
3711,deer,tractor,341,0.05555555555555555,0.32
3712,deer,sheep,342,0.25,0.9032258064516129
3713,deer,towards,342,NA,NA
3714,deer,shooting,343,0.05555555555555555,0.10526315789473684
3715,deer,silly,344,0.07142857142857142,0.48
3716,deer,silly,345,0.07142857142857142,0.48
3717,deer,cowboy,345,0.07692307692307693,0.5
3718,deer,sleep,346,0.05555555555555555,0.10526315789473684
3719,deer,slight,347,0.058823529411764705,0.1111111111111111
3720,deer,pain,347,0.07142857142857142,0.48
3721,deer,smacking,348,0.05555555555555555,0.10526315789473684
3722,deer,tongue,348,0.0625,0.34782608695652173
3723,deer,snickering,349,0.05263157894736842,0.1
3724,deer,snore,350,0.05555555555555555,0.18181818181818182
3725,deer,snoring,351,0.05555555555555555,0.18181818181818182
3726,deer,staccato,352,0.058823529411764705,0.1111111111111111
3727,deer,laugh,352,0.05555555555555555,0.10526315789473684
3728,deer,story,353,0.06666666666666667,0.36363636363636365
3729,deer,strange,354,0.058823529411764705,0.1111111111111111
3730,deer,suffering,355,0.058823529411764705,0.1111111111111111
3731,deer,surprise,356,0.05555555555555555,0.10526315789473684
3732,deer,tasting,357,0.058823529411764705,0.17391304347826086
3733,deer,tchotka,358,NA,NA
3734,deer,tchotka,358,NA,NA
3735,deer,m,358,0.058823529411764705,0.1111111111111111
3736,deer,m,358,0.058823529411764705,0.1111111111111111
3737,deer,m,358,0.058823529411764705,0.1111111111111111
3738,deer,telling,359,0.058823529411764705,0.1111111111111111
3739,deer,a,359,0.047619047619047616,0.16666666666666666
3740,deer,joke,359,0.05555555555555555,0.10526315789473684
3741,deer,that's,360,NA,NA
3742,deer,funny,360,0.058823529411764705,0.1111111111111111
3743,deer,thats,361,NA,NA
3744,deer,funny,361,0.058823529411764705,0.1111111111111111
3745,deer,think,362,0.058823529411764705,0.1111111111111111
3746,deer,thinking,363,0.058823529411764705,0.1111111111111111
3747,deer,tick,364,0.07142857142857142,0.5185185185185185
3748,deer,tock,364,NA,NA
3749,deer,tick,365,0.07142857142857142,0.5185185185185185
3750,deer,tock,365,NA,NA
3751,deer,clock,365,0.05263157894736842,0.3076923076923077
3752,deer,tickles,366,0.05,0.09523809523809523
3753,deer,tiktok,367,NA,NA
3754,deer,tiktok,367,NA,NA
3755,deer,ahem,367,0.05,0.09523809523809523
3756,deer,ahem,367,0.05,0.09523809523809523
3757,deer,ahem,367,0.05,0.09523809523809523
3758,deer,time,368,0.05555555555555555,0.10526315789473684
3759,deer,timer,369,0.07142857142857142,0.48
3760,deer,ticking,369,0.06666666666666667,0.36363636363636365
3761,deer,down,369,0.058823529411764705,0.42857142857142855
3762,deer,tired,370,0.058823529411764705,0.1111111111111111
3763,deer,to,371,NA,NA
3764,deer,approve,371,0.05263157894736842,0.1
3765,deer,to,372,NA,NA
3766,deer,laugh,372,0.05555555555555555,0.10526315789473684
3767,deer,tongue,373,0.0625,0.34782608695652173
3768,deer,clicking,373,0.058823529411764705,0.1111111111111111
3769,deer,tongue,374,0.0625,0.34782608695652173
3770,deer,clucking,374,0.05555555555555555,0.10526315789473684
3771,deer,crying,374,0.058823529411764705,0.19047619047619047
3772,deer,tongue,375,0.0625,0.34782608695652173
3773,deer,hitting,375,0.058823529411764705,0.1111111111111111
3774,deer,palate,375,0.05263157894736842,0.25
3775,deer,tongue,376,0.0625,0.34782608695652173
3776,deer,noises,376,0.05263157894736842,0.1
3777,deer,tongue,377,0.0625,0.34782608695652173
3778,deer,pop,377,0.058823529411764705,0.41379310344827586
3779,deer,toung,378,NA,NA
3780,deer,clicking,378,0.058823529411764705,0.1111111111111111
3781,deer,train,379,0.0625,0.34782608695652173
3782,deer,noise,379,0.05263157894736842,0.1
3783,deer,trot,380,0.07692307692307693,0.5
3784,deer,understand,381,0.058823529411764705,0.1111111111111111
3785,deer,understanding,382,0.058823529411764705,0.1111111111111111
3786,deer,click,382,0.058823529411764705,0.32
3787,deer,variation,383,0.09090909090909091,0.5454545454545454
3788,deer,of,383,NA,NA
3789,deer,clucking,383,0.05555555555555555,0.10526315789473684
3790,deer,very,384,0.058823529411764705,0.1111111111111111
3791,deer,funny,384,0.058823529411764705,0.1111111111111111
3792,deer,vocal,385,0.058823529411764705,0.1111111111111111
3793,deer,stim,385,NA,NA
3794,deer,vocal,386,0.058823529411764705,0.1111111111111111
3795,deer,stimming,386,NA,NA
3796,deer,waking,387,0.058823529411764705,0.1111111111111111
3797,deer,up,387,0.058823529411764705,0.1111111111111111
3798,deer,walk,388,0.0625,0.34782608695652173
3799,deer,walking,389,0.058823529411764705,0.1111111111111111
3800,deer,walking,390,0.058823529411764705,0.1111111111111111
3801,deer,and,390,NA,NA
3802,deer,looking,390,0.058823529411764705,0.1111111111111111
3803,deer,water,391,0.06666666666666667,0.36363636363636365
3804,deer,weird,392,0.058823529411764705,0.1111111111111111
3805,deer,weird,393,0.058823529411764705,0.1111111111111111
3806,deer,laugh,393,0.05555555555555555,0.10526315789473684
3807,deer,weird,394,0.058823529411764705,0.1111111111111111
3808,deer,vocal,394,0.058823529411764705,0.1111111111111111
3809,deer,sound,394,0.058823529411764705,0.2
3810,deer,whining,395,0.05555555555555555,0.10526315789473684
3811,deer,woman,396,0.07692307692307693,0.5
3812,deer,xoxo,397,NA,NA
3813,deer,uuu,397,NA,NA
3814,deer,yawn,398,0.05555555555555555,0.17391304347826086
3815,deer,yawp,399,0.05555555555555555,0.10526315789473684
3816,deer,,400,0.0625,0.4444444444444444
3817,dull,*snore*,1,NA,NA
3818,dull,ahhhh,2,NA,NA
3819,dull,alarm,3,0.14285714285714285,0.25
3820,dull,anger,4,0.25,0.4
3821,dull,annoyed,5,0.3333333333333333,0.5
3822,dull,annoying,6,0.3333333333333333,0.5
3823,dull,bear,7,0.3333333333333333,0.5
3824,dull,bewildered,8,0.3333333333333333,0.5
3825,dull,big,9,0.3333333333333333,0.5
3826,dull,boat,9,0.16666666666666666,0.2857142857142857
3827,dull,big,10,0.3333333333333333,0.5
3828,dull,train,10,0.25,0.4
3829,dull,bone,11,0.3333333333333333,0.5
3830,dull,booing,12,0.14285714285714285,0.25
3831,dull,or,12,0.08333333333333333,0.15384615384615385
3832,dull,getting,12,0.3333333333333333,0.5
3833,dull,bored,12,0.3333333333333333,0.5
3834,dull,boom,13,0.3333333333333333,0.5
3835,dull,booo,14,NA,NA
3836,dull,bore,15,0.3333333333333333,0.5
3837,dull,bored,16,0.3333333333333333,0.5
3838,dull,bored,17,0.3333333333333333,0.5
3839,dull,"sound,",17,NA,NA
3840,dull,groan,17,0.25,0.4
3841,dull,boredom,18,0.08333333333333333,0.15384615384615385
3842,dull,boring,19,1.0,1.0
3843,dull,boted,20,NA,NA
3844,dull,boy,21,0.1111111111111111,0.2
3845,dull,brother,22,0.1111111111111111,0.2
3846,dull,cow,23,0.125,0.2222222222222222
3847,dull,calling,24,0.3333333333333333,0.5
3848,dull,confusion,25,0.125,0.2222222222222222
3849,dull,count,26,0.3333333333333333,0.5
3850,dull,cow,27,0.125,0.2222222222222222
3851,dull,dasha,28,NA,NA
3852,dull,dance,29,0.25,0.4
3853,dull,dasha,30,NA,NA
3854,dull,disatisfied,31,NA,NA
3855,dull,disgust,32,0.2,0.3333333333333333
3856,dull,dislike,33,0.3333333333333333,0.5
3857,dull,doe,34,0.07142857142857142,0.13333333333333333
3858,dull,sho,34,NA,NA
3859,dull,don't,35,NA,NA
3860,dull,go,35,0.3333333333333333,0.5
3861,dull,there,35,0.3333333333333333,0.5
3862,dull,don't,36,NA,NA
3863,dull,think,36,0.3333333333333333,0.5
3864,dull,so,36,0.3333333333333333,0.5
3865,dull,doooo,37,NA,NA
3866,dull,doorbell,38,0.07142857142857142,0.13333333333333333
3867,dull,douche,39,0.14285714285714285,0.2222222222222222
3868,dull,doughshow,40,NA,NA
3869,dull,"duh,",41,NA,NA
3870,dull,sure,41,0.3333333333333333,0.5
3871,dull,dull,42,1.0,1.0
3872,dull,shoe,42,0.2,0.2857142857142857
3873,dull,dumb,43,1.0,1.0
3874,dull,dushu,44,NA,NA
3875,dull,eat,45,0.25,0.4
3876,dull,eee,46,NA,NA
3877,dull,ewwww,47,NA,NA
3878,dull,explision,48,NA,NA
3879,dull,give,49,0.3333333333333333,0.5
3880,dull,up,49,0.3333333333333333,0.5
3881,dull,give,50,0.3333333333333333,0.5
3882,dull,warning,50,0.3333333333333333,0.5
3883,dull,greeting,51,0.3333333333333333,0.5
3884,dull,groan,52,0.25,0.4
3885,dull,grunting,53,0.25,0.4
3886,dull,gurl,54,NA,NA
3887,dull,harmonizing,55,0.3333333333333333,0.4
3888,dull,hey,56,NA,NA
3889,dull,humming,57,0.25,0.4
3890,dull,imitating,58,0.2,0.3333333333333333
3891,dull,,58,0.1111111111111111,0.2
3892,dull,a,58,0.1,0.18181818181818182
3893,dull,sound,58,0.3333333333333333,0.5
3894,dull,indifferent,59,0.3333333333333333,0.5
3895,dull,just,60,0.3333333333333333,0.5
3896,dull,woke,60,0.3333333333333333,0.5
3897,dull,up,60,0.3333333333333333,0.5
3898,dull,like,61,0.3333333333333333,0.5
3899,dull,russian,61,0.3333333333333333,0.5
3900,dull,language,61,0.16666666666666666,0.2857142857142857
3901,dull,listless,62,0.3333333333333333,0.5
3902,dull,look!,63,NA,NA
3903,dull,masculine,64,0.3333333333333333,0.5
3904,dull,whining,64,0.25,0.4
3905,dull,meditate,65,0.25,0.4
3906,dull,meditation,66,0.08333333333333333,0.15384615384615385
3907,dull,men’s,67,NA,NA
3908,dull,mooo,67,NA,NA
3909,dull,negative,68,0.3333333333333333,0.5
3910,dull,no,69,0.3333333333333333,0.5
3911,dull,sure,69,0.3333333333333333,0.5
3912,dull,not,70,0.3333333333333333,0.5
3913,dull,not,71,0.3333333333333333,0.5
3914,dull,again,71,0.3333333333333333,0.5
3915,dull,not,72,0.3333333333333333,0.5
3916,dull,good,72,0.3333333333333333,0.5
3917,dull,not,73,0.3333333333333333,0.5
3918,dull,sure,73,0.3333333333333333,0.5
3919,dull,obviously,74,0.3333333333333333,0.5
3920,dull,oh!,75,NA,NA
3921,dull,old,76,0.3333333333333333,0.5
3922,dull,ommm,77,NA,NA
3923,dull,"one,",78,NA,NA
3924,dull,two?,78,NA,NA
3925,dull,counting?,78,NA,NA
3926,dull,don't,78,NA,NA
3927,dull,know,78,0.3333333333333333,0.5
3928,dull,pronouncing,79,0.3333333333333333,0.5
3929,dull,a,79,0.1,0.18181818181818182
3930,dull,name,79,0.3333333333333333,0.5
3931,dull,puzzled,80,0.3333333333333333,0.5
3932,dull,rain,81,0.25,0.4
3933,dull,realising,82,0.3333333333333333,0.5
3934,dull,something,82,NA,NA
3935,dull,realization,83,0.1111111111111111,0.2
3936,dull,rest,84,0.3333333333333333,0.5
3937,dull,roar,85,0.25,0.4
3938,dull,sing,86,0.25,0.4
3939,dull,sleep,87,0.25,0.4
3940,dull,sheep,88,0.1111111111111111,0.2
3941,dull,ship,89,0.25,0.4
3942,dull,sailing,89,0.25,0.4
3943,dull,sick,90,0.3333333333333333,0.5
3944,dull,person,90,0.14285714285714285,0.25
3945,dull,sickness,91,0.1111111111111111,0.2
3946,dull,sigh,92,0.25,0.4
3947,dull,sighimg,93,NA,NA
3948,dull,sighing,94,0.25,0.4
3949,dull,sing,95,0.25,0.4
3950,dull,singer,96,0.1,0.18181818181818182
3951,dull,singing,97,0.3333333333333333,0.5
3952,dull,"singing,",98,NA,NA
3953,dull,bass,98,0.3333333333333333,0.5
3954,dull,sleep,99,0.25,0.4
3955,dull,sleeping,100,0.3333333333333333,0.5
3956,dull,sleepy,101,0.3333333333333333,0.5
3957,dull,snarl,102,0.25,0.3333333333333333
3958,dull,snoaring,103,NA,NA
3959,dull,snore,104,0.25,0.4
3960,dull,snoring,105,0.25,0.4
3961,dull,song,106,0.125,0.2222222222222222
3962,dull,beginning,106,0.3333333333333333,0.5
3963,dull,"speechless,",107,NA,NA
3964,dull,awestruck,107,0.3333333333333333,0.5
3965,dull,spelling,108,0.3333333333333333,0.5
3966,dull,steady.,109,NA,NA
3967,dull,chant,109,0.14285714285714285,0.25
3968,dull,sylable,110,NA,NA
3969,dull,of,110,NA,NA
3970,dull,words,110,0.14285714285714285,0.25
3971,dull,talk,111,0.16666666666666666,0.2857142857142857
3972,dull,tasty,112,0.3333333333333333,0.5
3973,dull,the,113,NA,NA
3974,dull,shelf,113,0.1111111111111111,0.2
3975,dull,the,114,NA,NA
3976,dull,shore,114,0.25,0.4
3977,dull,think,115,0.3333333333333333,0.5
3978,dull,thinking,116,0.3333333333333333,0.5
3979,dull,this,117,NA,NA
3980,dull,one,117,0.3333333333333333,0.5
3981,dull,tired,118,0.3333333333333333,0.5
3982,dull,uhhhhnm,119,NA,NA
3983,dull,unbothered,120,NA,NA
3984,dull,understand,121,0.3333333333333333,0.5
3985,dull,understanding,122,0.3333333333333333,0.5
3986,dull,unsure,123,0.3333333333333333,0.5
3987,dull,usher,124,0.25,0.4
3988,dull,weird,125,0.3333333333333333,0.5
3989,dull,women’s,126,NA,NA
3990,dull,,126,0.1111111111111111,0.2
3991,dull,inarticulate,126,0.3333333333333333,0.5
3992,dull,sounds,126,0.3333333333333333,0.5
3993,dull,word,127,0.125,0.2222222222222222
3994,dull,wow,128,0.2,0.3333333333333333
3995,dull,yes,129,0.08333333333333333,0.15384615384615385
3996,dull,sure,129,0.3333333333333333,0.5
3997,dull,"yes,",130,NA,NA
3998,dull,sure,130,0.3333333333333333,0.5
3999,dull,aaarrgghh,131,NA,NA
4000,dull,adults,132,0.125,0.2222222222222222
4001,dull,talking,132,0.16666666666666666,0.2857142857142857
4002,dull,child,132,0.125,0.2222222222222222
4003,dull,affection,133,0.125,0.2222222222222222
4004,dull,aggggh,134,NA,NA
4005,dull,agree,135,0.3333333333333333,0.5
4006,dull,agreeance,136,NA,NA
4007,dull,agreeing,137,0.3333333333333333,0.5
4008,dull,silently,137,0.3333333333333333,0.5
4009,dull,ahh,138,NA,NA
4010,dull,alert,139,0.3333333333333333,0.5
4011,dull,alien,140,0.3333333333333333,0.5
4012,dull,amazement,141,0.125,0.2222222222222222
4013,dull,angry,142,0.3333333333333333,0.5
4014,dull,cat,142,0.2,0.3333333333333333
4015,dull,animal,143,0.3333333333333333,0.5
4016,dull,annoyed,144,0.3333333333333333,0.5
4017,dull,annoyed,145,0.3333333333333333,0.5
4018,dull,but,145,0.3333333333333333,0.5
4019,dull,ok,145,0.3333333333333333,0.5
4020,dull,"annoyed,",146,NA,NA
4021,dull,bored,146,0.3333333333333333,0.5
4022,dull,baby,147,0.16666666666666666,0.2857142857142857
4023,dull,background,148,0.14285714285714285,0.25
4024,dull,noise,148,0.2,0.3333333333333333
4025,dull,ballet,149,0.125,0.2222222222222222
4026,dull,baloon,150,NA,NA
4027,dull,baritone,151,0.3333333333333333,0.5
4028,dull,bass,152,0.3333333333333333,0.5
4029,dull,moan,152,0.25,0.4
4030,dull,begging,153,0.2,0.3333333333333333
4031,dull,being,154,0.3333333333333333,0.5
4032,dull,bored,154,0.3333333333333333,0.5
4033,dull,being,155,0.3333333333333333,0.5
4034,dull,grumpy,155,0.3333333333333333,0.5
4035,dull,bell,156,0.2,0.3333333333333333
4036,dull,bells,157,0.2,0.3333333333333333
4037,dull,big,158,0.3333333333333333,0.5
4038,dull,animal,158,0.3333333333333333,0.5
4039,dull,blowing,159,0.3333333333333333,0.5
4040,dull,with,159,NA,NA
4041,dull,mouth,159,0.25,0.4
4042,dull,sound,159,0.3333333333333333,0.5
4043,dull,bochan,160,NA,NA
4044,dull,boo,160,0.14285714285714285,0.25
4045,dull,bohhhhhww,161,NA,NA
4046,dull,bong,162,0.16666666666666666,0.2857142857142857
4047,dull,boom,163,0.3333333333333333,0.5
4048,dull,booooong,164,NA,NA
4049,dull,booooooooooom,165,NA,NA
4050,dull,bored,166,0.3333333333333333,0.5
4051,dull,bored,167,0.3333333333333333,0.5
4052,dull,confirmation,167,0.125,0.2222222222222222
4053,dull,boredom,168,0.08333333333333333,0.15384615384615385
4054,dull,boring,169,1.0,1.0
4055,dull,bothersome,170,0.3333333333333333,0.5
4056,dull,brains,171,0.25,0.4
4057,dull,brand,172,0.25,0.3333333333333333
4058,dull,breathing,173,0.3333333333333333,0.5
4059,dull,budda,174,NA,NA
4060,dull,sound,174,0.3333333333333333,0.5
4061,dull,buh,175,NA,NA
4062,dull,burp,176,0.2,0.3333333333333333
4063,dull,buuooooooooo,177,NA,NA
4064,dull,buuuuh,178,NA,NA
4065,dull,buuuuurm,179,NA,NA
4066,dull,buuuuuuuuu,180,NA,NA
4067,dull,buzzing,181,0.3333333333333333,0.5
4068,dull,calling,182,0.3333333333333333,0.5
4069,dull,someone,182,0.14285714285714285,0.25
4070,dull,calm,183,0.3333333333333333,0.5
4071,dull,explanation,183,0.125,0.2222222222222222
4072,dull,cannot,184,NA,NA
4073,dull,understand,184,0.3333333333333333,0.5
4074,dull,chanting,185,0.14285714285714285,0.25
4075,dull,clock,186,0.125,0.2222222222222222
4076,dull,closing,187,0.3333333333333333,0.5
4077,dull,door,187,0.1111111111111111,0.2
4078,dull,come,188,0.3333333333333333,0.5
4079,dull,in,188,0.3333333333333333,0.5
4080,dull,complaint,189,0.1111111111111111,0.2
4081,dull,confused,190,0.3333333333333333,0.5
4082,dull,confusion,191,0.125,0.2222222222222222
4083,dull,contempt,192,0.125,0.2222222222222222
4084,dull,counting,193,0.3333333333333333,0.5
4085,dull,counting,194,0.3333333333333333,0.5
4086,dull,in,194,0.3333333333333333,0.5
4087,dull,another,194,0.3333333333333333,0.5
4088,dull,language,194,0.16666666666666666,0.2857142857142857
4089,dull,cow,195,0.125,0.2222222222222222
4090,dull,cow,196,0.125,0.2222222222222222
4091,dull,moo,196,0.25,0.4
4092,dull,cow's,197,NA,NA
4093,dull,expression,197,0.14285714285714285,0.25
4094,dull,creak,198,0.16666666666666666,0.2857142857142857
4095,dull,or,198,0.08333333333333333,0.15384615384615385
4096,dull,moan,198,0.25,0.4
4097,dull,da,199,0.08333333333333333,0.15384615384615385
4098,dull,sure,199,0.3333333333333333,0.5
4099,dull,danger,200,0.16666666666666666,0.2857142857142857
4100,dull,dasha,201,NA,NA
4101,dull,de,202,0.08333333333333333,0.15384615384615385
4102,dull,je,202,NA,NA
4103,dull,deep,203,0.3333333333333333,0.5
4104,dull,throughts,203,NA,NA
4105,dull,deixa,204,NA,NA
4106,dull,dejection,205,0.1,0.18181818181818182
4107,dull,deny,206,0.3333333333333333,0.5
4108,dull,der,207,0.3333333333333333,0.5
4109,dull,sher,207,NA,NA
4110,dull,different,208,0.3333333333333333,0.5
4111,dull,language,208,0.16666666666666666,0.2857142857142857
4112,dull,dim,209,1.0,1.0
4113,dull,bell,209,0.2,0.3333333333333333
4114,dull,disagree,210,0.3333333333333333,0.5
4115,dull,disapproval,211,0.14285714285714285,0.25
4116,dull,disbelief,212,0.125,0.2222222222222222
4117,dull,discontempt,213,NA,NA
4118,dull,discontent,214,0.3333333333333333,0.5
4119,dull,disgust,215,0.2,0.3333333333333333
4120,dull,disgusting,216,0.3333333333333333,0.5
4121,dull,dismissive,217,0.3333333333333333,0.5
4122,dull,disturbed,218,0.3333333333333333,0.5
4123,dull,do,219,0.3333333333333333,0.5
4124,dull,show,219,0.3333333333333333,0.5
4125,dull,do,220,0.3333333333333333,0.5
4126,dull,so,220,0.3333333333333333,0.5
4127,dull,doe,221,0.07142857142857142,0.13333333333333333
4128,dull,not,221,0.3333333333333333,0.5
4129,dull,want,221,0.3333333333333333,0.5
4130,dull,dog,222,0.2,0.3333333333333333
4131,dull,don't,223,NA,NA
4132,dull,feel,223,0.3333333333333333,0.5
4133,dull,like,223,0.3333333333333333,0.5
4134,dull,it,223,0.09090909090909091,0.16666666666666666
4135,dull,don't,224,NA,NA
4136,dull,know,224,0.3333333333333333,0.5
4137,dull,don't,225,NA,NA
4138,dull,show,225,0.3333333333333333,0.5
4139,dull,dont,226,NA,NA
4140,dull,know,226,0.3333333333333333,0.5
4141,dull,doo...show,227,NA,NA
4142,dull,doom,228,0.25,0.4
4143,dull,door,229,0.1111111111111111,0.2
4144,dull,bell,229,0.2,0.3333333333333333
4145,dull,dosha,230,NA,NA
4146,dull,dosho,231,NA,NA
4147,dull,doshou,232,NA,NA
4148,dull,doubt,233,0.14285714285714285,0.25
4149,dull,doucha,234,NA,NA
4150,dull,douchou,235,NA,NA
4151,dull,droning,236,0.2,0.3333333333333333
4152,dull,sound,236,0.3333333333333333,0.5
4153,dull,drowsy,237,0.3333333333333333,0.5
4154,dull,drunk,238,0.3333333333333333,0.5
4155,dull,du-shu,239,NA,NA
4156,dull,duche,240,NA,NA
4157,dull,ducher,241,NA,NA
4158,dull,duh,242,NA,NA
4159,dull,duh,243,NA,NA
4160,dull,shu,243,NA,NA
4161,dull,duh,244,NA,NA
4162,dull,shuh,244,NA,NA
4163,dull,dulceee,245,NA,NA
4164,dull,dullness,246,0.125,0.2222222222222222
4165,dull,"dummy,",247,NA,NA
4166,dull,idiot,247,0.1111111111111111,0.2
4167,dull,dusher,248,NA,NA
4168,dull,duuushuuu,249,NA,NA
4169,dull,eehh,250,NA,NA
4170,dull,ehhh,251,NA,NA
4171,dull,ehhh,252,NA,NA
4172,dull,(realisation),252,NA,NA
4173,dull,eighteen,253,0.3333333333333333,0.5
4174,dull,engine,254,0.16666666666666666,0.2857142857142857
4175,dull,entrails,255,0.1,0.18181818181818182
4176,dull,entranced,256,0.3333333333333333,0.5
4177,dull,euuurgh,257,NA,NA
4178,dull,exhaustion,258,0.1111111111111111,0.2
4179,dull,explaining,259,0.2,0.3333333333333333
4180,dull,fat,260,0.3333333333333333,0.5
4181,dull,feeling,261,0.3333333333333333,0.5
4182,dull,of,261,NA,NA
4183,dull,understanding,261,0.3333333333333333,0.5
4184,dull,flatulence,262,0.1111111111111111,0.2
4185,dull,french,263,0.3333333333333333,0.5
4186,dull,girl,264,0.1111111111111111,0.2
4187,dull,gnome,265,0.1,0.18181818181818182
4188,dull,go,266,0.3333333333333333,0.5
4189,dull,away,266,0.3333333333333333,0.5
4190,dull,gong,267,0.25,0.4
4191,dull,growl,268,0.25,0.4
4192,dull,grumble,269,0.25,0.4
4193,dull,grumpiness,270,0.1,0.18181818181818182
4194,dull,grunt,271,0.25,0.4
4195,dull,heaving,272,0.3333333333333333,0.5
4196,dull,hesitate,273,0.3333333333333333,0.5
4197,dull,hum,274,0.25,0.4
4198,dull,humming,275,0.25,0.4
4199,dull,i,276,0.3333333333333333,0.5
4200,dull,dont,276,NA,NA
4201,dull,care,276,0.25,0.4
4202,dull,impatience,277,0.1,0.18181818181818182
4203,dull,inaudable,278,NA,NA
4204,dull,incantation,279,0.1111111111111111,0.2
4205,dull,?,279,NA,NA
4206,dull,indiference,280,NA,NA
4207,dull,instruments,281,0.2,0.3333333333333333
4208,dull,interesting,282,0.3333333333333333,0.5
4209,dull,inumerating,283,NA,NA
4210,dull,irrelevance,284,0.14285714285714285,0.25
4211,dull,lazy,285,0.3333333333333333,0.5
4212,dull,lazy,286,0.3333333333333333,0.5
4213,dull,grunt,286,0.25,0.4
4214,dull,learning,287,0.3333333333333333,0.5
4215,dull,language,287,0.16666666666666666,0.2857142857142857
4216,dull,leave,288,0.3333333333333333,0.5
4217,dull,it,288,0.09090909090909091,0.16666666666666666
4218,dull,low,289,0.3333333333333333,0.5
4219,dull,maaaaaa,289,NA,NA
4220,dull,low,290,0.3333333333333333,0.5
4221,dull,murmur,290,0.25,0.4
4222,dull,lullaby,291,0.1,0.18181818181818182
4223,dull,maaaah,292,NA,NA
4224,dull,male,293,0.3333333333333333,0.5
4225,dull,moan,293,0.25,0.4
4226,dull,man,294,0.25,0.4
4227,dull,mantra,295,0.1111111111111111,0.2
4228,dull,mau,296,NA,NA
4229,dull,maybe,297,0.3333333333333333,0.5
4230,dull,meditating,298,0.25,0.4
4231,dull,sounds,298,0.3333333333333333,0.5
4232,dull,meditation,299,0.08333333333333333,0.15384615384615385
4233,dull,meh,300,NA,NA
4234,dull,mhhm,301,NA,NA
4235,dull,mild,302,0.3333333333333333,0.5
4236,dull,singing,302,0.3333333333333333,0.5
4237,dull,minecraft,303,NA,NA
4238,dull,zombie,303,0.1111111111111111,0.2
4239,dull,sound,303,0.3333333333333333,0.5
4240,dull,mmm,304,NA,NA
4241,dull,mmmm,305,NA,NA
4242,dull,mocking,306,0.3333333333333333,0.5
4243,dull,monotone,307,0.3333333333333333,0.5
4244,dull,mooing,308,0.25,0.4
4245,dull,moooh,309,NA,NA
4246,dull,moooo,310,NA,NA
4247,dull,mosquito,311,0.07142857142857142,0.13333333333333333
4248,dull,mow,312,0.16666666666666666,0.2857142857142857
4249,dull,mree,313,NA,NA
4250,dull,mumble,314,0.14285714285714285,0.25
4251,dull,murmur,315,0.25,0.4
4252,dull,murmuring,316,0.3333333333333333,0.5
4253,dull,music,317,0.14285714285714285,0.25
4254,dull,notes,317,0.3333333333333333,0.5
4255,dull,muuuu,318,NA,NA
4256,dull,nah,319,NA,NA
4257,dull,negative,320,0.3333333333333333,0.5
4258,dull,nervousness,321,0.1111111111111111,0.2
4259,dull,night,322,0.14285714285714285,0.25
4260,dull,no,323,0.3333333333333333,0.5
4261,dull,idea,323,0.125,0.2222222222222222
4262,dull,no,324,0.3333333333333333,0.5
4263,dull,sure,324,0.3333333333333333,0.5
4264,dull,"no,",325,NA,NA
4265,dull,i,325,0.3333333333333333,0.5
4266,dull,won't,325,NA,NA
4267,dull,noise,326,0.2,0.3333333333333333
4268,dull,noo,327,NA,NA
4269,dull,not,328,0.3333333333333333,0.5
4270,dull,amused,328,0.3333333333333333,0.5
4271,dull,not,329,0.3333333333333333,0.5
4272,dull,impressed,329,0.3333333333333333,0.5
4273,dull,nothing,330,0.3333333333333333,0.5
4274,dull,noughhhhhh,331,NA,NA
4275,dull,numbers,332,0.25,0.4
4276,dull,obvious,333,0.3333333333333333,0.5
4277,dull,obviously,334,0.3333333333333333,0.5
4278,dull,oh-ahhh,335,NA,NA
4279,dull,ok,336,0.3333333333333333,0.5
4280,dull,boring,336,1.0,1.0
4281,dull,pensative,337,NA,NA
4282,dull,phone,338,0.14285714285714285,0.25
4283,dull,phone,339,0.14285714285714285,0.25
4284,dull,message,339,0.16666666666666666,0.2857142857142857
4285,dull,pleasing,340,0.3333333333333333,0.5
4286,dull,priest,341,0.1,0.18181818181818182
4287,dull,pronunciation,342,0.125,0.2222222222222222
4288,dull,question,343,0.2,0.3333333333333333
4289,dull,rage,344,0.3333333333333333,0.5
4290,dull,random,345,0.3333333333333333,0.5
4291,dull,noise,345,0.2,0.3333333333333333
4292,dull,reading,346,0.3333333333333333,0.5
4293,dull,realization,347,0.1111111111111111,0.2
4294,dull,realizing,348,0.3333333333333333,0.5
4295,dull,relax,349,0.3333333333333333,0.8
4296,dull,relaying,350,0.14285714285714285,0.25
4297,dull,information,350,0.14285714285714285,0.25
4298,dull,roar,351,0.25,0.4
4299,dull,rocking,352,0.25,0.4
4300,dull,rooor,353,NA,NA
4301,dull,russian,354,0.3333333333333333,0.5
4302,dull,rythm,355,NA,NA
4303,dull,sad,356,0.3333333333333333,0.5
4304,dull,say,357,0.3333333333333333,0.5
4305,dull,mmm,357,NA,NA
4306,dull,sheep,358,0.1111111111111111,0.2
4307,dull,shocked,359,0.3333333333333333,0.5
4308,dull,shoe,360,0.2,0.2857142857142857
4309,dull,shoes,361,0.2,0.2857142857142857
4310,dull,show,362,0.3333333333333333,0.5
4311,dull,me,362,0.08333333333333333,0.15384615384615385
4312,dull,sigh,363,0.25,0.4
4313,dull,sighing,364,0.25,0.4
4314,dull,sing,365,0.25,0.4
4315,dull,sing,366,0.25,0.4
4316,dull,mimic,366,0.3333333333333333,0.5
4317,dull,singing,367,0.3333333333333333,0.5
4318,dull,sleep,368,0.25,0.4
4319,dull,sleep,369,0.25,0.4
4320,dull,talking,369,0.16666666666666666,0.2857142857142857
4321,dull,sleeping,370,0.3333333333333333,0.5
4322,dull,sleepy,371,0.3333333333333333,0.5
4323,dull,slow,372,1.0,1.0
4324,dull,snore,373,0.25,0.4
4325,dull,snoring,374,0.25,0.4
4326,dull,snoring,375,0.25,0.4
4327,dull,animal,375,0.3333333333333333,0.5
4328,dull,soft,376,0.3333333333333333,0.5
4329,dull,mooing,376,0.25,0.4
4330,dull,noise,376,0.2,0.3333333333333333
4331,dull,sounds,377,0.3333333333333333,0.5
4332,dull,speaking,378,0.3333333333333333,0.5
4333,dull,spelling,379,0.3333333333333333,0.5
4334,dull,start,380,0.3333333333333333,0.5
4335,dull,summer,381,0.25,0.4
4336,dull,heat,381,0.3333333333333333,0.4
4337,dull,surprise,382,0.25,0.4
4338,dull,sweet,383,0.3333333333333333,0.5
4339,dull,talk,384,0.16666666666666666,0.2857142857142857
4340,dull,talking,385,0.16666666666666666,0.2857142857142857
4341,dull,to,385,NA,NA
4342,dull,yourself,385,NA,NA
4343,dull,tasty,386,0.3333333333333333,0.5
4344,dull,teach,387,0.25,0.3333333333333333
4345,dull,teaching,388,0.25,0.3333333333333333
4346,dull,teaching,389,0.25,0.3333333333333333
4347,dull,something,389,NA,NA
4348,dull,the,390,NA,NA
4349,dull,cat,390,0.2,0.3333333333333333
4350,dull,the,391,NA,NA
4351,dull,show,391,0.3333333333333333,0.5
4352,dull,the,392,NA,NA
4353,dull,sun,392,0.25,0.4
4354,dull,there,393,0.3333333333333333,0.5
4355,dull,thinking,394,0.3333333333333333,0.5
4356,dull,tired,395,0.3333333333333333,0.5
4357,dull,"tired,",396,NA,NA
4358,dull,exhausted,396,0.3333333333333333,0.5
4359,dull,tireness,397,NA,NA
4360,dull,to,398,NA,NA
4361,dull,moan,398,0.25,0.4
4362,dull,train,399,0.25,0.4
4363,dull,turtle,400,0.16666666666666666,0.2857142857142857
4364,dull,ugh,401,NA,NA
4365,dull,uhhh,402,NA,NA
4366,dull,uhhhhhh,403,NA,NA
4367,dull,ummm,404,NA,NA
4368,dull,understand,405,0.3333333333333333,0.5
4369,dull,understanding,406,0.3333333333333333,0.5
4370,dull,understanding,407,0.3333333333333333,0.5
4371,dull,casually,407,0.3333333333333333,0.5
4372,dull,understanding,408,0.3333333333333333,0.5
4373,dull,something,408,NA,NA
4374,dull,unsure,409,0.3333333333333333,0.5
4375,dull,unusual,410,0.3333333333333333,0.5
4376,dull,uuhh,411,NA,NA
4377,dull,vocal,412,0.3333333333333333,0.5
4378,dull,cord,412,0.14285714285714285,0.25
4379,dull,vibration,412,0.125,0.2222222222222222
4380,dull,waking,413,0.3333333333333333,0.5
4381,dull,up,413,0.3333333333333333,0.5
4382,dull,water,414,0.25,0.3333333333333333
4383,dull,we,415,NA,NA
4384,dull,can,415,0.25,0.4
4385,dull,week,416,0.125,0.2222222222222222
4386,dull,transmitting,416,0.25,0.4
4387,dull,sound,416,0.3333333333333333,0.5
4388,dull,weird,417,0.3333333333333333,0.5
4389,dull,vocal,417,0.3333333333333333,0.5
4390,dull,sound,417,0.3333333333333333,0.5
4391,dull,whhhhhrrr,418,NA,NA
4392,dull,whining,419,0.25,0.4
4393,dull,why,420,0.1111111111111111,0.2
4394,dull,woman,421,0.125,0.2222222222222222
4395,dull,woman,422,0.125,0.2222222222222222
4396,dull,singing,422,0.3333333333333333,0.5
4397,dull,wonder,423,0.2,0.3333333333333333
4398,dull,wondering,424,0.3333333333333333,0.5
4399,dull,wrr,425,NA,NA
4400,dull,yawn,426,0.25,0.4
4401,dull,yawning,427,0.3333333333333333,0.5
4402,dull,zombie,428,0.1111111111111111,0.2
4403,dull,zoombie,429,NA,NA
4404,dull,,430,0.1111111111111111,0.2
4405,eat,*slurp,1,NA,NA
4406,eat,noises*,1,NA,NA
4407,eat,annoy,2,0.2,0.3333333333333333
4408,eat,chew,3,0.1111111111111111,0.2
4409,eat,champ,4,0.1,0.18181818181818182
4410,eat,champ,4,0.1,0.18181818181818182
4411,eat,check,5,0.25,0.4
4412,eat,chew,6,0.1111111111111111,0.2
4413,eat,chewing,7,0.1111111111111111,0.2
4414,eat,chewing,8,0.1111111111111111,0.2
4415,eat,a,8,0.09090909090909091,0.16666666666666666
4416,eat,candy,8,0.16666666666666666,0.25
4417,eat,chewing,9,0.1111111111111111,0.2
4418,eat,loud,9,0.25,0.4
4419,eat,chewing,10,0.1111111111111111,0.2
4420,eat,or,10,0.07692307692307693,0.14285714285714285
4421,eat,smacking,10,0.2,0.3333333333333333
4422,eat,gums,10,0.2,0.3333333333333333
4423,eat,chewing,11,0.1111111111111111,0.2
4424,eat,something,11,NA,NA
4425,eat,chewy,12,0.25,0.4
4426,eat,chomping,13,0.1,0.18181818181818182
4427,eat,gum,13,0.2,0.3333333333333333
4428,eat,consume,14,1.0,1.0
4429,eat,delicious,15,0.25,0.4
4430,eat,delicious,16,0.25,0.4
4431,eat,food,16,0.125,0.2222222222222222
4432,eat,dinnertime,17,0.07142857142857142,0.13333333333333333
4433,eat,drink,18,0.3333333333333333,0.3333333333333333
4434,eat,drinking,19,0.3333333333333333,0.3333333333333333
4435,eat,eat,20,1.0,1.0
4436,eat,eating,21,1.0,1.0
4437,eat,eat,22,1.0,1.0
4438,eat,eat,23,1.0,1.0
4439,eat,or,23,0.07692307692307693,0.14285714285714285
4440,eat,chew,23,0.1111111111111111,0.2
4441,eat,eating,24,1.0,1.0
4442,eat,eating,25,1.0,1.0
4443,eat,",",25,NA,NA
4444,eat,tasty,25,0.25,0.4
4445,eat,eating,26,1.0,1.0
4446,eat,sound,26,0.25,0.4
4447,eat,eating,27,1.0,1.0
4448,eat,soup,27,0.125,0.2222222222222222
4449,eat,"eating,",28,NA,NA
4450,eat,slurping,28,0.5,0.8571428571428571
4451,eat,enjoying,29,0.25,0.4
4452,eat,food,29,0.125,0.2222222222222222
4453,eat,food,30,0.125,0.2222222222222222
4454,eat,tasting,30,0.3333333333333333,0.4
4455,eat,gum,31,0.2,0.3333333333333333
4456,eat,hungry,32,0.25,0.4
4457,eat,hungry.,33,NA,NA
4458,eat,tasty,33,0.25,0.4
4459,eat,i'm,34,NA,NA
4460,eat,thirsty,34,0.25,0.4
4461,eat,ignore,35,0.25,0.4
4462,eat,iiushh,36,NA,NA
4463,eat,na,36,0.1,0.18181818181818182
4464,eat,na,36,0.1,0.18181818181818182
4465,eat,na,36,0.1,0.18181818181818182
4466,eat,it,37,0.08333333333333333,0.15384615384615385
4467,eat,moved,37,0.25,0.4
4468,eat,fast,37,0.25,0.4
4469,eat,it's,38,NA,NA
4470,eat,tasty,38,0.25,0.4
4471,eat,lick,39,0.25,0.3333333333333333
4472,eat,and,39,NA,NA
4473,eat,bite,39,0.16666666666666666,0.2857142857142857
4474,eat,licking,40,0.25,0.3333333333333333
4475,eat,"lips,",41,NA,NA
4476,eat,"eating,",41,NA,NA
4477,eat,food,41,0.125,0.2222222222222222
4478,eat,mlem,42,NA,NA
4479,eat,mlem,42,NA,NA
4480,eat,mlem,42,NA,NA
4481,eat,mnmnm,43,NA,NA
4482,eat,mouth,44,0.2,0.3333333333333333
4483,eat,saliva,44,0.09090909090909091,0.16666666666666666
4484,eat,mouth,45,0.2,0.3333333333333333
4485,eat,sounds,45,0.25,0.4
4486,eat,mukbang,46,NA,NA
4487,eat,munch,47,0.1,0.18181818181818182
4488,eat,munching,48,0.1,0.18181818181818182
4489,eat,nom,49,NA,NA
4490,eat,nom,49,NA,NA
4491,eat,open,50,0.25,0.4
4492,eat,mouth,50,0.2,0.3333333333333333
4493,eat,chew,50,0.1111111111111111,0.2
4494,eat,person,51,0.125,0.2222222222222222
4495,eat,who,51,0.08333333333333333,0.15384615384615385
4496,eat,is,51,0.25,0.4
4497,eat,chewing,51,0.1111111111111111,0.2
4498,eat,plich,52,NA,NA
4499,eat,plich,52,NA,NA
4500,eat,plich,52,NA,NA
4501,eat,saliva,53,0.09090909090909091,0.16666666666666666
4502,eat,sip,54,0.25,0.2857142857142857
4503,eat,sip,55,0.25,0.2857142857142857
4504,eat,taste,55,0.3333333333333333,0.4
4505,eat,slick,56,0.25,0.4
4506,eat,slurp,57,0.5,0.8571428571428571
4507,eat,slurp,58,0.5,0.8571428571428571
4508,eat,ice,58,0.2,0.3333333333333333
4509,eat,cream,58,0.2,0.3333333333333333
4510,eat,slurping,59,0.5,0.8571428571428571
4511,eat,food,59,0.125,0.2222222222222222
4512,eat,slurping,60,0.5,0.8571428571428571
4513,eat,spaghetti,60,0.1,0.18181818181818182
4514,eat,"slurping,",61,NA,NA
4515,eat,tasting,61,0.3333333333333333,0.4
4516,eat,smacking,62,0.2,0.3333333333333333
4517,eat,smacking,63,0.2,0.3333333333333333
4518,eat,lips,63,0.1,0.18181818181818182
4519,eat,snapping,64,0.2,0.3333333333333333
4520,eat,sticky,65,0.25,0.4
4521,eat,stop,66,0.25,0.4
4522,eat,talking,66,0.14285714285714285,0.25
4523,eat,suck,67,0.25,0.4
4524,eat,sweet,68,0.25,0.4
4525,eat,taste,68,0.3333333333333333,0.4
4526,eat,tapping,69,0.2,0.4444444444444444
4527,eat,tasting,70,0.3333333333333333,0.4
4528,eat,tasting,71,0.3333333333333333,0.4
4529,eat,disgusting,71,0.25,0.4
4530,eat,food,71,0.125,0.2222222222222222
4531,eat,tasting,72,0.3333333333333333,0.4
4532,eat,yummy,72,0.25,0.4
4533,eat,food,72,0.125,0.2222222222222222
4534,eat,tasty,73,0.25,0.4
4535,eat,tasty,74,0.25,0.4
4536,eat,drink,74,0.3333333333333333,0.3333333333333333
4537,eat,to,75,NA,NA
4538,eat,chew,75,0.1111111111111111,0.2
4539,eat,to,76,NA,NA
4540,eat,lick,76,0.25,0.3333333333333333
4541,eat,tongue,77,0.14285714285714285,0.25
4542,eat,click,77,0.25,0.4
4543,eat,uncomfortable,78,0.25,0.4
4544,eat,yummy,79,0.25,0.4
4545,eat,yummy,80,0.25,0.4
4546,eat,yummy,81,0.25,0.4
4547,eat,lick,81,0.25,0.3333333333333333
4548,eat,asmr,82,NA,NA
4549,eat,be,83,0.25,0.4
4550,eat,annoying,83,0.25,0.4
4551,eat,biting,84,0.25,0.4
4552,eat,bored,85,0.25,0.4
4553,eat,bubble,86,0.25,0.3333333333333333
4554,eat,gum,86,0.2,0.3333333333333333
4555,eat,cat,87,0.16666666666666666,0.2857142857142857
4556,eat,licking,87,0.25,0.3333333333333333
4557,eat,chew,88,0.1111111111111111,0.2
4558,eat,chew,89,0.1111111111111111,0.2
4559,eat,chew,89,0.1111111111111111,0.2
4560,eat,chewin,90,NA,NA
4561,eat,gum,90,0.2,0.3333333333333333
4562,eat,chewing,91,0.1111111111111111,0.2
4563,eat,chewing,92,0.1111111111111111,0.2
4564,eat,food,92,0.125,0.2222222222222222
4565,eat,chewing,93,0.1111111111111111,0.2
4566,eat,gum,93,0.2,0.3333333333333333
4567,eat,chewing,94,0.1111111111111111,0.2
4568,eat,loudly,94,0.25,0.4
4569,eat,chewy,95,0.25,0.4
4570,eat,chip,96,0.16666666666666666,0.2857142857142857
4571,eat,chip,96,0.16666666666666666,0.2857142857142857
4572,eat,chip,96,0.16666666666666666,0.2857142857142857
4573,eat,chuch..chucm..chuch,97,NA,NA
4574,eat,clacking,98,0.2,0.3333333333333333
4575,eat,clapping,99,0.16666666666666666,0.2857142857142857
4576,eat,closer,100,0.25,0.4
4577,eat,delicious,101,0.25,0.4
4578,eat,disgusting,102,0.25,0.4
4579,eat,disgusting,103,0.25,0.4
4580,eat,eating,103,1.0,1.0
4581,eat,sound,103,0.25,0.4
4582,eat,dog,104,0.16666666666666666,0.2857142857142857
4583,eat,licking,104,0.25,0.3333333333333333
4584,eat,donkey,105,0.07692307692307693,0.14285714285714285
4585,eat,drink,106,0.3333333333333333,0.3333333333333333
4586,eat,and,106,NA,NA
4587,eat,taste,106,0.3333333333333333,0.4
4588,eat,"drink,",107,NA,NA
4589,eat,thirsty,107,0.25,0.4
4590,eat,drinking,108,0.3333333333333333,0.3333333333333333
4591,eat,drip,109,0.16666666666666666,0.2857142857142857
4592,eat,eat,110,1.0,1.0
4593,eat,eating,111,1.0,1.0
4594,eat,eating,112,1.0,1.0
4595,eat,ice,112,0.2,0.3333333333333333
4596,eat,cream,112,0.2,0.3333333333333333
4597,eat,eating,113,1.0,1.0
4598,eat,icecream,113,0.07692307692307693,0.14285714285714285
4599,eat,eating,114,1.0,1.0
4600,eat,loudly,114,0.25,0.4
4601,eat,eating,115,1.0,1.0
4602,eat,open,115,0.25,0.4
4603,eat,mouth,115,0.2,0.3333333333333333
4604,eat,eating,116,1.0,1.0
4605,eat,pasta,116,0.1111111111111111,0.2
4606,eat,eating,117,1.0,1.0
4607,eat,quite,117,0.25,0.4
4608,eat,loudly,117,0.25,0.4
4609,eat,eating,118,1.0,1.0
4610,eat,something,118,NA,NA
4611,eat,juicy,118,0.25,0.4
4612,eat,eating,119,1.0,1.0
4613,eat,sound,119,0.25,0.4
4614,eat,eating,120,1.0,1.0
4615,eat,soup,120,0.125,0.2222222222222222
4616,eat,"eating,",121,NA,NA
4617,eat,hungry,121,0.25,0.4
4618,eat,"eating,",122,NA,NA
4619,eat,satisfactory,122,0.25,0.4
4620,eat,enjoy,123,0.25,0.4
4621,eat,enjoy,124,0.25,0.4
4622,eat,eating,124,1.0,1.0
4623,eat,fasting,125,0.2,0.3333333333333333
4624,eat,feast,126,0.5,0.8
4625,eat,flavor,127,0.25,0.4
4626,eat,flavour,128,0.25,0.4
4627,eat,food,129,0.125,0.2222222222222222
4628,eat,tasting,129,0.3333333333333333,0.4
4629,eat,footprints,130,0.1111111111111111,0.2
4630,eat,gnam,131,NA,NA
4631,eat,gnam,131,NA,NA
4632,eat,gnam,131,NA,NA
4633,eat,gonna,132,NA,NA
4634,eat,eat,132,1.0,1.0
4635,eat,good,133,0.25,0.4
4636,eat,food,133,0.125,0.2222222222222222
4637,eat,guh-slurp,134,NA,NA
4638,eat,slurp,134,0.5,0.8571428571428571
4639,eat,slurp,134,0.5,0.8571428571428571
4640,eat,having,135,0.5,0.4
4641,eat,soup,135,0.125,0.2222222222222222
4642,eat,hee-up,136,NA,NA
4643,eat,hhhhoomoom,137,NA,NA
4644,eat,hlwmxmmxmmxm,138,NA,NA
4645,eat,hungry,139,0.25,0.4
4646,eat,"hungry,",140,NA,NA
4647,eat,food,140,0.125,0.2222222222222222
4648,eat,ice,141,0.2,0.3333333333333333
4649,eat,cream,141,0.2,0.3333333333333333
4650,eat,icekream,142,NA,NA
4651,eat,imitation,143,0.25,0.4
4652,eat,chomping,143,0.1,0.18181818181818182
4653,eat,noise,143,0.16666666666666666,0.2857142857142857
4654,eat,(eating),143,NA,NA
4655,eat,inhale,144,0.25,0.3333333333333333
4656,eat,and,144,NA,NA
4657,eat,eat,144,1.0,1.0
4658,eat,inhale,145,0.25,0.3333333333333333
4659,eat,and,145,NA,NA
4660,eat,savor,145,0.25,0.4
4661,eat,keep,146,0.25,0.4
4662,eat,talking,146,0.14285714285714285,0.25
4663,eat,kissing,147,0.2,0.3333333333333333
4664,eat,kwerp,148,NA,NA
4665,eat,tuptuptup,148,NA,NA
4666,eat,kyuuuuoo,149,NA,NA
4667,eat,lapping,150,0.25,0.2857142857142857
4668,eat,lapping,151,0.25,0.2857142857142857
4669,eat,sound,151,0.25,0.4
4670,eat,lick,152,0.25,0.3333333333333333
4671,eat,and,152,NA,NA
4672,eat,eat,152,1.0,1.0
4673,eat,licking,153,0.25,0.3333333333333333
4674,eat,licking,154,0.25,0.3333333333333333
4675,eat,and,154,NA,NA
4676,eat,eating,154,1.0,1.0
4677,eat,licking,155,0.25,0.3333333333333333
4678,eat,ice,155,0.2,0.3333333333333333
4679,eat,cream,155,0.2,0.3333333333333333
4680,eat,licking,156,0.25,0.3333333333333333
4681,eat,icecream,156,0.07692307692307693,0.14285714285714285
4682,eat,lip,157,0.1,0.18181818181818182
4683,eat,smack,157,0.25,0.4
4684,eat,lip,158,0.1,0.18181818181818182
4685,eat,smacking,158,0.2,0.3333333333333333
4686,eat,loud,159,0.25,0.4
4687,eat,chewing,159,0.1111111111111111,0.2
4688,eat,many,160,0.25,0.4
4689,eat,mch...mch...mcha,161,NA,NA
4690,eat,mcmmcmmcm,162,NA,NA
4691,eat,messy,163,0.25,0.4
4692,eat,eating,163,1.0,1.0
4693,eat,mh,164,NA,NA
4694,eat,mh,164,NA,NA
4695,eat,mh,164,NA,NA
4696,eat,minham,165,NA,NA
4697,eat,minham,165,NA,NA
4698,eat,mix,166,0.25,0.4
4699,eat,the,166,NA,NA
4700,eat,yogurt,166,0.1111111111111111,0.2
4701,eat,mlack,167,NA,NA
4702,eat,mlack,167,NA,NA
4703,eat,mlack,167,NA,NA
4704,eat,mlask,168,NA,NA
4705,eat,mlask,168,NA,NA
4706,eat,mlask,169,NA,NA
4707,eat,mlask,169,NA,NA
4708,eat,mlask,169,NA,NA
4709,eat,mlup,170,NA,NA
4710,eat,mlup,170,NA,NA
4711,eat,mnham,171,NA,NA
4712,eat,nham,171,NA,NA
4713,eat,mouth,172,0.2,0.3333333333333333
4714,eat,mouth,173,0.2,0.3333333333333333
4715,eat,smacking,173,0.2,0.3333333333333333
4716,eat,munch,174,0.1,0.18181818181818182
4717,eat,munch,175,0.1,0.18181818181818182
4718,eat,munch,175,0.1,0.18181818181818182
4719,eat,munching,176,0.1,0.18181818181818182
4720,eat,mxmmxmmxm,177,NA,NA
4721,eat,nam,178,NA,NA
4722,eat,nam,178,NA,NA
4723,eat,nham,179,NA,NA
4724,eat,nham,179,NA,NA
4725,eat,nham,180,NA,NA
4726,eat,nham,180,NA,NA
4727,eat,nham,180,NA,NA
4728,eat,nhamnahm,181,NA,NA
4729,eat,nhamnahmnahm,182,NA,NA
4730,eat,platt,183,NA,NA
4731,eat,platt,183,NA,NA
4732,eat,plott,183,NA,NA
4733,eat,platt,183,NA,NA
4734,eat,playing,184,0.25,0.4
4735,eat,in,184,0.25,0.4
4736,eat,mud,184,0.2,0.2857142857142857
4737,eat,rapidly,185,0.25,0.4
4738,eat,flipping,185,0.2,0.3333333333333333
4739,eat,pages,185,0.2,0.3333333333333333
4740,eat,salivating,186,0.16666666666666666,0.2857142857142857
4741,eat,savor,187,0.25,0.4
4742,eat,savoring,188,0.25,0.4
4743,eat,flavor,188,0.25,0.4
4744,eat,savoring,189,0.25,0.4
4745,eat,taste,189,0.3333333333333333,0.4
4746,eat,scham,190,NA,NA
4747,eat,tha,190,NA,NA
4748,eat,tha,190,NA,NA
4749,eat,tha,190,NA,NA
4750,eat,tham,190,NA,NA
4751,eat,schlrp,191,NA,NA
4752,eat,schlrp,191,NA,NA
4753,eat,(eating),191,NA,NA
4754,eat,sclrhrp,192,NA,NA
4755,eat,chomp,192,0.1,0.18181818181818182
4756,eat,chomp,192,0.1,0.18181818181818182
4757,eat,(like,192,NA,NA
4758,eat,eating),192,NA,NA
4759,eat,scrumptious,193,0.25,0.4
4760,eat,shlapp,194,NA,NA
4761,eat,shlapp,194,NA,NA
4762,eat,shalpp,194,NA,NA
4763,eat,sip,195,0.25,0.2857142857142857
4764,eat,sipping,196,0.25,0.2857142857142857
4765,eat,a,196,0.09090909090909091,0.16666666666666666
4766,eat,soup,196,0.125,0.2222222222222222
4767,eat,sipping,197,0.25,0.2857142857142857
4768,eat,strong,197,0.25,0.4
4769,eat,siuuu,198,NA,NA
4770,eat,mlask,198,NA,NA
4771,eat,mlask,198,NA,NA
4772,eat,sloppy,199,0.25,0.4
4773,eat,eating,199,1.0,1.0
4774,eat,sloshing,200,0.16666666666666666,0.2857142857142857
4775,eat,slupring,201,NA,NA
4776,eat,soup,201,0.125,0.2222222222222222
4777,eat,slurp,202,0.5,0.8571428571428571
4778,eat,slurp,203,0.5,0.8571428571428571
4779,eat,and,203,NA,NA
4780,eat,chew,203,0.1111111111111111,0.2
4781,eat,slurp,204,0.5,0.8571428571428571
4782,eat,and,204,NA,NA
4783,eat,savor,204,0.25,0.4
4784,eat,slurp,205,0.5,0.8571428571428571
4785,eat,eating,205,1.0,1.0
4786,eat,slurp,206,0.5,0.8571428571428571
4787,eat,noodles,206,0.1,0.18181818181818182
4788,eat,slurp,207,0.5,0.8571428571428571
4789,eat,smack,207,0.25,0.4
4790,eat,smack,207,0.25,0.4
4791,eat,slurping,208,0.5,0.8571428571428571
4792,eat,slurping,209,0.5,0.8571428571428571
4793,eat,and,209,NA,NA
4794,eat,munching,209,0.1,0.18181818181818182
4795,eat,slurping,210,0.5,0.8571428571428571
4796,eat,food,210,0.125,0.2222222222222222
4797,eat,/,210,NA,NA
4798,eat,drink,210,0.3333333333333333,0.3333333333333333
4799,eat,slurping,211,0.5,0.8571428571428571
4800,eat,noodles,211,0.1,0.18181818181818182
4801,eat,slurping,212,0.5,0.8571428571428571
4802,eat,smacking,212,0.2,0.3333333333333333
4803,eat,sounds,212,0.25,0.4
4804,eat,slurping,213,0.5,0.8571428571428571
4805,eat,sound,213,0.25,0.4
4806,eat,slurping,214,0.5,0.8571428571428571
4807,eat,up,214,0.25,0.4
4808,eat,slurping,215,0.5,0.8571428571428571
4809,eat,while,215,0.1,0.18181818181818182
4810,eat,eating,215,1.0,1.0
4811,eat,smack,216,0.25,0.4
4812,eat,smack,217,0.25,0.4
4813,eat,smack,217,0.25,0.4
4814,eat,smack,217,0.25,0.4
4815,eat,smack,217,0.25,0.4
4816,eat,smack,217,0.25,0.4
4817,eat,smack,218,0.25,0.4
4818,eat,your,218,NA,NA
4819,eat,lips,218,0.1,0.18181818181818182
4820,eat,smacking,219,0.2,0.3333333333333333
4821,eat,smacking,220,0.2,0.3333333333333333
4822,eat,and,220,NA,NA
4823,eat,champing,220,0.1,0.18181818181818182
4824,eat,smacking,221,0.2,0.3333333333333333
4825,eat,and,221,NA,NA
4826,eat,slurping,221,0.5,0.8571428571428571
4827,eat,smacking,222,0.2,0.3333333333333333
4828,eat,eating,222,1.0,1.0
4829,eat,sounds,222,0.25,0.4
4830,eat,smacking,223,0.2,0.3333333333333333
4831,eat,teeth,223,0.1111111111111111,0.2
4832,eat,smakcing,224,NA,NA
4833,eat,snacking,225,0.5,0.8
4834,eat,snipping,226,0.14285714285714285,0.25
4835,eat,soup,227,0.125,0.2222222222222222
4836,eat,suck,228,0.25,0.4
4837,eat,suck,229,0.25,0.4
4838,eat,and,229,NA,NA
4839,eat,mouth,229,0.2,0.3333333333333333
4840,eat,smacking,229,0.2,0.3333333333333333
4841,eat,sucking,230,0.25,0.4
4842,eat,swallow,231,0.3333333333333333,0.3333333333333333
4843,eat,and,231,NA,NA
4844,eat,savor,231,0.25,0.4
4845,eat,syrup,232,0.07692307692307693,0.14285714285714285
4846,eat,taste,233,0.3333333333333333,0.4
4847,eat,tasteless,234,0.25,0.4
4848,eat,tasting,235,0.3333333333333333,0.4
4849,eat,tasting,236,0.3333333333333333,0.4
4850,eat,something,236,NA,NA
4851,eat,"tasting,",237,NA,NA
4852,eat,munching,237,0.1,0.18181818181818182
4853,eat,tasty,238,0.25,0.4
4854,eat,thirst,239,0.2,0.3333333333333333
4855,eat,thm,240,0.08333333333333333,0.15384615384615385
4856,eat,thm,240,0.08333333333333333,0.15384615384615385
4857,eat,thm,240,0.08333333333333333,0.15384615384615385
4858,eat,thm,240,0.08333333333333333,0.15384615384615385
4859,eat,tiotiak,241,NA,NA
4860,eat,tn,242,0.07692307692307693,0.14285714285714285
4861,eat,tn,242,0.07692307692307693,0.14285714285714285
4862,eat,tn,242,0.07692307692307693,0.14285714285714285
4863,eat,tnhamtnhamtnham,243,NA,NA
4864,eat,to,244,NA,NA
4865,eat,chew,244,0.1111111111111111,0.2
4866,eat,to,245,NA,NA
4867,eat,eat,245,1.0,1.0
4868,eat,to,246,NA,NA
4869,eat,suck,246,0.25,0.4
4870,eat,tooth,247,0.1,0.18181818181818182
4871,eat,paste,247,0.2,0.3333333333333333
4872,eat,tuptuptuop,248,NA,NA
4873,eat,tuptuptup,249,NA,NA
4874,eat,write,250,0.25,0.4
4875,eat,yakyakya,251,NA,NA
4876,eat,yeah,252,0.25,0.4
4877,eat,ok,252,0.25,0.4
4878,eat,yum,253,NA,NA
4879,eat,yum-yum-yum,254,NA,NA
4880,eat,yummy,255,0.25,0.4
4881,eat,yummy,256,0.25,0.4
4882,eat,food,256,0.125,0.2222222222222222
4883,eat,ñam,257,NA,NA
4884,eat,ñam,257,NA,NA
4885,eat,ñomñam,258,NA,NA
4886,eat,,259,0.1,0.18181818181818182
4887,fire,???,1,NA,NA
4888,fire,air,2,0.3333333333333333,0.8571428571428571
4889,fire,air,3,0.3333333333333333,0.8571428571428571
4890,fire,air,4,0.3333333333333333,0.8571428571428571
4891,fire,inhalation,4,0.14285714285714285,0.5714285714285714
4892,fire,air,5,0.3333333333333333,0.8571428571428571
4893,fire,pressure,5,0.2,0.5882352941176471
4894,fire,airplane,6,0.07142857142857142,0.43478260869565216
4895,fire,sound,6,0.3333333333333333,0.8333333333333334
4896,fire,aspiration,7,0.2,0.7142857142857143
4897,fire,awe,8,0.25,0.7142857142857143
4898,fire,bad,9,0.3333333333333333,0.5
4899,fire,joke,9,0.25,0.7058823529411765
4900,fire,reaction,9,0.25,0.8
4901,fire,blabbering,10,0.14285714285714285,0.25
4902,fire,blow,11,0.3333333333333333,0.8333333333333334
4903,fire,blow,12,0.3333333333333333,0.8333333333333334
4904,fire,it,12,0.1,0.4
4905,fire,out,12,0.3333333333333333,0.5882352941176471
4906,fire,blowing,13,0.3333333333333333,0.5
4907,fire,blowing,14,0.3333333333333333,0.5
4908,fire,air,14,0.3333333333333333,0.8571428571428571
4909,fire,blowing,15,0.3333333333333333,0.5
4910,fire,out,15,0.3333333333333333,0.5882352941176471
4911,fire,boiling,16,0.3333333333333333,0.5263157894736842
4912,fire,breathe,17,0.3333333333333333,0.5
4913,fire,breathing,18,0.3333333333333333,0.5
4914,fire,exercises,18,0.3333333333333333,0.75
4915,fire,burning,19,1.0,1.0
4916,fire,burning,20,1.0,1.0
4917,fire,yourself,20,NA,NA
4918,fire,call,21,0.3333333333333333,0.5882352941176471
4919,fire,cooking,22,0.3333333333333333,0.75
4920,fire,cooling,23,0.25,0.5333333333333333
4921,fire,danger,24,0.16666666666666666,0.631578947368421
4922,fire,danger,25,0.16666666666666666,0.631578947368421
4923,fire,drum,26,0.25,0.7692307692307693
4924,fire,effort,27,0.2,0.75
4925,fire,needed,27,0.3333333333333333,0.5
4926,fire,exasperation,28,0.14285714285714285,0.631578947368421
4927,fire,exploding,29,0.3333333333333333,0.5
4928,fire,explosion,30,0.25,0.7692307692307693
4929,fire,food,31,0.25,0.7272727272727273
4930,fire,is,31,0.3333333333333333,0.5
4931,fire,cold,31,0.3333333333333333,0.5
4932,fire,fast,32,0.3333333333333333,0.631578947368421
4933,fire,fire,33,1.0,1.0
4934,fire,flying,34,0.3333333333333333,0.5
4935,fire,game,35,0.3333333333333333,0.75
4936,fire,ggggg,36,NA,NA
4937,fire,going,37,0.3333333333333333,0.7142857142857143
4938,fire,crazy,37,0.3333333333333333,0.5
4939,fire,with,37,NA,NA
4940,fire,a,37,0.125,0.5333333333333333
4941,fire,wooden,37,0.3333333333333333,0.5
4942,fire,sword,37,0.08333333333333333,0.47619047619047616
4943,fire,happiness,38,0.25,0.7692307692307693
4944,fire,hiss,39,0.25,0.7142857142857143
4945,fire,hissing,40,0.25,0.7142857142857143
4946,fire,hot,41,0.3333333333333333,0.5
4947,fire,hot,42,0.3333333333333333,0.5
4948,fire,water,42,0.3333333333333333,0.8571428571428571
4949,fire,"hot,",43,NA,NA
4950,fire,blow,43,0.3333333333333333,0.8333333333333334
4951,fire,i,44,0.3333333333333333,0.5714285714285714
4952,fire,like,44,0.3333333333333333,0.5
4953,fire,you,44,NA,NA
4954,fire,imitate,45,0.25,0.3333333333333333
4955,fire,inhaling,46,0.25,0.4
4956,fire,it,47,0.1,0.4
4957,fire,was,47,0.3333333333333333,0.5
4958,fire,crazy,47,0.3333333333333333,0.5
4959,fire,jet,48,0.3333333333333333,0.6666666666666666
4960,fire,large,49,0.3333333333333333,0.5
4961,fire,laser,50,0.09090909090909091,0.5
4962,fire,beam,50,0.3333333333333333,0.5263157894736842
4963,fire,leaking,51,0.3333333333333333,0.5
4964,fire,loud,52,0.3333333333333333,0.5
4965,fire,crash,52,0.3333333333333333,0.8333333333333334
4966,fire,missile,53,0.08333333333333333,0.47619047619047616
4967,fire,missile,54,0.08333333333333333,0.47619047619047616
4968,fire,launch,54,0.25,0.625
4969,fire,mouth,55,0.25,0.5555555555555556
4970,fire,mouth,56,0.25,0.5555555555555556
4971,fire,sounds,56,0.3333333333333333,0.8333333333333334
4972,fire,nonsense,57,0.3333333333333333,0.6666666666666666
4973,fire,not,58,0.3333333333333333,0.5
4974,fire,sure,58,0.3333333333333333,0.5
4975,fire,opening,59,0.3333333333333333,0.7142857142857143
4976,fire,a,59,0.125,0.5333333333333333
4977,fire,can,59,1.0,1.0
4978,fire,opening,60,0.3333333333333333,0.7142857142857143
4979,fire,bottle,60,0.2,0.5
4980,fire,outrageous,61,0.3333333333333333,0.5
4981,fire,pew-chooooooo,62,NA,NA
4982,fire,pishhhuough,63,NA,NA
4983,fire,plane,64,0.3333333333333333,0.6153846153846154
4984,fire,playful,65,0.3333333333333333,0.5
4985,fire,playing,66,0.3333333333333333,0.75
4986,fire,pretend,67,0.3333333333333333,0.6
4987,fire,pschew,68,NA,NA
4988,fire,random,69,0.3333333333333333,0.5
4989,fire,sampler,69,0.125,0.5
4990,fire,sounds,69,0.3333333333333333,0.8333333333333334
4991,fire,retarded,70,0.3333333333333333,0.5
4992,fire,rocket,71,0.2,0.5
4993,fire,rocket,72,0.2,0.5
4994,fire,flying,72,0.3333333333333333,0.5
4995,fire,"rocketship,",73,NA,NA
4996,fire,"takeoff,",73,NA,NA
4997,fire,engine,73,0.16666666666666666,0.5
4998,fire,sound,74,0.3333333333333333,0.8333333333333334
4999,fire,shoot,75,0.5,0.8
5000,fire,shuffling,76,0.2,0.5454545454545454
5001,fire,lips,76,0.125,0.5555555555555556
5002,fire,sip,77,0.2,0.35294117647058826
5003,fire,sipping,78,0.2,0.3333333333333333
5004,fire,sipping,79,0.2,0.3333333333333333
5005,fire,hard,79,0.3333333333333333,0.5
5006,fire,sizzling,80,0.3333333333333333,0.5
5007,fire,hot,80,0.3333333333333333,0.5
5008,fire,sleep,81,0.25,0.6153846153846154
5009,fire,sleeping,82,0.3333333333333333,0.5882352941176471
5010,fire,sliding,83,0.3333333333333333,0.5
5011,fire,sluuurp,84,NA,NA
5012,fire,snoozing,85,0.125,0.2222222222222222
5013,fire,snoring,86,0.25,0.4
5014,fire,space,87,0.2,0.5454545454545454
5015,fire,sounds,87,0.3333333333333333,0.8333333333333334
5016,fire,speed,88,0.25,0.5714285714285714
5017,fire,storm,89,0.3333333333333333,0.5714285714285714
5018,fire,strange,90,0.3333333333333333,0.5
5019,fire,sound,90,0.3333333333333333,0.8333333333333334
5020,fire,suction,91,0.3333333333333333,0.5
5021,fire,supernatural,92,0.3333333333333333,0.5
5022,fire,powers,92,0.2,0.6666666666666666
5023,fire,surfing,93,0.25,0.631578947368421
5024,fire,tah,94,NA,NA
5025,fire,whooh,94,NA,NA
5026,fire,whooh,94,NA,NA
5027,fire,tssss,94,NA,NA
5028,fire,take,95,0.3333333333333333,0.6
5029,fire,off,95,0.3333333333333333,0.5
5030,fire,takeoff,96,0.16666666666666666,0.6666666666666666
5031,fire,talking,97,0.16666666666666666,0.42857142857142855
5032,fire,tap,98,0.3333333333333333,0.7692307692307693
5033,fire,pouring,98,0.3333333333333333,0.75
5034,fire,water,98,0.3333333333333333,0.8571428571428571
5035,fire,tap,99,0.3333333333333333,0.7692307692307693
5036,fire,tss,99,0.1,0.4
5037,fire,tss,99,0.1,0.4
5038,fire,teaching,100,0.2,0.75
5039,fire,tha,101,NA,NA
5040,fire,phou,101,NA,NA
5041,fire,phou,101,NA,NA
5042,fire,tick,102,0.25,0.7692307692307693
5043,fire,tock,102,NA,NA
5044,fire,tornado,103,0.1111111111111111,0.5
5045,fire,"touching,",104,NA,NA
5046,fire,"blowing,",104,NA,NA
5047,fire,burning,104,1.0,1.0
5048,fire,tough,105,0.3333333333333333,0.5
5049,fire,turn,106,0.25,0.7692307692307693
5050,fire,down,106,0.3333333333333333,0.7058823529411765
5051,fire,very,107,0.3333333333333333,0.5
5052,fire,hot,107,0.3333333333333333,0.5
5053,fire,vocalising,108,0.25,0.4
5054,fire,wind,109,0.25,0.6153846153846154
5055,fire,warning,110,0.3333333333333333,0.5882352941176471
5056,fire,wata,111,NA,NA
5057,fire,wave,112,0.25,0.7692307692307693
5058,fire,what,113,NA,NA
5059,fire,is,113,0.3333333333333333,0.5
5060,fire,this,113,NA,NA
5061,fire,whirlwind,114,0.08333333333333333,0.3157894736842105
5062,fire,whoosh,115,0.25,0.7142857142857143
5063,fire,wind,116,0.25,0.6153846153846154
5064,fire,wind,117,0.25,0.6153846153846154
5065,fire,noise,117,0.25,0.7692307692307693
5066,fire,wind,118,0.25,0.6153846153846154
5067,fire,or,118,0.125,0.6666666666666666
5068,fire,fast,118,0.3333333333333333,0.631578947368421
5069,fire,windy,119,0.3333333333333333,0.5
5070,fire,"windy,",120,NA,NA
5071,fire,chilly,120,0.3333333333333333,0.5
5072,fire,woman,121,0.125,0.4
5073,fire,communicating,121,0.2,0.6666666666666666
5074,fire,in,121,0.3333333333333333,0.5333333333333333
5075,fire,a,121,0.125,0.5333333333333333
5076,fire,jungle,121,0.14285714285714285,0.375
5077,fire,women’,122,NA,NA
5078,fire,strange,122,0.3333333333333333,0.5
5079,fire,sounds,122,0.3333333333333333,0.8333333333333334
5080,fire,yawn,123,0.25,0.4
5081,fire,yawning,124,0.3333333333333333,0.5
5082,fire,yoga,125,0.1111111111111111,0.6
5083,fire,"you,",126,NA,NA
5084,fire,go,126,0.3333333333333333,0.7058823529411765
5085,fire,there,126,0.3333333333333333,0.5
5086,fire,`ta,127,NA,NA
5087,fire,fufu,127,NA,NA
5088,fire,tsss,127,0.1,0.4
5089,fire,acapella,128,NA,NA
5090,fire,adults,129,0.125,0.42105263157894735
5091,fire,making,129,0.5,0.625
5092,fire,sounds,129,0.3333333333333333,0.8333333333333334
5093,fire,air,130,0.3333333333333333,0.8571428571428571
5094,fire,blowing,130,0.3333333333333333,0.5
5095,fire,air,131,0.3333333333333333,0.8571428571428571
5096,fire,intake,131,0.125,0.5555555555555556
5097,fire,air,132,0.3333333333333333,0.8571428571428571
5098,fire,sound,132,0.3333333333333333,0.8333333333333334
5099,fire,airplane,133,0.07142857142857142,0.43478260869565216
5100,fire,airplane,134,0.07142857142857142,0.43478260869565216
5101,fire,crash,134,0.3333333333333333,0.8333333333333334
5102,fire,airplane,135,0.07142857142857142,0.43478260869565216
5103,fire,flying,135,0.3333333333333333,0.5
5104,fire,airplane,136,0.07142857142857142,0.43478260869565216
5105,fire,sound,136,0.3333333333333333,0.8333333333333334
5106,fire,all,137,0.3333333333333333,0.5
5107,fire,of,137,NA,NA
5108,fire,that,137,NA,NA
5109,fire,annoyed,138,0.3333333333333333,0.5
5110,fire,attack,139,1.0,1.0
5111,fire,bad,140,0.3333333333333333,0.5
5112,fire,signal,140,0.3333333333333333,0.5454545454545454
5113,fire,be,141,0.3333333333333333,0.5333333333333333
5114,fire,calm,141,0.3333333333333333,0.5
5115,fire,be,142,0.3333333333333333,0.5333333333333333
5116,fire,fast,142,0.3333333333333333,0.631578947368421
5117,fire,bear,143,0.3333333333333333,0.5
5118,fire,beatboxing,144,NA,NA
5119,fire,big,145,0.3333333333333333,0.5
5120,fire,blow,146,0.3333333333333333,0.8333333333333334
5121,fire,blow,147,0.3333333333333333,0.8333333333333334
5122,fire,candle,147,0.25,0.47619047619047616
5123,fire,blow,148,0.3333333333333333,0.8333333333333334
5124,fire,hiss,148,0.25,0.7142857142857143
5125,fire,blow,149,0.3333333333333333,0.8333333333333334
5126,fire,out,149,0.3333333333333333,0.5882352941176471
5127,fire,a,149,0.125,0.5333333333333333
5128,fire,candle,149,0.25,0.47619047619047616
5129,fire,blow,150,0.3333333333333333,0.8333333333333334
5130,fire,the,150,NA,NA
5131,fire,candle,150,0.25,0.47619047619047616
5132,fire,blow,151,0.3333333333333333,0.8333333333333334
5133,fire,up,151,0.3333333333333333,0.5
5134,fire,baloon,151,NA,NA
5135,fire,blowing,152,0.3333333333333333,0.5
5136,fire,blowing,153,0.3333333333333333,0.5
5137,fire,a,153,0.125,0.5333333333333333
5138,fire,candle,153,0.25,0.47619047619047616
5139,fire,blowing,154,0.3333333333333333,0.5
5140,fire,at,154,0.2,0.5714285714285714
5141,fire,tea,154,0.16666666666666666,0.6153846153846154
5142,fire,blowing,155,0.3333333333333333,0.5
5143,fire,candles,155,0.25,0.47619047619047616
5144,fire,blowing,156,0.3333333333333333,0.5
5145,fire,on,156,0.3333333333333333,0.5
5146,fire,burns,156,1.0,1.0
5147,fire,blowing,157,0.3333333333333333,0.5
5148,fire,out,157,0.3333333333333333,0.5882352941176471
5149,fire,candle,157,0.25,0.47619047619047616
5150,fire,blowing,158,0.3333333333333333,0.5
5151,fire,out,158,0.3333333333333333,0.5882352941176471
5152,fire,candles,158,0.25,0.47619047619047616
5153,fire,blowing,159,0.3333333333333333,0.5
5154,fire,something,159,NA,NA
5155,fire,hot,159,0.3333333333333333,0.5
5156,fire,blowing,160,0.3333333333333333,0.5
5157,fire,something,160,NA,NA
5158,fire,out,160,0.3333333333333333,0.5882352941176471
5159,fire,blowing,161,0.3333333333333333,0.5
5160,fire,straw,161,0.3333333333333333,0.5333333333333333
5161,fire,blowing,162,0.3333333333333333,0.5
5162,fire,strongly,162,0.3333333333333333,0.5
5163,fire,blowing,163,0.3333333333333333,0.5
5164,fire,the,163,NA,NA
5165,fire,whistling,163,0.25,0.7692307692307693
5166,fire,"blowing,",164,NA,NA
5167,fire,extinguishing,164,0.3333333333333333,0.5263157894736842
5168,fire,blowout,165,0.2,0.7142857142857143
5169,fire,boat,166,0.16666666666666666,0.5
5170,fire,bomb,167,0.3333333333333333,0.7142857142857143
5171,fire,bomb,168,0.3333333333333333,0.7142857142857143
5172,fire,explosion,168,0.25,0.7692307692307693
5173,fire,boomerang,169,0.2,0.5555555555555556
5174,fire,breath,170,0.14285714285714285,0.5714285714285714
5175,fire,breath,171,0.14285714285714285,0.5714285714285714
5176,fire,slowly,171,0.3333333333333333,0.5
5177,fire,breathing,172,0.3333333333333333,0.5
5178,fire,hard,172,0.3333333333333333,0.5
5179,fire,breathing,173,0.3333333333333333,0.5
5180,fire,in,173,0.3333333333333333,0.5333333333333333
5181,fire,burn,174,1.0,1.0
5182,fire,burning,175,1.0,1.0
5183,fire,car,176,0.125,0.6666666666666666
5184,fire,passing,176,0.3333333333333333,0.7692307692307693
5185,fire,by,176,0.3333333333333333,0.5
5186,fire,cartoon,177,0.16666666666666666,0.6153846153846154
5187,fire,sound,177,0.3333333333333333,0.8333333333333334
5188,fire,catcall,178,0.125,0.42857142857142855
5189,fire,chaos,179,0.14285714285714285,0.5714285714285714
5190,fire,chhhooo,180,NA,NA
5191,fire,child,181,0.125,0.42105263157894735
5192,fire,fight,181,0.3333333333333333,0.6153846153846154
5193,fire,cleaning,182,0.25,0.5263157894736842
5194,fire,spray,182,0.25,0.5882352941176471
5195,fire,coffee,183,0.16666666666666666,0.6153846153846154
5196,fire,machine,183,0.25,0.5263157894736842
5197,fire,cold,184,0.3333333333333333,0.5
5198,fire,cold,185,0.3333333333333333,0.5
5199,fire,and,185,NA,NA
5200,fire,windy,185,0.3333333333333333,0.5
5201,fire,come,186,0.3333333333333333,0.5333333333333333
5202,fire,help,186,0.25,0.75
5203,fire,me,186,0.08333333333333333,0.2857142857142857
5204,fire,cook,187,0.3333333333333333,0.75
5205,fire,on,187,0.3333333333333333,0.5
5206,fire,fire,187,1.0,1.0
5207,fire,cooking,188,0.3333333333333333,0.75
5208,fire,cool,189,0.3333333333333333,0.5
5209,fire,off,189,0.3333333333333333,0.5
5210,fire,coughing,190,0.2,0.42857142857142855
5211,fire,craziness,191,0.14285714285714285,0.6666666666666666
5212,fire,cut,192,0.3333333333333333,0.631578947368421
5213,fire,cutting,193,0.3333333333333333,0.6666666666666666
5214,fire,dah,194,0.125,0.46153846153846156
5215,fire,uh,194,NA,NA
5216,fire,uh,194,NA,NA
5217,fire,zzz,194,NA,NA
5218,fire,danger,195,0.16666666666666666,0.631578947368421
5219,fire,darth,196,NA,NA
5220,fire,vader,196,NA,NA
5221,fire,deep,197,0.3333333333333333,0.5
5222,fire,breath,197,0.14285714285714285,0.5714285714285714
5223,fire,destruction,198,0.25,0.7692307692307693
5224,fire,distracted,199,0.3333333333333333,0.5
5225,fire,don't,200,NA,NA
5226,fire,know,200,0.3333333333333333,0.5
5227,fire,drink,201,0.25,0.6666666666666666
5228,fire,drink,202,0.25,0.6666666666666666
5229,fire,from,202,NA,NA
5230,fire,straw,202,0.3333333333333333,0.5333333333333333
5231,fire,drinking,203,0.25,0.6
5232,fire,drum,204,0.25,0.7692307692307693
5233,fire,drums,205,0.25,0.7692307692307693
5234,fire,dunh,206,NA,NA
5235,fire,dung,206,0.16666666666666666,0.47058823529411764
5236,fire,durr,206,NA,NA
5237,fire,dupseee,207,NA,NA
5238,fire,dynamite,208,0.16666666666666666,0.47058823529411764
5239,fire,escaped,209,0.3333333333333333,0.5
5240,fire,air,209,0.3333333333333333,0.8571428571428571
5241,fire,excersie,210,NA,NA
5242,fire,exercising,211,0.3333333333333333,0.631578947368421
5243,fire,explode,212,0.3333333333333333,0.5
5244,fire,explosion,213,0.25,0.7692307692307693
5245,fire,explosion,214,0.25,0.7692307692307693
5246,fire,impression,214,0.14285714285714285,0.6666666666666666
5247,fire,explotion,215,NA,NA
5248,fire,extinguishing,216,0.3333333333333333,0.5263157894736842
5249,fire,flame,216,1.0,1.0
5250,fire,factory,217,0.1111111111111111,0.6
5251,fire,sound,217,0.3333333333333333,0.8333333333333334
5252,fire,fake,218,0.3333333333333333,0.5
5253,fire,shot,218,0.5,0.8
5254,fire,fast,219,0.3333333333333333,0.631578947368421
5255,fire,fast,220,0.3333333333333333,0.631578947368421
5256,fire,car,220,0.125,0.6666666666666666
5257,fire,ffkhohh,221,NA,NA
5258,fire,fight,222,0.3333333333333333,0.6153846153846154
5259,fire,fire,223,1.0,1.0
5260,fire,fire,224,1.0,1.0
5261,fire,starting,224,0.3333333333333333,0.7058823529411765
5262,fire,firestarting,225,NA,NA
5263,fire,firework,226,0.125,0.47058823529411764
5264,fire,firework,227,0.125,0.47058823529411764
5265,fire,sound,227,0.3333333333333333,0.8333333333333334
5266,fire,fireworks,228,0.125,0.47058823529411764
5267,fire,firing,229,1.0,1.0
5268,fire,missiles,229,0.08333333333333333,0.47619047619047616
5269,fire,fiss,230,NA,NA
5270,fire,fizzy,231,0.3333333333333333,0.5
5271,fire,drinks,231,0.25,0.6666666666666666
5272,fire,flight,232,0.2,0.625
5273,fire,fly,233,0.3333333333333333,0.5882352941176471
5274,fire,flying,234,0.3333333333333333,0.5
5275,fire,flying,235,0.3333333333333333,0.5
5276,fire,through,235,0.3333333333333333,0.5
5277,fire,air,235,0.3333333333333333,0.8571428571428571
5278,fire,fojoauh,236,NA,NA
5279,fire,fooh,237,NA,NA
5280,fire,fool,238,0.14285714285714285,0.4
5281,fire,fooo,239,NA,NA
5282,fire,frooooggggg,240,NA,NA
5283,fire,fu,241,NA,NA
5284,fire,fu,241,NA,NA
5285,fire,tsss,241,0.1,0.4
5286,fire,fughuuuuh,242,NA,NA
5287,fire,fuuuuushhhhhh,243,NA,NA
5288,fire,game,244,0.3333333333333333,0.75
5289,fire,of,244,NA,NA
5290,fire,hands,244,0.25,0.7058823529411765
5291,fire,give,245,0.3333333333333333,0.75
5292,fire,go,246,0.3333333333333333,0.7058823529411765
5293,fire,back,246,0.3333333333333333,0.6666666666666666
5294,fire,go,247,0.3333333333333333,0.7058823529411765
5295,fire,to,247,NA,NA
5296,fire,the,247,NA,NA
5297,fire,toilet,247,0.14285714285714285,0.7
5298,fire,high,248,0.3333333333333333,0.5333333333333333
5299,fire,pressure,248,0.2,0.5882352941176471
5300,fire,hiss,249,0.25,0.7142857142857143
5301,fire,hissing,250,0.25,0.7142857142857143
5302,fire,hot,251,0.3333333333333333,0.5
5303,fire,hot,252,0.3333333333333333,0.5
5304,fire,and,252,NA,NA
5305,fire,cooled,252,0.25,0.4
5306,fire,hot,253,0.3333333333333333,0.5
5307,fire,finger,253,0.3333333333333333,0.5555555555555556
5308,fire,water,253,0.3333333333333333,0.8571428571428571
5309,fire,hot,254,0.3333333333333333,0.5
5310,fire,rocks,254,0.25,0.5714285714285714
5311,fire,hush,255,0.25,0.42857142857142855
5312,fire,i,256,0.3333333333333333,0.5714285714285714
5313,fire,can,256,1.0,1.0
5314,fire,do,256,0.3333333333333333,0.5714285714285714
5315,fire,it,256,0.1,0.4
5316,fire,idk,257,NA,NA
5317,fire,imitating,258,0.25,0.3333333333333333
5318,fire,a,258,0.125,0.5333333333333333
5319,fire,beat,258,0.3333333333333333,0.7692307692307693
5320,fire,imitating,259,0.25,0.3333333333333333
5321,fire,wind,259,0.25,0.6153846153846154
5322,fire,imitation,260,0.3333333333333333,0.631578947368421
5323,fire,coffee,260,0.16666666666666666,0.6153846153846154
5324,fire,making,260,0.5,0.625
5325,fire,noises,260,0.25,0.7692307692307693
5326,fire,inhaling,261,0.25,0.4
5327,fire,inspiring,262,0.3333333333333333,0.6666666666666666
5328,fire,breath,262,0.14285714285714285,0.5714285714285714
5329,fire,instrument,263,0.25,0.6666666666666666
5330,fire,its,264,0.1,0.4
5331,fire,hot,264,0.3333333333333333,0.5
5332,fire,jet,265,0.3333333333333333,0.6666666666666666
5333,fire,kgoo,266,NA,NA
5334,fire,kid,267,0.125,0.4444444444444444
5335,fire,playing,267,0.3333333333333333,0.75
5336,fire,kitchen,268,0.14285714285714285,0.7
5337,fire,laser,269,0.09090909090909091,0.5
5338,fire,laser,270,0.09090909090909091,0.5
5339,fire,phaser,270,NA,NA
5340,fire,"laser,",271,NA,NA
5341,fire,"shooting,",271,NA,NA
5342,fire,sword,271,0.08333333333333333,0.47619047619047616
5343,fire,launch,272,0.25,0.625
5344,fire,letting,273,0.3333333333333333,0.5714285714285714
5345,fire,out,273,0.3333333333333333,0.5882352941176471
5346,fire,the,273,NA,NA
5347,fire,air,273,0.3333333333333333,0.8571428571428571
5348,fire,lighting,274,0.25,0.631578947368421
5349,fire,a,274,0.125,0.5333333333333333
5350,fire,bonfire,274,0.5,0.9230769230769231
5351,fire,lighting,275,0.25,0.631578947368421
5352,fire,a,275,0.125,0.5333333333333333
5353,fire,fire,275,1.0,1.0
5354,fire,lightning,276,0.25,0.7692307692307693
5355,fire,bolt,276,0.3333333333333333,0.625
5356,fire,lightsaber,277,NA,NA
5357,fire,lightsabers,278,NA,NA
5358,fire,long,279,0.3333333333333333,0.5
5359,fire,magic,280,0.3333333333333333,0.5714285714285714
5360,fire,magic,281,0.3333333333333333,0.5714285714285714
5361,fire,spell,281,0.3333333333333333,0.5714285714285714
5362,fire,making,282,0.5,0.625
5363,fire,a,282,0.125,0.5333333333333333
5364,fire,joke,282,0.25,0.7058823529411765
5365,fire,making,283,0.5,0.625
5366,fire,rocket,283,0.2,0.5
5367,fire,sounds,283,0.3333333333333333,0.8333333333333334
5368,fire,man,284,0.25,0.5
5369,fire,making,284,0.5,0.625
5370,fire,sound,284,0.3333333333333333,0.8333333333333334
5371,fire,milling,285,0.25,0.5
5372,fire,machine,285,0.25,0.5263157894736842
5373,fire,missile,286,0.08333333333333333,0.47619047619047616
5374,fire,mockery,287,0.14285714285714285,0.631578947368421
5375,fire,mouth,288,0.25,0.5555555555555556
5376,fire,blowing,288,0.3333333333333333,0.5
5377,fire,mouth,289,0.25,0.5555555555555556
5378,fire,sound,289,0.3333333333333333,0.8333333333333334
5379,fire,music,290,0.2,0.75
5380,fire,noise,291,0.25,0.7692307692307693
5381,fire,nonsense,292,0.3333333333333333,0.6666666666666666
5382,fire,old,293,0.3333333333333333,0.5
5383,fire,man,293,0.25,0.5
5384,fire,breathing,293,0.3333333333333333,0.5
5385,fire,old,294,0.3333333333333333,0.5
5386,fire,train,294,0.25,0.6666666666666666
5387,fire,on,295,0.3333333333333333,0.5
5388,fire,hot,295,0.3333333333333333,0.5
5389,fire,pan,295,0.25,0.5263157894736842
5390,fire,opening,296,0.3333333333333333,0.7142857142857143
5391,fire,opening,297,0.3333333333333333,0.7142857142857143
5392,fire,can,297,1.0,1.0
5393,fire,operating,298,0.3333333333333333,0.5
5394,fire,hose,298,0.16666666666666666,0.5
5395,fire,from,298,NA,NA
5396,fire,high,298,0.3333333333333333,0.5333333333333333
5397,fire,pressure,298,0.2,0.5882352941176471
5398,fire,nozzle,298,0.1,0.5263157894736842
5399,fire,,298,0.125,0.5333333333333333
5400,fire,head,298,0.25,0.7692307692307693
5401,fire,position,298,0.25,0.75
5402,fire,pechewing,299,NA,NA
5403,fire,pfffuuuu,300,NA,NA
5404,fire,plane,301,0.3333333333333333,0.6153846153846154
5405,fire,flying,301,0.3333333333333333,0.5
5406,fire,playing,302,0.3333333333333333,0.75
5407,fire,playing,303,0.3333333333333333,0.75
5408,fire,a,303,0.125,0.5333333333333333
5409,fire,beat,303,0.3333333333333333,0.7692307692307693
5410,fire,playing,304,0.3333333333333333,0.75
5411,fire,with,304,NA,NA
5412,fire,kids,304,0.125,0.4444444444444444
5413,fire,prepare,305,0.3333333333333333,0.4
5414,fire,food,305,0.25,0.7272727272727273
5415,fire,pschuuggghh,306,NA,NA
5416,fire,psgsgsg,307,NA,NA
5417,fire,psguguoguo,308,NA,NA
5418,fire,psheeurgh,309,NA,NA
5419,fire,pshshshsooohhhoohhh,310,NA,NA
5420,fire,pshwowowow,311,NA,NA
5421,fire,psiuuuu,312,NA,NA
5422,fire,pst,313,0.125,0.46153846153846156
5423,fire,shuw,313,NA,NA
5424,fire,woo,313,0.3333333333333333,0.5
5425,fire,wuu,313,NA,NA
5426,fire,pstchohohohoh,314,NA,NA
5427,fire,pststzzzzsss,315,NA,NA
5428,fire,rain,316,0.25,0.42857142857142855
5429,fire,rainfall,317,0.08333333333333333,0.3157894736842105
5430,fire,random,318,0.3333333333333333,0.5
5431,fire,random,319,0.3333333333333333,0.5
5432,fire,noises,319,0.25,0.7692307692307693
5433,fire,random,320,0.3333333333333333,0.5
5434,fire,sounds,320,0.3333333333333333,0.8333333333333334
5435,fire,relaxing,321,0.3333333333333333,0.5
5436,fire,routine,321,0.3333333333333333,0.7058823529411765
5437,fire,releasing,322,0.3333333333333333,0.5
5438,fire,suction,322,0.3333333333333333,0.5
5439,fire,relief,323,0.25,0.7692307692307693
5440,fire,rhythm,324,0.14285714285714285,0.6
5441,fire,rock,325,0.25,0.5714285714285714
5442,fire,rocket,326,0.2,0.5
5443,fire,rocket,327,0.2,0.5
5444,fire,launch,327,0.25,0.625
5445,fire,rocket,328,0.2,0.5
5446,fire,launcher,328,0.1,0.5263157894736842
5447,fire,rocket,329,0.2,0.5
5448,fire,launching,329,0.25,0.625
5449,fire,rocket,330,0.2,0.5
5450,fire,plane,330,0.3333333333333333,0.6153846153846154
5451,fire,running,331,0.3333333333333333,0.631578947368421
5452,fire,rustle,332,0.2,0.7142857142857143
5453,fire,scare,333,0.3333333333333333,0.6666666666666666
5454,fire,scratch,334,0.3333333333333333,0.7142857142857143
5455,fire,throat,334,0.1111111111111111,0.5555555555555556
5456,fire,sea,335,0.14285714285714285,0.5
5457,fire,wave,335,0.25,0.7692307692307693
5458,fire,sequence,336,0.25,0.7142857142857143
5459,fire,showing,336,0.3333333333333333,0.631578947368421
5460,fire,ship,337,0.25,0.45454545454545453
5461,fire,shlowowshlowow,338,NA,NA
5462,fire,shoot,339,0.5,0.8
5463,fire,shooting,340,0.5,0.8
5464,fire,shooting,341,0.5,0.8
5465,fire,imitation,341,0.3333333333333333,0.631578947368421
5466,fire,shooting,342,0.5,0.8
5467,fire,out,342,0.3333333333333333,0.5882352941176471
5468,fire,something,342,NA,NA
5469,fire,shooting,343,0.5,0.8
5470,fire,something,343,NA,NA
5471,fire,sighing,344,0.25,0.4
5472,fire,sing,345,0.25,0.4
5473,fire,singing,346,0.3333333333333333,0.6666666666666666
5474,fire,sizzling,347,0.3333333333333333,0.5
5475,fire,sleep,348,0.25,0.6153846153846154
5476,fire,sleep,349,0.25,0.6153846153846154
5477,fire,blow,349,0.3333333333333333,0.8333333333333334
5478,fire,sleeping,350,0.3333333333333333,0.5882352941176471
5479,fire,slurp,351,0.2,0.3333333333333333
5480,fire,noodles,351,0.125,0.46153846153846156
5481,fire,smoking,352,0.3333333333333333,0.5
5482,fire,smug,353,0.3333333333333333,0.5
5483,fire,snake,354,0.2,0.4444444444444444
5484,fire,snore,355,0.25,0.7142857142857143
5485,fire,snoring,356,0.25,0.4
5486,fire,soft,357,0.3333333333333333,0.5
5487,fire,drinks,357,0.25,0.6666666666666666
5488,fire,sound,358,0.3333333333333333,0.8333333333333334
5489,fire,effect,358,0.25,0.6153846153846154
5490,fire,sound,359,0.3333333333333333,0.8333333333333334
5491,fire,of,359,NA,NA
5492,fire,wind,359,0.25,0.6153846153846154
5493,fire,sounds,360,0.3333333333333333,0.8333333333333334
5494,fire,spaceship,361,0.08333333333333333,0.47619047619047616
5495,fire,spaceship,362,0.08333333333333333,0.47619047619047616
5496,fire,in,362,0.3333333333333333,0.5333333333333333
5497,fire,space,362,0.2,0.5454545454545454
5498,fire,special,363,0.3333333333333333,0.6153846153846154
5499,fire,effects,363,0.25,0.6153846153846154
5500,fire,spelling,364,0.3333333333333333,0.5
5501,fire,or,364,0.125,0.6666666666666666
5502,fire,teaching,364,0.2,0.75
5503,fire,"spelling,",365,NA,NA
5504,fire,"blowing,",365,NA,NA
5505,fire,hissing,365,0.25,0.7142857142857143
5506,fire,spray,366,0.25,0.5882352941176471
5507,fire,stadium,367,0.14285714285714285,0.6666666666666666
5508,fire,star,368,0.3333333333333333,0.5
5509,fire,wars,368,0.25,0.6153846153846154
5510,fire,sword,368,0.08333333333333333,0.47619047619047616
5511,fire,stay,369,0.3333333333333333,0.6666666666666666
5512,fire,away,369,0.3333333333333333,0.5
5513,fire,steam,370,0.25,0.6666666666666666
5514,fire,stop,371,0.3333333333333333,0.7692307692307693
5515,fire,storm,372,0.3333333333333333,0.5714285714285714
5516,fire,stretching,373,0.25,0.6
5517,fire,strong,374,0.3333333333333333,0.5
5518,fire,wind,374,0.25,0.6153846153846154
5519,fire,strong,375,0.3333333333333333,0.5
5520,fire,winds,375,0.25,0.6153846153846154
5521,fire,suck,376,0.3333333333333333,0.5
5522,fire,sucking,377,0.3333333333333333,0.5
5523,fire,sucking,378,0.3333333333333333,0.5
5524,fire,air,378,0.3333333333333333,0.8571428571428571
5525,fire,suction,379,0.3333333333333333,0.5
5526,fire,swirling,380,0.2,0.3333333333333333
5527,fire,swish,381,0.3333333333333333,0.7692307692307693
5528,fire,swoosh,382,0.2,0.7142857142857143
5529,fire,ta,383,0.16666666666666666,0.5333333333333333
5530,fire,ho,383,0.16666666666666666,0.5333333333333333
5531,fire,ho,383,0.16666666666666666,0.5333333333333333
5532,fire,thccc,383,NA,NA
5533,fire,ta,384,0.16666666666666666,0.5333333333333333
5534,fire,ho,384,0.16666666666666666,0.5333333333333333
5535,fire,ho,384,0.16666666666666666,0.5333333333333333
5536,fire,tsss,384,0.1,0.4
5537,fire,ta,385,0.16666666666666666,0.5333333333333333
5538,fire,hu-hu,385,NA,NA
5539,fire,tss,385,0.1,0.4
5540,fire,ta,386,0.16666666666666666,0.5333333333333333
5541,fire,ooo,386,NA,NA
5542,fire,tissss,386,NA,NA
5543,fire,ta,387,0.16666666666666666,0.5333333333333333
5544,fire,pff,387,NA,NA
5545,fire,pff,387,NA,NA
5546,fire,tsssss,387,NA,NA
5547,fire,ta,388,0.16666666666666666,0.5333333333333333
5548,fire,phew,388,NA,NA
5549,fire,phew,388,NA,NA
5550,fire,pssss,388,NA,NA
5551,fire,ta,389,0.16666666666666666,0.5333333333333333
5552,fire,phew,389,NA,NA
5553,fire,phew,389,NA,NA
5554,fire,tsss,389,0.1,0.4
5555,fire,ta,390,0.16666666666666666,0.5333333333333333
5556,fire,uhuh,390,NA,NA
5557,fire,ts,390,0.1111111111111111,0.4444444444444444
5558,fire,ta,391,0.16666666666666666,0.5333333333333333
5559,fire,woo,391,0.3333333333333333,0.5
5560,fire,woo,391,0.3333333333333333,0.5
5561,fire,tsss,391,0.1,0.4
5562,fire,"ta,",392,NA,NA
5563,fire,"hu,",392,NA,NA
5564,fire,cyyy,392,NA,NA
5565,fire,taah-hoo-hoo-tsss,393,NA,NA
5566,fire,tack,394,0.3333333333333333,0.5555555555555556
5567,fire,whoo,394,NA,NA
5568,fire,whoo,394,NA,NA
5569,fire,tsss,394,0.1,0.4
5570,fire,taco,395,0.14285714285714285,0.5714285714285714
5571,fire,take,396,0.3333333333333333,0.6
5572,fire,off,396,0.3333333333333333,0.5
5573,fire,tap,397,0.3333333333333333,0.7692307692307693
5574,fire,and,397,NA,NA
5575,fire,blow,397,0.3333333333333333,0.8333333333333334
5576,fire,tap,398,0.3333333333333333,0.7692307692307693
5577,fire,psss,398,NA,NA
5578,fire,tap,399,0.3333333333333333,0.7692307692307693
5579,fire,uh,399,NA,NA
5580,fire,uh,399,NA,NA
5581,fire,ssssss,399,NA,NA
5582,fire,tapp...ushh,400,NA,NA
5583,fire,tawhooptsssss,401,NA,NA
5584,fire,thank,402,0.1,0.18181818181818182
5585,fire,you,402,NA,NA
5586,fire,throwing,403,0.3333333333333333,0.6666666666666666
5587,fire,tojujusssss,404,NA,NA
5588,fire,too,405,0.3333333333333333,0.5
5589,fire,hot,405,0.3333333333333333,0.5
5590,fire,it,405,0.1,0.4
5591,fire,burns,405,1.0,1.0
5592,fire,train,406,0.25,0.6666666666666666
5593,fire,tuck,407,0.16666666666666666,0.6153846153846154
5594,fire,hmm,407,NA,NA
5595,fire,tsst,407,NA,NA
5596,fire,tuh,408,NA,NA
5597,fire,huh,408,NA,NA
5598,fire,huh,408,NA,NA
5599,fire,tsss,408,0.1,0.4
5600,fire,turn,409,0.25,0.7692307692307693
5601,fire,off,409,0.3333333333333333,0.5
5602,fire,turning,410,0.25,0.7692307692307693
5603,fire,and,410,NA,NA
5604,fire,sizzling,410,0.3333333333333333,0.5
5605,fire,tut,411,0.25,0.4
5606,fire,vent,412,0.2,0.75
5607,fire,very,413,0.3333333333333333,0.5
5608,fire,hot,413,0.3333333333333333,0.5
5609,fire,vocal,414,0.3333333333333333,0.5
5610,fire,stimming,414,NA,NA
5611,fire,vrrrr,415,NA,NA
5612,fire,water,416,0.3333333333333333,0.8571428571428571
5613,fire,water,417,0.3333333333333333,0.8571428571428571
5614,fire,gun,417,0.3333333333333333,0.6666666666666666
5615,fire,watergun,418,NA,NA
5616,fire,waves,419,0.25,0.7692307692307693
5617,fire,wgggggghhhh,420,NA,NA
5618,fire,where,421,NA,NA
5619,fire,whhhhuuuuuuuu,422,NA,NA
5620,fire,whhuu,423,NA,NA
5621,fire,(blowing,423,NA,NA
5622,fire,noise),423,NA,NA
5623,fire,whirl,424,0.25,0.7692307692307693
5624,fire,whoohoohoo,425,NA,NA
5625,fire,whoooooeeee,426,NA,NA
5626,fire,whoosh,427,0.25,0.7142857142857143
5627,fire,whooshing,428,0.25,0.4
5628,fire,wind,429,0.25,0.6153846153846154
5629,fire,wind,430,0.25,0.6153846153846154
5630,fire,blow,430,0.3333333333333333,0.8333333333333334
5631,fire,wind,431,0.25,0.6153846153846154
5632,fire,gust,431,0.08333333333333333,0.3157894736842105
5633,fire,wind,432,0.25,0.6153846153846154
5634,fire,noise,432,0.25,0.7692307692307693
5635,fire,wind,433,0.25,0.6153846153846154
5636,fire,sound,433,0.3333333333333333,0.8333333333333334
5637,fire,wind,434,0.25,0.6153846153846154
5638,fire,storm,434,0.3333333333333333,0.5714285714285714
5639,fire,"wind,",435,NA,NA
5640,fire,wave,435,0.25,0.7692307692307693
5641,fire,windy,436,0.3333333333333333,0.5
5642,fire,woman,437,0.125,0.4
5643,fire,woosh,438,0.25,0.4
5644,fire,workout,439,0.125,0.631578947368421
5645,fire,sounds,439,0.3333333333333333,0.8333333333333334
5646,fire,tired,439,0.3333333333333333,0.5
5647,fire,wow,440,0.2,0.5714285714285714
5648,fire,yawn,441,0.25,0.4
5649,fire,yawn,442,0.25,0.4
5650,fire,or,442,0.125,0.6666666666666666
5651,fire,intake,442,0.125,0.5555555555555556
5652,fire,of,442,NA,NA
5653,fire,breathe,442,0.3333333333333333,0.5
5654,fire,yawning,443,0.3333333333333333,0.5
5655,fire,“get,444,NA,NA
5656,fire,ready!”,444,NA,NA
5657,fire,,445,0.125,0.5333333333333333
5658,fruit,*chomp,1,NA,NA
5659,fruit,chomp*,1,NA,NA
5660,fruit,nom,1,NA,NA
5661,fruit,nom,1,NA,NA
5662,fruit,nom,1,NA,NA
5663,fruit,*chomp*,2,NA,NA
5664,fruit,mmm~,2,NA,NA
5665,fruit,aprreciation,3,NA,NA
5666,fruit,asmr,4,NA,NA
5667,fruit,ate,5,0.25,0.4
5668,fruit,awmm,6,NA,NA
5669,fruit,awmm,6,NA,NA
5670,fruit,bite,7,0.2,0.625
5671,fruit,"bite,",8,NA,NA
5672,fruit,enjoying,8,0.3333333333333333,0.5
5673,fruit,food,8,0.14285714285714285,0.4
5674,fruit,biting,9,0.3333333333333333,0.5
5675,fruit,biting,10,0.3333333333333333,0.5
5676,fruit,and,10,NA,NA
5677,fruit,eating,10,0.25,0.4
5678,fruit,biting,11,0.3333333333333333,0.5
5679,fruit,and,11,NA,NA
5680,fruit,tasting,11,0.3333333333333333,0.5
5681,fruit,biting,12,0.3333333333333333,0.5
5682,fruit,something,12,NA,NA
5683,fruit,crispy,12,0.3333333333333333,0.5
5684,fruit,come,13,0.3333333333333333,0.5
5685,fruit,eat,13,0.25,0.4
5686,fruit,can,14,0.25,0.625
5687,fruit,drink,14,0.25,0.4
5688,fruit,chew,15,0.125,0.4444444444444444
5689,fruit,chewing,16,0.125,0.4444444444444444
5690,fruit,chewy,17,0.3333333333333333,0.5
5691,fruit,click,18,0.3333333333333333,0.625
5692,fruit,confirmation,19,0.125,0.47058823529411764
5693,fruit,crab,20,0.25,0.5
5694,fruit,crunchy,21,NA,NA
5695,fruit,crunchy,22,NA,NA
5696,fruit,food,22,0.14285714285714285,0.4
5697,fruit,defile,23,0.25,0.42857142857142855
5698,fruit,delicious,24,0.3333333333333333,0.8181818181818182
5699,fruit,delight,25,0.3333333333333333,0.5
5700,fruit,devour,26,0.25,0.4
5701,fruit,drink,27,0.25,0.4
5702,fruit,drink,28,0.25,0.4
5703,fruit,slip,28,0.3333333333333333,0.7777777777777778
5704,fruit,drink,29,0.25,0.4
5705,fruit,up,29,0.3333333333333333,0.5
5706,fruit,drinking,30,0.25,0.4
5707,fruit,eat,31,0.25,0.4
5708,fruit,eating,32,0.25,0.4
5709,fruit,eat,33,0.25,0.4
5710,fruit,eat,34,0.25,0.4
5711,fruit,and,34,NA,NA
5712,fruit,enjoy,34,0.3333333333333333,0.5
5713,fruit,eating,35,0.25,0.4
5714,fruit,eating,36,0.25,0.4
5715,fruit,and,36,NA,NA
5716,fruit,tasting,36,0.3333333333333333,0.5
5717,fruit,eating,37,0.25,0.4
5718,fruit,food,37,0.14285714285714285,0.4
5719,fruit,eating,38,0.25,0.4
5720,fruit,something,38,NA,NA
5721,fruit,tasty,38,0.3333333333333333,0.5
5722,fruit,enjoy,39,0.3333333333333333,0.5
5723,fruit,enjoying,40,0.3333333333333333,0.5
5724,fruit,food,40,0.14285714285714285,0.4
5725,fruit,finish,41,0.3333333333333333,0.8
5726,fruit,go,42,0.3333333333333333,0.5
5727,fruit,ahead,42,0.3333333333333333,0.5
5728,fruit,eat,42,0.25,0.4
5729,fruit,good,43,0.3333333333333333,0.7142857142857143
5730,fruit,"hum,",44,NA,NA
5731,fruit,thinking,44,0.3333333333333333,0.5
5732,fruit,noise,44,0.2,0.625
5733,fruit,hungry,45,0.3333333333333333,0.5
5734,fruit,hurried,46,0.3333333333333333,0.5
5735,fruit,eating,46,0.25,0.4
5736,fruit,i'm,47,NA,NA
5737,fruit,hungry,47,0.3333333333333333,0.5
5738,fruit,ice,48,0.25,0.5882352941176471
5739,fruit,cream,48,0.25,0.625
5740,fruit,it,49,0.09090909090909091,0.3333333333333333
5741,fruit,is,49,0.3333333333333333,0.5
5742,fruit,delicious,49,0.3333333333333333,0.8181818181818182
5743,fruit,it,50,0.09090909090909091,0.3333333333333333
5744,fruit,tastes,50,0.3333333333333333,0.625
5745,fruit,good,50,0.3333333333333333,0.7142857142857143
5746,fruit,it,51,0.09090909090909091,0.3333333333333333
5747,fruit,was,51,0.3333333333333333,0.5
5748,fruit,this,51,NA,NA
5749,fruit,jaww,52,NA,NA
5750,fruit,mmm,52,NA,NA
5751,fruit,joking,53,0.3333333333333333,0.5
5752,fruit,on,53,0.3333333333333333,0.5
5753,fruit,someone,53,0.14285714285714285,0.5333333333333333
5754,fruit,jrau,54,NA,NA
5755,fruit,jrau,54,NA,NA
5756,fruit,nam,54,NA,NA
5757,fruit,nam,54,NA,NA
5758,fruit,nam,54,NA,NA
5759,fruit,lick,55,0.25,0.5
5760,fruit,licking,56,0.25,0.75
5761,fruit,licking,57,0.25,0.75
5762,fruit,lips,57,0.2,0.75
5763,fruit,aggressively,57,0.3333333333333333,0.5
5764,fruit,like,58,0.3333333333333333,0.5
5765,fruit,tasting,58,0.3333333333333333,0.5
5766,fruit,food,58,0.14285714285714285,0.4
5767,fruit,machine,59,0.25,0.625
5768,fruit,men’s,60,NA,NA
5769,fruit,,60,0.1111111111111111,0.4
5770,fruit,grunting,60,0.25,0.4
5771,fruit,mouth,61,0.25,0.6666666666666666
5772,fruit,munching,62,0.1111111111111111,0.2
5773,fruit,okay,63,0.3333333333333333,0.5
5774,fruit,piglet,64,0.09090909090909091,0.4444444444444444
5775,fruit,pleasure,65,0.125,0.5
5776,fruit,roar,66,0.25,0.5882352941176471
5777,fruit,sound,67,0.3333333333333333,0.6666666666666666
5778,fruit,saliva,68,0.1,0.25
5779,fruit,satiated,69,0.3333333333333333,0.5
5780,fruit,savor,70,0.3333333333333333,0.5
5781,fruit,savouring,71,0.3333333333333333,0.5
5782,fruit,share.,72,NA,NA
5783,fruit,with,72,NA,NA
5784,fruit,me,72,0.08333333333333333,0.3333333333333333
5785,fruit,shock,73,0.25,0.5882352941176471
5786,fruit,sip,74,0.2,0.3333333333333333
5787,fruit,slurp,75,0.2,0.3333333333333333
5788,fruit,slurping,76,0.2,0.3333333333333333
5789,fruit,small,77,0.3333333333333333,0.5
5790,fruit,bites,77,0.2,0.625
5791,fruit,snoring,78,0.25,0.4
5792,fruit,soup,79,0.14285714285714285,0.26666666666666666
5793,fruit,spit,80,0.25,0.5
5794,fruit,sticky,81,0.3333333333333333,0.5
5795,fruit,strange,82,0.3333333333333333,0.5
5796,fruit,sound,82,0.3333333333333333,0.6666666666666666
5797,fruit,surprise,83,0.25,0.625
5798,fruit,or,83,0.1111111111111111,0.5555555555555556
5799,fruit,getting,83,0.3333333333333333,0.5333333333333333
5800,fruit,afraid,83,0.3333333333333333,0.5
5801,fruit,ta,84,0.1111111111111111,0.26666666666666666
5802,fruit,ta,85,0.1111111111111111,0.26666666666666666
5803,fruit,then,85,0.3333333333333333,0.5
5804,fruit,slurp,85,0.2,0.3333333333333333
5805,fruit,"ta,",86,NA,NA
5806,fruit,slurp,86,0.2,0.3333333333333333
5807,fruit,taa,87,NA,NA
5808,fruit,shh,87,NA,NA
5809,fruit,tac,88,NA,NA
5810,fruit,tah,89,NA,NA
5811,fruit,*slurp*,89,NA,NA
5812,fruit,taking,90,0.3333333333333333,0.5
5813,fruit,a,90,0.1,0.23529411764705882
5814,fruit,bite,90,0.2,0.625
5815,fruit,tap,91,0.25,0.625
5816,fruit,taste,92,0.3333333333333333,0.625
5817,fruit,taste,93,0.3333333333333333,0.625
5818,fruit,good,93,0.3333333333333333,0.7142857142857143
5819,fruit,tastes,94,0.3333333333333333,0.625
5820,fruit,good,94,0.3333333333333333,0.7142857142857143
5821,fruit,tasting,95,0.3333333333333333,0.5
5822,fruit,delicious,95,0.3333333333333333,0.8181818181818182
5823,fruit,food,95,0.14285714285714285,0.4
5824,fruit,tasting,96,0.3333333333333333,0.5
5825,fruit,food,96,0.14285714285714285,0.4
5826,fruit,tasting,97,0.3333333333333333,0.5
5827,fruit,something,97,NA,NA
5828,fruit,tasty,98,0.3333333333333333,0.5
5829,fruit,tasty,99,0.3333333333333333,0.5
5830,fruit,bite,99,0.2,0.625
5831,fruit,tasty,100,0.3333333333333333,0.5
5832,fruit,eating,100,0.25,0.4
5833,fruit,tasty,101,0.3333333333333333,0.5
5834,fruit,food,101,0.14285714285714285,0.4
5835,fruit,thag,102,NA,NA
5836,fruit,chip,102,0.2,0.6666666666666666
5837,fruit,thank,103,0.1,0.18181818181818182
5838,fruit,you,103,NA,NA
5839,fruit,and,103,NA,NA
5840,fruit,eat,103,0.25,0.4
5841,fruit,thanks,104,0.125,0.47058823529411764
5842,fruit,to,105,NA,NA
5843,fruit,play,105,0.3333333333333333,0.625
5844,fruit,tongue,106,0.16666666666666666,0.625
5845,fruit,click,106,0.3333333333333333,0.625
5846,fruit,and,106,NA,NA
5847,fruit,inhaling,106,0.25,0.4
5848,fruit,air,106,0.3333333333333333,0.5
5849,fruit,whatever,107,0.3333333333333333,0.5
5850,fruit,women’s,108,NA,NA
5851,fruit,strange,108,0.3333333333333333,0.5
5852,fruit,sounds,108,0.3333333333333333,0.6666666666666666
5853,fruit,word,109,0.125,0.47058823529411764
5854,fruit,and,109,NA,NA
5855,fruit,sip,109,0.2,0.3333333333333333
5856,fruit,wrong,110,0.3333333333333333,0.5
5857,fruit,doing,110,0.3333333333333333,0.5
5858,fruit,yummy,111,0.3333333333333333,0.5
5859,fruit,yawn,112,0.25,0.4
5860,fruit,yes,113,0.08333333333333333,0.21052631578947367
5861,fruit,please,113,0.3333333333333333,0.5
5862,fruit,"yes,",114,NA,NA
5863,fruit,slurping,114,0.2,0.3333333333333333
5864,fruit,noise,114,0.2,0.625
5865,fruit,or,114,0.1111111111111111,0.5555555555555556
5866,fruit,licking,114,0.25,0.75
5867,fruit,noise,114,0.2,0.625
5868,fruit,absorb,115,0.3333333333333333,0.5
5869,fruit,adult,116,0.3333333333333333,0.5
5870,fruit,talking,116,0.16666666666666666,0.2857142857142857
5871,fruit,child,116,0.125,0.5
5872,fruit,adults,117,0.125,0.5
5873,fruit,talking,117,0.16666666666666666,0.2857142857142857
5874,fruit,child,117,0.125,0.5
5875,fruit,agreement,118,0.125,0.5
5876,fruit,and,118,NA,NA
5877,fruit,lick,118,0.25,0.5
5878,fruit,anger,119,0.25,0.4
5879,fruit,apetizing,120,NA,NA
5880,fruit,apple,121,0.3333333333333333,0.9
5881,fruit,attention,122,0.1111111111111111,0.47058823529411764
5882,fruit,and,122,NA,NA
5883,fruit,lick,122,0.25,0.5
5884,fruit,big,123,0.3333333333333333,0.5
5885,fruit,bite,123,0.2,0.625
5886,fruit,big,124,0.3333333333333333,0.5
5887,fruit,bite,124,0.2,0.625
5888,fruit,of,124,NA,NA
5889,fruit,food,124,0.14285714285714285,0.4
5890,fruit,bite,125,0.2,0.625
5891,fruit,"bite,",126,NA,NA
5892,fruit,chew,126,0.125,0.4444444444444444
5893,fruit,biting,127,0.3333333333333333,0.5
5894,fruit,biting,128,0.3333333333333333,0.5
5895,fruit,chewing,128,0.125,0.4444444444444444
5896,fruit,biting,129,0.3333333333333333,0.5
5897,fruit,chips,129,0.2,0.6666666666666666
5898,fruit,biting,130,0.3333333333333333,0.5
5899,fruit,satisfying,130,0.3333333333333333,0.5
5900,fruit,"biting,",131,NA,NA
5901,fruit,tasting,131,0.3333333333333333,0.5
5902,fruit,bitting,132,NA,NA
5903,fruit,breakfast,133,0.2,0.3333333333333333
5904,fruit,breaking,134,0.3333333333333333,0.5
5905,fruit,and,134,NA,NA
5906,fruit,chewing,134,0.125,0.4444444444444444
5907,fruit,burping,135,0.2,0.47058823529411764
5908,fruit,carrot,136,0.2,0.7777777777777778
5909,fruit,cartoon,137,0.2,0.7777777777777778
5910,fruit,eating,137,0.25,0.4
5911,fruit,cat,138,0.2,0.5555555555555556
5912,fruit,cat,139,0.2,0.5555555555555556
5913,fruit,eating,139,0.25,0.4
5914,fruit,cat,140,0.2,0.5555555555555556
5915,fruit,licking,140,0.25,0.75
5916,fruit,its,140,0.09090909090909091,0.3333333333333333
5917,fruit,fur,140,0.125,0.5882352941176471
5918,fruit,cat,141,0.2,0.5555555555555556
5919,fruit,liking,141,0.3333333333333333,0.5
5920,fruit,cat,142,0.2,0.5555555555555556
5921,fruit,scratching,142,0.3333333333333333,0.5882352941176471
5922,fruit,cham,143,NA,NA
5923,fruit,mmm,143,NA,NA
5924,fruit,chat,144,0.125,0.36363636363636365
5925,fruit,and,144,NA,NA
5926,fruit,tea,144,0.1,0.42105263157894735
5927,fruit,chew,145,0.125,0.4444444444444444
5928,fruit,mimick,145,NA,NA
5929,fruit,chewing,146,0.125,0.4444444444444444
5930,fruit,chewing,147,0.125,0.4444444444444444
5931,fruit,food,147,0.14285714285714285,0.4
5932,fruit,child,148,0.125,0.5
5933,fruit,vocalization,148,0.16666666666666666,0.3076923076923077
5934,fruit,chinese,149,0.3333333333333333,0.5
5935,fruit,chocking,150,0.25,0.4
5936,fruit,chomp,151,0.1111111111111111,0.25
5937,fruit,chomp,152,0.1111111111111111,0.25
5938,fruit,chomp,152,0.1111111111111111,0.25
5939,fruit,lick,152,0.25,0.5
5940,fruit,lips,152,0.2,0.75
5941,fruit,chomp,153,0.1111111111111111,0.25
5942,fruit,hummmm,153,NA,NA
5943,fruit,chompppp,154,NA,NA
5944,fruit,mmmm,154,NA,NA
5945,fruit,clacking,155,0.25,0.4
5946,fruit,click,156,0.3333333333333333,0.625
5947,fruit,sounds,156,0.3333333333333333,0.6666666666666666
5948,fruit,close,157,0.3333333333333333,0.5
5949,fruit,crewcrewmtmt,158,NA,NA
5950,fruit,croak,159,0.25,0.4
5951,fruit,crunching,160,0.2,0.3333333333333333
5952,fruit,crunching,161,0.2,0.3333333333333333
5953,fruit,and,161,NA,NA
5954,fruit,smacking,161,0.25,0.4
5955,fruit,crunching,162,0.2,0.3333333333333333
5956,fruit,sound,162,0.3333333333333333,0.6666666666666666
5957,fruit,crunchy,163,NA,NA
5958,fruit,crunchy,164,NA,NA
5959,fruit,eating,164,0.25,0.4
5960,fruit,crunchy,165,NA,NA
5961,fruit,sandwhich,165,NA,NA
5962,fruit,crushing,166,0.3333333333333333,0.5
5963,fruit,delicious,167,0.3333333333333333,0.8181818181818182
5964,fruit,delicious,168,0.3333333333333333,0.8181818181818182
5965,fruit,bite,168,0.2,0.625
5966,fruit,delicious,169,0.3333333333333333,0.8181818181818182
5967,fruit,dish,169,0.2,0.625
5968,fruit,devour,170,0.25,0.4
5969,fruit,devouring,171,0.3333333333333333,0.5
5970,fruit,something,171,NA,NA
5971,fruit,dig,172,0.25,0.5
5972,fruit,in!,172,NA,NA
5973,fruit,disgusting,173,0.3333333333333333,0.5
5974,fruit,distrust,174,0.14285714285714285,0.2857142857142857
5975,fruit,dog,175,0.2,0.5882352941176471
5976,fruit,eating,175,0.25,0.4
5977,fruit,drink,176,0.25,0.4
5978,fruit,drinking,177,0.25,0.4
5979,fruit,drinking,178,0.25,0.4
5980,fruit,a,178,0.1,0.23529411764705882
5981,fruit,shot,178,0.3333333333333333,0.7058823529411765
5982,fruit,earing,179,NA,NA
5983,fruit,eat,180,0.25,0.4
5984,fruit,eat,181,0.25,0.4
5985,fruit,something,181,NA,NA
5986,fruit,tasty,181,0.3333333333333333,0.5
5987,fruit,"eat,",182,NA,NA
5988,fruit,hungry,182,0.3333333333333333,0.5
5989,fruit,eating,183,0.25,0.4
5990,fruit,eating,184,0.25,0.4
5991,fruit,a,184,0.1,0.23529411764705882
5992,fruit,toast,184,0.2,0.4444444444444444
5993,fruit,eating,185,0.25,0.4
5994,fruit,an,185,0.09090909090909091,0.2222222222222222
5995,fruit,apple,185,0.3333333333333333,0.9
5996,fruit,eating,186,0.25,0.4
5997,fruit,and,186,NA,NA
5998,fruit,enjoying,186,0.3333333333333333,0.5
5999,fruit,eating,187,0.25,0.4
6000,fruit,and,187,NA,NA
6001,fruit,feeling,187,0.3333333333333333,0.5
6002,fruit,blessed,187,0.3333333333333333,0.5
6003,fruit,eating,188,0.25,0.4
6004,fruit,apple,188,0.3333333333333333,0.9
6005,fruit,eating,189,0.25,0.4
6006,fruit,crips,189,NA,NA
6007,fruit,eating,190,0.25,0.4
6008,fruit,food,190,0.14285714285714285,0.4
6009,fruit,eating,191,0.25,0.4
6010,fruit,food,191,0.14285714285714285,0.4
6011,fruit,with,191,NA,NA
6012,fruit,a,191,0.1,0.23529411764705882
6013,fruit,fork,191,0.2,0.5882352941176471
6014,fruit,or,191,0.1111111111111111,0.5555555555555556
6015,fruit,spoon,191,0.25,0.625
6016,fruit,eating,192,0.25,0.4
6017,fruit,ice,192,0.25,0.5882352941176471
6018,fruit,cream,192,0.25,0.625
6019,fruit,eating,193,0.25,0.4
6020,fruit,something,193,NA,NA
6021,fruit,eating,194,0.25,0.4
6022,fruit,something,194,NA,NA
6023,fruit,crunchy,194,NA,NA
6024,fruit,eating,195,0.25,0.4
6025,fruit,something,195,NA,NA
6026,fruit,good,195,0.3333333333333333,0.7142857142857143
6027,fruit,eating,196,0.25,0.4
6028,fruit,something,196,NA,NA
6029,fruit,wholesale,196,0.3333333333333333,0.5
6030,fruit,eating,197,0.25,0.4
6031,fruit,sound,197,0.3333333333333333,0.6666666666666666
6032,fruit,mmh,197,NA,NA
6033,fruit,eating,198,0.25,0.4
6034,fruit,sounds,198,0.3333333333333333,0.6666666666666666
6035,fruit,enjoy,199,0.3333333333333333,0.5
6036,fruit,enjoy,200,0.3333333333333333,0.5
6037,fruit,something,200,NA,NA
6038,fruit,to,200,NA,NA
6039,fruit,eat,200,0.25,0.4
6040,fruit,enjoying,201,0.3333333333333333,0.5
6041,fruit,,201,0.1111111111111111,0.4
6042,fruit,food,201,0.14285714285714285,0.4
6043,fruit,enjoying,202,0.3333333333333333,0.5
6044,fruit,a,202,0.1,0.23529411764705882
6045,fruit,bite,202,0.2,0.625
6046,fruit,enjoying,203,0.3333333333333333,0.5
6047,fruit,big,203,0.3333333333333333,0.5
6048,fruit,bites,203,0.2,0.625
6049,fruit,of,203,NA,NA
6050,fruit,food,203,0.14285714285714285,0.4
6051,fruit,filthy,204,0.3333333333333333,0.5
6052,fruit,finished,205,0.3333333333333333,0.5
6053,fruit,food,206,0.14285714285714285,0.4
6054,fruit,frog,207,0.2,0.625
6055,fruit,frog,208,0.2,0.625
6056,fruit,catching,208,0.3333333333333333,0.5
6057,fruit,flies,208,0.3333333333333333,0.6666666666666666
6058,fruit,furball,209,NA,NA
6059,fruit,then,209,0.3333333333333333,0.5
6060,fruit,quiet,209,0.3333333333333333,0.5
6061,fruit,garden,210,0.125,0.35294117647058826
6062,fruit,geum...uummmm,211,NA,NA
6063,fruit,ghaugh,212,NA,NA
6064,fruit,mmmm,212,NA,NA
6065,fruit,give,213,0.3333333333333333,0.5
6066,fruit,me,213,0.08333333333333333,0.3333333333333333
6067,fruit,some,213,0.3333333333333333,0.5
6068,fruit,gobble,214,0.25,0.5882352941176471
6069,fruit,and,214,NA,NA
6070,fruit,swallow,214,0.25,0.4
6071,fruit,gobble,215,0.25,0.5882352941176471
6072,fruit,down,215,0.3333333333333333,0.5555555555555556
6073,fruit,good,216,0.3333333333333333,0.7142857142857143
6074,fruit,food,216,0.14285714285714285,0.4
6075,fruit,good,217,0.3333333333333333,0.7142857142857143
6076,fruit,food,217,0.14285714285714285,0.4
6077,fruit,bite,217,0.2,0.625
6078,fruit,goodbye,218,0.1111111111111111,0.25
6079,fruit,grab,219,0.25,0.5555555555555556
6080,fruit,a,219,0.1,0.23529411764705882
6081,fruit,bite,219,0.2,0.625
6082,fruit,grateful,220,0.3333333333333333,0.5
6083,fruit,gratitude,221,0.125,0.26666666666666666
6084,fruit,followed,221,0.3333333333333333,0.5
6085,fruit,by,221,0.3333333333333333,0.5
6086,fruit,slurp,221,0.2,0.3333333333333333
6087,fruit,grunting,222,0.25,0.4
6088,fruit,gulping,223,0.2,0.3333333333333333
6089,fruit,hawk,224,0.16666666666666666,0.625
6090,fruit,hello,225,0.1111111111111111,0.25
6091,fruit,hhraaau,226,NA,NA
6092,fruit,hmmm,226,NA,NA
6093,fruit,how,227,NA,NA
6094,fruit,howmhm,228,NA,NA
6095,fruit,hraap,229,NA,NA
6096,fruit,mmhhmmmm,229,NA,NA
6097,fruit,hrau,230,NA,NA
6098,fruit,hrauu,230,NA,NA
6099,fruit,mlamlamala,230,NA,NA
6100,fruit,huge,231,0.3333333333333333,0.5
6101,fruit,bite,231,0.2,0.625
6102,fruit,hunger,232,0.25,0.4
6103,fruit,hungry,233,0.3333333333333333,0.5
6104,fruit,"hungry,",234,NA,NA
6105,fruit,tasty,234,0.3333333333333333,0.5
6106,fruit,hunt,235,0.25,0.5
6107,fruit,i,236,0.3333333333333333,0.5
6108,fruit,dont,236,NA,NA
6109,fruit,know,236,0.3333333333333333,0.5
6110,fruit,inhale,237,0.25,0.4
6111,fruit,jaujau,238,NA,NA
6112,fruit,kefkeufauk,239,NA,NA
6113,fruit,khau-kuau,240,NA,NA
6114,fruit,mmm,240,NA,NA
6115,fruit,khow,241,NA,NA
6116,fruit,khow,241,NA,NA
6117,fruit,kow,242,NA,NA
6118,fruit,kow,242,NA,NA
6119,fruit,click,242,0.3333333333333333,0.625
6120,fruit,kwep,243,NA,NA
6121,fruit,kwep,243,NA,NA
6122,fruit,tatuptup,243,NA,NA
6123,fruit,kwowp,244,NA,NA
6124,fruit,mmmmm,244,NA,NA
6125,fruit,let's,245,NA,NA
6126,fruit,eat,245,0.25,0.4
6127,fruit,lick,246,0.25,0.5
6128,fruit,licking,247,0.25,0.75
6129,fruit,like,248,0.3333333333333333,0.5
6130,fruit,loud,249,0.3333333333333333,0.5
6131,fruit,chewing,249,0.125,0.4444444444444444
6132,fruit,loud,250,0.3333333333333333,0.5
6133,fruit,eating,250,0.25,0.4
6134,fruit,make,251,0.3333333333333333,0.5
6135,fruit,fun,251,0.125,0.5
6136,fruit,"man,",252,NA,NA
6137,fruit,slurping,252,0.2,0.3333333333333333
6138,fruit,marmot,253,0.07142857142857142,0.38095238095238093
6139,fruit,meal,254,0.1111111111111111,0.26666666666666666
6140,fruit,time,254,0.2,0.625
6141,fruit,mmmh,255,NA,NA
6142,fruit,moaning,256,0.25,0.4
6143,fruit,more,257,0.3333333333333333,0.5
6144,fruit,food,257,0.14285714285714285,0.4
6145,fruit,mouth,258,0.25,0.6666666666666666
6146,fruit,mouth,259,0.25,0.6666666666666666
6147,fruit,noises,259,0.2,0.625
6148,fruit,munch,260,0.1111111111111111,0.42105263157894735
6149,fruit,"munch,",261,NA,NA
6150,fruit,satisfaction,261,0.1,0.47058823529411764
6151,fruit,munching,262,0.1111111111111111,0.2
6152,fruit,munching,263,0.1111111111111111,0.2
6153,fruit,on,263,0.3333333333333333,0.5
6154,fruit,food,263,0.14285714285714285,0.4
6155,fruit,mxmmxmmxm,264,NA,NA
6156,fruit,nham,265,NA,NA
6157,fruit,nham,265,NA,NA
6158,fruit,nibbling,266,0.2,0.3333333333333333
6159,fruit,no,267,0.3333333333333333,0.5
6160,fruit,clue,267,0.2,0.3333333333333333
6161,fruit,open,268,0.3333333333333333,0.5
6162,fruit,something,268,NA,NA
6163,fruit,opening,269,0.3333333333333333,0.7142857142857143
6164,fruit,a,269,0.1,0.23529411764705882
6165,fruit,can,269,0.25,0.625
6166,fruit,opening,270,0.3333333333333333,0.7142857142857143
6167,fruit,a,270,0.1,0.23529411764705882
6168,fruit,drink,270,0.25,0.4
6169,fruit,opening,271,0.3333333333333333,0.7142857142857143
6170,fruit,and,271,NA,NA
6171,fruit,eating,271,0.25,0.4
6172,fruit,opening,272,0.3333333333333333,0.7142857142857143
6173,fruit,and,272,NA,NA
6174,fruit,slurping,272,0.2,0.3333333333333333
6175,fruit,opening,273,0.3333333333333333,0.7142857142857143
6176,fruit,can,273,0.25,0.625
6177,fruit,peeling,274,0.2,0.3333333333333333
6178,fruit,and,274,NA,NA
6179,fruit,eating,274,0.25,0.4
6180,fruit,pig,275,0.25,0.625
6181,fruit,pig,276,0.25,0.625
6182,fruit,eating,276,0.25,0.4
6183,fruit,sound,276,0.3333333333333333,0.6666666666666666
6184,fruit,pioup,277,NA,NA
6185,fruit,mhhmm,277,NA,NA
6186,fruit,playing,278,0.3333333333333333,0.5
6187,fruit,pleasure,279,0.125,0.5
6188,fruit,pretend,280,0.3333333333333333,0.5
6189,fruit,to,280,NA,NA
6190,fruit,bite,280,0.2,0.625
6191,fruit,random,281,0.3333333333333333,0.5
6192,fruit,noises,281,0.2,0.625
6193,fruit,rat,282,0.25,0.625
6194,fruit,rau,283,NA,NA
6195,fruit,hm,283,0.1,0.23529411764705882
6196,fruit,raub,284,NA,NA
6197,fruit,hmmmm,284,NA,NA
6198,fruit,receiving,285,0.3333333333333333,0.5
6199,fruit,and,285,NA,NA
6200,fruit,eating,285,0.25,0.4
6201,fruit,roar,286,0.25,0.5882352941176471
6202,fruit,and,286,NA,NA
6203,fruit,satisfaction,286,0.1,0.47058823529411764
6204,fruit,satisfaction,287,0.1,0.47058823529411764
6205,fruit,satisfied,288,0.3333333333333333,0.5
6206,fruit,satisfied,289,0.3333333333333333,0.5
6207,fruit,gulp,289,0.2,0.3333333333333333
6208,fruit,satisfying,290,0.3333333333333333,0.5
6209,fruit,bite,290,0.2,0.625
6210,fruit,savoring,291,0.3333333333333333,0.5
6211,fruit,savoring,292,0.3333333333333333,0.5
6212,fruit,a,292,0.1,0.23529411764705882
6213,fruit,bite,292,0.2,0.625
6214,fruit,savoring,293,0.3333333333333333,0.5
6215,fruit,food,293,0.14285714285714285,0.4
6216,fruit,savoring,294,0.3333333333333333,0.5
6217,fruit,taste,294,0.3333333333333333,0.625
6218,fruit,savour,295,0.3333333333333333,0.5
6219,fruit,sclllhrpp,296,NA,NA
6220,fruit,(like,296,NA,NA
6221,fruit,licking),296,NA,NA
6222,fruit,scratch,297,0.3333333333333333,0.5882352941176471
6223,fruit,throat,297,0.16666666666666666,0.6666666666666666
6224,fruit,sexual,298,0.3333333333333333,0.5
6225,fruit,sound,298,0.3333333333333333,0.6666666666666666
6226,fruit,sickness,299,0.1111111111111111,0.35294117647058826
6227,fruit,sip,300,0.2,0.3333333333333333
6228,fruit,sip,301,0.2,0.3333333333333333
6229,fruit,and,301,NA,NA
6230,fruit,chew,301,0.125,0.4444444444444444
6231,fruit,sipping,302,0.2,0.3333333333333333
6232,fruit,slurp,303,0.2,0.3333333333333333
6233,fruit,slurping,304,0.2,0.3333333333333333
6234,fruit,slurping,305,0.2,0.3333333333333333
6235,fruit,pasta,305,0.125,0.2857142857142857
6236,fruit,smacking,306,0.25,0.4
6237,fruit,smacking,307,0.25,0.4
6238,fruit,teeth,307,0.14285714285714285,0.625
6239,fruit,snap,308,0.25,0.7058823529411765
6240,fruit,up,308,0.3333333333333333,0.5
6241,fruit,snapping,309,0.25,0.4
6242,fruit,and,309,NA,NA
6243,fruit,ripping,309,0.3333333333333333,0.5
6244,fruit,snore,310,0.25,0.5882352941176471
6245,fruit,someone,311,0.14285714285714285,0.5333333333333333
6246,fruit,eating,311,0.25,0.4
6247,fruit,something,312,NA,NA
6248,fruit,eating,312,0.25,0.4
6249,fruit,soothing,313,0.3333333333333333,0.5
6250,fruit,throat,313,0.16666666666666666,0.6666666666666666
6251,fruit,sound,314,0.3333333333333333,0.6666666666666666
6252,fruit,soup,315,0.14285714285714285,0.26666666666666666
6253,fruit,speed,316,0.25,0.4444444444444444
6254,fruit,spittle,317,0.1,0.25
6255,fruit,squirt,318,0.2,0.5263157894736842
6256,fruit,sucking,319,0.3333333333333333,0.5
6257,fruit,swallowing,320,0.25,0.4
6258,fruit,"swallowing,",321,NA,NA
6259,fruit,tasting,321,0.3333333333333333,0.5
6260,fruit,ta,322,0.1111111111111111,0.26666666666666666
6261,fruit,and,322,NA,NA
6262,fruit,drink,322,0.25,0.4
6263,fruit,ta,323,0.1111111111111111,0.26666666666666666
6264,fruit,flhec,323,NA,NA
6265,fruit,ta,324,0.1111111111111111,0.26666666666666666
6266,fruit,nxa,324,NA,NA
6267,fruit,licking,324,0.25,0.75
6268,fruit,sound,324,0.3333333333333333,0.6666666666666666
6269,fruit,ta,325,0.1111111111111111,0.26666666666666666
6270,fruit,plak,325,NA,NA
6271,fruit,shium,325,NA,NA
6272,fruit,ta,326,0.1111111111111111,0.26666666666666666
6273,fruit,sluurp,326,NA,NA
6274,fruit,"ta,",327,NA,NA
6275,fruit,slurp,327,0.2,0.3333333333333333
6276,fruit,taaa,328,NA,NA
6277,fruit,pssstt,328,NA,NA
6278,fruit,tac,329,NA,NA
6279,fruit,tac,330,NA,NA
6280,fruit,shut,330,0.3333333333333333,0.5
6281,fruit,tack,331,0.25,0.6666666666666666
6282,fruit,tack,332,0.25,0.6666666666666666
6283,fruit,slurp,332,0.2,0.3333333333333333
6284,fruit,tact...,333,NA,NA
6285,fruit,ushhhh,333,NA,NA
6286,fruit,tah,334,NA,NA
6287,fruit,pff,334,NA,NA
6288,fruit,slurp,334,0.2,0.3333333333333333
6289,fruit,tah,335,NA,NA
6290,fruit,slurp,335,0.2,0.3333333333333333
6291,fruit,tah,336,NA,NA
6292,fruit,th,336,0.1111111111111111,0.26666666666666666
6293,fruit,sh,336,NA,NA
6294,fruit,shoo,336,0.2,0.3333333333333333
6295,fruit,"tah,",337,NA,NA
6296,fruit,slurp,337,0.2,0.3333333333333333
6297,fruit,tahlum,338,NA,NA
6298,fruit,tak,339,NA,NA
6299,fruit,taking,340,0.3333333333333333,0.5
6300,fruit,a,340,0.1,0.23529411764705882
6301,fruit,bite,340,0.2,0.625
6302,fruit,taktch,341,NA,NA
6303,fruit,talk,342,0.16666666666666666,0.47058823529411764
6304,fruit,and,342,NA,NA
6305,fruit,drink,342,0.25,0.4
6306,fruit,tasiuahtu,343,NA,NA
6307,fruit,taste,344,0.3333333333333333,0.625
6308,fruit,tastes,345,0.3333333333333333,0.625
6309,fruit,good,345,0.3333333333333333,0.7142857142857143
6310,fruit,tasting,346,0.3333333333333333,0.5
6311,fruit,tasting,347,0.3333333333333333,0.5
6312,fruit,food,347,0.14285714285714285,0.4
6313,fruit,tasty,348,0.3333333333333333,0.5
6314,fruit,tasty,349,0.3333333333333333,0.5
6315,fruit,food,349,0.14285714285714285,0.4
6316,fruit,tcho,350,NA,NA
6317,fruit,tcho,350,NA,NA
6318,fruit,,350,0.1111111111111111,0.4
6319,fruit,ttttt,350,NA,NA
6320,fruit,tearing,351,0.3333333333333333,0.5
6321,fruit,pieces,351,0.25,0.8
6322,fruit,eating,351,0.25,0.4
6323,fruit,thank,352,0.1,0.18181818181818182
6324,fruit,you,352,NA,NA
6325,fruit,thank,353,0.1,0.18181818181818182
6326,fruit,you,353,NA,NA
6327,fruit,delicious,353,0.3333333333333333,0.8181818181818182
6328,fruit,"thanks,",354,NA,NA
6329,fruit,eat,354,0.25,0.4
6330,fruit,that,355,NA,NA
6331,fruit,thirsty,356,0.3333333333333333,0.5
6332,fruit,tiger,357,0.125,0.5
6333,fruit,time,358,0.2,0.625
6334,fruit,to,358,NA,NA
6335,fruit,eat,358,0.25,0.4
6336,fruit,to,359,NA,NA
6337,fruit,suck,359,0.3333333333333333,0.5
6338,fruit,try,360,0.25,0.5
6339,fruit,it,360,0.09090909090909091,0.3333333333333333
6340,fruit,warm,361,0.3333333333333333,0.5
6341,fruit,weird,362,0.3333333333333333,0.5
6342,fruit,combination,362,0.14285714285714285,0.4444444444444444
6343,fruit,wierd,363,NA,NA
6344,fruit,sound,363,0.3333333333333333,0.6666666666666666
6345,fruit,yakyakayak,364,NA,NA
6346,fruit,yummy,365,0.3333333333333333,0.5
6347,fruit,yummy,366,0.3333333333333333,0.5
6348,fruit,bite,366,0.2,0.625
6349,fruit,yummy,367,0.3333333333333333,0.5
6350,fruit,thanks,367,0.125,0.47058823529411764
6351,fruit,,368,0.1111111111111111,0.4
6352,gather,"""azali""",1,NA,NA
6353,gather,adult,2,0.3333333333333333,0.5
6354,gather,alali,3,NA,NA
6355,gather,aley-aley,4,NA,NA
6356,gather,stick,4,0.25,0.6666666666666666
6357,gather,stick,4,0.25,0.6666666666666666
6358,gather,plock,4,NA,NA
6359,gather,plock,4,NA,NA
6360,gather,ali,5,0.1,0.42105263157894735
6361,gather,ali,5,0.1,0.42105263157894735
6362,gather,sneak,5,0.3333333333333333,0.5
6363,gather,here,5,0.3333333333333333,0.5
6364,gather,ali,6,0.1,0.42105263157894735
6365,gather,ali,6,0.1,0.42105263157894735
6366,gather,stick,6,0.25,0.6666666666666666
6367,gather,on,6,0.3333333333333333,0.5
6368,gather,it,6,0.09090909090909091,0.3333333333333333
6369,gather,ali,7,0.1,0.42105263157894735
6370,gather,"ali,",7,NA,NA
6371,gather,stick,7,0.25,0.6666666666666666
6372,gather,stick,7,0.25,0.6666666666666666
6373,gather,plop,7,0.3333333333333333,0.5
6374,gather,plop,7,0.3333333333333333,0.5
6375,gather,"ali,",8,NA,NA
6376,gather,"ali,",8,NA,NA
6377,gather,"stick,",8,NA,NA
6378,gather,"stick,",8,NA,NA
6379,gather,"crop,",8,NA,NA
6380,gather,crop,8,0.2,0.6666666666666666
6381,gather,(no,8,NA,NA
6382,gather,idea),8,NA,NA
6383,gather,aliali,9,NA,NA
6384,gather,sneak,9,0.3333333333333333,0.5
6385,gather,sneak,9,0.3333333333333333,0.5
6386,gather,allahli,10,NA,NA
6387,gather,allis,11,0.0625,0.34782608695652173
6388,gather,allis,11,0.0625,0.34782608695652173
6389,gather,pic,11,0.16666666666666666,0.7058823529411765
6390,gather,pac,11,0.09090909090909091,0.2222222222222222
6391,gather,pac,11,0.09090909090909091,0.2222222222222222
6392,gather,amazon,12,0.1111111111111111,0.42105263157894735
6393,gather,and,13,NA,NA
6394,gather,then,13,0.3333333333333333,0.5
6395,gather,he,13,0.125,0.26666666666666666
6396,gather,annoyed,14,0.3333333333333333,0.5
6397,gather,annoying,15,0.3333333333333333,0.6666666666666666
6398,gather,sound,15,0.3333333333333333,0.5333333333333333
6399,gather,asali,16,NA,NA
6400,gather,attention,17,0.16666666666666666,0.7058823529411765
6401,gather,seeking,17,0.5,0.7058823529411765
6402,gather,azaleh,18,NA,NA
6403,gather,azali,19,NA,NA
6404,gather,beat,20,0.3333333333333333,0.5263157894736842
6405,gather,badoo,21,NA,NA
6406,gather,badoo,21,NA,NA
6407,gather,bird,22,0.2,0.5263157894736842
6408,gather,flying,22,0.3333333333333333,0.5
6409,gather,away,22,0.3333333333333333,0.5
6410,gather,bored,23,0.3333333333333333,0.5
6411,gather,boredom,24,0.08333333333333333,0.21052631578947367
6412,gather,"bread,",25,NA,NA
6413,gather,"bread,",25,NA,NA
6414,gather,bread,25,0.25,0.4
6415,gather,breaking,26,0.3333333333333333,0.5555555555555556
6416,gather,to,26,NA,NA
6417,gather,song,26,0.14285714285714285,0.6666666666666666
6418,gather,broken,27,0.3333333333333333,0.5
6419,gather,bicycle,27,0.16666666666666666,0.5555555555555556
6420,gather,calling,28,0.3333333333333333,0.7058823529411765
6421,gather,name,28,0.3333333333333333,0.5
6422,gather,calling,29,0.3333333333333333,0.7058823529411765
6423,gather,someone,29,0.14285714285714285,0.5
6424,gather,chinese,30,0.3333333333333333,0.5
6425,gather,click,31,0.3333333333333333,0.5555555555555556
6426,gather,come,32,0.3333333333333333,0.5
6427,gather,here,32,0.3333333333333333,0.5
6428,gather,come,33,0.3333333333333333,0.5
6429,gather,here?,33,NA,NA
6430,gather,calling,33,0.3333333333333333,0.7058823529411765
6431,gather,come,34,0.3333333333333333,0.5
6432,gather,to,34,NA,NA
6433,gather,me,34,0.08333333333333333,0.3157894736842105
6434,gather,confirmation,35,0.14285714285714285,0.6666666666666666
6435,gather,don't,36,NA,NA
6436,gather,know,36,0.3333333333333333,0.5
6437,gather,discontent,37,0.3333333333333333,0.5
6438,gather,dripping,38,0.3333333333333333,0.5
6439,gather,drunk,39,0.3333333333333333,0.5
6440,gather,man,39,0.25,0.5555555555555556
6441,gather,drunken,40,0.3333333333333333,0.5
6442,gather,man,40,0.25,0.5555555555555556
6443,gather,eli,41,NA,NA
6444,gather,shick,41,NA,NA
6445,gather,endearment,42,0.125,0.5882352941176471
6446,gather,excited,43,0.3333333333333333,0.5
6447,gather,fast,44,0.3333333333333333,0.631578947368421
6448,gather,talk,44,0.25,0.5882352941176471
6449,gather,female,45,0.3333333333333333,0.5
6450,gather,,45,0.1111111111111111,0.38095238095238093
6451,gather,spit,45,0.25,0.5882352941176471
6452,gather,female,46,0.3333333333333333,0.5
6453,gather,ali,46,0.1,0.42105263157894735
6454,gather,ali,46,0.1,0.42105263157894735
6455,gather,found,47,0.3333333333333333,0.6666666666666666
6456,gather,over,47,0.3333333333333333,0.5
6457,gather,there,47,0.3333333333333333,0.5
6458,gather,frustration,48,0.14285714285714285,0.625
6459,gather,funny,49,0.3333333333333333,0.5
6460,gather,gaining,50,1.0,1.0
6461,gather,attention,50,0.16666666666666666,0.7058823529411765
6462,gather,giving,51,0.3333333333333333,0.625
6463,gather,an,51,0.09090909090909091,0.2222222222222222
6464,gather,order,51,0.25,0.7058823529411765
6465,gather,in,51,0.3333333333333333,0.5
6466,gather,french,51,0.3333333333333333,0.5
6467,gather,go,52,0.3333333333333333,0.7058823529411765
6468,gather,down,52,0.3333333333333333,0.7058823529411765
6469,gather,stairs,52,0.125,0.5882352941176471
6470,gather,goofy,53,0.3333333333333333,0.5
6471,gather,greeting,54,0.3333333333333333,0.5714285714285714
6472,gather,guru,55,0.1111111111111111,0.4444444444444444
6473,gather,guru,55,0.1111111111111111,0.4444444444444444
6474,gather,guru,55,0.1111111111111111,0.4444444444444444
6475,gather,happy,56,0.3333333333333333,0.5
6476,gather,"here,",57,NA,NA
6477,gather,here,57,0.3333333333333333,0.5
6478,gather,horse,58,0.16666666666666666,0.5555555555555556
6479,gather,horse,59,0.16666666666666666,0.5555555555555556
6480,gather,running,59,0.3333333333333333,0.631578947368421
6481,gather,how,60,NA,NA
6482,gather,are,60,0.3333333333333333,0.5
6483,gather,you,60,NA,NA
6484,gather,hum,61,0.25,0.47058823529411764
6485,gather,humming,62,0.25,0.631578947368421
6486,gather,hurry,63,0.25,0.5555555555555556
6487,gather,hurry,64,0.25,0.5555555555555556
6488,gather,up,64,0.3333333333333333,0.5
6489,gather,i,65,0.3333333333333333,0.5
6490,gather,apologize,65,0.3333333333333333,0.5
6491,gather,i,66,0.3333333333333333,0.5
6492,gather,love,66,0.3333333333333333,0.5
6493,gather,you,66,NA,NA
6494,gather,im,67,NA,NA
6495,gather,going,67,0.3333333333333333,0.6666666666666666
6496,gather,to,67,NA,NA
6497,gather,leave,67,0.3333333333333333,0.625
6498,gather,indian,68,0.3333333333333333,0.5
6499,gather,indifferent,69,0.3333333333333333,0.5
6500,gather,i’m,70,NA,NA
6501,gather,sick,70,0.3333333333333333,0.5
6502,gather,jungle,71,0.14285714285714285,0.42857142857142855
6503,gather,just,72,0.3333333333333333,0.5
6504,gather,like,72,0.3333333333333333,0.5
6505,gather,that,72,NA,NA
6506,gather,let,73,0.3333333333333333,0.5
6507,gather,me,73,0.08333333333333333,0.3157894736842105
6508,gather,think,73,0.3333333333333333,0.5
6509,gather,lets,74,0.3333333333333333,0.5
6510,gather,go,74,0.3333333333333333,0.7058823529411765
6511,gather,light,75,0.3333333333333333,0.5882352941176471
6512,gather,beat,75,0.3333333333333333,0.5263157894736842
6513,gather,like,76,0.3333333333333333,0.5
6514,gather,french,76,0.3333333333333333,0.5
6515,gather,sound,76,0.3333333333333333,0.5333333333333333
6516,gather,look,77,0.3333333333333333,0.6666666666666666
6517,gather,there,77,0.3333333333333333,0.5
6518,gather,male,78,0.3333333333333333,0.5
6519,gather,strange,78,0.3333333333333333,0.5
6520,gather,sounds,78,0.3333333333333333,0.5333333333333333
6521,gather,movement,79,0.14285714285714285,0.631578947368421
6522,gather,mumbling,80,0.2,0.5263157894736842
6523,gather,mumbling,81,0.2,0.5263157894736842
6524,gather,sound,81,0.3333333333333333,0.5333333333333333
6525,gather,musical,82,0.3333333333333333,0.6666666666666666
6526,gather,scale,82,0.25,0.5555555555555556
6527,gather,practice,82,0.3333333333333333,0.75
6528,gather,no,83,0.3333333333333333,0.5555555555555556
6529,gather,way,83,0.3333333333333333,0.6666666666666666
6530,gather,nonsense,84,0.3333333333333333,0.625
6531,gather,not,85,0.3333333333333333,0.5
6532,gather,sure,85,0.3333333333333333,0.5
6533,gather,oh,86,0.08333333333333333,0.3157894736842105
6534,gather,no,86,0.3333333333333333,0.5555555555555556
6535,gather,or,86,0.1,0.5263157894736842
6536,gather,oh,86,0.08333333333333333,0.3157894736842105
6537,gather,my,86,NA,NA
6538,gather,gosh,86,NA,NA
6539,gather,otherwise,87,0.3333333333333333,0.5
6540,gather,over,88,0.3333333333333333,0.5
6541,gather,there,88,0.3333333333333333,0.5
6542,gather,parup,89,NA,NA
6543,gather,peace,90,0.125,0.26666666666666666
6544,gather,placing,91,0.25,0.4444444444444444
6545,gather,thing,91,0.25,0.6666666666666666
6546,gather,playful,92,0.3333333333333333,0.5
6547,gather,please,93,0.3333333333333333,0.5
6548,gather,pointing,94,0.25,0.5
6549,gather,an,94,0.09090909090909091,0.2222222222222222
6550,gather,object,94,0.25,0.5
6551,gather,pointing,95,0.25,0.5
6552,gather,something,95,NA,NA
6553,gather,poodoom,96,NA,NA
6554,gather,poodom,96,NA,NA
6555,gather,pouring,97,0.3333333333333333,0.75
6556,gather,sauce,97,0.25,0.4
6557,gather,praising,98,0.3333333333333333,0.5
6558,gather,proverb,99,0.1111111111111111,0.25
6559,gather,rhythm,100,0.14285714285714285,0.6
6560,gather,raindrop,101,0.1111111111111111,0.25
6561,gather,read,102,0.3333333333333333,0.631578947368421
6562,gather,replying,103,0.2,0.3333333333333333
6563,gather,to,103,NA,NA
6564,gather,a,103,0.1,0.23529411764705882
6565,gather,comment,103,0.16666666666666666,0.5555555555555556
6566,gather,sad,104,0.3333333333333333,0.5
6567,gather,sad,105,0.3333333333333333,0.5
6568,gather,sound,105,0.3333333333333333,0.5333333333333333
6569,gather,sadness,106,0.14285714285714285,0.2857142857142857
6570,gather,sing,107,0.25,0.5
6571,gather,singing,108,0.3333333333333333,0.6666666666666666
6572,gather,singing,109,0.3333333333333333,0.6666666666666666
6573,gather,sound,109,0.3333333333333333,0.5333333333333333
6574,gather,siren,110,0.125,0.5555555555555556
6575,gather,wailing,110,0.3333333333333333,0.5
6576,gather,sleepiness,111,0.125,0.26666666666666666
6577,gather,sleeptalking,112,NA,NA
6578,gather,sleepy,113,0.3333333333333333,0.5
6579,gather,slow,114,0.3333333333333333,0.5
6580,gather,something,115,NA,NA
6581,gather,is,115,0.3333333333333333,0.5
6582,gather,hoping,115,0.25,0.4
6583,gather,song,116,0.14285714285714285,0.6666666666666666
6584,gather,"song,",117,NA,NA
6585,gather,jazz,117,0.16666666666666666,0.2857142857142857
6586,gather,spanish,118,0.3333333333333333,0.5
6587,gather,speaking,119,0.3333333333333333,0.5882352941176471
6588,gather,speaking,120,0.3333333333333333,0.5882352941176471
6589,gather,a,120,0.1,0.23529411764705882
6590,gather,native,120,0.3333333333333333,0.5
6591,gather,language,120,0.16666666666666666,0.375
6592,gather,strange,121,0.3333333333333333,0.5
6593,gather,dialect,121,0.1111111111111111,0.25
6594,gather,strange,122,0.3333333333333333,0.5
6595,gather,sound,122,0.3333333333333333,0.5333333333333333
6596,gather,surprise,123,0.25,0.5
6597,gather,surprised,124,0.3333333333333333,0.5
6598,gather,talk,125,0.25,0.5882352941176471
6599,gather,talking,126,0.25,0.5714285714285714
6600,gather,talk,127,0.25,0.5882352941176471
6601,gather,talking,128,0.25,0.5714285714285714
6602,gather,tip,129,0.25,0.4
6603,gather,tired,130,0.3333333333333333,0.5
6604,gather,ugly,131,0.3333333333333333,0.5
6605,gather,underneath,132,0.3333333333333333,0.5
6606,gather,unknown,133,0.3333333333333333,0.5
6607,gather,vocalizing,134,0.25,0.6666666666666666
6608,gather,waiting,135,0.3333333333333333,0.625
6609,gather,waking,136,0.3333333333333333,0.5
6610,gather,someone,136,0.14285714285714285,0.5
6611,gather,walking,137,0.3333333333333333,0.5263157894736842
6612,gather,war,138,0.25,0.6
6613,gather,cry,138,0.25,0.5
6614,gather,warning,139,0.3333333333333333,0.5882352941176471
6615,gather,watch,140,0.3333333333333333,0.631578947368421
6616,gather,out,140,0.3333333333333333,0.5882352941176471
6617,gather,water,141,0.2,0.625
6618,gather,something(example:,141,NA,NA
6619,gather,plants),141,NA,NA
6620,gather,weird,142,0.3333333333333333,0.5
6621,gather,dialect,142,0.1111111111111111,0.25
6622,gather,weird,143,0.3333333333333333,0.5
6623,gather,sound,143,0.3333333333333333,0.5333333333333333
6624,gather,well,144,0.3333333333333333,0.625
6625,gather,well,144,0.3333333333333333,0.625
6626,gather,well,144,0.3333333333333333,0.625
6627,gather,yes,145,0.08333333333333333,0.21052631578947367
6628,gather,i,145,0.3333333333333333,0.5
6629,gather,undertand,145,NA,NA
6630,gather,a,146,0.1,0.23529411764705882
6631,gather,la,146,0.1111111111111111,0.3157894736842105
6632,gather,li,146,0.3333333333333333,0.5
6633,gather,adalee,147,NA,NA
6634,gather,adalid,148,NA,NA
6635,gather,adolii,149,NA,NA
6636,gather,adoni,150,NA,NA
6637,gather,adult,151,0.3333333333333333,0.5
6638,gather,talking,151,0.25,0.5714285714285714
6639,gather,child,151,0.125,0.47058823529411764
6640,gather,adults,152,0.125,0.47058823529411764
6641,gather,talking,152,0.25,0.5714285714285714
6642,gather,child,152,0.125,0.47058823529411764
6643,gather,agreed,153,0.3333333333333333,0.5
6644,gather,agrreing,154,NA,NA
6645,gather,ahlahlee,155,NA,NA
6646,gather,ahlee,156,NA,NA
6647,gather,ahlee,156,NA,NA
6648,gather,steek,156,NA,NA
6649,gather,steek,156,NA,NA
6650,gather,prock,156,NA,NA
6651,gather,prock,156,NA,NA
6652,gather,aiaisiksikpokpok,157,NA,NA
6653,gather,alali,158,NA,NA
6654,gather,alalii,159,NA,NA
6655,gather,ale,160,0.07692307692307693,0.21052631578947367
6656,gather,ale,160,0.07692307692307693,0.21052631578947367
6657,gather,shi,160,NA,NA
6658,gather,shi,160,NA,NA
6659,gather,to,160,NA,NA
6660,gather,to,160,NA,NA
6661,gather,aleluia,161,NA,NA
6662,gather,alert,162,0.3333333333333333,0.5555555555555556
6663,gather,alerta,163,NA,NA
6664,gather,alerting,164,0.16666666666666666,0.5555555555555556
6665,gather,alerting,165,0.16666666666666666,0.5555555555555556
6666,gather,someone,165,0.14285714285714285,0.5
6667,gather,ali,166,0.1,0.42105263157894735
6668,gather,ali,166,0.1,0.42105263157894735
6669,gather,ali,167,0.1,0.42105263157894735
6670,gather,ali,167,0.1,0.42105263157894735
6671,gather,bloc,167,0.1111111111111111,0.25
6672,gather,ali,168,0.1,0.42105263157894735
6673,gather,ali,168,0.1,0.42105263157894735
6674,gather,six,168,0.3333333333333333,0.5882352941176471
6675,gather,oclcok,168,NA,NA
6676,gather,ali,169,0.1,0.42105263157894735
6677,gather,ali,169,0.1,0.42105263157894735
6678,gather,snick,169,0.16666666666666666,0.5882352941176471
6679,gather,snick,169,0.16666666666666666,0.5882352941176471
6680,gather,block,169,0.3333333333333333,0.6666666666666666
6681,gather,block,169,0.3333333333333333,0.6666666666666666
6682,gather,ali,170,0.1,0.42105263157894735
6683,gather,ali,170,0.1,0.42105263157894735
6684,gather,snuksnik,170,NA,NA
6685,gather,dopdop,170,NA,NA
6686,gather,ali,171,0.1,0.42105263157894735
6687,gather,ali,171,0.1,0.42105263157894735
6688,gather,stick,171,0.25,0.6666666666666666
6689,gather,ali,172,0.1,0.42105263157894735
6690,gather,ali,172,0.1,0.42105263157894735
6691,gather,stick,172,0.25,0.6666666666666666
6692,gather,stick,172,0.25,0.6666666666666666
6693,gather,plok,172,NA,NA
6694,gather,ali,173,0.1,0.42105263157894735
6695,gather,ali,173,0.1,0.42105263157894735
6696,gather,stick,173,0.25,0.6666666666666666
6697,gather,stick,173,0.25,0.6666666666666666
6698,gather,ploplo,173,NA,NA
6699,gather,ali,174,0.1,0.42105263157894735
6700,gather,ali,174,0.1,0.42105263157894735
6701,gather,stick,174,0.25,0.6666666666666666
6702,gather,stick,174,0.25,0.6666666666666666
6703,gather,pow,174,0.1,0.42105263157894735
6704,gather,ali,175,0.1,0.42105263157894735
6705,gather,ali,175,0.1,0.42105263157894735
6706,gather,stik,175,NA,NA
6707,gather,stik,175,NA,NA
6708,gather,plo,175,0.1111111111111111,0.25
6709,gather,plock,175,NA,NA
6710,gather,ali,176,0.1,0.42105263157894735
6711,gather,ali,176,0.1,0.42105263157894735
6712,gather,tss,176,0.09090909090909091,0.3333333333333333
6713,gather,tss,176,0.09090909090909091,0.3333333333333333
6714,gather,tock,176,NA,NA
6715,gather,tock,176,NA,NA
6716,gather,ali,177,0.1,0.42105263157894735
6717,gather,oli,177,NA,NA
6718,gather,sticty,177,NA,NA
6719,gather,propo,177,NA,NA
6720,gather,alien,178,0.3333333333333333,0.5
6721,gather,language,178,0.16666666666666666,0.375
6722,gather,alili,179,NA,NA
6723,gather,stik,179,NA,NA
6724,gather,stik,179,NA,NA
6725,gather,poc,179,NA,NA
6726,gather,poc,179,NA,NA
6727,gather,allaalee,180,NA,NA
6728,gather,allyallly,181,NA,NA
6729,gather,histikblokblok,181,NA,NA
6730,gather,an,182,0.09090909090909091,0.2222222222222222
6731,gather,alien,182,0.3333333333333333,0.5
6732,gather,word,182,0.125,0.5882352941176471
6733,gather,animal,183,0.3333333333333333,0.5
6734,gather,another,184,0.3333333333333333,0.5
6735,gather,language,184,0.16666666666666666,0.375
6736,gather,arab,185,0.1,0.42105263157894735
6737,gather,argument,186,0.125,0.5555555555555556
6738,gather,asali,187,NA,NA
6739,gather,asking,188,0.3333333333333333,0.625
6740,gather,a,188,0.1,0.23529411764705882
6741,gather,question,188,0.2,0.5555555555555556
6742,gather,attention,189,0.16666666666666666,0.7058823529411765
6743,gather,attracting,190,0.3333333333333333,0.75
6744,gather,attention,190,0.16666666666666666,0.7058823529411765
6745,gather,aza,191,NA,NA
6746,gather,lee,191,0.3333333333333333,0.5
6747,gather,azaaliee,192,NA,NA
6748,gather,azale,193,NA,NA
6749,gather,azalea,194,0.07142857142857142,0.38095238095238093
6750,gather,azalee,195,NA,NA
6751,gather,azali,196,NA,NA
6752,gather,azalie,197,NA,NA
6753,gather,azaly,198,NA,NA
6754,gather,babbling,199,0.2,0.5
6755,gather,baby,200,0.25,0.6666666666666666
6756,gather,badop,201,NA,NA
6757,gather,badop,201,NA,NA
6758,gather,badop,201,NA,NA
6759,gather,bazar,202,0.09090909090909091,0.5
6760,gather,be,203,0.3333333333333333,0.5
6761,gather,careful,203,0.3333333333333333,0.5
6762,gather,beatboxing,204,NA,NA
6763,gather,bedo,205,NA,NA
6764,gather,bedo,205,NA,NA
6765,gather,bedo,205,NA,NA
6766,gather,being,206,0.3333333333333333,0.5333333333333333
6767,gather,playful,206,0.3333333333333333,0.5
6768,gather,biddup,207,NA,NA
6769,gather,biddup,207,NA,NA
6770,gather,biddup,207,NA,NA
6771,gather,bidet,208,0.1,0.5263157894736842
6772,gather,bidock,209,NA,NA
6773,gather,bidock,209,NA,NA
6774,gather,bidock,209,NA,NA
6775,gather,bidoo,210,NA,NA
6776,gather,bird,211,0.2,0.5263157894736842
6777,gather,:d,211,NA,NA
6778,gather,bird,212,0.2,0.5263157894736842
6779,gather,talking,212,0.25,0.5714285714285714
6780,gather,birds,213,0.2,0.5263157894736842
6781,gather,sound,213,0.3333333333333333,0.5333333333333333
6782,gather,blabber,214,0.2,0.5
6783,gather,bored,215,0.3333333333333333,0.5
6784,gather,boredom,216,0.08333333333333333,0.21052631578947367
6785,gather,bounce,217,0.25,0.5882352941176471
6786,gather,bouroup,218,NA,NA
6787,gather,bouroup,218,NA,NA
6788,gather,bru,219,NA,NA
6789,gather,bru,219,NA,NA
6790,gather,bru,219,NA,NA
6791,gather,bubbles,220,0.25,0.625
6792,gather,bubbly,221,0.3333333333333333,0.5
6793,gather,budoo,222,NA,NA
6794,gather,budoo,222,NA,NA
6795,gather,budukbudukbuduk,223,NA,NA
6796,gather,budup,224,NA,NA
6797,gather,budup,224,NA,NA
6798,gather,budup,224,NA,NA
6799,gather,burden,225,0.2,0.625
6800,gather,but,226,0.3333333333333333,0.5
6801,gather,call,227,0.3333333333333333,0.5882352941176471
6802,gather,call,228,0.3333333333333333,0.5882352941176471
6803,gather,atention,228,NA,NA
6804,gather,call,229,0.3333333333333333,0.5882352941176471
6805,gather,someone,229,0.14285714285714285,0.5
6806,gather,calling,230,0.3333333333333333,0.7058823529411765
6807,gather,calling,231,0.3333333333333333,0.7058823529411765
6808,gather,name,231,0.3333333333333333,0.5
6809,gather,calling,232,0.3333333333333333,0.7058823529411765
6810,gather,out,232,0.3333333333333333,0.5882352941176471
6811,gather,calling,233,0.3333333333333333,0.7058823529411765
6812,gather,someone,233,0.14285714285714285,0.5
6813,gather,calorie,234,0.1111111111111111,0.25
6814,gather,caring,235,0.3333333333333333,0.5
6815,gather,call,235,0.3333333333333333,0.5882352941176471
6816,gather,celebration,236,0.16666666666666666,0.7058823529411765
6817,gather,chant,237,0.2,0.5
6818,gather,chicken,238,0.3333333333333333,0.5
6819,gather,chicken,239,0.3333333333333333,0.5
6820,gather,sounds,239,0.3333333333333333,0.5333333333333333
6821,gather,child,240,0.125,0.47058823529411764
6822,gather,child,241,0.125,0.47058823529411764
6823,gather,playing,241,0.3333333333333333,0.75
6824,gather,chinese,242,0.3333333333333333,0.5
6825,gather,woman,242,0.125,0.4444444444444444
6826,gather,come,243,0.3333333333333333,0.5
6827,gather,come,244,0.3333333333333333,0.5
6828,gather,ali,244,0.1,0.42105263157894735
6829,gather,ali,244,0.1,0.42105263157894735
6830,gather,come,245,0.3333333333333333,0.5
6831,gather,closer,245,0.3333333333333333,0.5
6832,gather,come,246,0.3333333333333333,0.5
6833,gather,here,246,0.3333333333333333,0.5
6834,gather,come,247,0.3333333333333333,0.5
6835,gather,on,247,0.3333333333333333,0.5
6836,gather,come,248,0.3333333333333333,0.5
6837,gather,"on,",248,NA,NA
6838,gather,let's,248,NA,NA
6839,gather,go,248,0.3333333333333333,0.7058823529411765
6840,gather,complain,249,0.3333333333333333,0.5
6841,gather,concern,250,0.3333333333333333,0.5
6842,gather,crazy,251,0.3333333333333333,0.5
6843,gather,dance,252,0.25,0.7058823529411765
6844,gather,rythm,252,NA,NA
6845,gather,dancing,253,0.25,0.7058823529411765
6846,gather,daydream,254,0.25,0.4
6847,gather,directing,255,0.3333333333333333,0.5
6848,gather,attention,255,0.16666666666666666,0.7058823529411765
6849,gather,distracted,256,0.3333333333333333,0.5
6850,gather,singing,256,0.3333333333333333,0.6666666666666666
6851,gather,do,257,0.3333333333333333,0.5
6852,gather,bado,257,NA,NA
6853,gather,bado,257,NA,NA
6854,gather,do,258,0.3333333333333333,0.5
6855,gather,i,258,0.3333333333333333,0.5
6856,gather,have,258,0.3333333333333333,0.6666666666666666
6857,gather,to?,258,NA,NA
6858,gather,do,259,0.3333333333333333,0.5
6859,gather,know,259,0.3333333333333333,0.5
6860,gather,doing,260,0.3333333333333333,0.5
6861,gather,nails,260,0.25,0.5263157894736842
6862,gather,don't,261,NA,NA
6863,gather,know,261,0.3333333333333333,0.5
6864,gather,don't,262,NA,NA
6865,gather,move,262,0.3333333333333333,0.7058823529411765
6866,gather,dont,263,NA,NA
6867,gather,know,263,0.3333333333333333,0.5
6868,gather,doop,264,NA,NA
6869,gather,bedoop,264,NA,NA
6870,gather,peddoop,264,NA,NA
6871,gather,doreign,265,NA,NA
6872,gather,language,265,0.16666666666666666,0.375
6873,gather,drawing,266,0.3333333333333333,0.7058823529411765
6874,gather,attention,266,0.16666666666666666,0.7058823529411765
6875,gather,drawn,267,0.3333333333333333,0.5
6876,gather,out,267,0.3333333333333333,0.5882352941176471
6877,gather,sigh,267,0.25,0.5
6878,gather,dress,268,0.3333333333333333,0.5882352941176471
6879,gather,dripping,269,0.3333333333333333,0.5
6880,gather,drops,270,0.3333333333333333,0.5882352941176471
6881,gather,of,270,NA,NA
6882,gather,water,270,0.2,0.625
6883,gather,drums,271,0.2,0.5555555555555556
6884,gather,drunk,272,0.3333333333333333,0.5
6885,gather,dull,273,0.3333333333333333,0.5
6886,gather,dupadupadup,274,NA,NA
6887,gather,dupduppedup,275,NA,NA
6888,gather,ellee,276,NA,NA
6889,gather,ellee,276,NA,NA
6890,gather,tock,276,NA,NA
6891,gather,(gibberish),276,NA,NA
6892,gather,excited,277,0.3333333333333333,0.5
6893,gather,excitement,278,0.1,0.5263157894736842
6894,gather,fall,279,0.3333333333333333,0.631578947368421
6895,gather,down,279,0.3333333333333333,0.7058823529411765
6896,gather,fatigue,280,0.2,0.631578947368421
6897,gather,feeding,281,0.25,0.7058823529411765
6898,gather,chickens,281,0.1111111111111111,0.5
6899,gather,footsteps,282,0.14285714285714285,0.5
6900,gather,french,283,0.3333333333333333,0.5
6901,gather,french,284,0.3333333333333333,0.5
6902,gather,people,284,0.2,0.3333333333333333
6903,gather,running,284,0.3333333333333333,0.631578947368421
6904,gather,friend,285,0.125,0.47058823529411764
6905,gather,frog,286,0.2,0.5882352941176471
6906,gather,"frustrated,",287,NA,NA
6907,gather,give,287,0.3333333333333333,0.6
6908,gather,up,287,0.3333333333333333,0.5
6909,gather,galloping,288,0.2,0.3333333333333333
6910,gather,get,289,0.3333333333333333,0.5714285714285714
6911,gather,me,289,0.08333333333333333,0.3157894736842105
6912,gather,that,289,NA,NA
6913,gather,gibberish,290,0.125,0.26666666666666666
6914,gather,girl,291,0.1111111111111111,0.4444444444444444
6915,gather,giving,292,0.3333333333333333,0.625
6916,gather,the,292,NA,NA
6917,gather,time,292,0.2,0.5
6918,gather,glycerine,293,0.1,0.23529411764705882
6919,gather,going,294,0.3333333333333333,0.6666666666666666
6920,gather,down,294,0.3333333333333333,0.7058823529411765
6921,gather,good,295,0.3333333333333333,0.6666666666666666
6922,gather,morning,295,0.125,0.47058823529411764
6923,gather,goodbye,296,0.1111111111111111,0.25
6924,gather,grab,297,0.25,0.625
6925,gather,attention,297,0.16666666666666666,0.7058823529411765
6926,gather,greeting,298,0.3333333333333333,0.5714285714285714
6927,gather,"greeting,",299,NA,NA
6928,gather,welcome,299,0.3333333333333333,0.5
6929,gather,groan,300,0.25,0.4
6930,gather,gulping,301,0.2,0.5
6931,gather,happiness,302,0.125,0.26666666666666666
6932,gather,happy,303,0.3333333333333333,0.5
6933,gather,happy,304,0.3333333333333333,0.5
6934,gather,jumping,304,0.3333333333333333,0.6666666666666666
6935,gather,happy,305,0.3333333333333333,0.5
6936,gather,walking,305,0.3333333333333333,0.5263157894736842
6937,gather,hello,306,0.1111111111111111,0.25
6938,gather,here,307,0.3333333333333333,0.5
6939,gather,hey,308,NA,NA
6940,gather,listen,308,0.25,0.4
6941,gather,hey,309,NA,NA
6942,gather,you,309,NA,NA
6943,gather,hopping,310,0.25,0.4
6944,gather,horn,311,0.16666666666666666,0.5882352941176471
6945,gather,hum,312,0.25,0.47058823529411764
6946,gather,humming,313,0.25,0.631578947368421
6947,gather,hurry,314,0.25,0.5555555555555556
6948,gather,now,314,0.3333333333333333,0.5
6949,gather,hurry,315,0.25,0.5555555555555556
6950,gather,up,315,0.3333333333333333,0.5
6951,gather,i,316,0.3333333333333333,0.5
6952,gather,believe,316,0.2,0.3333333333333333
6953,gather,i,317,0.3333333333333333,0.5
6954,gather,dont,317,NA,NA
6955,gather,know,317,0.3333333333333333,0.5
6956,gather,i,318,0.3333333333333333,0.5
6957,gather,love,318,0.3333333333333333,0.5
6958,gather,you,318,NA,NA
6959,gather,i,319,0.3333333333333333,0.5
6960,gather,want,319,0.3333333333333333,0.5
6961,gather,imitation,320,0.3333333333333333,0.6666666666666666
6962,gather,of,320,NA,NA
6963,gather,arabian,320,0.3333333333333333,0.5
6964,gather,imitation,321,0.3333333333333333,0.6666666666666666
6965,gather,of,321,NA,NA
6966,gather,someone,321,0.14285714285714285,0.5
6967,gather,walking,321,0.3333333333333333,0.5263157894736842
6968,gather,impatience,322,0.1,0.23529411764705882
6969,gather,impersonating,323,0.16666666666666666,0.4
6970,gather,improvisation,324,0.2,0.75
6971,gather,incite,325,0.3333333333333333,0.5
6972,gather,indian,326,0.3333333333333333,0.5
6973,gather,english,326,0.3333333333333333,0.5
6974,gather,invitation,327,0.125,0.631578947368421
6975,gather,is,328,0.3333333333333333,0.5
6976,gather,not,328,0.3333333333333333,0.5
6977,gather,here,328,0.3333333333333333,0.5
6978,gather,its,329,0.09090909090909091,0.3333333333333333
6979,gather,right,329,0.3333333333333333,0.5
6980,gather,there,329,0.3333333333333333,0.5
6981,gather,jump,330,0.3333333333333333,0.6666666666666666
6982,gather,jumping,331,0.3333333333333333,0.6666666666666666
6983,gather,along,331,0.3333333333333333,0.5
6984,gather,just,332,0.3333333333333333,0.5
6985,gather,go,332,0.3333333333333333,0.7058823529411765
6986,gather,along,332,0.3333333333333333,0.5
6987,gather,kid,333,0.16666666666666666,0.4444444444444444
6988,gather,kudulee,334,NA,NA
6989,gather,laugh,335,0.25,0.4
6990,gather,lazy,336,0.3333333333333333,0.5
6991,gather,leak,337,0.3333333333333333,0.5882352941176471
6992,gather,let's,338,NA,NA
6993,gather,go,338,0.3333333333333333,0.7058823529411765
6994,gather,look,339,0.3333333333333333,0.6666666666666666
6995,gather,in,339,0.3333333333333333,0.5
6996,gather,there,339,0.3333333333333333,0.5
6997,gather,look,340,0.3333333333333333,0.6666666666666666
6998,gather,out,340,0.3333333333333333,0.5882352941176471
6999,gather,loud,341,0.3333333333333333,0.5
7000,gather,excessive,341,0.3333333333333333,0.5
7001,gather,noise,341,0.2,0.5
7002,gather,making,342,0.5,0.6666666666666666
7003,gather,sounds,342,0.3333333333333333,0.5333333333333333
7004,gather,man,343,0.25,0.5555555555555556
7005,gather,meander,344,0.25,0.47619047619047616
7006,gather,mimic,345,0.3333333333333333,0.5
7007,gather,mouth,346,0.25,0.625
7008,gather,sounds,346,0.3333333333333333,0.5333333333333333
7009,gather,moving,347,0.3333333333333333,0.5
7010,gather,on,347,0.3333333333333333,0.5
7011,gather,mumble,348,0.2,0.5
7012,gather,mumble,349,0.2,0.5
7013,gather,after,349,0.3333333333333333,0.5
7014,gather,sleep,349,0.25,0.4
7015,gather,mumbling,350,0.2,0.5263157894736842
7016,gather,muppet,351,NA,NA
7017,gather,music,352,0.2,0.75
7018,gather,name,353,0.3333333333333333,0.5
7019,gather,natalie,354,NA,NA
7020,gather,nervous,355,0.3333333333333333,0.5
7021,gather,no,356,0.3333333333333333,0.5555555555555556
7022,gather,clue,356,0.2,0.3333333333333333
7023,gather,no,357,0.3333333333333333,0.5555555555555556
7024,gather,idea,357,0.125,0.4
7025,gather,not,358,0.3333333333333333,0.5
7026,gather,interested,358,0.3333333333333333,0.5
7027,gather,oh,359,0.08333333333333333,0.3157894736842105
7028,gather,my,359,NA,NA
7029,gather,god,359,0.14285714285714285,0.6666666666666666
7030,gather,okay,360,0.3333333333333333,0.5
7031,gather,otherly,361,NA,NA
7032,gather,over,362,0.3333333333333333,0.5
7033,gather,there,362,0.3333333333333333,0.5
7034,gather,pad,363,0.2,0.625
7035,gather,dup,363,NA,NA
7036,gather,padup,363,NA,NA
7037,gather,padup,363,NA,NA
7038,gather,padooh,364,NA,NA
7039,gather,padooh,364,NA,NA
7040,gather,padooh,364,NA,NA
7041,gather,padu?,365,NA,NA
7042,gather,paru,366,NA,NA
7043,gather,paru,366,NA,NA
7044,gather,paru,366,NA,NA
7045,gather,parup,367,NA,NA
7046,gather,parup,367,NA,NA
7047,gather,parup,367,NA,NA
7048,gather,passing,368,0.3333333333333333,0.5454545454545454
7049,gather,time,368,0.2,0.5
7050,gather,perhaps,369,0.3333333333333333,0.5
7051,gather,permission,370,0.125,0.5263157894736842
7052,gather,phrase,371,0.14285714285714285,0.6666666666666666
7053,gather,pink,372,0.3333333333333333,0.5
7054,gather,panther,372,0.058823529411764705,0.3333333333333333
7055,gather,playing,373,0.3333333333333333,0.75
7056,gather,a,373,0.1,0.23529411764705882
7057,gather,beat,373,0.3333333333333333,0.5263157894736842
7058,gather,please,374,0.3333333333333333,0.5
7059,gather,please,375,0.3333333333333333,0.5
7060,gather,leave,375,0.3333333333333333,0.625
7061,gather,positive,376,0.3333333333333333,0.5
7062,gather,conversation,376,0.125,0.26666666666666666
7063,gather,pour,377,0.3333333333333333,0.75
7064,gather,pozoli,378,NA,NA
7065,gather,primitive,379,0.3333333333333333,0.5
7066,gather,alien,379,0.3333333333333333,0.5
7067,gather,comunication,379,NA,NA
7068,gather,pruprurp,380,NA,NA
7069,gather,pulse,381,0.25,0.5
7070,gather,question,382,0.2,0.5555555555555556
7071,gather,rain,383,0.25,0.4
7072,gather,rain,384,0.25,0.4
7073,gather,drop,384,0.3333333333333333,0.5882352941176471
7074,gather,rain,385,0.25,0.4
7075,gather,drops,385,0.3333333333333333,0.5882352941176471
7076,gather,random,386,0.3333333333333333,0.5
7077,gather,noise,386,0.2,0.5
7078,gather,relieved,387,0.3333333333333333,0.5
7079,gather,repetition,388,0.16666666666666666,0.7058823529411765
7080,gather,resignation,389,0.14285714285714285,0.625
7081,gather,rhyme,390,0.2,0.3333333333333333
7082,gather,rhythmic,391,0.3333333333333333,0.5
7083,gather,badoop,391,NA,NA
7084,gather,roaming,392,0.25,0.4
7085,gather,happily,392,0.3333333333333333,0.5
7086,gather,run,393,0.3333333333333333,0.7058823529411765
7087,gather,rythm,394,NA,NA
7088,gather,saying,395,0.3333333333333333,0.5
7089,gather,-,395,NA,NA
7090,gather,run,395,0.3333333333333333,0.7058823529411765
7091,gather,sesame,396,0.08333333333333333,0.42105263157894735
7092,gather,street,396,0.1111111111111111,0.5555555555555556
7093,gather,set,397,0.3333333333333333,0.7058823529411765
7094,gather,a,397,0.1,0.23529411764705882
7095,gather,date,397,0.25,0.5714285714285714
7096,gather,shouting,398,0.25,0.5
7097,gather,showing,399,0.3333333333333333,0.631578947368421
7098,gather,someting,399,NA,NA
7099,gather,signing,400,0.25,0.5714285714285714
7100,gather,at,400,0.14285714285714285,0.2857142857142857
7101,gather,something,400,NA,NA
7102,gather,simple,401,0.3333333333333333,0.5
7103,gather,vocalism,401,0.16666666666666666,0.3076923076923077
7104,gather,sing,402,0.25,0.5
7105,gather,singing,403,0.3333333333333333,0.6666666666666666
7106,gather,singing,404,0.3333333333333333,0.6666666666666666
7107,gather,ritms,404,NA,NA
7108,gather,skipping,405,0.25,0.4
7109,gather,sleep,406,0.25,0.4
7110,gather,sleep,407,0.25,0.4
7111,gather,talk,407,0.25,0.5882352941176471
7112,gather,sleep,408,0.25,0.4
7113,gather,talking,408,0.25,0.5714285714285714
7114,gather,sleepiness,409,0.125,0.26666666666666666
7115,gather,sleeping,410,0.3333333333333333,0.5882352941176471
7116,gather,sleepy,411,0.3333333333333333,0.5
7117,gather,sleepy,412,0.3333333333333333,0.5
7118,gather,mumbling,412,0.2,0.5263157894736842
7119,gather,slowly,413,0.3333333333333333,0.5
7120,gather,slur,414,0.2,0.5
7121,gather,slurring,415,0.2,0.5
7122,gather,sneaking,416,0.3333333333333333,0.5
7123,gather,sorry,417,0.3333333333333333,0.5
7124,gather,sound,418,0.3333333333333333,0.5333333333333333
7125,gather,sound,419,0.3333333333333333,0.5333333333333333
7126,gather,effects,419,0.25,0.4
7127,gather,spaced,420,0.3333333333333333,0.5
7128,gather,jazz,420,0.16666666666666666,0.2857142857142857
7129,gather,beat,420,0.3333333333333333,0.5263157894736842
7130,gather,speak,421,0.3333333333333333,0.5714285714285714
7131,gather,speaking,422,0.3333333333333333,0.5882352941176471
7132,gather,speaking,423,0.3333333333333333,0.5882352941176471
7133,gather,other,423,0.3333333333333333,0.5
7134,gather,language,423,0.16666666666666666,0.375
7135,gather,step,424,0.25,0.625
7136,gather,lightly,424,0.3333333333333333,0.5
7137,gather,steps,425,0.25,0.625
7138,gather,surprise,426,0.25,0.5
7139,gather,take,427,0.3333333333333333,0.6
7140,gather,care,427,0.25,0.7058823529411765
7141,gather,taking,428,0.3333333333333333,0.625
7142,gather,a,428,0.1,0.23529411764705882
7143,gather,stroll,428,0.2,0.5
7144,gather,talk,429,0.25,0.5882352941176471
7145,gather,talking,430,0.25,0.5714285714285714
7146,gather,talking,431,0.25,0.5714285714285714
7147,gather,fish,431,0.3333333333333333,0.47058823529411764
7148,gather,talking,432,0.25,0.5714285714285714
7149,gather,to,432,NA,NA
7150,gather,someone,432,0.14285714285714285,0.5
7151,gather,teach,433,0.2,0.5
7152,gather,that,434,NA,NA
7153,gather,was,434,0.3333333333333333,0.5
7154,gather,me,434,0.08333333333333333,0.3157894736842105
7155,gather,there,435,0.3333333333333333,0.5
7156,gather,there!,436,NA,NA
7157,gather,go,436,0.3333333333333333,0.7058823529411765
7158,gather,this,437,NA,NA
7159,gather,one,437,0.3333333333333333,0.5
7160,gather,tic,438,0.08333333333333333,0.3157894736842105
7161,gather,toc,438,NA,NA
7162,gather,tired,439,0.3333333333333333,0.5
7163,gather,tiredness,440,0.125,0.26666666666666666
7164,gather,to,441,NA,NA
7165,gather,incite,441,0.3333333333333333,0.5
7166,gather,to,442,NA,NA
7167,gather,ro,442,0.125,0.26666666666666666
7168,gather,to,443,NA,NA
7169,gather,rush,443,0.3333333333333333,0.5555555555555556
7170,gather,tu...peru...peru,444,NA,NA
7171,gather,tuprupbru,445,NA,NA
7172,gather,turu,446,NA,NA
7173,gather,turu,446,NA,NA
7174,gather,duru,446,NA,NA
7175,gather,uh,447,NA,NA
7176,gather,uh,447,NA,NA
7177,gather,lee,447,0.3333333333333333,0.5
7178,gather,unsure,448,0.3333333333333333,0.5
7179,gather,upset,449,0.3333333333333333,0.5555555555555556
7180,gather,vocal,450,0.3333333333333333,0.5
7181,gather,stimming,450,NA,NA
7182,gather,waiting,451,0.3333333333333333,0.625
7183,gather,walk,452,0.25,0.6666666666666666
7184,gather,walk,453,0.25,0.6666666666666666
7185,gather,slow,453,0.3333333333333333,0.5
7186,gather,walking,454,0.3333333333333333,0.5263157894736842
7187,gather,walking,455,0.3333333333333333,0.5263157894736842
7188,gather,downstairs,455,0.3333333333333333,0.5
7189,gather,walking,456,0.3333333333333333,0.5263157894736842
7190,gather,sound,456,0.3333333333333333,0.5333333333333333
7191,gather,warning,457,0.3333333333333333,0.5882352941176471
7192,gather,of,457,NA,NA
7193,gather,danger,457,0.16666666666666666,0.631578947368421
7194,gather,water,458,0.2,0.625
7195,gather,water,459,0.2,0.625
7196,gather,dripping,459,0.3333333333333333,0.5
7197,gather,water,460,0.2,0.625
7198,gather,drops,460,0.3333333333333333,0.5882352941176471
7199,gather,welcome,461,0.3333333333333333,0.5
7200,gather,whisper,462,0.2,0.5
7201,gather,woman,463,0.125,0.4444444444444444
7202,gather,word,464,0.125,0.5882352941176471
7203,gather,noises,464,0.2,0.5
7204,gather,,465,0.1111111111111111,0.38095238095238093
7205,good,"""ta-dah""",1,NA,NA
7206,good,aaaaa,2,NA,NA
7207,good,acheivement,3,NA,NA
7208,good,achievement,4,0.1111111111111111,0.3333333333333333
7209,good,acknowledge,5,0.2,0.3333333333333333
7210,good,agree,6,0.3333333333333333,0.5
7211,good,agreeance,7,NA,NA
7212,good,agreeing,8,0.3333333333333333,0.5
7213,good,ahhh,9,NA,NA
7214,good,angelical,10,0.3333333333333333,0.5
7215,good,choir,10,0.2,0.7142857142857143
7216,good,appreciation,11,0.1111111111111111,0.3333333333333333
7217,good,approvation,12,NA,NA
7218,good,arousal,13,0.14285714285714285,0.5
7219,good,"awe,",14,NA,NA
7220,good,light,14,0.3333333333333333,0.7142857142857143
7221,good,crying,15,0.3333333333333333,0.5
7222,good,clerical,16,0.3333333333333333,0.5
7223,good,sound,16,1.0,1.0
7224,good,contemplating,17,0.25,0.4
7225,good,delicious,18,0.3333333333333333,0.5
7226,good,delight,19,0.3333333333333333,0.5
7227,good,drowsy,20,0.3333333333333333,0.5
7228,good,"enjoyment,",21,NA,NA
7229,good,pleasantness,21,0.3333333333333333,0.8
7230,good,excited,22,0.3333333333333333,0.5
7231,good,humming,22,0.25,0.4
7232,good,exclamation,23,0.125,0.36363636363636365
7233,good,or,23,0.14285714285714285,0.625
7234,good,seeking,23,0.3333333333333333,0.5
7235,good,attention,23,0.125,0.46153846153846156
7236,good,figured,24,0.3333333333333333,0.5
7237,good,something,24,NA,NA
7238,good,out/achieved,24,NA,NA
7239,good,something,24,NA,NA
7240,good,find,25,0.3333333333333333,0.5
7241,good,finding,26,0.3333333333333333,0.6
7242,good,something,26,NA,NA
7243,good,out,26,0.3333333333333333,0.5
7244,good,get,27,0.3333333333333333,0.5
7245,good,in,27,0.3333333333333333,0.5
7246,good,tune,27,0.2,0.5
7247,good,good,28,1.0,1.0
7248,good,taste,28,0.3333333333333333,0.5
7249,good,great,29,0.3333333333333333,0.5333333333333333
7250,good,hehee,30,NA,NA
7251,good,ha,31,0.1111111111111111,0.42857142857142855
7252,good,haaa,31,NA,NA
7253,good,happiness,32,0.16666666666666666,0.5454545454545454
7254,good,happy,33,0.3333333333333333,0.5
7255,good,"happy,",34,NA,NA
7256,good,"trumpet,",34,NA,NA
7257,good,success,34,0.14285714285714285,0.5714285714285714
7258,good,happyness,35,NA,NA
7259,good,here,36,0.3333333333333333,0.5454545454545454
7260,good,you,36,NA,NA
7261,good,go,36,0.3333333333333333,0.5
7262,good,hmm,37,NA,NA
7263,good,hmmm,38,NA,NA
7264,good,holy,39,0.3333333333333333,0.5
7265,good,huh,40,NA,NA
7266,good,huuuh,40,NA,NA
7267,good,humming,41,0.25,0.4
7268,good,hunh,42,NA,NA
7269,good,hunhh,42,NA,NA
7270,good,i,43,0.3333333333333333,0.5
7271,good,agree,43,0.3333333333333333,0.5
7272,good,i,44,0.3333333333333333,0.5
7273,good,am,44,0.3333333333333333,0.5
7274,good,happy,44,0.3333333333333333,0.5
7275,good,i,45,0.3333333333333333,0.5
7276,good,did,45,0.3333333333333333,0.5
7277,good,something!,45,NA,NA
7278,good,i,46,0.3333333333333333,0.5
7279,good,finally,46,0.3333333333333333,0.5
7280,good,understand,46,0.3333333333333333,0.5
7281,good,i,47,0.3333333333333333,0.5
7282,good,get,47,0.3333333333333333,0.5
7283,good,it.,47,NA,NA
7284,good,i,48,0.3333333333333333,0.5
7285,good,got,48,0.3333333333333333,0.5
7286,good,it,48,0.09090909090909091,0.2857142857142857
7287,good,i,49,0.3333333333333333,0.5
7288,good,have,49,0.3333333333333333,0.5714285714285714
7289,good,an,49,0.09090909090909091,0.2857142857142857
7290,good,idea!,49,NA,NA
7291,good,i,50,0.3333333333333333,0.5
7292,good,see,50,0.3333333333333333,0.5
7293,good,i,51,0.3333333333333333,0.5
7294,good,understand,51,0.3333333333333333,0.5
7295,good,i,52,0.3333333333333333,0.5
7296,good,won,52,0.3333333333333333,0.5
7297,good,i'm,53,NA,NA
7298,good,here,53,0.3333333333333333,0.5454545454545454
7299,good,i'm,54,NA,NA
7300,good,sure,54,0.3333333333333333,0.5
7301,good,inarticulate,55,0.3333333333333333,0.5
7302,good,,55,0.1111111111111111,0.4444444444444444
7303,good,high,55,0.3333333333333333,0.625
7304,good,sounds,55,0.3333333333333333,0.5454545454545454
7305,good,ingenuity,56,0.125,0.46153846153846156
7306,good,interesting,57,0.3333333333333333,0.5
7307,good,joking,58,0.3333333333333333,0.5
7308,good,around,58,0.3333333333333333,0.5
7309,good,light,59,0.3333333333333333,0.7142857142857143
7310,good,like,60,0.3333333333333333,0.5
7311,good,likes,61,0.3333333333333333,0.5
7312,good,it,61,0.09090909090909091,0.2857142857142857
7313,good,listening,62,0.25,0.4
7314,good,unpleasant,62,0.3333333333333333,0.5
7315,good,comment,62,0.16666666666666666,0.36363636363636365
7316,good,look,63,0.3333333333333333,0.7272727272727273
7317,good,what,63,NA,NA
7318,good,i,63,0.3333333333333333,0.5
7319,good,have,63,0.3333333333333333,0.5714285714285714
7320,good,lying,64,0.3333333333333333,0.5
7321,good,mmm,65,NA,NA
7322,good,majestic,66,0.3333333333333333,0.5
7323,good,man,67,0.25,0.6666666666666666
7324,good,singing,67,0.3333333333333333,0.5
7325,good,manly,68,0.3333333333333333,0.5
7326,good,wail,68,0.2,0.3333333333333333
7327,good,miracle,69,0.14285714285714285,0.4
7328,good,mmm,70,NA,NA
7329,good,mmmmm,71,NA,NA
7330,good,satisfaction,71,0.125,0.46153846153846156
7331,good,moaning,72,0.25,0.4
7332,good,music,73,0.14285714285714285,0.4
7333,good,not,74,0.3333333333333333,0.5
7334,good,convinced,74,0.3333333333333333,0.5
7335,good,ooooooh~,75,NA,NA
7336,good,opera,76,0.16666666666666666,0.6666666666666666
7337,good,opera,77,0.16666666666666666,0.6666666666666666
7338,good,wannabe,77,0.125,0.5333333333333333
7339,good,playful,78,0.3333333333333333,0.5
7340,good,pleasure,79,0.16666666666666666,0.5454545454545454
7341,good,realization,80,0.1111111111111111,0.4
7342,good,sing,81,0.25,0.4
7343,good,sound,82,1.0,1.0
7344,good,satisfied,83,0.3333333333333333,0.5
7345,good,serious,84,1.0,1.0
7346,good,sigh,85,0.25,0.4
7347,good,sing,86,0.25,0.4
7348,good,singer,87,0.1111111111111111,0.5
7349,good,singing,88,0.3333333333333333,0.5
7350,good,singing,89,0.3333333333333333,0.5
7351,good,",",89,NA,NA
7352,good,devine,89,NA,NA
7353,good,singing,90,0.3333333333333333,0.5
7354,good,opera,90,0.16666666666666666,0.6666666666666666
7355,good,"singing,",91,NA,NA
7356,good,music,91,0.14285714285714285,0.4
7357,good,snoring,92,0.25,0.4
7358,good,strech,93,NA,NA
7359,good,suggestion,94,0.125,0.36363636363636365
7360,good,surprise,95,0.25,0.5
7361,good,ta,96,0.1111111111111111,0.3076923076923077
7362,good,da,96,0.09090909090909091,0.4444444444444444
7363,good,ta-da,97,NA,NA
7364,good,ta-da!,98,NA,NA
7365,good,here,98,0.3333333333333333,0.5454545454545454
7366,good,it,98,0.09090909090909091,0.2857142857142857
7367,good,is,98,0.3333333333333333,0.5
7368,good,taadaa,99,NA,NA
7369,good,tasty,100,0.3333333333333333,0.5
7370,good,testing,101,0.25,0.4
7371,good,her,101,NA,NA
7372,good,voice,101,0.25,0.6666666666666666
7373,good,that’s,102,NA,NA
7374,good,right,102,1.0,1.0
7375,good,thinking,103,0.3333333333333333,0.5
7376,good,tone,104,0.3333333333333333,0.8
7377,good,triumphant,105,0.3333333333333333,0.5
7378,good,ummm,106,NA,NA
7379,good,it's,106,NA,NA
7380,good,seems,106,0.25,0.4
7381,good,ok,106,0.3333333333333333,0.5
7382,good,understood,107,0.3333333333333333,0.5
7383,good,vocalizing,108,0.25,0.4
7384,good,what,109,NA,NA
7385,good,women’s,110,NA,NA
7386,good,sigh,110,0.25,0.4
7387,good,yeah,111,0.3333333333333333,0.5
7388,good,yes,112,0.08333333333333333,0.26666666666666666
7389,good,"yum,",113,NA,NA
7390,good,delicious,113,0.3333333333333333,0.5
7391,good,aaahhhh...,114,NA,NA
7392,good,calling,114,0.3333333333333333,0.5
7393,good,aaahhhhhh,115,NA,NA
7394,good,achievement,116,0.1111111111111111,0.3333333333333333
7395,good,acomplishment,117,NA,NA
7396,good,acomplisment,118,NA,NA
7397,good,acute,119,0.3333333333333333,0.5
7398,good,admiration,120,0.14285714285714285,0.5
7399,good,admire,121,0.25,0.4
7400,good,adults,122,0.14285714285714285,0.5714285714285714
7401,good,singing,122,0.3333333333333333,0.5
7402,good,affirmation,123,0.125,0.36363636363636365
7403,good,agree,124,0.3333333333333333,0.5
7404,good,agreeing,125,0.3333333333333333,0.5
7405,good,agreement,126,0.2,0.6666666666666666
7406,good,ah,127,NA,NA
7407,good,ah,127,NA,NA
7408,good,ah...aahhmmm!,128,NA,NA
7409,good,amazement,129,0.16666666666666666,0.5454545454545454
7410,good,amazing,130,0.3333333333333333,0.5
7411,good,ammjajaja,131,NA,NA
7412,good,angel,132,0.125,0.5333333333333333
7413,good,angelic,133,0.3333333333333333,0.5
7414,good,singing,133,0.3333333333333333,0.5
7415,good,angelic,134,0.3333333333333333,0.5
7416,good,voice,134,0.25,0.6666666666666666
7417,good,announcement,135,0.125,0.36363636363636365
7418,good,annoying,136,0.3333333333333333,0.5
7419,good,anthem,137,0.1,0.3076923076923077
7420,good,approving,138,0.3333333333333333,0.5
7421,good,arriving,139,0.3333333333333333,0.5
7422,good,artistic,140,0.3333333333333333,0.5
7423,good,expression,140,0.2,0.6666666666666666
7424,good,astonishment,141,0.16666666666666666,0.5454545454545454
7425,good,award,142,0.25,0.4
7426,good,aware,143,0.3333333333333333,0.5
7427,good,awe,144,0.14285714285714285,0.5
7428,good,baaaaaaaah,145,NA,NA
7429,good,beach,146,0.2,0.5454545454545454
7430,good,birthday,147,0.1111111111111111,0.3333333333333333
7431,good,calm,148,0.3333333333333333,0.5
7432,good,down,148,0.3333333333333333,0.5333333333333333
7433,good,captain,149,0.14285714285714285,0.5333333333333333
7434,good,of,149,NA,NA
7435,good,the,149,NA,NA
7436,good,caribean,149,NA,NA
7437,good,cheering,150,0.3333333333333333,0.5
7438,good,up,150,0.3333333333333333,0.5
7439,good,chilling,151,0.3333333333333333,0.5
7440,good,chocolate,152,0.125,0.42857142857142855
7441,good,choir,153,0.2,0.7142857142857143
7442,good,clearing,154,0.3333333333333333,0.5
7443,good,throat,154,0.25,0.7692307692307693
7444,good,concern,155,0.3333333333333333,0.5
7445,good,congratulations,156,0.125,0.36363636363636365
7446,good,consent,157,0.2,0.3333333333333333
7447,good,correct,158,0.3333333333333333,0.5
7448,good,cozy,159,0.3333333333333333,0.7142857142857143
7449,good,feelings,159,0.2,0.6
7450,good,dada!,160,NA,NA
7451,good,deep,161,0.3333333333333333,0.5
7452,good,sigh,161,0.25,0.4
7453,good,delight,162,0.3333333333333333,0.5
7454,good,disbelief,163,0.125,0.42857142857142855
7455,good,discovery,164,0.125,0.36363636363636365
7456,good,"discovery,",165,NA,NA
7457,good,comprehension,165,0.125,0.36363636363636365
7458,good,dismissive,166,0.3333333333333333,0.5
7459,good,divine,167,0.3333333333333333,0.5
7460,good,dont,168,NA,NA
7461,good,know,168,0.3333333333333333,0.5
7462,good,doorbell,169,0.1111111111111111,0.5555555555555556
7463,good,eating,170,0.25,0.4
7464,good,end,171,0.3333333333333333,0.7142857142857143
7465,good,result,171,0.25,0.4
7466,good,enjoy,172,0.3333333333333333,0.5
7467,good,shower,172,0.2,0.7142857142857143
7468,good,"enjoy,",173,NA,NA
7469,good,relish,173,0.3333333333333333,0.5
7470,good,enjoying,174,0.3333333333333333,0.5
7471,good,enlightened,175,0.3333333333333333,0.5
7472,good,epiphany,176,0.1,0.3076923076923077
7473,good,eureka,177,0.1,0.375
7474,good,excited,178,0.3333333333333333,0.5
7475,good,exited,179,0.25,0.4
7476,good,fanfare,180,0.14285714285714285,0.4
7477,good,female,181,0.3333333333333333,0.5714285714285714
7478,good,singing,181,0.3333333333333333,0.5
7479,good,find,182,0.3333333333333333,0.5
7480,good,solution,182,0.16666666666666666,0.4444444444444444
7481,good,flowing,183,0.3333333333333333,0.5
7482,good,water,183,0.25,0.7692307692307693
7483,good,food,184,0.14285714285714285,0.36363636363636365
7484,good,found,185,0.3333333333333333,0.5
7485,good,it!,185,NA,NA
7486,good,get,186,0.3333333333333333,0.5
7487,good,an,186,0.09090909090909091,0.2857142857142857
7488,good,idea,186,0.125,0.36363636363636365
7489,good,gift,187,0.3333333333333333,0.5
7490,good,glory,188,0.2,0.6666666666666666
7491,good,good,189,1.0,1.0
7492,good,mood,189,0.16666666666666666,0.5454545454545454
7493,good,got,190,0.3333333333333333,0.5
7494,good,it,190,0.09090909090909091,0.2857142857142857
7495,good,grand,191,0.3333333333333333,0.5882352941176471
7496,good,introduction,191,0.125,0.5555555555555556
7497,good,ha,192,0.1111111111111111,0.42857142857142855
7498,good,haaah!,192,NA,NA
7499,good,ha,193,0.1111111111111111,0.42857142857142855
7500,good,haa,193,NA,NA
7501,good,ha,194,0.1111111111111111,0.42857142857142855
7502,good,hhhaaa,194,NA,NA
7503,good,haaaa,195,NA,NA
7504,good,haahaaa,196,NA,NA
7505,good,happiness,197,0.16666666666666666,0.5454545454545454
7506,good,happy,198,0.3333333333333333,0.5
7507,good,happy,199,0.3333333333333333,0.5
7508,good,and,199,NA,NA
7509,good,amused,199,0.3333333333333333,0.5
7510,good,happy,200,0.3333333333333333,0.5
7511,good,man,200,0.25,0.6666666666666666
7512,good,happy,201,0.3333333333333333,0.5
7513,good,work,201,0.3333333333333333,0.7142857142857143
7514,good,traveling,201,0.3333333333333333,0.5
7515,good,harmonize,202,0.25,0.4
7516,good,harmony,203,0.2,0.6666666666666666
7517,good,he,204,0.125,0.3333333333333333
7518,good,haaaa,204,NA,NA
7519,good,hello,205,0.1111111111111111,0.3333333333333333
7520,good,here,206,0.3333333333333333,0.5454545454545454
7521,good,it,206,0.09090909090909091,0.2857142857142857
7522,good,is,206,0.3333333333333333,0.5
7523,good,heureka,207,NA,NA
7524,good,high,208,0.3333333333333333,0.625
7525,good,high,209,0.3333333333333333,0.625
7526,good,pitch,209,0.25,0.5454545454545454
7527,good,sound,209,1.0,1.0
7528,good,high,210,0.3333333333333333,0.625
7529,good,pitched,210,0.3333333333333333,0.5
7530,good,singing,210,0.3333333333333333,0.5
7531,good,hmm,211,NA,NA
7532,good,hmmm,212,NA,NA
7533,good,hmmmmm,213,NA,NA
7534,good,hohow,214,NA,NA
7535,good,holiness,215,0.3333333333333333,0.8
7536,good,holy,216,0.3333333333333333,0.5
7537,good,howhow,217,NA,NA
7538,good,howling,218,0.3333333333333333,0.5
7539,good,hu,219,NA,NA
7540,good,huhhhh,219,NA,NA
7541,good,hu-ham,220,NA,NA
7542,good,huh,221,NA,NA
7543,good,huh,221,NA,NA
7544,good,huh,222,NA,NA
7545,good,huuuh,222,NA,NA
7546,good,huhhu,223,NA,NA
7547,good,sound,223,1.0,1.0
7548,good,hum,224,0.25,0.5454545454545454
7549,good,hum,225,0.25,0.5454545454545454
7550,good,in,225,0.3333333333333333,0.5
7551,good,agreement,225,0.2,0.6666666666666666
7552,good,hum,226,0.25,0.5454545454545454
7553,good,of,226,NA,NA
7554,good,success,226,0.14285714285714285,0.5714285714285714
7555,good,humming,227,0.25,0.4
7556,good,humming,228,0.25,0.4
7557,good,a,228,0.1,0.3076923076923077
7558,good,tune,228,0.2,0.5
7559,good,i,229,0.3333333333333333,0.5
7560,good,am,229,0.3333333333333333,0.5
7561,good,here,229,0.3333333333333333,0.5454545454545454
7562,good,i,230,0.3333333333333333,0.5
7563,good,got,230,0.3333333333333333,0.5
7564,good,it,230,0.09090909090909091,0.2857142857142857
7565,good,i,231,0.3333333333333333,0.5
7566,good,see,231,0.3333333333333333,0.5
7567,good,i,232,0.3333333333333333,0.5
7568,good,understand,232,0.3333333333333333,0.5
7569,good,idea,233,0.125,0.36363636363636365
7570,good,ilumunation,234,NA,NA
7571,good,impressive,235,0.3333333333333333,0.5
7572,good,"interest,",236,NA,NA
7573,good,want,236,0.3333333333333333,0.5
7574,good,interrogation,237,0.1111111111111111,0.3333333333333333
7575,good,sound,237,1.0,1.0
7576,good,joy,238,0.3333333333333333,0.5
7577,good,kawl,239,NA,NA
7578,good,lament,240,0.25,0.4
7579,good,laughing,241,0.3333333333333333,0.5
7580,good,laughter,242,0.125,0.36363636363636365
7581,good,lazy,243,0.3333333333333333,0.5
7582,good,response,243,0.16666666666666666,0.5454545454545454
7583,good,light,244,0.3333333333333333,0.7142857142857143
7584,good,like,245,0.3333333333333333,0.5
7585,good,ta-daa!,245,NA,NA
7586,good,liking,246,0.3333333333333333,0.5454545454545454
7587,good,listen,247,0.25,0.4
7588,good,listening,248,0.25,0.4
7589,good,love,249,0.3333333333333333,0.5333333333333333
7590,good,man,250,0.25,0.6666666666666666
7591,good,singing,250,0.3333333333333333,0.5
7592,good,melodic,251,0.3333333333333333,0.5
7593,good,entuation,251,NA,NA
7594,good,mhh,252,NA,NA
7595,good,mhm,253,NA,NA
7596,good,mhmmhm,254,NA,NA
7597,good,mihhhhh,255,NA,NA
7598,good,miraculous,256,0.3333333333333333,0.5
7599,good,realisation,256,0.1111111111111111,0.4
7600,good,mmh,257,NA,NA
7601,good,mmm,258,NA,NA
7602,good,mmmhm,259,NA,NA
7603,good,mmmm,260,NA,NA
7604,good,mmmmhhh,261,NA,NA
7605,good,mmmmm,262,NA,NA
7606,good,moan,263,0.25,0.4
7607,good,moaning,264,0.25,0.4
7608,good,moans,265,0.25,0.4
7609,good,movie,266,0.2,0.7142857142857143
7610,good,nice,267,0.3333333333333333,0.5
7611,good,nod,268,0.3333333333333333,0.5
7612,good,nodding,269,0.3333333333333333,0.5
7613,good,now,270,0.3333333333333333,0.5454545454545454
7614,good,i,270,0.3333333333333333,0.5
7615,good,know,270,0.3333333333333333,0.5
7616,good,oh,271,0.09090909090909091,0.375
7617,good,yeah,271,0.3333333333333333,0.5
7618,good,ohhhhh,272,NA,NA
7619,good,oooh,273,NA,NA
7620,good,(singing,273,NA,NA
7621,good,voice),273,NA,NA
7622,good,ooohhhhh,274,NA,NA
7623,good,ooooohhhh-oohh,275,NA,NA
7624,good,ooooooooo,276,NA,NA
7625,good,opera,277,0.16666666666666666,0.6666666666666666
7626,good,opra,278,NA,NA
7627,good,pain,279,0.16666666666666666,0.5454545454545454
7628,good,paw,280,0.16666666666666666,0.2857142857142857
7629,good,performing,281,0.3333333333333333,0.5
7630,good,opera,281,0.16666666666666666,0.6666666666666666
7631,good,pleased,282,0.3333333333333333,0.5
7632,good,pleasent,283,NA,NA
7633,good,pleasure,284,0.16666666666666666,0.5454545454545454
7634,good,pooohuhn,285,NA,NA
7635,good,presentation,286,0.2,0.7142857142857143
7636,good,presenting,287,0.3333333333333333,0.5
7637,good,something,287,NA,NA
7638,good,pride,288,0.25,0.6
7639,good,pronouncement,289,0.1111111111111111,0.3333333333333333
7640,good,questioning,290,0.3333333333333333,0.5
7641,good,realization,291,0.1111111111111111,0.4
7642,good,relaxing,292,0.3333333333333333,0.5
7643,good,respond,293,0.25,0.4
7644,good,sleepily,293,0.3333333333333333,0.5
7645,good,reveal,294,0.25,0.4
7646,good,revealing,295,0.3333333333333333,0.5
7647,good,revelation,296,0.1111111111111111,0.3333333333333333
7648,good,ringing,297,0.25,0.5
7649,good,royal,298,0.3333333333333333,0.6666666666666666
7650,good,sacred,299,0.3333333333333333,0.5
7651,good,sarcastic,300,0.3333333333333333,0.5
7652,good,'right',300,NA,NA
7653,good,satisfaction,301,0.125,0.46153846153846156
7654,good,satisfaing,302,NA,NA
7655,good,satisfied,303,0.3333333333333333,0.5
7656,good,satisfy,304,0.3333333333333333,0.5
7657,good,saying,305,0.3333333333333333,0.5
7658,good,-,305,NA,NA
7659,good,hm,305,0.1,0.3076923076923077
7660,good,see,306,0.3333333333333333,0.5
7661,good,here,306,0.3333333333333333,0.5454545454545454
7662,good,sheep,307,0.125,0.5333333333333333
7663,good,sigh,308,0.25,0.4
7664,good,sing,309,0.25,0.4
7665,good,singer,310,0.1111111111111111,0.5
7666,good,singing,311,0.3333333333333333,0.5
7667,good,singing,312,0.3333333333333333,0.5
7668,good,aaah,312,NA,NA
7669,good,singing,313,0.3333333333333333,0.5
7670,good,han,313,0.08333333333333333,0.26666666666666666
7671,good,hann,313,NA,NA
7672,good,singing,314,0.3333333333333333,0.5
7673,good,notes,314,0.3333333333333333,0.7272727272727273
7674,good,singing,315,0.3333333333333333,0.5
7675,good,sound,315,1.0,1.0
7676,good,sleep,316,0.25,0.5454545454545454
7677,good,sleep,317,0.25,0.5454545454545454
7678,good,talk,317,0.16666666666666666,0.3333333333333333
7679,good,sleep,318,0.25,0.5454545454545454
7680,good,talking,318,0.16666666666666666,0.3333333333333333
7681,good,sleeping,319,0.3333333333333333,0.5
7682,good,snort,320,0.25,0.4
7683,good,solution,321,0.16666666666666666,0.4444444444444444
7684,good,found,321,0.3333333333333333,0.5
7685,good,something,322,NA,NA
7686,good,hot,322,0.3333333333333333,0.5
7687,good,song,323,0.125,0.36363636363636365
7688,good,suddenly,324,0.3333333333333333,0.5
7689,good,surprise,325,0.25,0.5
7690,good,surprise!,326,NA,NA
7691,good,ta,327,0.1111111111111111,0.3076923076923077
7692,good,da,327,0.09090909090909091,0.4444444444444444
7693,good,ta,328,0.1111111111111111,0.3076923076923077
7694,good,daa,328,NA,NA
7695,good,tada,329,NA,NA
7696,good,tasting,330,0.3333333333333333,0.5
7697,good,tasty,331,0.3333333333333333,0.5
7698,good,think,332,0.3333333333333333,0.5
7699,good,thinking,333,0.3333333333333333,0.5
7700,good,thought,334,0.3333333333333333,0.5
7701,good,treasure,335,0.25,0.7142857142857143
7702,good,triumph,336,0.25,0.42857142857142855
7703,good,triumphant,337,0.3333333333333333,0.5
7704,good,trumpet,338,0.25,0.5882352941176471
7705,good,ttttttaaaaaahhh,339,NA,NA
7706,good,tune,340,0.2,0.5
7707,good,uh,341,NA,NA
7708,good,uhm,341,NA,NA
7709,good,uhm,342,NA,NA
7710,good,uhuhhhh,343,NA,NA
7711,good,understand,344,0.3333333333333333,0.5
7712,good,understanding,345,0.3333333333333333,0.5
7713,good,understanding,346,0.3333333333333333,0.5
7714,good,something,346,NA,NA
7715,good,understaning,347,NA,NA
7716,good,victory,348,0.1111111111111111,0.3333333333333333
7717,good,vocal,349,0.3333333333333333,0.5
7718,good,lessons,349,0.125,0.36363636363636365
7719,good,vocalize,350,0.25,0.4
7720,good,vocalizing,351,0.25,0.4
7721,good,voice,352,0.25,0.6666666666666666
7722,good,check,352,0.3333333333333333,0.6666666666666666
7723,good,wait,353,0.3333333333333333,0.5
7724,good,warm,354,0.3333333333333333,0.5
7725,good,warming,355,0.3333333333333333,0.5
7726,good,up,355,0.3333333333333333,0.5
7727,good,vocal,355,0.3333333333333333,0.5
7728,good,cords,355,0.25,0.7692307692307693
7729,good,during,355,NA,NA
7730,good,singing,355,0.3333333333333333,0.5
7731,good,practice,355,0.3333333333333333,0.5
7732,good,weird,356,0.3333333333333333,0.5
7733,good,hum,356,0.25,0.5454545454545454
7734,good,welcome,357,0.3333333333333333,0.5
7735,good,well,358,1.0,1.0
7736,good,done,358,0.3333333333333333,0.5
7737,good,what,359,NA,NA
7738,good,what?,360,NA,NA
7739,good,"winning,",361,NA,NA
7740,good,victory,361,0.1111111111111111,0.3333333333333333
7741,good,woman,362,0.125,0.5333333333333333
7742,good,hmmm,362,NA,NA
7743,good,woman,363,0.125,0.5333333333333333
7744,good,liking,363,0.3333333333333333,0.5454545454545454
7745,good,someting,363,NA,NA
7746,good,woman,364,0.125,0.5333333333333333
7747,good,singing,364,0.3333333333333333,0.5
7748,good,wonder,365,0.2,0.5
7749,good,yes,366,0.08333333333333333,0.26666666666666666
7750,good,you,367,NA,NA
7751,good,got,367,0.3333333333333333,0.5
7752,good,it,367,0.09090909090909091,0.2857142857142857
7753,good,you,368,NA,NA
7754,good,there?,368,NA,NA
7755,good,you're,369,NA,NA
7756,good,right,369,1.0,1.0
7757,good,yum,370,NA,NA
7758,good,yummy,371,0.3333333333333333,0.5
7759,good,ãnh,372,NA,NA
7760,good,ãnh,372,NA,NA
7761,good,,373,0.1111111111111111,0.4444444444444444
7762,hide,*gasp*,1,NA,NA
7763,hide,mmmmm...,1,NA,NA
7764,hide,:o,2,NA,NA
7765,hide,uh,2,NA,NA
7766,hide,aaah,3,NA,NA
7767,hide,alert,4,0.3333333333333333,0.5
7768,hide,amazing,5,0.3333333333333333,0.5
7769,hide,amuzed,6,NA,NA
7770,hide,sound,6,0.3333333333333333,0.5
7771,hide,ashhh,7,NA,NA
7772,hide,asmr,8,NA,NA
7773,hide,be,9,0.3333333333333333,0.5
7774,hide,quiet,9,0.3333333333333333,0.5
7775,hide,be,10,0.3333333333333333,0.5
7776,hide,quite,10,0.3333333333333333,0.5
7777,hide,crying,11,0.3333333333333333,0.5
7778,hide,call,12,0.3333333333333333,0.5
7779,hide,control,13,0.3333333333333333,0.5
7780,hide,the,13,NA,NA
7781,hide,cry,13,0.3333333333333333,0.4
7782,hide,cry,14,0.3333333333333333,0.4
7783,hide,crying,15,0.3333333333333333,0.5
7784,hide,discomfort,16,0.125,0.25
7785,hide,dislike,17,0.3333333333333333,0.5
7786,hide,don't,18,NA,NA
7787,hide,believe,18,0.2,0.3333333333333333
7788,hide,engine,19,0.16666666666666666,0.47058823529411764
7789,hide,start,19,0.3333333333333333,0.5
7790,hide,fast,20,0.3333333333333333,0.5
7791,hide,fear,21,0.3333333333333333,0.5
7792,hide,fright,22,0.16666666666666666,0.2857142857142857
7793,hide,frustrated,23,0.3333333333333333,0.5
7794,hide,fusshh,24,NA,NA
7795,hide,gasp,25,0.16666666666666666,0.2857142857142857
7796,hide,"gasp,",26,NA,NA
7797,hide,"shock,",26,NA,NA
7798,hide,surprise,26,0.25,0.4
7799,hide,gasping,27,0.16666666666666666,0.2857142857142857
7800,hide,grasping,28,0.3333333333333333,0.5
7801,hide,ha!,29,NA,NA
7802,hide,huh,30,NA,NA
7803,hide,hush,31,0.25,0.4
7804,hide,hushing,32,0.25,0.4
7805,hide,someone,32,0.14285714285714285,0.5333333333333333
7806,hide,i'm,33,NA,NA
7807,hide,afraid,33,0.3333333333333333,0.5
7808,hide,i'm,34,NA,NA
7809,hide,scared,34,0.3333333333333333,0.5
7810,hide,i’m,35,NA,NA
7811,hide,scared,35,0.3333333333333333,0.5
7812,hide,keep,36,0.3333333333333333,0.5
7813,hide,quit,36,0.3333333333333333,0.5
7814,hide,male,37,0.3333333333333333,0.5
7815,hide,suprise,37,NA,NA
7816,hide,,37,0.1111111111111111,0.4
7817,hide,sounds,37,0.3333333333333333,0.5
7818,hide,maybe,38,0.3333333333333333,0.5
7819,hide,men’s,39,NA,NA
7820,hide,inarticulate,39,0.3333333333333333,0.5
7821,hide,,39,0.1111111111111111,0.4
7822,hide,sounds,39,0.3333333333333333,0.5
7823,hide,mouth,40,0.25,0.5333333333333333
7824,hide,no,41,0.3333333333333333,0.5
7825,hide,way,41,0.3333333333333333,0.5714285714285714
7826,hide,ocean,42,0.14285714285714285,0.3076923076923077
7827,hide,oh,43,0.08333333333333333,0.3333333333333333
7828,hide,no!,43,NA,NA
7829,hide,oh,44,0.08333333333333333,0.3333333333333333
7830,hide,"no,",44,NA,NA
7831,hide,"sugar,",44,NA,NA
7832,hide,drat,44,NA,NA
7833,hide,ohhh,45,NA,NA
7834,hide,huuu,45,NA,NA
7835,hide,oshe,46,NA,NA
7836,hide,piller,47,NA,NA
7837,hide,push,48,0.25,0.42105263157894735
7838,hide,quiet,49,0.3333333333333333,0.5
7839,hide,shock,50,0.25,0.47058823529411764
7840,hide,shush,51,0.1,0.18181818181818182
7841,hide,shut,52,0.3333333333333333,0.5
7842,hide,up,52,0.3333333333333333,0.5
7843,hide,sigh,53,0.25,0.4
7844,hide,sad,54,0.3333333333333333,0.5
7845,hide,scared,55,0.3333333333333333,0.5
7846,hide,"scared,",56,NA,NA
7847,hide,crying,56,0.3333333333333333,0.5
7848,hide,"scared,",57,NA,NA
7849,hide,worried,57,0.3333333333333333,0.5
7850,hide,secret,58,0.3333333333333333,0.5
7851,hide,sharp,59,0.3333333333333333,0.5
7852,hide,inhale,59,0.25,0.4
7853,hide,shh,60,NA,NA
7854,hide,shock,61,0.25,0.47058823529411764
7855,hide,shock,62,0.25,0.47058823529411764
7856,hide,and,62,NA,NA
7857,hide,fear,62,0.3333333333333333,0.5
7858,hide,shock,63,0.25,0.47058823529411764
7859,hide,and,63,NA,NA
7860,hide,fear,63,0.3333333333333333,0.5
7861,hide,shocked,64,0.3333333333333333,0.5
7862,hide,shocked,65,0.3333333333333333,0.5
7863,hide,scared,65,0.3333333333333333,0.5
7864,hide,shook,66,0.3333333333333333,0.4444444444444444
7865,hide,shoosh,67,NA,NA
7866,hide,shooshing,68,NA,NA
7867,hide,shushing,69,0.1,0.18181818181818182
7868,hide,sighing,70,0.25,0.4
7869,hide,silence,71,0.125,0.25
7870,hide,silence,72,0.125,0.25
7871,hide,instruction,72,0.14285714285714285,0.26666666666666666
7872,hide,sobbing,73,0.2,0.3333333333333333
7873,hide,something,74,NA,NA
7874,hide,passing,74,0.3333333333333333,0.5
7875,hide,,74,0.1111111111111111,0.4
7876,hide,by,74,0.3333333333333333,0.5
7877,hide,sound,75,0.3333333333333333,0.5
7878,hide,of,75,NA,NA
7879,hide,surprise,75,0.25,0.4
7880,hide,or,75,0.09090909090909091,0.4444444444444444
7881,hide,shock,75,0.25,0.47058823529411764
7882,hide,"speed,",76,NA,NA
7883,hide,fast,76,0.3333333333333333,0.5
7884,hide,surprise,77,0.25,0.4
7885,hide,surprise,78,0.25,0.4
7886,hide,and,78,NA,NA
7887,hide,fear,78,0.3333333333333333,0.5
7888,hide,surprised,79,0.3333333333333333,0.5
7889,hide,suspire,80,0.3333333333333333,0.5
7890,hide,swoop,81,0.25,0.4
7891,hide,swoosh,82,0.2,0.3333333333333333
7892,hide,taken,83,0.3333333333333333,0.5
7893,hide,aback,83,0.3333333333333333,0.5
7894,hide,waking,84,0.3333333333333333,0.5
7895,hide,up,84,0.3333333333333333,0.5
7896,hide,from,84,NA,NA
7897,hide,a,84,0.1,0.5714285714285714
7898,hide,bad,84,0.3333333333333333,0.5
7899,hide,dream,84,0.25,0.4
7900,hide,whisper,85,0.14285714285714285,0.25
7901,hide,whispering,86,0.3333333333333333,0.5
7902,hide,whoosh,87,0.25,0.4
7903,hide,women’s,88,NA,NA
7904,hide,oshiii,88,NA,NA
7905,hide,woosh,89,0.25,0.4
7906,hide,yes,90,0.08333333333333333,0.2
7907,hide,yoga,91,0.08333333333333333,0.21052631578947367
7908,hide,aaaaa,92,NA,NA
7909,hide,aaaaahhhh,93,NA,NA
7910,hide,aah,94,0.2,0.3333333333333333
7911,hide,aahhhh!,95,NA,NA
7912,hide,admired,96,0.3333333333333333,0.5
7913,hide,adults,97,0.125,0.5
7914,hide,talking,97,0.16666666666666666,0.2857142857142857
7915,hide,child,97,0.125,0.5
7916,hide,affraid,98,NA,NA
7917,hide,afraid,99,0.3333333333333333,0.5
7918,hide,aghhumm,100,NA,NA
7919,hide,ah,101,NA,NA
7920,hide,hummmm,101,NA,NA
7921,hide,ah,102,NA,NA
7922,hide,mmhhhhh,102,NA,NA
7923,hide,aham,103,NA,NA
7924,hide,ahemmmm,104,NA,NA
7925,hide,ahhh,105,NA,NA
7926,hide,ahmmmm,106,NA,NA
7927,hide,air,107,0.3333333333333333,0.5
7928,hide,punch,107,0.2,0.47058823529411764
7929,hide,air,108,0.3333333333333333,0.5
7930,hide,swoosh,108,0.2,0.3333333333333333
7931,hide,alerted,109,0.125,0.2222222222222222
7932,hide,and,109,NA,NA
7933,hide,accepting,109,0.3333333333333333,0.5
7934,hide,amazed,110,0.3333333333333333,0.5
7935,hide,amazement,111,0.125,0.25
7936,hide,angry,112,0.3333333333333333,0.5
7937,hide,animal,113,0.3333333333333333,0.5333333333333333
7938,hide,animal,114,0.3333333333333333,0.5333333333333333
7939,hide,sound,114,0.3333333333333333,0.5
7940,hide,annoyed,115,0.3333333333333333,0.5
7941,hide,answer,116,0.25,0.4
7942,hide,asking,117,0.3333333333333333,0.5
7943,hide,for,117,NA,NA
7944,hide,silence,117,0.125,0.25
7945,hide,astonished,118,0.3333333333333333,0.5
7946,hide,awe,119,0.14285714285714285,0.25
7947,hide,be,120,0.3333333333333333,0.5
7948,hide,cautious,120,0.3333333333333333,0.5
7949,hide,be,121,0.3333333333333333,0.5
7950,hide,gone,121,0.3333333333333333,0.5
7951,hide,be,122,0.3333333333333333,0.5
7952,hide,quiet,122,0.3333333333333333,0.5
7953,hide,bee,123,0.1111111111111111,0.4
7954,hide,bee,124,0.1111111111111111,0.4
7955,hide,sound,124,0.3333333333333333,0.5
7956,hide,being,125,0.3333333333333333,0.5714285714285714
7957,hide,scared,125,0.3333333333333333,0.5
7958,hide,being,126,0.3333333333333333,0.5714285714285714
7959,hide,shocked,126,0.3333333333333333,0.5
7960,hide,being,127,0.3333333333333333,0.5714285714285714
7961,hide,upset,127,0.3333333333333333,0.5
7962,hide,big,128,0.3333333333333333,0.5
7963,hide,surprise,128,0.25,0.4
7964,hide,blow,129,0.3333333333333333,0.5
7965,hide,breath,130,0.125,0.375
7966,hide,breathing,131,0.3333333333333333,0.5
7967,hide,breathing,132,0.3333333333333333,0.5
7968,hide,in,132,0.3333333333333333,0.5
7969,hide,bullshit,133,0.14285714285714285,0.25
7970,hide,can,134,0.25,0.5
7971,hide,of,134,NA,NA
7972,hide,soda,134,0.1111111111111111,0.6
7973,hide,chanting,135,0.14285714285714285,0.25
7974,hide,come,136,0.3333333333333333,0.5
7975,hide,here,136,0.3333333333333333,0.5
7976,hide,crash,137,0.25,0.4
7977,hide,cry,138,0.3333333333333333,0.4
7978,hide,crying,139,0.3333333333333333,0.5
7979,hide,cshhh,140,NA,NA
7980,hide,danger,141,0.16666666666666666,0.4
7981,hide,disapointment,142,NA,NA
7982,hide,disbelief,143,0.125,0.25
7983,hide,disgusting,144,0.3333333333333333,0.5
7984,hide,distress,145,0.2,0.3333333333333333
7985,hide,dog,146,0.2,0.47058823529411764
7986,hide,don't,147,NA,NA
7987,hide,know,147,0.3333333333333333,0.5
7988,hide,donkey,148,0.08333333333333333,0.3333333333333333
7989,hide,dont,149,NA,NA
7990,hide,know,149,0.3333333333333333,0.5
7991,hide,draw,150,0.3333333333333333,0.6
7992,hide,attention,150,0.1111111111111111,0.23529411764705882
7993,hide,effort,151,0.1111111111111111,0.23529411764705882
7994,hide,"""ha""",151,NA,NA
7995,hide,excited,152,0.3333333333333333,0.5
7996,hide,shock,152,0.25,0.47058823529411764
7997,hide,exhale,153,0.25,0.4
7998,hide,air,153,0.3333333333333333,0.5
7999,hide,expressing,154,0.3333333333333333,0.5
8000,hide,astonishment,154,0.125,0.25
8001,hide,expressing,155,0.3333333333333333,0.5
8002,hide,shock,155,0.25,0.47058823529411764
8003,hide,fast,156,0.3333333333333333,0.5
8004,hide,fast,157,0.3333333333333333,0.5
8005,hide,car,157,0.1,0.47058823529411764
8006,hide,fear,158,0.3333333333333333,0.5
8007,hide,fearful,159,0.3333333333333333,0.5
8008,hide,gasp,159,0.16666666666666666,0.2857142857142857
8009,hide,hum,159,0.25,0.4
8010,hide,freight,160,0.25,0.5
8011,hide,fright,161,0.16666666666666666,0.2857142857142857
8012,hide,frightened,162,0.3333333333333333,0.5
8013,hide,gasp,163,0.16666666666666666,0.2857142857142857
8014,hide,gasp,164,0.16666666666666666,0.2857142857142857
8015,hide,emmmmmmm,164,NA,NA
8016,hide,gasp,165,0.16666666666666666,0.2857142857142857
8017,hide,in,165,0.3333333333333333,0.5
8018,hide,fear,165,0.3333333333333333,0.5
8019,hide,gasp,166,0.16666666666666666,0.2857142857142857
8020,hide,mmmmmm,166,NA,NA
8021,hide,"gasp,",167,NA,NA
8022,hide,then,167,0.3333333333333333,0.5
8023,hide,afraid,167,0.3333333333333333,0.5
8024,hide,gasp/scared,168,NA,NA
8025,hide,gasped,169,0.16666666666666666,0.2857142857142857
8026,hide,gasping,170,0.16666666666666666,0.2857142857142857
8027,hide,getting,171,0.3333333333333333,0.5
8028,hide,startled,171,0.3333333333333333,0.5
8029,hide,go,172,0.3333333333333333,0.5
8030,hide,away,172,0.3333333333333333,0.5
8031,hide,going,173,0.3333333333333333,0.5
8032,hide,away,173,0.3333333333333333,0.5
8033,hide,gorge,174,0.2,0.42857142857142855
8034,hide,got,175,0.3333333333333333,0.5
8035,hide,scared,175,0.3333333333333333,0.5
8036,hide,gssshhh,176,NA,NA
8037,hide,gust,177,0.08333333333333333,0.2222222222222222
8038,hide,ha,178,0.1,0.375
8039,hide,hmmmmm,178,NA,NA
8040,hide,haammmm,179,NA,NA
8041,hide,hammm,180,NA,NA
8042,hide,hha,181,NA,NA
8043,hide,hhhaaa,182,NA,NA
8044,hide,hiccups,183,0.25,0.4
8045,hide,hick,184,0.3333333333333333,0.5
8046,hide,up,184,0.3333333333333333,0.5
8047,hide,hint,185,0.14285714285714285,0.26666666666666666
8048,hide,of,185,NA,NA
8049,hide,crying,185,0.3333333333333333,0.5
8050,hide,hiss,186,0.25,0.4
8051,hide,hit,187,0.3333333333333333,0.5
8052,hide,hold,188,0.3333333333333333,0.5
8053,hide,breath,188,0.125,0.375
8054,hide,hooooshh,189,NA,NA
8055,hide,horror,190,0.2,0.3333333333333333
8056,hide,hoshh,191,NA,NA
8057,hide,how,192,NA,NA
8058,hide,huffing,193,0.2,0.3333333333333333
8059,hide,huge,194,0.3333333333333333,0.5
8060,hide,bite,194,0.2,0.35294117647058826
8061,hide,huh,195,NA,NA
8062,hide,humming,196,0.25,0.4
8063,hide,hurry,197,0.25,0.4
8064,hide,hush,198,0.25,0.4
8065,hide,hushing,199,0.25,0.4
8066,hide,huu-ha,200,NA,NA
8067,hide,huuh,201,NA,NA
8068,hide,hwaah,202,NA,NA
8069,hide,i,203,0.3333333333333333,0.5
8070,hide,dont,203,NA,NA
8071,hide,know,203,0.3333333333333333,0.5
8072,hide,i,204,0.3333333333333333,0.5
8073,hide,know,204,0.3333333333333333,0.5
8074,hide,i'm,205,NA,NA
8075,hide,scared,205,0.3333333333333333,0.5
8076,hide,imperative,206,0.3333333333333333,0.5
8077,hide,inhale,207,0.25,0.4
8078,hide,keep,208,0.3333333333333333,0.5
8079,hide,quiet,208,0.3333333333333333,0.5
8080,hide,kiss,209,0.25,0.4
8081,hide,kwashhh,210,NA,NA
8082,hide,lament,211,0.25,0.4
8083,hide,look,212,0.3333333333333333,0.5
8084,hide,here,212,0.3333333333333333,0.5
8085,hide,loud,213,0.3333333333333333,0.5
8086,hide,sadness,213,0.14285714285714285,0.26666666666666666
8087,hide,man,214,0.25,0.5
8088,hide,meditation,215,0.08333333333333333,0.2
8089,hide,mild,216,0.3333333333333333,0.5
8090,hide,shock,216,0.25,0.47058823529411764
8091,hide,move,217,0.3333333333333333,0.5
8092,hide,mrraaaaahhhh,218,NA,NA
8093,hide,mhh,218,NA,NA
8094,hide,murrr,219,NA,NA
8095,hide,mute,220,0.3333333333333333,0.5
8096,hide,nudge,221,0.2,0.3333333333333333
8097,hide,oh,222,0.08333333333333333,0.3333333333333333
8098,hide,no,222,0.3333333333333333,0.5
8099,hide,oh,223,0.08333333333333333,0.3333333333333333
8100,hide,she,223,NA,NA
8101,hide,ooh,224,0.2,0.3333333333333333
8102,hide,hmm,224,NA,NA
8103,hide,opening,225,0.3333333333333333,0.5714285714285714
8104,hide,bottle,225,0.2,0.47058823529411764
8105,hide,osh,226,NA,NA
8106,hide,oshhh,227,NA,NA
8107,hide,oshhsss,228,NA,NA
8108,hide,osshhh,229,NA,NA
8109,hide,pig,230,0.25,0.5
8110,hide,purr,231,0.2,0.3333333333333333
8111,hide,push,232,0.25,0.42105263157894735
8112,hide,quiet,233,0.3333333333333333,0.5
8113,hide,remembered,234,0.3333333333333333,0.5
8114,hide,forgotten,234,0.3333333333333333,0.5
8115,hide,item,234,0.3333333333333333,0.6153846153846154
8116,hide,roar,235,0.25,0.4
8117,hide,mmm,235,NA,NA
8118,hide,sad,236,0.3333333333333333,0.5
8119,hide,sarcastic,237,0.3333333333333333,0.5
8120,hide,sympathy,237,0.14285714285714285,0.4
8121,hide,scare,238,0.2,0.3333333333333333
8122,hide,scared,239,0.3333333333333333,0.5
8123,hide,scared,240,0.3333333333333333,0.5
8124,hide,gasp,240,0.16666666666666666,0.2857142857142857
8125,hide,scared,241,0.3333333333333333,0.5
8126,hide,mimic,241,0.3333333333333333,0.5
8127,hide,scared,242,0.3333333333333333,0.5
8128,hide,person,242,0.14285714285714285,0.625
8129,hide,scary,243,0.3333333333333333,0.5
8130,hide,seeing,244,0.3333333333333333,0.5
8131,hide,something,244,NA,NA
8132,hide,scary,244,0.3333333333333333,0.5
8133,hide,sharp,245,0.3333333333333333,0.5
8134,hide,intake,245,0.125,0.5333333333333333
8135,hide,shhh,246,NA,NA
8136,hide,shhshing,247,NA,NA
8137,hide,someone,247,0.14285714285714285,0.5333333333333333
8138,hide,shock,248,0.25,0.47058823529411764
8139,hide,shock,249,0.25,0.47058823529411764
8140,hide,then,249,0.3333333333333333,0.5
8141,hide,refusal,249,0.14285714285714285,0.26666666666666666
8142,hide,shocked,250,0.3333333333333333,0.5
8143,hide,shocked,251,0.3333333333333333,0.5
8144,hide,becomes,251,0.3333333333333333,0.5
8145,hide,impared,251,NA,NA
8146,hide,shooing,252,0.2,0.3333333333333333
8147,hide,shush,253,0.1,0.18181818181818182
8148,hide,shut,254,0.3333333333333333,0.5
8149,hide,up,254,0.3333333333333333,0.5
8150,hide,sigh,255,0.25,0.4
8151,hide,sighs,256,0.25,0.4
8152,hide,silence,257,0.125,0.25
8153,hide,silence,258,0.125,0.25
8154,hide,psss,258,NA,NA
8155,hide,"silence,",259,NA,NA
8156,hide,annoyed,259,0.3333333333333333,0.5
8157,hide,silencing,260,0.1111111111111111,0.2
8158,hide,silencing,261,0.1111111111111111,0.2
8159,hide,someone,261,0.14285714285714285,0.5333333333333333
8160,hide,slash,262,0.25,0.46153846153846156
8161,hide,slashing,263,0.3333333333333333,0.5
8162,hide,sleep,264,0.25,0.4
8163,hide,sneeze,265,0.2,0.3333333333333333
8164,hide,sneezing,266,0.2,0.3333333333333333
8165,hide,snore,267,0.25,0.4
8166,hide,speak,268,0.3333333333333333,0.5
8167,hide,softly,268,0.3333333333333333,0.5
8168,hide,"splash,",269,NA,NA
8169,hide,windy,269,0.3333333333333333,0.5
8170,hide,splashing,270,0.3333333333333333,0.5
8171,hide,squashing,271,0.2,0.3333333333333333
8172,hide,startled,272,0.3333333333333333,0.5
8173,hide,startling,273,0.3333333333333333,0.5
8174,hide,stealing,274,0.25,0.4
8175,hide,suffering,275,0.3333333333333333,0.5
8176,hide,suprise,276,NA,NA
8177,hide,suprised,277,NA,NA
8178,hide,negatvity,277,NA,NA
8179,hide,surprise,278,0.25,0.4
8180,hide,surprise,279,0.25,0.4
8181,hide,and,279,NA,NA
8182,hide,fear,279,0.3333333333333333,0.5
8183,hide,surprise,280,0.25,0.4
8184,hide,pain,280,0.2,0.4444444444444444
8185,hide,"surprise,",281,NA,NA
8186,hide,calm,281,0.3333333333333333,0.5
8187,hide,surprised,282,0.3333333333333333,0.5
8188,hide,surprised,283,0.3333333333333333,0.5
8189,hide,doubt,283,0.14285714285714285,0.25
8190,hide,surprised,284,0.3333333333333333,0.5
8191,hide,gasp,284,0.16666666666666666,0.2857142857142857
8192,hide,surprised,285,0.3333333333333333,0.5
8193,hide,or,285,0.09090909090909091,0.4444444444444444
8194,hide,shocked,285,0.3333333333333333,0.5
8195,hide,surprised,286,0.3333333333333333,0.5
8196,hide,scared,286,0.3333333333333333,0.5
8197,hide,sush,287,NA,NA
8198,hide,sound,287,0.3333333333333333,0.5
8199,hide,swearing,288,0.25,0.4
8200,hide,sweep,289,0.25,0.47058823529411764
8201,hide,swinging,290,0.3333333333333333,0.5
8202,hide,something,290,NA,NA
8203,hide,sword,291,0.09090909090909091,0.4444444444444444
8204,hide,swing,291,0.25,0.5333333333333333
8205,hide,taken,292,0.3333333333333333,0.5
8206,hide,aback,292,0.3333333333333333,0.5
8207,hide,taking,293,0.3333333333333333,0.5
8208,hide,deep,293,0.3333333333333333,0.5
8209,hide,breathe,293,0.3333333333333333,0.5
8210,hide,throw,294,0.25,0.47058823529411764
8211,hide,to,295,NA,NA
8212,hide,dive,295,0.2,0.42105263157894735
8213,hide,train,296,0.25,0.5
8214,hide,ugah-hhhhhng,297,NA,NA
8215,hide,uh,298,NA,NA
8216,hide,hmmmmmmm,298,NA,NA
8217,hide,uh-aaahh,299,NA,NA
8218,hide,understood,300,0.3333333333333333,0.5
8219,hide,unhappy,301,0.3333333333333333,0.5
8220,hide,upper,302,0.3333333333333333,0.8181818181818182
8221,hide,cut,302,0.3333333333333333,0.5
8222,hide,upset,303,0.3333333333333333,0.5
8223,hide,ush,304,NA,NA
8224,hide,uuuhh!,305,NA,NA
8225,hide,mmmmmmmm..,305,NA,NA
8226,hide,very,306,0.3333333333333333,0.5
8227,hide,sad,306,0.3333333333333333,0.5
8228,hide,water,307,0.25,0.631578947368421
8229,hide,sound,307,0.3333333333333333,0.5
8230,hide,water,308,0.25,0.631578947368421
8231,hide,spray,308,0.25,0.631578947368421
8232,hide,waves,309,0.25,0.7777777777777778
8233,hide,crashing,309,0.3333333333333333,0.5
8234,hide,what?,310,NA,NA
8235,hide,whip,311,0.25,0.47058823529411764
8236,hide,whisper,312,0.14285714285714285,0.25
8237,hide,whispering,313,0.3333333333333333,0.5
8238,hide,whoosh,314,0.25,0.4
8239,hide,whooshing,315,0.25,0.4
8240,hide,wimper,316,NA,NA
8241,hide,wind,317,0.25,0.47058823529411764
8242,hide,wind,318,0.25,0.47058823529411764
8243,hide,blowing,318,0.3333333333333333,0.5
8244,hide,windy,319,0.3333333333333333,0.5
8245,hide,without,320,NA,NA
8246,hide,air,320,0.3333333333333333,0.5
8247,hide,woman,321,0.125,0.47058823529411764
8248,hide,wonder,322,0.2,0.3333333333333333
8249,hide,woosh,323,0.25,0.4
8250,hide,yawn,324,0.25,0.4
8251,hide,yum,325,NA,NA
8252,hide,,326,0.1111111111111111,0.4
8253,hunt,a,1,0.09090909090909091,0.26666666666666666
8254,hunt,wolf,1,0.16666666666666666,0.782608695652174
8255,hunt,killed,1,0.25,0.4
8256,hunt,action,2,0.25,0.8235294117647058
8257,hunt,anger,3,0.2,0.6666666666666666
8258,hunt,angry,4,0.25,0.4
8259,hunt,angry,5,0.25,0.4
8260,hunt,no,5,0.25,0.625
8261,hunt,animal,6,0.25,0.7058823529411765
8262,hunt,animal,7,0.25,0.7058823529411765
8263,hunt,cry,7,0.2,0.5714285714285714
8264,hunt,annoyed,8,0.25,0.4
8265,hunt,another,9,0.25,0.4
8266,hunt,language,9,0.25,0.8
8267,hunt,aouwww,10,NA,NA
8268,hunt,achaw,10,NA,NA
8269,hunt,achaw,10,NA,NA
8270,hunt,uuu,10,NA,NA
8271,hunt,aroo,11,NA,NA
8272,hunt,la,11,0.1,0.3157894736842105
8273,hunt,aroo,12,NA,NA
8274,hunt,perchu,12,NA,NA
8275,hunt,perchu,12,NA,NA
8276,hunt,attack,13,0.25,0.8
8277,hunt,attack!,14,NA,NA
8278,hunt,awooo,15,NA,NA
8279,hunt,pew-choo,15,NA,NA
8280,hunt,bark,16,0.2,0.5333333333333333
8281,hunt,baby,17,0.2,0.7777777777777778
8282,hunt,auuu,17,NA,NA
8283,hunt,baby,18,0.2,0.7777777777777778
8284,hunt,complain,18,0.25,0.4
8285,hunt,beware,19,0.2,0.3333333333333333
8286,hunt,bhow,20,NA,NA
8287,hunt,bhow,20,NA,NA
8288,hunt,bhow,20,NA,NA
8289,hunt,blasts,21,0.2,0.625
8290,hunt,calm,22,0.25,0.4
8291,hunt,down,22,0.25,0.8
8292,hunt,cat,23,0.2,0.6666666666666666
8293,hunt,fight,23,0.25,0.7619047619047619
8294,hunt,crazy,24,0.25,0.5714285714285714
8295,hunt,guy,24,0.14285714285714285,0.6
8296,hunt,shouting,24,0.2,0.3333333333333333
8297,hunt,whoaaaa,24,NA,NA
8298,hunt,danger,25,0.16666666666666666,0.7368421052631579
8299,hunt,danger,26,0.16666666666666666,0.7368421052631579
8300,hunt,dead,27,0.25,0.46153846153846156
8301,hunt,dig,28,0.2,0.75
8302,hunt,whimper,28,0.16666666666666666,0.625
8303,hunt,dog,29,0.5,0.8571428571428571
8304,hunt,dog,30,0.5,0.8571428571428571
8305,hunt,and,30,NA,NA
8306,hunt,shots,30,0.25,0.8
8307,hunt,dog,31,0.5,0.8571428571428571
8308,hunt,being,31,0.25,0.75
8309,hunt,shot,31,0.25,0.8
8310,hunt,dog,32,0.5,0.8571428571428571
8311,hunt,fight,32,0.25,0.7619047619047619
8312,hunt,dog,33,0.5,0.8571428571428571
8313,hunt,howl,33,0.2,0.5333333333333333
8314,hunt,dog,34,0.5,0.8571428571428571
8315,hunt,sounds,34,0.25,0.6153846153846154
8316,hunt,effort,35,0.3333333333333333,0.8888888888888888
8317,hunt,excercising,36,NA,NA
8318,hunt,excitement,37,0.125,0.5882352941176471
8319,hunt,fear,38,0.25,0.4
8320,hunt,fearful,39,0.25,0.4
8321,hunt,surprise,39,0.2,0.5714285714285714
8322,hunt,feeling,40,0.3333333333333333,0.625
8323,hunt,pain,40,0.14285714285714285,0.6
8324,hunt,fighting,41,0.25,0.6666666666666666
8325,hunt,fighting,42,0.25,0.6666666666666666
8326,hunt,sound,42,0.25,0.6153846153846154
8327,hunt,finally,43,0.25,0.4
8328,hunt,firing,44,0.25,0.75
8329,hunt,bullet,44,0.14285714285714285,0.625
8330,hunt,frustration,45,0.2,0.7142857142857143
8331,hunt,groaning,46,0.2,0.3333333333333333
8332,hunt,gun,47,0.16666666666666666,0.625
8333,hunt,gun,48,0.16666666666666666,0.625
8334,hunt,firing,48,0.25,0.75
8335,hunt,gun,49,0.16666666666666666,0.625
8336,hunt,shot,49,0.25,0.8
8337,hunt,gun,50,0.16666666666666666,0.625
8338,hunt,shot,50,0.25,0.8
8339,hunt,pretence,50,0.16666666666666666,0.7058823529411765
8340,hunt,gun,51,0.16666666666666666,0.625
8341,hunt,shots,51,0.25,0.8
8342,hunt,gunfire,52,0.16666666666666666,0.6666666666666666
8343,hunt,guns,53,0.16666666666666666,0.625
8344,hunt,shooting,53,0.2,0.7142857142857143
8345,hunt,gunshots,54,0.16666666666666666,0.6666666666666666
8346,hunt,gunshots,55,0.16666666666666666,0.6666666666666666
8347,hunt,sounds,55,0.25,0.6153846153846154
8348,hunt,hit,56,0.25,0.7142857142857143
8349,hunt,hitting,57,0.25,0.7142857142857143
8350,hunt,howl,58,0.2,0.5333333333333333
8351,hunt,howl,59,0.2,0.5333333333333333
8352,hunt,and,59,NA,NA
8353,hunt,shots,59,0.25,0.8
8354,hunt,howling,60,0.25,0.4
8355,hunt,human,61,0.25,0.5
8356,hunt,imitating,61,0.16666666666666666,0.2857142857142857
8357,hunt,shotgun,61,0.06666666666666667,0.36363636363636365
8358,hunt,hunting,62,1.0,1.0
8359,hunt,hunting,63,1.0,1.0
8360,hunt,wolves,63,0.16666666666666666,0.782608695652174
8361,hunt,i,64,0.25,0.46153846153846156
8362,hunt,am,64,0.25,0.625
8363,hunt,upset,64,0.25,0.5882352941176471
8364,hunt,i,65,0.25,0.46153846153846156
8365,hunt,kill,65,0.25,0.5882352941176471
8366,hunt,you,65,NA,NA
8367,hunt,i,66,0.25,0.46153846153846156
8368,hunt,killed,66,0.25,0.4
8369,hunt,a,66,0.09090909090909091,0.26666666666666666
8370,hunt,dog,66,0.5,0.8571428571428571
8371,hunt,imagined,67,0.16666666666666666,0.2857142857142857
8372,hunt,imitating,68,0.16666666666666666,0.2857142857142857
8373,hunt,gun,68,0.16666666666666666,0.625
8374,hunt,sounds,68,0.25,0.6153846153846154
8375,hunt,irritated,69,0.25,0.4
8376,hunt,jump,70,0.25,0.7142857142857143
8377,hunt,karate,71,0.16666666666666666,0.7058823529411765
8378,hunt,karate,72,0.16666666666666666,0.7058823529411765
8379,hunt,cry,72,0.2,0.5714285714285714
8380,hunt,karate,73,0.16666666666666666,0.7058823529411765
8381,hunt,sounds,73,0.25,0.6153846153846154
8382,hunt,killing,74,0.25,0.5882352941176471
8383,hunt,a,74,0.09090909090909091,0.26666666666666666
8384,hunt,dog,74,0.5,0.8571428571428571
8385,hunt,let's,75,NA,NA
8386,hunt,go,75,0.25,0.8
8387,hunt,lunge,76,0.2,0.625
8388,hunt,"men’,s",77,NA,NA
8389,hunt,strange,77,0.25,0.4
8390,hunt,sounds,77,0.25,0.6153846153846154
8391,hunt,men’s,78,NA,NA
8392,hunt,phhhh,78,NA,NA
8393,hunt,ohhh,79,NA,NA
8394,hunt,lack,79,0.25,0.4
8395,hunt,old,80,0.25,0.4
8396,hunt,man,80,0.2,0.6666666666666666
8397,hunt,ooooh,81,NA,NA
8398,hunt,waah!,81,NA,NA
8399,hunt,overcome,82,0.25,0.4
8400,hunt,obstacle,82,0.1111111111111111,0.5
8401,hunt,oww,83,NA,NA
8402,hunt,pichu,83,NA,NA
8403,hunt,pichu,83,NA,NA
8404,hunt,play,84,0.3333333333333333,0.8571428571428571
8405,hunt,pew,85,0.07142857142857142,0.38095238095238093
8406,hunt,pew-pew-peew,86,NA,NA
8407,hunt,play,87,0.3333333333333333,0.8571428571428571
8408,hunt,playful,88,0.25,0.4
8409,hunt,noises,88,0.16666666666666666,0.5714285714285714
8410,hunt,playfulness,89,0.25,0.8
8411,hunt,pug,90,0.1111111111111111,0.6
8412,hunt,pug,90,0.1111111111111111,0.6
8413,hunt,pug,90,0.1111111111111111,0.6
8414,hunt,punchs,91,0.16666666666666666,0.5555555555555556
8415,hunt,rage,92,0.25,0.5263157894736842
8416,hunt,ready,93,0.25,0.4
8417,hunt,for,93,NA,NA
8418,hunt,fight,93,0.25,0.7619047619047619
8419,hunt,shoot,94,0.2,0.6666666666666666
8420,hunt,shout,95,0.2,0.3333333333333333
8421,hunt,sound,96,0.25,0.6153846153846154
8422,hunt,scare,97,0.16666666666666666,0.2857142857142857
8423,hunt,scream,98,0.2,0.5333333333333333
8424,hunt,shock,99,0.2,0.625
8425,hunt,shoot,100,0.2,0.6666666666666666
8426,hunt,shooting,101,0.2,0.7142857142857143
8427,hunt,shooting,102,0.2,0.7142857142857143
8428,hunt,a,102,0.09090909090909091,0.26666666666666666
8429,hunt,wolf,102,0.16666666666666666,0.782608695652174
8430,hunt,shooting,103,0.2,0.7142857142857143
8431,hunt,like,103,0.25,0.4444444444444444
8432,hunt,a,103,0.09090909090909091,0.26666666666666666
8433,hunt,kid,103,0.25,0.631578947368421
8434,hunt,shooting,104,0.2,0.7142857142857143
8435,hunt,sound,104,0.25,0.6153846153846154
8436,hunt,shot,105,0.25,0.8
8437,hunt,a,105,0.09090909090909091,0.26666666666666666
8438,hunt,wolf,105,0.16666666666666666,0.782608695652174
8439,hunt,shot,106,0.25,0.8
8440,hunt,it,106,0.1,0.47058823529411764
8441,hunt,shots,107,0.25,0.8
8442,hunt,shots,108,0.25,0.8
8443,hunt,fired,108,0.25,0.4
8444,hunt,shots,109,0.25,0.8
8445,hunt,fired,109,0.25,0.4
8446,hunt,shout,110,0.2,0.3333333333333333
8447,hunt,of,110,NA,NA
8448,hunt,surprise,110,0.2,0.5714285714285714
8449,hunt,shouting,111,0.2,0.3333333333333333
8450,hunt,siren,112,0.14285714285714285,0.6
8451,hunt,superman,113,0.16666666666666666,0.631578947368421
8452,hunt,swinging,114,0.3333333333333333,0.75
8453,hunt,urra,115,NA,NA
8454,hunt,wake,116,0.25,0.6666666666666666
8455,hunt,up,116,0.25,0.4
8456,hunt,"whine,",117,NA,NA
8457,hunt,play,117,0.3333333333333333,0.8571428571428571
8458,hunt,gunfire,117,0.16666666666666666,0.6666666666666666
8459,hunt,wolf,118,0.16666666666666666,0.782608695652174
8460,hunt,wolf,119,0.16666666666666666,0.782608695652174
8461,hunt,being,119,0.25,0.75
8462,hunt,shot,119,0.25,0.8
8463,hunt,wolf,120,0.16666666666666666,0.782608695652174
8464,hunt,getting,120,0.3333333333333333,0.7692307692307693
8465,hunt,hurt,120,0.25,0.625
8466,hunt,worried,121,0.25,0.4
8467,hunt,yell,122,0.2,0.3333333333333333
8468,hunt,a,123,0.09090909090909091,0.26666666666666666
8469,hunt,dog,123,0.5,0.8571428571428571
8470,hunt,getting,123,0.3333333333333333,0.7692307692307693
8471,hunt,shot,123,0.25,0.8
8472,hunt,a,124,0.09090909090909091,0.26666666666666666
8473,hunt,wolf,124,0.16666666666666666,0.782608695652174
8474,hunt,a,125,0.09090909090909091,0.26666666666666666
8475,hunt,wolf,125,0.16666666666666666,0.782608695652174
8476,hunt,being,125,0.25,0.75
8477,hunt,shot,125,0.25,0.8
8478,hunt,adult,126,0.25,0.6666666666666666
8479,hunt,voice,126,0.2,0.6666666666666666
8480,hunt,affirmative,127,0.25,0.4
8481,hunt,airplane,128,0.06666666666666667,0.36363636363636365
8482,hunt,alert,129,0.25,0.625
8483,hunt,alert,130,0.25,0.625
8484,hunt,to,130,NA,NA
8485,hunt,stop,130,0.25,0.7692307692307693
8486,hunt,anger,131,0.2,0.6666666666666666
8487,hunt,angry,132,0.25,0.4
8488,hunt,angry,133,0.25,0.4
8489,hunt,fighter,133,0.2,0.6666666666666666
8490,hunt,animals,134,0.16666666666666666,0.7058823529411765
8491,hunt,get,134,0.3333333333333333,0.5
8492,hunt,shot,134,0.25,0.8
8493,hunt,annoyed,135,0.25,0.4
8494,hunt,aohoo,136,NA,NA
8495,hunt,ptchu,136,NA,NA
8496,hunt,ptchu,136,NA,NA
8497,hunt,aow,137,NA,NA
8498,hunt,ptius,137,NA,NA
8499,hunt,ptius,137,NA,NA
8500,hunt,aoww,138,NA,NA
8501,hunt,patcho,138,NA,NA
8502,hunt,patcho,138,NA,NA
8503,hunt,ew,138,0.16666666666666666,0.6666666666666666
8504,hunt,arrchhh,139,NA,NA
8505,hunt,picho,139,NA,NA
8506,hunt,pichoo,139,NA,NA
8507,hunt,whine,139,0.2,0.625
8508,hunt,attack,140,0.25,0.8
8509,hunt,attakc,141,NA,NA
8510,hunt,noices,141,NA,NA
8511,hunt,attention,142,0.25,0.8235294117647058
8512,hunt,aurrn,143,NA,NA
8513,hunt,pshupshu,143,NA,NA
8514,hunt,auuu,144,NA,NA
8515,hunt,ptchptch,144,NA,NA
8516,hunt,mm,144,0.09090909090909091,0.26666666666666666
8517,hunt,auuuu,145,NA,NA
8518,hunt,auuuu,146,NA,NA
8519,hunt,hnhn,146,NA,NA
8520,hunt,auuuuuu,147,NA,NA
8521,hunt,pshhh,147,NA,NA
8522,hunt,pshh,147,NA,NA
8523,hunt,awoo,148,NA,NA
8524,hunt,chow,148,0.1,0.5714285714285714
8525,hunt,chow,148,0.1,0.5714285714285714
8526,hunt,awoooooo,149,NA,NA
8527,hunt,patschoo,149,NA,NA
8528,hunt,patschoo,149,NA,NA
8529,hunt,awrg,150,NA,NA
8530,hunt,turp,150,0.14285714285714285,0.6666666666666666
8531,hunt,turp,150,0.14285714285714285,0.6666666666666666
8532,hunt,baaaarkkk,151,NA,NA
8533,hunt,bang,152,0.25,0.5882352941176471
8534,hunt,bang,153,0.25,0.5882352941176471
8535,hunt,bang,153,0.25,0.5882352941176471
8536,hunt,bang,154,0.25,0.5882352941176471
8537,hunt,bang,154,0.25,0.5882352941176471
8538,hunt,bang,154,0.25,0.5882352941176471
8539,hunt,barking,155,0.2,0.3333333333333333
8540,hunt,barking,156,0.2,0.3333333333333333
8541,hunt,dog,156,0.5,0.8571428571428571
8542,hunt,battle,157,0.25,0.8
8543,hunt,cry,157,0.2,0.5714285714285714
8544,hunt,blowing,158,0.25,0.4
8545,hunt,blowing,159,0.25,0.4
8546,hunt,?,159,NA,NA
8547,hunt,boxing,160,0.2,0.8
8548,hunt,breaking,161,0.25,0.625
8549,hunt,"bullets,",162,NA,NA
8550,hunt,guns,162,0.16666666666666666,0.625
8551,hunt,fired,162,0.25,0.4
8552,hunt,calling,163,0.25,0.8
8553,hunt,animal,163,0.25,0.7058823529411765
8554,hunt,canine,164,0.25,0.5217391304347826
8555,hunt,in,164,0.25,0.4
8556,hunt,distress,164,0.16666666666666666,0.625
8557,hunt,car,165,0.08333333333333333,0.42105263157894735
8558,hunt,going,165,0.25,0.7692307692307693
8559,hunt,by,165,0.25,0.4
8560,hunt,cat,166,0.2,0.6666666666666666
8561,hunt,games,166,0.3333333333333333,0.8571428571428571
8562,hunt,child,167,0.2,0.6666666666666666
8563,hunt,come,168,0.25,0.4
8564,hunt,here,168,0.25,0.4444444444444444
8565,hunt,fast,168,0.25,0.7058823529411765
8566,hunt,cry,169,0.2,0.5714285714285714
8567,hunt,out,169,0.25,0.6666666666666666
8568,hunt,danger,170,0.16666666666666666,0.7368421052631579
8569,hunt,dead,171,0.25,0.46153846153846156
8570,hunt,destroy,172,0.25,0.4
8571,hunt,disgusting,173,0.25,0.4
8572,hunt,dodging,174,0.2,0.7142857142857143
8573,hunt,a,174,0.09090909090909091,0.26666666666666666
8574,hunt,near,174,0.25,0.4
8575,hunt,miss,174,0.25,0.6
8576,hunt,dog,175,0.5,0.8571428571428571
8577,hunt,dog,176,0.5,0.8571428571428571
8578,hunt,and,176,NA,NA
8579,hunt,gun,176,0.16666666666666666,0.625
8580,hunt,dog,177,0.5,0.8571428571428571
8581,hunt,and,177,NA,NA
8582,hunt,human,177,0.25,0.5
8583,hunt,playing,177,0.3333333333333333,0.8571428571428571
8584,hunt,dog,178,0.5,0.8571428571428571
8585,hunt,and,178,NA,NA
8586,hunt,shots,178,0.25,0.8
8587,hunt,dog,179,0.5,0.8571428571428571
8588,hunt,and,179,NA,NA
8589,hunt,weapon,179,0.16666666666666666,0.6666666666666666
8590,hunt,dog,180,0.5,0.8571428571428571
8591,hunt,bark,180,0.2,0.5333333333333333
8592,hunt,dog,181,0.5,0.8571428571428571
8593,hunt,barking,181,0.2,0.3333333333333333
8594,hunt,dog,182,0.5,0.8571428571428571
8595,hunt,being,182,0.25,0.75
8596,hunt,shot,182,0.25,0.8
8597,hunt,dog,183,0.5,0.8571428571428571
8598,hunt,cry,183,0.2,0.5714285714285714
8599,hunt,dog,184,0.5,0.8571428571428571
8600,hunt,fight,184,0.25,0.7619047619047619
8601,hunt,dog,185,0.5,0.8571428571428571
8602,hunt,getting,185,0.3333333333333333,0.7692307692307693
8603,hunt,hurt,185,0.25,0.625
8604,hunt,dog,186,0.5,0.8571428571428571
8605,hunt,hitting,186,0.25,0.7142857142857143
8606,hunt,dog,187,0.5,0.8571428571428571
8607,hunt,playing,187,0.3333333333333333,0.8571428571428571
8608,hunt,dead,187,0.25,0.46153846153846156
8609,hunt,dog,188,0.5,0.8571428571428571
8610,hunt,sound,188,0.25,0.6153846153846154
8611,hunt,dog,189,0.5,0.8571428571428571
8612,hunt,whining,189,0.2,0.3333333333333333
8613,hunt,dog,190,0.5,0.8571428571428571
8614,hunt,woofing,190,NA,NA
8615,hunt,"dog,",191,NA,NA
8616,hunt,man,191,0.2,0.6666666666666666
8617,hunt,doing,192,0.25,0.4
8618,hunt,impressions,192,0.2,0.75
8619,hunt,don't,193,NA,NA
8620,hunt,know,193,0.25,0.75
8621,hunt,dont,194,NA,NA
8622,hunt,know,194,0.25,0.75
8623,hunt,door,195,0.1,0.47058823529411764
8624,hunt,opening,195,0.25,0.7058823529411765
8625,hunt,dying,196,0.25,0.4
8626,hunt,dog,196,0.5,0.8571428571428571
8627,hunt,from,196,NA,NA
8628,hunt,bullets,196,0.14285714285714285,0.625
8629,hunt,effort,197,0.3333333333333333,0.8888888888888888
8630,hunt,emergency,198,0.125,0.5333333333333333
8631,hunt,energetic,199,0.25,0.4
8632,hunt,excited,200,0.25,0.4
8633,hunt,exclamation,201,0.1111111111111111,0.3076923076923077
8634,hunt,exertion,202,0.3333333333333333,0.8888888888888888
8635,hunt,"exertion,",203,NA,NA
8636,hunt,hard,203,0.25,0.4
8637,hunt,exhaust,204,0.25,0.4444444444444444
8638,hunt,fake,205,0.25,0.5714285714285714
8639,hunt,guns,205,0.16666666666666666,0.625
8640,hunt,fake,206,0.25,0.5714285714285714
8641,hunt,shooting,206,0.2,0.7142857142857143
8642,hunt,fatigue,207,0.16666666666666666,0.7368421052631579
8643,hunt,fear,208,0.25,0.4
8644,hunt,feigning,209,0.2,0.7058823529411765
8645,hunt,hurt,209,0.25,0.625
8646,hunt,fight,210,0.25,0.7619047619047619
8647,hunt,fight,211,0.25,0.7619047619047619
8648,hunt,scream,211,0.2,0.5333333333333333
8649,hunt,fighting,212,0.25,0.6666666666666666
8650,hunt,fighting,213,0.25,0.6666666666666666
8651,hunt,chop,213,0.2,0.625
8652,hunt,finger,214,0.3333333333333333,0.47058823529411764
8653,hunt,shooting,214,0.2,0.7142857142857143
8654,hunt,finishing,215,0.25,0.5555555555555556
8655,hunt,something,215,NA,NA
8656,hunt,big,215,0.25,0.4
8657,hunt,fire,216,0.25,0.75
8658,hunt,gun,216,0.16666666666666666,0.625
8659,hunt,force,217,0.25,0.7142857142857143
8660,hunt,fright,218,0.14285714285714285,0.2857142857142857
8661,hunt,frustrated,219,0.25,0.4
8662,hunt,get,220,0.3333333333333333,0.5
8663,hunt,away,220,0.25,0.4
8664,hunt,getting,221,0.3333333333333333,0.7692307692307693
8665,hunt,hit,221,0.25,0.7142857142857143
8666,hunt,getting,222,0.3333333333333333,0.7692307692307693
8667,hunt,up,222,0.25,0.4
8668,hunt,going,223,0.25,0.7692307692307693
8669,hunt,up,223,0.25,0.4
8670,hunt,grunt,224,0.2,0.631578947368421
8671,hunt,grunting,225,0.2,0.3333333333333333
8672,hunt,gun,226,0.16666666666666666,0.625
8673,hunt,gun,227,0.16666666666666666,0.625
8674,hunt,fights,227,0.25,0.7619047619047619
8675,hunt,gun,228,0.16666666666666666,0.625
8676,hunt,firing,228,0.25,0.75
8677,hunt,gun,229,0.16666666666666666,0.625
8678,hunt,impression,229,0.2,0.75
8679,hunt,gun,230,0.16666666666666666,0.625
8680,hunt,noises,230,0.16666666666666666,0.5714285714285714
8681,hunt,gun,231,0.16666666666666666,0.625
8682,hunt,shoot,231,0.2,0.6666666666666666
8683,hunt,mimic,231,0.25,0.5454545454545454
8684,hunt,gun,232,0.16666666666666666,0.625
8685,hunt,shooting,232,0.2,0.7142857142857143
8686,hunt,gun,233,0.16666666666666666,0.625
8687,hunt,shots,233,0.25,0.8
8688,hunt,gun,234,0.16666666666666666,0.625
8689,hunt,sound,234,0.25,0.6153846153846154
8690,hunt,gun,235,0.16666666666666666,0.625
8691,hunt,sounds,235,0.25,0.6153846153846154
8692,hunt,gunfire,236,0.16666666666666666,0.6666666666666666
8693,hunt,guns,237,0.16666666666666666,0.625
8694,hunt,gunshot,238,0.16666666666666666,0.6666666666666666
8695,hunt,gunshots,239,0.16666666666666666,0.6666666666666666
8696,hunt,hoola,240,NA,NA
8697,hunt,houl,241,NA,NA
8698,hunt,laser,241,0.08333333333333333,0.42105263157894735
8699,hunt,phaser,241,NA,NA
8700,hunt,houl,241,NA,NA
8701,hunt,how,242,NA,NA
8702,hunt,could,242,NA,NA
8703,hunt,you?,242,NA,NA
8704,hunt,howl,243,0.2,0.5333333333333333
8705,hunt,howl,244,0.2,0.5333333333333333
8706,hunt,and,244,NA,NA
8707,hunt,shot,244,0.25,0.8
8708,hunt,howl,245,0.2,0.5333333333333333
8709,hunt,chu,245,NA,NA
8710,hunt,chu,245,NA,NA
8711,hunt,howl,246,0.2,0.5333333333333333
8712,hunt,gunshot,246,0.16666666666666666,0.6666666666666666
8713,hunt,hurt,246,0.25,0.625
8714,hunt,howl,247,0.2,0.5333333333333333
8715,hunt,psht,247,NA,NA
8716,hunt,wimper,247,NA,NA
8717,hunt,"howl,",248,NA,NA
8718,hunt,gunfire,248,0.16666666666666666,0.6666666666666666
8719,hunt,howling,249,0.25,0.4
8720,hunt,howling,250,0.25,0.4
8721,hunt,dog,250,0.5,0.8571428571428571
8722,hunt,"howling,",251,NA,NA
8723,hunt,"shooting,",251,NA,NA
8724,hunt,whimpering,251,0.16666666666666666,0.2857142857142857
8725,hunt,"howling,",252,NA,NA
8726,hunt,"shots,",252,NA,NA
8727,hunt,whimper,252,0.16666666666666666,0.625
8728,hunt,hunter,253,0.16666666666666666,0.631578947368421
8729,hunt,hunting,254,1.0,1.0
8730,hunt,hunting,255,1.0,1.0
8731,hunt,a,255,0.09090909090909091,0.26666666666666666
8732,hunt,wolf,255,0.16666666666666666,0.782608695652174
8733,hunt,hurry,256,0.2,0.625
8734,hunt,up,256,0.25,0.4
8735,hunt,hurt,257,0.25,0.625
8736,hunt,hurt,258,0.25,0.625
8737,hunt,dog,258,0.5,0.8571428571428571
8738,hunt,hurt,259,0.25,0.625
8739,hunt,in,259,0.25,0.4
8740,hunt,fight,259,0.25,0.7619047619047619
8741,hunt,hurt,260,0.25,0.625
8742,hunt,wolf,260,0.16666666666666666,0.782608695652174
8743,hunt,hurting,261,0.2,0.5
8744,hunt,dog,261,0.5,0.8571428571428571
8745,hunt,huu-a,262,NA,NA
8746,hunt,if,263,NA,NA
8747,hunt,a,263,0.09090909090909091,0.26666666666666666
8748,hunt,puppy,263,0.14285714285714285,0.6
8749,hunt,and,263,NA,NA
8750,hunt,an,263,0.08333333333333333,0.25
8751,hunt,owl,263,0.09090909090909091,0.5454545454545454
8752,hunt,had,263,0.25,0.4
8753,hunt,a,263,0.09090909090909091,0.26666666666666666
8754,hunt,baby,263,0.2,0.7777777777777778
8755,hunt,imitate,264,0.16666666666666666,0.2857142857142857
8756,hunt,shooting,264,0.2,0.7142857142857143
8757,hunt,imitating,265,0.16666666666666666,0.2857142857142857
8758,hunt,gun,265,0.16666666666666666,0.625
8759,hunt,shots,265,0.25,0.8
8760,hunt,imitating,266,0.16666666666666666,0.2857142857142857
8761,hunt,shooting,266,0.2,0.7142857142857143
8762,hunt,imitating,267,0.16666666666666666,0.2857142857142857
8763,hunt,shooting,267,0.2,0.7142857142857143
8764,hunt,dog,267,0.5,0.8571428571428571
8765,hunt,imitation,268,0.25,0.7058823529411765
8766,hunt,of,268,NA,NA
8767,hunt,shooting,268,0.2,0.7142857142857143
8768,hunt,indian,269,0.25,0.631578947368421
8769,hunt,injured,270,0.25,0.4
8770,hunt,intent,271,0.25,0.5333333333333333
8771,hunt,irritated,272,0.25,0.4
8772,hunt,jump,273,0.25,0.7142857142857143
8773,hunt,kapow,274,NA,NA
8774,hunt,karate,275,0.16666666666666666,0.7058823529411765
8775,hunt,karate,276,0.16666666666666666,0.7058823529411765
8776,hunt,attack,276,0.25,0.8
8777,hunt,karate,277,0.16666666666666666,0.7058823529411765
8778,hunt,blow,277,0.25,0.6153846153846154
8779,hunt,kicking,278,0.25,0.625
8780,hunt,killing,279,0.25,0.5882352941176471
8781,hunt,wolf,279,0.16666666666666666,0.782608695652174
8782,hunt,laser,280,0.08333333333333333,0.42105263157894735
8783,hunt,beam,280,0.25,0.4444444444444444
8784,hunt,laser,281,0.08333333333333333,0.42105263157894735
8785,hunt,beams,281,0.25,0.4444444444444444
8786,hunt,late,282,0.25,0.4
8787,hunt,at,282,0.125,0.46153846153846156
8788,hunt,night,282,0.125,0.4444444444444444
8789,hunt,lifting,283,0.25,0.3333333333333333
8790,hunt,lounge,284,0.2,0.42105263157894735
8791,hunt,making,285,0.25,0.7142857142857143
8792,hunt,shooting,285,0.2,0.7142857142857143
8793,hunt,sounds,285,0.25,0.6153846153846154
8794,hunt,man,286,0.2,0.6666666666666666
8795,hunt,meowing,287,0.2,0.3333333333333333
8796,hunt,mimic,288,0.25,0.5454545454545454
8797,hunt,gun,288,0.16666666666666666,0.625
8798,hunt,moans,289,0.2,0.3333333333333333
8799,hunt,mouthed,290,0.2,0.3333333333333333
8800,hunt,shooting,290,0.2,0.7142857142857143
8801,hunt,sounds,290,0.25,0.6153846153846154
8802,hunt,o,291,0.1111111111111111,0.3076923076923077
8803,hunt,la,291,0.1,0.3157894736842105
8804,hunt,ohh,292,NA,NA
8805,hunt,a,292,0.09090909090909091,0.26666666666666666
8806,hunt,(like,292,NA,NA
8807,hunt,a,292,0.09090909090909091,0.26666666666666666
8808,hunt,karate,292,0.16666666666666666,0.7058823529411765
8809,hunt,chop),292,NA,NA
8810,hunt,ohwa,293,NA,NA
8811,hunt,ohwah,294,NA,NA
8812,hunt,ooh,295,0.16666666666666666,0.2857142857142857
8813,hunt,wa!,295,NA,NA
8814,hunt,oooh,296,NA,NA
8815,hunt,raah,296,NA,NA
8816,hunt,ooowak,297,NA,NA
8817,hunt,opla,298,NA,NA
8818,hunt,ouch,299,NA,NA
8819,hunt,owla,300,NA,NA
8820,hunt,pahhoow-pahhoow-pahhoow,301,NA,NA
8821,hunt,pau,302,NA,NA
8822,hunt,pau,302,NA,NA
8823,hunt,pew,303,0.07142857142857142,0.38095238095238093
8824,hunt,pew,303,0.07142857142857142,0.38095238095238093
8825,hunt,pew,303,0.07142857142857142,0.38095238095238093
8826,hunt,pew,304,0.07142857142857142,0.38095238095238093
8827,hunt,pew,304,0.07142857142857142,0.38095238095238093
8828,hunt,pew,304,0.07142857142857142,0.38095238095238093
8829,hunt,(shooting,304,NA,NA
8830,hunt,noise),304,NA,NA
8831,hunt,pewpewpew,305,NA,NA
8832,hunt,phew,306,NA,NA
8833,hunt,phew,306,NA,NA
8834,hunt,phew,306,NA,NA
8835,hunt,phhh,307,NA,NA
8836,hunt,phhh,307,NA,NA
8837,hunt,phhh,307,NA,NA
8838,hunt,phoophoophoo,308,NA,NA
8839,hunt,physical,309,0.25,0.4
8840,hunt,exertion,309,0.3333333333333333,0.8888888888888888
8841,hunt,piou,310,NA,NA
8842,hunt,piou,310,NA,NA
8843,hunt,pistol,311,0.06666666666666667,0.36363636363636365
8844,hunt,play,312,0.3333333333333333,0.8571428571428571
8845,hunt,dog,312,0.5,0.8571428571428571
8846,hunt,play,313,0.3333333333333333,0.8571428571428571
8847,hunt,with,313,NA,NA
8848,hunt,dog,313,0.5,0.8571428571428571
8849,hunt,playing,314,0.3333333333333333,0.8571428571428571
8850,hunt,playing,315,0.3333333333333333,0.8571428571428571
8851,hunt,a,315,0.09090909090909091,0.26666666666666666
8852,hunt,game,315,0.3333333333333333,0.8571428571428571
8853,hunt,playing,316,0.3333333333333333,0.8571428571428571
8854,hunt,with,316,NA,NA
8855,hunt,weapons,316,0.16666666666666666,0.6666666666666666
8856,hunt,pohpohuk,317,NA,NA
8857,hunt,pokemon,318,NA,NA
8858,hunt,fight,318,0.25,0.7619047619047619
8859,hunt,pow,319,0.14285714285714285,0.6
8860,hunt,pow,319,0.14285714285714285,0.6
8861,hunt,pow,319,0.14285714285714285,0.6
8862,hunt,pretend,320,0.25,0.6666666666666666
8863,hunt,gun,320,0.16666666666666666,0.625
8864,hunt,shooting,320,0.2,0.7142857142857143
8865,hunt,/,320,NA,NA
8866,hunt,cowboys,320,0.16666666666666666,0.631578947368421
8867,hunt,projectiles,321,0.08333333333333333,0.42105263157894735
8868,hunt,pu,322,0.1111111111111111,0.3076923076923077
8869,hunt,puh,322,NA,NA
8870,hunt,puh,322,NA,NA
8871,hunt,puh,323,NA,NA
8872,hunt,puh,323,NA,NA
8873,hunt,puh-ow,324,NA,NA
8874,hunt,puh-ow,324,NA,NA
8875,hunt,puh-ow,324,NA,NA
8876,hunt,pull,325,0.25,0.8421052631578947
8877,hunt,punching,326,0.16666666666666666,0.2857142857142857
8878,hunt,puppy,327,0.14285714285714285,0.6
8879,hunt,raising,328,0.25,0.625
8880,hunt,up,328,0.25,0.4
8881,hunt,roar,329,0.2,0.5333333333333333
8882,hunt,rumble,330,0.2,0.625
8883,hunt,scare,331,0.16666666666666666,0.2857142857142857
8884,hunt,scare,332,0.16666666666666666,0.2857142857142857
8885,hunt,someone,332,0.25,0.7058823529411765
8886,hunt,scaring,333,0.16666666666666666,0.2857142857142857
8887,hunt,scaring,334,0.16666666666666666,0.2857142857142857
8888,hunt,off,334,0.25,0.4
8889,hunt,animals,334,0.16666666666666666,0.7058823529411765
8890,hunt,scream,335,0.2,0.5333333333333333
8891,hunt,screaming,336,0.25,0.5333333333333333
8892,hunt,shoot,337,0.2,0.6666666666666666
8893,hunt,shoot,338,0.2,0.6666666666666666
8894,hunt,the,338,NA,NA
8895,hunt,dog,338,0.5,0.8571428571428571
8896,hunt,shooting,339,0.2,0.7142857142857143
8897,hunt,shooting,340,0.2,0.7142857142857143
8898,hunt,a,340,0.09090909090909091,0.26666666666666666
8899,hunt,dog,340,0.5,0.8571428571428571
8900,hunt,shooting,341,0.2,0.7142857142857143
8901,hunt,a,341,0.09090909090909091,0.26666666666666666
8902,hunt,gun,341,0.16666666666666666,0.625
8903,hunt,shooting,342,0.2,0.7142857142857143
8904,hunt,a,342,0.09090909090909091,0.26666666666666666
8905,hunt,wolf,342,0.16666666666666666,0.782608695652174
8906,hunt,shooting,343,0.2,0.7142857142857143
8907,hunt,animals,343,0.16666666666666666,0.7058823529411765
8908,hunt,shooting,344,0.2,0.7142857142857143
8909,hunt,at,344,0.125,0.46153846153846156
8910,hunt,something,344,NA,NA
8911,hunt,shooting,345,0.2,0.7142857142857143
8912,hunt,wolf,345,0.16666666666666666,0.782608695652174
8913,hunt,"shooting,",346,NA,NA
8914,hunt,dog,346,0.5,0.8571428571428571
8915,hunt,shoots,347,0.2,0.6666666666666666
8916,hunt,shot,348,0.25,0.8
8917,hunt,shots,349,0.25,0.8
8918,hunt,shots,350,0.25,0.8
8919,hunt,fired,350,0.25,0.4
8920,hunt,shout,351,0.2,0.3333333333333333
8921,hunt,and,351,NA,NA
8922,hunt,grunt,351,0.2,0.631578947368421
8923,hunt,shouting,352,0.2,0.3333333333333333
8924,hunt,shove,353,0.2,0.6666666666666666
8925,hunt,away,353,0.25,0.4
8926,hunt,show,354,0.25,0.75
8927,hunt,sick,355,0.25,0.46153846153846156
8928,hunt,sing,356,0.2,0.3333333333333333
8929,hunt,spit,357,0.2,0.6666666666666666
8930,hunt,standing,358,0.25,0.625
8931,hunt,up,358,0.25,0.4
8932,hunt,stay,359,0.25,0.7692307692307693
8933,hunt,away,359,0.25,0.4
8934,hunt,straighten,360,0.2,0.3333333333333333
8935,hunt,up,360,0.25,0.4
8936,hunt,strain,361,0.25,0.8421052631578947
8937,hunt,strength,362,0.125,0.3333333333333333
8938,hunt,stretch,363,0.25,0.8
8939,hunt,strong,364,0.25,0.4
8940,hunt,sword,365,0.07692307692307693,0.4
8941,hunt,wielding,365,0.2,0.3333333333333333
8942,hunt,tennis,366,0.16666666666666666,0.7619047619047619
8943,hunt,terrible,367,0.25,0.4
8944,hunt,thing,367,0.2,0.7142857142857143
8945,hunt,there,368,0.25,0.42857142857142855
8946,hunt,tired,369,0.25,0.4
8947,hunt,to,370,NA,NA
8948,hunt,encourage,370,0.2,0.3333333333333333
8949,hunt,to,371,NA,NA
8950,hunt,shoot,371,0.2,0.6666666666666666
8951,hunt,a,371,0.09090909090909091,0.26666666666666666
8952,hunt,gun,371,0.16666666666666666,0.625
8953,hunt,uh-lah,372,NA,NA
8954,hunt,uhhwah,373,NA,NA
8955,hunt,urraa,374,NA,NA
8956,hunt,urrgha,375,NA,NA
8957,hunt,uuu,376,NA,NA
8958,hunt,wap,376,NA,NA
8959,hunt,uuua!,377,NA,NA
8960,hunt,uuuha,378,NA,NA
8961,hunt,uuuuu,379,NA,NA
8962,hunt,aaaaa,379,NA,NA
8963,hunt,waking,380,0.25,0.4
8964,hunt,up,380,0.25,0.4
8965,hunt,war,381,0.2,0.7
8966,hunt,warrior,382,0.2,0.6666666666666666
8967,hunt,watch,383,0.25,0.7058823529411765
8968,hunt,out,383,0.25,0.6666666666666666
8969,hunt,weapon,384,0.16666666666666666,0.6666666666666666
8970,hunt,"weapon,",385,NA,NA
8971,hunt,shooting,385,0.2,0.7142857142857143
8972,hunt,whining,386,0.2,0.3333333333333333
8973,hunt,whoo,387,NA,NA
8974,hunt,ah,387,NA,NA
8975,hunt,wolf,388,0.16666666666666666,0.782608695652174
8976,hunt,wolf,389,0.16666666666666666,0.782608695652174
8977,hunt,and,389,NA,NA
8978,hunt,cartoon,389,0.125,0.5
8979,hunt,wolf,390,0.16666666666666666,0.782608695652174
8980,hunt,being,390,0.25,0.75
8981,hunt,shot,390,0.25,0.8
8982,hunt,wolf,391,0.16666666666666666,0.782608695652174
8983,hunt,dying,391,0.25,0.4
8984,hunt,wolf,392,0.16666666666666666,0.782608695652174
8985,hunt,getting,392,0.3333333333333333,0.7692307692307693
8986,hunt,shot,392,0.25,0.8
8987,hunt,wolf,393,0.16666666666666666,0.782608695652174
8988,hunt,killed,393,0.25,0.4
8989,hunt,wolf,394,0.16666666666666666,0.782608695652174
8990,hunt,killing,394,0.25,0.5882352941176471
8991,hunt,wolf,395,0.16666666666666666,0.782608695652174
8992,hunt,noise,395,0.16666666666666666,0.5714285714285714
8993,hunt,wolf,396,0.16666666666666666,0.782608695652174
8994,hunt,shot,396,0.25,0.8
8995,hunt,dead,396,0.25,0.46153846153846156
8996,hunt,wolf,397,0.16666666666666666,0.782608695652174
8997,hunt,shot?,397,NA,NA
8998,hunt,wolf,398,0.16666666666666666,0.782608695652174
8999,hunt,sound,398,0.25,0.6153846153846154
9000,hunt,wolf,399,0.16666666666666666,0.782608695652174
9001,hunt,voice,399,0.2,0.6666666666666666
9002,hunt,wooha,400,NA,NA
9003,hunt,wounded,401,0.25,0.46153846153846156
9004,hunt,wolf,401,0.16666666666666666,0.782608695652174
9005,hunt,yawn,402,0.2,0.3333333333333333
9006,hunt,yawn?,403,NA,NA
9007,hunt,yelling,404,0.2,0.3333333333333333
9008,hunt,yelp,405,0.16666666666666666,0.5333333333333333
9009,hunt,yuck,406,NA,NA
9010,hunt,,407,0.1111111111111111,0.5454545454545454
9011,knife,amsr,1,NA,NA
9012,knife,annoyance,2,0.1,0.4
9013,knife,attacking,3,0.14285714285714285,0.25
9014,knife,attention,4,0.09090909090909091,0.375
9015,knife,awkward,5,0.14285714285714285,0.25
9016,knife,barking,6,0.125,0.2222222222222222
9017,knife,"barking,",7,NA,NA
9018,knife,imitating,7,0.1111111111111111,0.2
9019,knife,dog,7,0.16666666666666666,0.7368421052631579
9020,knife,be,8,0.14285714285714285,0.25
9021,knife,quiet,8,0.14285714285714285,0.42857142857142855
9022,knife,blow,9,0.14285714285714285,0.2857142857142857
9023,knife,blowing,10,0.14285714285714285,0.26666666666666666
9024,knife,blowing,11,0.14285714285714285,0.26666666666666666
9025,knife,air,11,0.14285714285714285,0.46153846153846156
9026,knife,blowing,12,0.14285714285714285,0.26666666666666666
9027,knife,off,12,0.14285714285714285,0.25
9028,knife,candle,12,0.14285714285714285,0.7
9029,knife,breathing,13,0.14285714285714285,0.25
9030,knife,call,14,0.14285714285714285,0.6
9031,knife,calling,15,0.14285714285714285,0.25
9032,knife,calm,16,0.14285714285714285,0.4
9033,knife,environment,16,0.1111111111111111,0.42857142857142855
9034,knife,sound,16,0.14285714285714285,0.42857142857142855
9035,knife,carve,17,0.1,0.18181818181818182
9036,knife,catching,18,0.14285714285714285,0.26666666666666666
9037,knife,something,18,NA,NA
9038,knife,come,19,0.14285714285714285,0.25
9039,knife,here,19,0.14285714285714285,0.4
9040,knife,cough,20,0.1111111111111111,0.25
9041,knife,cut,21,0.16666666666666666,0.5263157894736842
9042,knife,it,21,0.07142857142857142,0.23529411764705882
9043,knife,cutting,22,0.16666666666666666,0.42105263157894735
9044,knife,cutting,23,0.16666666666666666,0.42105263157894735
9045,knife,something,23,NA,NA
9046,knife,cutting,24,0.16666666666666666,0.42105263157894735
9047,knife,wood,24,0.14285714285714285,0.7
9048,knife,dog,25,0.16666666666666666,0.7368421052631579
9049,knife,don't,26,NA,NA
9050,knife,know,26,0.14285714285714285,0.25
9051,knife,danger,27,0.1111111111111111,0.42857142857142855
9052,knife,duck,28,0.125,0.5882352941176471
9053,knife,quack,28,0.14285714285714285,0.36363636363636365
9054,knife,excercise,29,NA,NA
9055,knife,exercise,30,0.14285714285714285,0.26666666666666666
9056,knife,exertion,31,0.07142857142857142,0.23529411764705882
9057,knife,fast/fighting,32,NA,NA
9058,knife,fasten,33,0.16666666666666666,0.2222222222222222
9059,knife,some,33,0.14285714285714285,0.25
9060,knife,screws,33,0.14285714285714285,0.7
9061,knife,feeling,34,0.14285714285714285,0.46153846153846156
9062,knife,sick,34,0.14285714285714285,0.3076923076923077
9063,knife,finish,35,0.14285714285714285,0.42857142857142855
9064,knife,go,36,0.14285714285714285,0.25
9065,knife,away,36,0.14285714285714285,0.25
9066,knife,growning,37,NA,NA
9067,knife,hit,38,0.3333333333333333,0.8
9068,knife,hush,39,0.14285714285714285,0.4
9069,knife,i,40,0.14285714285714285,0.3076923076923077
9070,knife,killed,40,0.14285714285714285,0.4
9071,knife,it,40,0.07142857142857142,0.23529411764705882
9072,knife,i,41,0.14285714285714285,0.3076923076923077
9073,knife,see,41,0.14285714285714285,0.3157894736842105
9074,knife,inhaling,42,0.125,0.2222222222222222
9075,knife,air,42,0.14285714285714285,0.46153846153846156
9076,knife,ju,43,NA,NA
9077,knife,ju,43,NA,NA
9078,knife,wuip,43,NA,NA
9079,knife,karate,44,0.06666666666666667,0.2222222222222222
9080,knife,lauching,45,NA,NA
9081,knife,lazo,46,NA,NA
9082,knife,martial,47,0.14285714285714285,0.38095238095238093
9083,knife,arts,47,0.125,0.5882352941176471
9084,knife,men’s,48,NA,NA
9085,knife,huuu,48,NA,NA
9086,knife,men’s,49,NA,NA
9087,knife,shhhhiitt,49,NA,NA
9088,knife,mouth,50,0.125,0.5882352941176471
9089,knife,mouth,51,0.125,0.5882352941176471
9090,knife,sound,51,0.14285714285714285,0.42857142857142855
9091,knife,noise,52,0.1111111111111111,0.42857142857142855
9092,knife,with,52,NA,NA
9093,knife,mouth...uiiikk,52,NA,NA
9094,knife,not,53,0.14285714285714285,0.25
9095,knife,sure,53,0.14285714285714285,0.25
9096,knife,oh,54,0.06666666666666667,0.3
9097,knife,no,54,0.14285714285714285,0.26666666666666666
9098,knife,playful,55,0.14285714285714285,0.25
9099,knife,playing,56,0.14285714285714285,0.4
9100,knife,with,56,NA,NA
9101,knife,a,56,0.07692307692307693,0.25
9102,knife,mini,56,0.14285714285714285,0.5
9103,knife,wooden,56,0.14285714285714285,0.25
9104,knife,sword,56,0.3333333333333333,0.9
9105,knife,playing,57,0.14285714285714285,0.4
9106,knife,with,57,NA,NA
9107,knife,wooden,57,0.14285714285714285,0.25
9108,knife,sword,57,0.3333333333333333,0.9
9109,knife,punch,58,0.16666666666666666,0.7619047619047619
9110,knife,quick,59,0.14285714285714285,0.25
9111,knife,quick,60,0.14285714285714285,0.25
9112,knife,snap,60,0.14285714285714285,0.7
9113,knife,quickly,61,0.14285714285714285,0.25
9114,knife,quiet,62,0.14285714285714285,0.42857142857142855
9115,knife,signaling,63,0.1111111111111111,0.3333333333333333
9116,knife,sound,64,0.14285714285714285,0.42857142857142855
9117,knife,spitting,65,0.125,0.25
9118,knife,sawing,66,0.1,0.18181818181818182
9119,knife,scare,67,0.1111111111111111,0.375
9120,knife,sh*t,68,NA,NA
9121,knife,or,68,0.09090909090909091,0.5
9122,knife,sugar,68,0.125,0.25
9123,knife,sharp,69,0.14285714285714285,0.6363636363636364
9124,knife,shifting,70,0.16666666666666666,0.25
9125,knife,shit,71,0.1111111111111111,0.42857142857142855
9126,knife,shooshing,72,NA,NA
9127,knife,short,73,0.14285714285714285,0.6
9128,knife,blowing,73,0.14285714285714285,0.26666666666666666
9129,knife,shush,74,0.07142857142857142,0.13333333333333333
9130,knife,shushing,75,0.07142857142857142,0.13333333333333333
9131,knife,someone,75,0.1,0.47058823529411764
9132,knife,shut,76,0.14285714285714285,0.25
9133,knife,it,76,0.07142857142857142,0.23529411764705882
9134,knife,shut,77,0.14285714285714285,0.25
9135,knife,up,77,0.14285714285714285,0.25
9136,knife,sickness,78,0.1,0.4
9137,knife,sign,79,0.14285714285714285,0.5882352941176471
9138,knife,signal,80,0.14285714285714285,0.3333333333333333
9139,knife,silence,81,0.1111111111111111,0.42857142857142855
9140,knife,sip,82,0.1111111111111111,0.2222222222222222
9141,knife,skipping,83,0.125,0.2222222222222222
9142,knife,slingshot,84,0.125,0.5882352941176471
9143,knife,small,85,0.14285714285714285,0.42857142857142855
9144,knife,blowing,85,0.14285714285714285,0.26666666666666666
9145,knife,snoring,86,0.125,0.23529411764705882
9146,knife,spin,87,0.1111111111111111,0.23529411764705882
9147,knife,spit,88,0.125,0.6363636363636364
9148,knife,spitting,89,0.125,0.25
9149,knife,spitting,90,0.125,0.25
9150,knife,imitation,90,0.14285714285714285,0.5263157894736842
9151,knife,strange,91,0.14285714285714285,0.25
9152,knife,low,91,0.14285714285714285,0.7
9153,knife,sounds,91,0.14285714285714285,0.42857142857142855
9154,knife,strange,92,0.14285714285714285,0.25
9155,knife,sound,92,0.14285714285714285,0.42857142857142855
9156,knife,summon,93,0.125,0.2222222222222222
9157,knife,swearing,94,0.125,0.2857142857142857
9158,knife,swinging,95,0.14285714285714285,0.25
9159,knife,a,95,0.07692307692307693,0.25
9160,knife,rope,95,0.125,0.5882352941176471
9161,knife,swoosh,96,0.1111111111111111,0.25
9162,knife,sword,97,0.3333333333333333,0.9
9163,knife,throat,98,0.125,0.5882352941176471
9164,knife,sound,98,0.14285714285714285,0.42857142857142855
9165,knife,tennis,99,0.06666666666666667,0.2222222222222222
9166,knife,throw,100,0.125,0.5263157894736842
9167,knife,throwing,101,0.125,0.2222222222222222
9168,knife,throwing,102,0.125,0.2222222222222222
9169,knife,punches,102,0.16666666666666666,0.7619047619047619
9170,knife,to,103,NA,NA
9171,knife,spit,103,0.125,0.6363636363636364
9172,knife,uf...um,104,NA,NA
9173,knife,up,105,0.14285714285714285,0.25
9174,knife,and,105,NA,NA
9175,knife,away,105,0.14285714285714285,0.25
9176,knife,using,106,0.14285714285714285,0.25
9177,knife,a,106,0.07692307692307693,0.25
9178,knife,knife,106,1.0,1.0
9179,knife,using,107,0.14285714285714285,0.25
9180,knife,a,107,0.07692307692307693,0.25
9181,knife,wip,107,NA,NA
9182,knife,walk,108,0.125,0.5555555555555556
9183,knife,steps,108,0.16666666666666666,0.7368421052631579
9184,knife,weak,109,0.14285714285714285,0.25
9185,knife,wet,110,0.16666666666666666,0.4
9186,knife,"slippers,",110,NA,NA
9187,knife,walking,110,0.14285714285714285,0.25
9188,knife,whack,111,0.1111111111111111,0.26666666666666666
9189,knife,whip,112,0.25,0.8421052631578947
9190,knife,whip,113,0.25,0.8421052631578947
9191,knife,whp,113,NA,NA
9192,knife,whip,113,0.25,0.8421052631578947
9193,knife,whipping,114,0.14285714285714285,0.47619047619047616
9194,knife,whipping,115,0.14285714285714285,0.47619047619047616
9195,knife,towel,115,0.1111111111111111,0.5555555555555556
9196,knife,whisper,116,0.09090909090909091,0.26666666666666666
9197,knife,whistle,117,0.16666666666666666,0.7368421052631579
9198,knife,whoh.,118,NA,NA
9199,knife,whooh.,118,NA,NA
9200,knife,whick.,118,NA,NA
9201,knife,whoosh,119,0.125,0.25
9202,knife,windy,120,0.14285714285714285,0.25
9203,knife,adults,121,0.09090909090909091,0.4444444444444444
9204,knife,talking,121,0.1,0.26666666666666666
9205,knife,child,121,0.09090909090909091,0.4444444444444444
9206,knife,air,122,0.14285714285714285,0.46153846153846156
9207,knife,sound,122,0.14285714285714285,0.42857142857142855
9208,knife,angry,123,0.14285714285714285,0.25
9209,knife,knocking,123,0.1111111111111111,0.26666666666666666
9210,knife,animal,124,0.14285714285714285,0.47058823529411764
9211,knife,drinking,124,0.125,0.23529411764705882
9212,knife,arrows,125,0.25,0.8571428571428571
9213,knife,flying,125,0.14285714285714285,0.25
9214,knife,by,125,0.14285714285714285,0.25
9215,knife,asking,126,0.14285714285714285,0.26666666666666666
9216,knife,for,126,NA,NA
9217,knife,silence,126,0.1111111111111111,0.42857142857142855
9218,knife,athlete,127,0.08333333333333333,0.42105263157894735
9219,knife,attempt,128,0.125,0.26666666666666666
9220,knife,attention,129,0.09090909090909091,0.375
9221,knife,badminton,130,0.06666666666666667,0.2222222222222222
9222,knife,bark,131,0.125,0.5454545454545454
9223,knife,barking,132,0.125,0.2222222222222222
9224,knife,be,133,0.14285714285714285,0.25
9225,knife,quiet,133,0.14285714285714285,0.42857142857142855
9226,knife,beat,134,0.16666666666666666,0.4444444444444444
9227,knife,box,134,0.14285714285714285,0.6666666666666666
9228,knife,bird,135,0.1111111111111111,0.6
9229,knife,blacksmith,136,0.07142857142857142,0.38095238095238093
9230,knife,blow,137,0.14285714285714285,0.2857142857142857
9231,knife,blow,138,0.14285714285714285,0.2857142857142857
9232,knife,sound,138,0.14285714285714285,0.42857142857142855
9233,knife,blowing,139,0.14285714285714285,0.26666666666666666
9234,knife,boar,140,0.05555555555555555,0.32
9235,knife,boomerang,141,0.25,0.8571428571428571
9236,knife,bored,142,0.14285714285714285,0.25
9237,knife,boxing,143,0.125,0.2222222222222222
9238,knife,breathe,144,0.14285714285714285,0.25
9239,knife,breathing,145,0.14285714285714285,0.25
9240,knife,call,146,0.14285714285714285,0.6
9241,knife,atention,146,NA,NA
9242,knife,call,147,0.14285714285714285,0.6
9243,knife,someone,147,0.1,0.47058823529411764
9244,knife,calling,148,0.14285714285714285,0.25
9245,knife,calling,149,0.14285714285714285,0.25
9246,knife,discrete,149,0.14285714285714285,0.25
9247,knife,calling,150,0.14285714285714285,0.25
9248,knife,someone,150,0.1,0.47058823529411764
9249,knife,candle,151,0.14285714285714285,0.7
9250,knife,catcalling,152,0.08333333333333333,0.15384615384615385
9251,knife,check,153,0.16666666666666666,0.5263157894736842
9252,knife,chete,154,NA,NA
9253,knife,chewing,155,0.08333333333333333,0.23529411764705882
9254,knife,eating,155,0.14285714285714285,0.23529411764705882
9255,knife,chicken,156,0.14285714285714285,0.42105263157894735
9256,knife,child,157,0.09090909090909091,0.4444444444444444
9257,knife,spitting,157,0.125,0.25
9258,knife,chu,158,NA,NA
9259,knife,chu,158,NA,NA
9260,knife,chuik,158,NA,NA
9261,knife,clear,159,0.16666666666666666,0.4
9262,knife,throat,159,0.125,0.5882352941176471
9263,knife,come,160,0.14285714285714285,0.25
9264,knife,come,161,0.14285714285714285,0.25
9265,knife,on,161,0.14285714285714285,0.25
9266,knife,come,162,0.14285714285714285,0.25
9267,knife,or,162,0.09090909090909091,0.5
9268,knife,stop,162,0.16666666666666666,0.7368421052631579
9269,knife,countdown,163,0.06666666666666667,0.2222222222222222
9270,knife,crafting,164,0.09090909090909091,0.16666666666666666
9271,knife,cua,165,NA,NA
9272,knife,cua,165,NA,NA
9273,knife,cut,166,0.16666666666666666,0.5263157894736842
9274,knife,cutting,167,0.16666666666666666,0.42105263157894735
9275,knife,cutting,168,0.16666666666666666,0.42105263157894735
9276,knife,grass,168,0.25,0.7272727272727273
9277,knife,cutting,169,0.16666666666666666,0.42105263157894735
9278,knife,through,169,0.14285714285714285,0.25
9279,knife,air,169,0.14285714285714285,0.46153846153846156
9280,knife,damn,170,0.14285714285714285,0.42857142857142855
9281,knife,digging,171,0.125,0.23529411764705882
9282,knife,direction,172,0.1,0.35294117647058826
9283,knife,distracted,173,0.14285714285714285,0.25
9284,knife,do,174,0.14285714285714285,0.25
9285,knife,it,174,0.07142857142857142,0.23529411764705882
9286,knife,quietly,174,0.14285714285714285,0.25
9287,knife,dodge,175,0.125,0.26666666666666666
9288,knife,dodging,176,0.125,0.26666666666666666
9289,knife,dog,177,0.16666666666666666,0.7368421052631579
9290,knife,dog,178,0.16666666666666666,0.7368421052631579
9291,knife,barking,178,0.125,0.2222222222222222
9292,knife,dog,179,0.16666666666666666,0.7368421052631579
9293,knife,sound,179,0.14285714285714285,0.42857142857142855
9294,knife,don't,180,NA,NA
9295,knife,know,180,0.14285714285714285,0.25
9296,knife,dont,181,NA,NA
9297,knife,know,181,0.14285714285714285,0.25
9298,knife,door,182,0.125,0.5882352941176471
9299,knife,knock,182,0.1111111111111111,0.26666666666666666
9300,knife,draw,183,0.16666666666666666,0.42857142857142855
9301,knife,attention,183,0.09090909090909091,0.375
9302,knife,drop,184,0.16666666666666666,0.631578947368421
9303,knife,duck,185,0.125,0.5882352941176471
9304,knife,ducks,186,0.125,0.5882352941176471
9305,knife,duel,187,0.125,0.25
9306,knife,eating,188,0.14285714285714285,0.23529411764705882
9307,knife,everybody,189,NA,NA
9308,knife,excersise,190,NA,NA
9309,knife,excited,191,0.16666666666666666,0.25
9310,knife,exercise,192,0.14285714285714285,0.26666666666666666
9311,knife,exercising,193,0.14285714285714285,0.25
9312,knife,fast,194,0.14285714285714285,0.25
9313,knife,fast,195,0.14285714285714285,0.25
9314,knife,movement,195,0.14285714285714285,0.7
9315,knife,fast,196,0.14285714285714285,0.25
9316,knife,movement,196,0.14285714285714285,0.7
9317,knife,of,196,NA,NA
9318,knife,a,196,0.07692307692307693,0.25
9319,knife,stick,196,0.14285714285714285,0.7
9320,knife,fast,197,0.14285714285714285,0.25
9321,knife,swings,197,0.14285714285714285,0.7
9322,knife,fast,198,0.14285714285714285,0.25
9323,knife,whips,198,0.25,0.8421052631578947
9324,knife,faster,199,0.14285714285714285,0.25
9325,knife,fight,200,0.14285714285714285,0.4
9326,knife,fight,201,0.14285714285714285,0.4
9327,knife,sound,201,0.14285714285714285,0.42857142857142855
9328,knife,mimic,201,0.14285714285714285,0.36363636363636365
9329,knife,fighting,202,0.14285714285714285,0.26666666666666666
9330,knife,fighting,203,0.14285714285714285,0.26666666666666666
9331,knife,chops,203,0.125,0.23529411764705882
9332,knife,finish,204,0.14285714285714285,0.42857142857142855
9333,knife,flew,205,0.14285714285714285,0.25
9334,knife,flip,206,0.14285714285714285,0.25
9335,knife,fly,207,0.14285714285714285,0.7
9336,knife,flying,208,0.14285714285714285,0.25
9337,knife,flying.,209,NA,NA
9338,knife,frog,210,0.1111111111111111,0.5555555555555556
9339,knife,game,211,0.14285714285714285,0.631578947368421
9340,knife,getting,212,0.16666666666666666,0.2857142857142857
9341,knife,the,212,NA,NA
9342,knife,attention,212,0.09090909090909091,0.375
9343,knife,of,212,NA,NA
9344,knife,someone,212,0.1,0.47058823529411764
9345,knife,go,213,0.14285714285714285,0.25
9346,knife,away,213,0.14285714285714285,0.25
9347,knife,go,214,0.14285714285714285,0.25
9348,knife,head,214,0.2,0.75
9349,knife,goow,215,NA,NA
9350,knife,goow,215,NA,NA
9351,knife,weeck,215,NA,NA
9352,knife,guic,216,NA,NA
9353,knife,gun,217,0.3333333333333333,0.9
9354,knife,heat,218,0.16666666666666666,0.5555555555555556
9355,knife,heet,219,NA,NA
9356,knife,hey,220,NA,NA
9357,knife,hhhgtp,221,NA,NA
9358,knife,hic,222,NA,NA
9359,knife,up,222,0.14285714285714285,0.25
9360,knife,hiss,223,0.125,0.26666666666666666
9361,knife,hissing,224,0.125,0.25
9362,knife,nasally,224,0.14285714285714285,0.25
9363,knife,hit,225,0.3333333333333333,0.8
9364,knife,hit-uh,226,NA,NA
9365,knife,hitting,227,0.3333333333333333,0.8
9366,knife,something,227,NA,NA
9367,knife,hoo-hoo-hoo-hoot,228,NA,NA
9368,knife,horse,229,0.1111111111111111,0.6
9369,knife,hu,230,NA,NA
9370,knife,hu,230,NA,NA
9371,knife,huick,230,NA,NA
9372,knife,huick,231,NA,NA
9373,knife,huigh,232,NA,NA
9374,knife,hum,233,0.125,0.42857142857142855
9375,knife,hum,233,0.125,0.42857142857142855
9376,knife,hum,233,0.125,0.42857142857142855
9377,knife,whum,233,NA,NA
9378,knife,hush,234,0.14285714285714285,0.4
9379,knife,hwho,235,NA,NA
9380,knife,whoo,235,NA,NA
9381,knife,wheek,235,NA,NA
9382,knife,i,236,0.14285714285714285,0.3076923076923077
9383,knife,dont,236,NA,NA
9384,knife,know,236,0.14285714285714285,0.25
9385,knife,imitation,237,0.14285714285714285,0.5263157894736842
9386,knife,whip,237,0.25,0.8421052631578947
9387,knife,sound,237,0.14285714285714285,0.42857142857142855
9388,knife,injection,238,0.07692307692307693,0.25
9389,knife,jumping,239,0.14285714285714285,0.26666666666666666
9390,knife,jumping,240,0.14285714285714285,0.26666666666666666
9391,knife,rope,240,0.125,0.5882352941176471
9392,knife,knife,241,1.0,1.0
9393,knife,fight,241,0.14285714285714285,0.4
9394,knife,kung,242,NA,NA
9395,knife,fu,242,NA,NA
9396,knife,fighting,242,0.14285714285714285,0.26666666666666666
9397,knife,lasso,243,0.1111111111111111,0.5555555555555556
9398,knife,lasso,244,0.1111111111111111,0.5555555555555556
9399,knife,beat,244,0.16666666666666666,0.4444444444444444
9400,knife,lifting,245,0.16666666666666666,0.2222222222222222
9401,knife,heavy,245,0.14285714285714285,0.38095238095238093
9402,knife,weight,245,0.14285714285714285,0.631578947368421
9403,knife,marching,246,0.125,0.2222222222222222
9404,knife,martial,247,0.14285714285714285,0.38095238095238093
9405,knife,arts,247,0.125,0.5882352941176471
9406,knife,mouse,248,0.16666666666666666,0.7368421052631579
9407,knife,mouth,249,0.125,0.5882352941176471
9408,knife,sounds,249,0.14285714285714285,0.42857142857142855
9409,knife,movement,250,0.14285714285714285,0.7
9410,knife,moving,251,0.14285714285714285,0.25
9411,knife,fast,251,0.14285714285714285,0.25
9412,knife,nice,252,0.14285714285714285,0.3
9413,knife,try,252,0.125,0.26666666666666666
9414,knife,noise,253,0.1111111111111111,0.42857142857142855
9415,knife,nudge,254,0.1111111111111111,0.25
9416,knife,nunchucks,255,NA,NA
9417,knife,oil,256,0.125,0.5
9418,knife,spill,256,0.125,0.5263157894736842
9419,knife,open,257,0.14285714285714285,0.35294117647058826
9420,knife,pay,258,0.125,0.2222222222222222
9421,knife,attention,258,0.09090909090909091,0.375
9422,knife,phet,259,NA,NA
9423,knife,pig,260,0.125,0.631578947368421
9424,knife,sound,260,0.14285714285714285,0.42857142857142855
9425,knife,playfulness,261,0.1111111111111111,0.42857142857142855
9426,knife,pond,262,0.08333333333333333,0.25
9427,knife,pss,263,0.07692307692307693,0.25
9428,knife,psst,264,NA,NA
9429,knife,pst!,265,NA,NA
9430,knife,pulling,266,0.3333333333333333,0.8
9431,knife,out,266,0.14285714285714285,0.25
9432,knife,punches,267,0.16666666666666666,0.7619047619047619
9433,knife,sound,267,0.14285714285714285,0.42857142857142855
9434,knife,punching,268,0.1111111111111111,0.2
9435,knife,push,269,0.125,0.6666666666666666
9436,knife,qua,270,NA,NA
9437,knife,qua,270,NA,NA
9438,knife,quick,270,0.14285714285714285,0.25
9439,knife,quack,271,0.14285714285714285,0.36363636363636365
9440,knife,quack,271,0.14285714285714285,0.36363636363636365
9441,knife,quack,272,0.14285714285714285,0.36363636363636365
9442,knife,quack,272,0.14285714285714285,0.36363636363636365
9443,knife,quack,272,0.14285714285714285,0.36363636363636365
9444,knife,quacking,273,0.125,0.2222222222222222
9445,knife,quick,274,0.14285714285714285,0.25
9446,knife,quiet,275,0.14285714285714285,0.42857142857142855
9447,knife,quiet,276,0.14285714285714285,0.42857142857142855
9448,knife,down,276,0.14285714285714285,0.42105263157894735
9449,knife,random,277,0.14285714285714285,0.25
9450,knife,reload,278,0.125,0.18181818181818182
9451,knife,reverse,279,0.16666666666666666,0.7
9452,knife,cough,279,0.1111111111111111,0.25
9453,knife,rope,280,0.125,0.5882352941176471
9454,knife,swinging,280,0.14285714285714285,0.25
9455,knife,running,281,0.14285714285714285,0.4
9456,knife,sand,282,0.1,0.4
9457,knife,something,282,NA,NA
9458,knife,scared,283,0.14285714285714285,0.25
9459,knife,scchct,284,NA,NA
9460,knife,schip,285,NA,NA
9461,knife,scrape,286,0.3333333333333333,0.8
9462,knife,seethe,287,0.125,0.2222222222222222
9463,knife,shake,288,0.16666666666666666,0.5882352941176471
9464,knife,the,288,NA,NA
9465,knife,stick,288,0.14285714285714285,0.7
9466,knife,sheeth,289,NA,NA
9467,knife,shh,290,NA,NA
9468,knife,shhheet,291,NA,NA
9469,knife,shhing,292,NA,NA
9470,knife,shisssst,293,NA,NA
9471,knife,shit,294,0.1111111111111111,0.42857142857142855
9472,knife,shito,295,NA,NA
9473,knife,shoo,296,0.1111111111111111,0.2
9474,knife,away,296,0.14285714285714285,0.25
9475,knife,shooting,297,0.3333333333333333,0.8
9476,knife,arrow,297,0.25,0.8571428571428571
9477,knife,shush,298,0.07142857142857142,0.13333333333333333
9478,knife,shushing,299,0.07142857142857142,0.13333333333333333
9479,knife,shut,300,0.14285714285714285,0.25
9480,knife,shut,301,0.14285714285714285,0.25
9481,knife,up,301,0.14285714285714285,0.25
9482,knife,shutting,302,0.14285714285714285,0.25
9483,knife,up,302,0.14285714285714285,0.25
9484,knife,sigh,303,0.125,0.2857142857142857
9485,knife,signaling,304,0.1111111111111111,0.3333333333333333
9486,knife,silence,305,0.1111111111111111,0.42857142857142855
9487,knife,sip,306,0.1111111111111111,0.2222222222222222
9488,knife,sit,307,0.14285714285714285,0.25
9489,knife,siuuut,308,NA,NA
9490,knife,slap,309,0.14285714285714285,0.25
9491,knife,slashes,310,0.125,0.4
9492,knife,slashing,311,0.14285714285714285,0.25
9493,knife,sound,311,0.14285714285714285,0.42857142857142855
9494,knife,slashing,312,0.14285714285714285,0.25
9495,knife,sounds,312,0.14285714285714285,0.42857142857142855
9496,knife,slaying,313,0.125,0.2222222222222222
9497,knife,slice,314,0.125,0.6956521739130435
9498,knife,slicing,315,0.1,0.2
9499,knife,slide,316,0.125,0.5882352941176471
9500,knife,sliding,317,0.14285714285714285,0.25
9501,knife,open,317,0.14285714285714285,0.35294117647058826
9502,knife,slient,318,NA,NA
9503,knife,slip,319,0.14285714285714285,0.625
9504,knife,slurp,320,0.1111111111111111,0.2
9505,knife,small,321,0.14285714285714285,0.42857142857142855
9506,knife,dog,321,0.16666666666666666,0.7368421052631579
9507,knife,small,322,0.14285714285714285,0.42857142857142855
9508,knife,mammal,322,0.07692307692307693,0.4
9509,knife,small,323,0.14285714285714285,0.42857142857142855
9510,knife,spray,323,0.125,0.631578947368421
9511,knife,can,323,0.14285714285714285,0.6666666666666666
9512,knife,sneeze,324,0.1111111111111111,0.25
9513,knife,snip,325,0.1111111111111111,0.375
9514,knife,soda,326,0.06666666666666667,0.2222222222222222
9515,knife,something,327,NA,NA
9516,knife,whiffing,327,0.1111111111111111,0.2
9517,knife,speakng,328,NA,NA
9518,knife,td,328,NA,NA
9519,knife,someone,328,0.1,0.47058823529411764
9520,knife,"speed,",329,NA,NA
9521,knife,"fast,",329,NA,NA
9522,knife,avoiding,329,0.14285714285714285,0.25
9523,knife,spinning,330,0.1111111111111111,0.2222222222222222
9524,knife,spit,331,0.125,0.6363636363636364
9525,knife,spiting,332,0.125,0.2222222222222222
9526,knife,spitting,333,0.125,0.25
9527,knife,spitting,334,0.125,0.25
9528,knife,out,334,0.14285714285714285,0.25
9529,knife,sound,334,0.14285714285714285,0.42857142857142855
9530,knife,spittle,335,0.07142857142857142,0.23529411764705882
9531,knife,squeeky,336,NA,NA
9532,knife,shoes,336,0.16666666666666666,0.7368421052631579
9533,knife,stabbing,337,1.0,1.0
9534,knife,stay,338,0.14285714285714285,0.7
9535,knife,there,338,0.14285714285714285,0.4
9536,knife,stick,339,0.14285714285714285,0.7
9537,knife,stop,340,0.16666666666666666,0.7368421052631579
9538,knife,it,340,0.07142857142857142,0.23529411764705882
9539,knife,strap,341,0.2,0.8
9540,knife,in,341,0.14285714285714285,0.3
9541,knife,air,341,0.14285714285714285,0.46153846153846156
9542,knife,stress,342,0.125,0.4
9543,knife,relief,342,0.1111111111111111,0.5
9544,knife,swallow,343,0.125,0.34782608695652173
9545,knife,swatting,344,0.1111111111111111,0.2
9546,knife,swear,345,0.125,0.2222222222222222
9547,knife,swearing,346,0.125,0.2857142857142857
9548,knife,sweep,347,0.14285714285714285,0.6666666666666666
9549,knife,swinging,348,0.14285714285714285,0.25
9550,knife,swinging,349,0.14285714285714285,0.25
9551,knife,a,349,0.07692307692307693,0.25
9552,knife,bat,349,0.1111111111111111,0.6363636363636364
9553,knife,swinging,350,0.14285714285714285,0.25
9554,knife,a,350,0.07692307692307693,0.25
9555,knife,racket,350,0.125,0.6666666666666666
9556,knife,swinging,351,0.14285714285714285,0.25
9557,knife,a,351,0.07692307692307693,0.25
9558,knife,sword,351,0.3333333333333333,0.9
9559,knife,swinging,352,0.14285714285714285,0.25
9560,knife,rope,352,0.125,0.5882352941176471
9561,knife,swinging,353,0.14285714285714285,0.25
9562,knife,something,353,NA,NA
9563,knife,"swinging,",354,NA,NA
9564,knife,hitting,354,0.3333333333333333,0.8
9565,knife,swiping,355,0.1111111111111111,0.2
9566,knife,swirling,356,0.1111111111111111,0.2
9567,knife,swish,357,0.14285714285714285,0.26666666666666666
9568,knife,swishing,358,0.1111111111111111,0.2
9569,knife,swoosh,359,0.1111111111111111,0.25
9570,knife,sword,360,0.3333333333333333,0.9
9571,knife,sword,361,0.3333333333333333,0.9
9572,knife,swings,361,0.14285714285714285,0.7
9573,knife,sword,362,0.3333333333333333,0.9
9574,knife,swoosh,362,0.1111111111111111,0.25
9575,knife,sword/weapon,363,NA,NA
9576,knife,sound,363,0.14285714285714285,0.42857142857142855
9577,knife,tch,364,NA,NA
9578,knife,tear,365,0.1111111111111111,0.5
9579,knife,telling,366,0.14285714285714285,0.25
9580,knife,secrets,366,0.09090909090909091,0.3333333333333333
9581,knife,throw,367,0.125,0.5263157894736842
9582,knife,throwing,368,0.125,0.2222222222222222
9583,knife,throwing,369,0.125,0.2222222222222222
9584,knife,discus,369,0.125,0.6666666666666666
9585,knife,throwing,370,0.125,0.2222222222222222
9586,knife,object,370,0.125,0.46153846153846156
9587,knife,throwing,371,0.125,0.2222222222222222
9588,knife,punches,371,0.16666666666666666,0.7619047619047619
9589,knife,throwing,372,0.125,0.2222222222222222
9590,knife,something,372,NA,NA
9591,knife,"tiredness,",373,NA,NA
9592,knife,feeling,373,0.14285714285714285,0.46153846153846156
9593,knife,exhausted,373,0.16666666666666666,0.4444444444444444
9594,knife,to,374,NA,NA
9595,knife,play,374,0.14285714285714285,0.42857142857142855
9596,knife,train,375,0.14285714285714285,0.6666666666666666
9597,knife,training,376,0.14285714285714285,0.42857142857142855
9598,knife,trick,377,0.07692307692307693,0.38095238095238093
9599,knife,tsst..,378,NA,NA
9600,knife,psst,378,NA,NA
9601,knife,turning,379,0.3333333333333333,0.8
9602,knife,knob,379,0.25,0.8
9603,knife,uhuh,380,NA,NA
9604,knife,uhic,380,NA,NA
9605,knife,uhuouh,381,NA,NA
9606,knife,unclear,382,0.14285714285714285,0.25
9607,knife,vum,383,NA,NA
9608,knife,vum,383,NA,NA
9609,knife,waak,384,NA,NA
9610,knife,waak,384,NA,NA
9611,knife,waak,384,NA,NA
9612,knife,wait,385,0.14285714285714285,0.2857142857142857
9613,knife,walk,386,0.125,0.5555555555555556
9614,knife,walking,387,0.14285714285714285,0.25
9615,knife,warm,388,0.16666666666666666,0.25
9616,knife,up,388,0.14285714285714285,0.25
9617,knife,water,389,0.14285714285714285,0.5882352941176471
9618,knife,coming,389,0.14285714285714285,0.375
9619,knife,out,389,0.14285714285714285,0.25
9620,knife,wauauwaus,390,NA,NA
9621,knife,waving,391,0.125,0.2857142857142857
9622,knife,something,391,NA,NA
9623,knife,quickly,391,0.14285714285714285,0.25
9624,knife,in,391,0.14285714285714285,0.3
9625,knife,the,391,NA,NA
9626,knife,air,391,0.14285714285714285,0.46153846153846156
9627,knife,wchwchwch,392,NA,NA
9628,knife,weak,393,0.14285714285714285,0.25
9629,knife,weapon,394,0.5,0.9473684210526315
9630,knife,weapon,395,0.5,0.9473684210526315
9631,knife,stick,395,0.14285714285714285,0.7
9632,knife,weapon,396,0.5,0.9473684210526315
9633,knife,swing,396,0.14285714285714285,0.7
9634,knife,weeet,397,NA,NA
9635,knife,wheeze,398,0.125,0.23529411764705882
9636,knife,whew,399,NA,NA
9637,knife,whew,399,NA,NA
9638,knife,whick,399,NA,NA
9639,knife,whip,400,0.25,0.8421052631578947
9640,knife,whip,401,0.25,0.8421052631578947
9641,knife,whip,401,0.25,0.8421052631578947
9642,knife,whip,402,0.25,0.8421052631578947
9643,knife,whip,402,0.25,0.8421052631578947
9644,knife,whip,402,0.25,0.8421052631578947
9645,knife,whipping,403,0.14285714285714285,0.47619047619047616
9646,knife,whips,404,0.25,0.8421052631578947
9647,knife,whisper,405,0.09090909090909091,0.26666666666666666
9648,knife,whispering,406,0.14285714285714285,0.26666666666666666
9649,knife,whistling,407,0.125,0.3076923076923077
9650,knife,who,408,0.07142857142857142,0.23529411764705882
9651,knife,who,409,0.07142857142857142,0.23529411764705882
9652,knife,who,409,0.07142857142857142,0.23529411764705882
9653,knife,who,409,0.07142857142857142,0.23529411764705882
9654,knife,whock,410,NA,NA
9655,knife,whock,410,NA,NA
9656,knife,whock,410,NA,NA
9657,knife,whock,410,NA,NA
9658,knife,whoo,411,NA,NA
9659,knife,whoo,411,NA,NA
9660,knife,wick,411,0.1111111111111111,0.5555555555555556
9661,knife,whoo-whoo-week,412,NA,NA
9662,knife,whoop,413,0.1111111111111111,0.26666666666666666
9663,knife,whoop,413,0.1111111111111111,0.26666666666666666
9664,knife,whoop,413,0.1111111111111111,0.26666666666666666
9665,knife,whoop,414,0.1111111111111111,0.26666666666666666
9666,knife,whoop,414,0.1111111111111111,0.26666666666666666
9667,knife,whoop,414,0.1111111111111111,0.26666666666666666
9668,knife,whoop,414,0.1111111111111111,0.26666666666666666
9669,knife,whooping,415,0.1111111111111111,0.2
9670,knife,sounds,415,0.14285714285714285,0.42857142857142855
9671,knife,whoosh,416,0.125,0.25
9672,knife,whoosing,417,NA,NA
9673,knife,whoowhhowhoo,418,NA,NA
9674,knife,whoowhoowhoowhoo,419,NA,NA
9675,knife,whowhick,420,NA,NA
9676,knife,wind,421,0.16666666666666666,0.7368421052631579
9677,knife,wind,422,0.16666666666666666,0.7368421052631579
9678,knife,up,422,0.14285714285714285,0.25
9679,knife,hit,422,0.3333333333333333,0.8
9680,knife,windy,423,0.14285714285714285,0.25
9681,knife,wit,424,0.1,0.4
9682,knife,wit,424,0.1,0.4
9683,knife,wit,424,0.1,0.4
9684,knife,haa,424,NA,NA
9685,knife,wo,425,NA,NA
9686,knife,wo,425,NA,NA
9687,knife,wo,425,NA,NA
9688,knife,wo,425,NA,NA
9689,knife,work,426,0.14285714285714285,0.5555555555555556
9690,knife,out,426,0.14285714285714285,0.25
9691,knife,working,427,0.14285714285714285,0.5882352941176471
9692,knife,wowohuic,428,NA,NA
9693,knife,zip,429,0.14285714285714285,0.7
9694,knife,zip,430,0.14285714285714285,0.7
9695,knife,it,430,0.07142857142857142,0.23529411764705882
9696,knife,zoom,431,0.125,0.23529411764705882
9697,knife,zoom,431,0.125,0.23529411764705882
9698,knife,zoom,431,0.125,0.23529411764705882
9699,knife,“shush!”,432,NA,NA
9700,knife,,433,0.07692307692307693,0.36363636363636365
9701,man,aa,1,0.16666666666666666,0.5454545454545454
9702,man,"aah,",1,NA,NA
9703,man,ooh,1,0.16666666666666666,0.2857142857142857
9704,man,ohhh,1,NA,NA
9705,man,aa,2,0.16666666666666666,0.5454545454545454
9706,man,oooo,2,NA,NA
9707,man,aaaah?,3,NA,NA
9708,man,abrupt,4,0.25,0.4
9709,man,realization,4,0.125,0.36363636363636365
9710,man,acceptance,5,0.14285714285714285,0.4
9711,man,acknowledge,6,0.16666666666666666,0.2857142857142857
9712,man,admired,7,0.25,0.4
9713,man,adult,8,0.5,0.75
9714,man,singing,8,0.25,0.4
9715,man,agreeable,9,0.25,0.4
9716,man,agreement,10,0.14285714285714285,0.4
9717,man,alert,11,0.25,0.4444444444444444
9718,man,amazed,12,0.25,0.4
9719,man,anger,13,0.2,0.36363636363636365
9720,man,annoyed,14,0.25,0.4
9721,man,babbling,15,0.16666666666666666,0.36363636363636365
9722,man,bewildered,16,0.25,0.4
9723,man,bother,17,0.2,0.3333333333333333
9724,man,calm,18,0.25,0.4
9725,man,down,18,0.25,0.5714285714285714
9726,man,christmas,19,0.125,0.36363636363636365
9727,man,"complaint,",20,NA,NA
9728,man,agitation,20,0.14285714285714285,0.4
9729,man,confusion,21,0.14285714285714285,0.4
9730,man,creation,22,0.16666666666666666,0.6666666666666666
9731,man,danger,23,0.25,0.6666666666666666
9732,man,disapproval,24,0.16666666666666666,0.4444444444444444
9733,man,disbelief,25,0.14285714285714285,0.4
9734,man,discomfort,26,0.14285714285714285,0.4
9735,man,disgust,27,0.16666666666666666,0.36363636363636365
9736,man,disgusting,28,0.25,0.4
9737,man,do,29,0.25,0.4
9738,man,not,29,0.25,0.4
9739,man,like,29,0.25,0.4
9740,man,don’t,30,NA,NA
9741,man,agree,30,0.25,0.4
9742,man,enthusiastic,31,0.25,0.4
9743,man,agreeing,31,0.25,0.4
9744,man,evil,32,0.25,0.4
9745,man,laugh,32,0.2,0.4
9746,man,exciting,33,0.25,0.4
9747,man,exclaiming,34,0.2,0.4
9748,man,fear,35,0.25,0.4
9749,man,finding,36,0.25,0.6
9750,man,out,36,0.25,0.4
9751,man,something,36,NA,NA
9752,man,fool,37,0.25,0.7058823529411765
9753,man,funny,38,0.25,0.4
9754,man,funny,39,0.25,0.4
9755,man,but,39,0.25,0.4
9756,man,unsettling,39,0.14285714285714285,0.25
9757,man,gross,40,0.25,0.4
9758,man,grunting,41,0.2,0.3333333333333333
9759,man,grunting,42,0.2,0.3333333333333333
9760,man,in,42,0.25,0.4
9761,man,agreement,42,0.14285714285714285,0.4
9762,man,ha,43,0.1111111111111111,0.42857142857142855
9763,man,ha,43,0.1111111111111111,0.42857142857142855
9764,man,ho,43,0.1111111111111111,0.3333333333333333
9765,man,ho,43,0.1111111111111111,0.3333333333333333
9766,man,ho,43,0.1111111111111111,0.3333333333333333
9767,man,haaaaauh,44,NA,NA
9768,man,haha,45,NA,NA
9769,man,ohohoh,45,NA,NA
9770,man,haha,46,NA,NA
9771,man,hoho,46,NA,NA
9772,man,ho,46,0.1111111111111111,0.3333333333333333
9773,man,happiness,47,0.14285714285714285,0.4
9774,man,hard,48,0.25,0.4
9775,man,work,48,0.5,0.5882352941176471
9776,man,hello,49,0.125,0.36363636363636365
9777,man,ho,50,0.1111111111111111,0.3333333333333333
9778,man,ho,50,0.1111111111111111,0.3333333333333333
9779,man,hold,51,0.25,0.5555555555555556
9780,man,on,51,0.25,0.4
9781,man,hoo,52,NA,NA
9782,man,hoo,52,NA,NA
9783,man,how,53,NA,NA
9784,man,are,53,0.25,0.4
9785,man,you?,53,NA,NA
9786,man,hurting,54,0.2,0.3333333333333333
9787,man,huumhuum,55,NA,NA
9788,man,i,56,0.25,0.6666666666666666
9789,man,knew,56,0.25,0.4
9790,man,it,56,0.1,0.3076923076923077
9791,man,i,57,0.25,0.6666666666666666
9792,man,see,57,0.25,0.4
9793,man,i,58,0.25,0.6666666666666666
9794,man,told,58,0.2,0.3333333333333333
9795,man,you,58,NA,NA
9796,man,so,58,0.25,0.4
9797,man,i,59,0.25,0.6666666666666666
9798,man,understand,59,0.25,0.4
9799,man,now,59,0.25,0.4
9800,man,imitating,60,0.16666666666666666,0.2857142857142857
9801,man,impressed,61,0.25,0.4
9802,man,irritated,62,0.25,0.4
9803,man,surprise,62,0.2,0.36363636363636365
9804,man,japanese,63,0.25,0.6666666666666666
9805,man,japanese,64,0.25,0.6666666666666666
9806,man,nods,64,0.25,0.4
9807,man,his,64,NA,NA
9808,man,head,64,0.25,0.75
9809,man,joker,65,0.2,0.6666666666666666
9810,man,jokes,66,0.2,0.4
9811,man,joking,67,0.25,0.4
9812,man,laugh,68,0.2,0.4
9813,man,laugh,69,0.2,0.4
9814,man,laughing,70,0.25,0.4
9815,man,laughter,71,0.14285714285714285,0.4
9816,man,lets,72,0.25,0.5
9817,man,go,72,0.25,0.42857142857142855
9818,man,like,73,0.25,0.4
9819,man,asian,73,0.25,0.7058823529411765
9820,man,person,73,0.5,0.8
9821,man,listen,74,0.2,0.3333333333333333
9822,man,to,74,NA,NA
9823,man,me,74,0.09090909090909091,0.375
9824,man,look,75,0.25,0.4
9825,man,who's,75,NA,NA
9826,man,here,75,0.25,0.5454545454545454
9827,man,loud,76,0.25,0.4
9828,man,laugh,76,0.2,0.4
9829,man,male,77,0.5,0.75
9830,man,inarticulate,77,0.25,0.4
9831,man,sounds,77,0.25,0.4444444444444444
9832,man,man,78,1.0,1.0
9833,man,playing,78,0.25,0.4
9834,man,men’s,79,NA,NA
9835,man,huhuuu,79,NA,NA
9836,man,men’s,80,NA,NA
9837,man,oooo,80,NA,NA
9838,man,mock,81,0.25,0.4
9839,man,laughing,81,0.25,0.4
9840,man,mocking,82,0.25,0.4
9841,man,laughter,82,0.14285714285714285,0.4
9842,man,monster,83,0.25,0.75
9843,man,mr,84,0.1,0.3076923076923077
9844,man,bean,84,0.16666666666666666,0.631578947368421
9845,man,nodding,85,0.25,0.4
9846,man,notice,86,0.25,0.4444444444444444
9847,man,me,86,0.09090909090909091,0.375
9848,man,laugh,86,0.2,0.4
9849,man,now,87,0.25,0.4
9850,man,i,87,0.25,0.6666666666666666
9851,man,know,87,0.25,0.4
9852,man,oh,88,0.09090909090909091,0.375
9853,man,i,88,0.25,0.6666666666666666
9854,man,understand,88,0.25,0.4
9855,man,oh,89,0.09090909090909091,0.375
9856,man,"no,",89,NA,NA
9857,man,"no,",89,NA,NA
9858,man,oh,90,0.09090909090909091,0.375
9859,man,oh,90,0.09090909090909091,0.375
9860,man,oh,91,0.09090909090909091,0.375
9861,man,really?,91,NA,NA
9862,man,ohhh,92,NA,NA
9863,man,okay,93,0.25,0.4
9864,man,old,94,0.25,0.4
9865,man,guy,94,0.5,0.9473684210526315
9866,man,suprised,94,NA,NA
9867,man,oooh,95,NA,NA
9868,man,ooooh,96,NA,NA
9869,man,"ow,",97,NA,NA
9870,man,noise,97,0.16666666666666666,0.4
9871,man,of,97,NA,NA
9872,man,pain,97,0.2,0.6666666666666666
9873,man,person,98,0.5,0.8
9874,man,refuting,98,0.125,0.2222222222222222
9875,man,comments,98,0.14285714285714285,0.4
9876,man,pirate,99,0.16666666666666666,0.5714285714285714
9877,man,proud,100,0.25,0.4
9878,man,or,100,0.1,0.5263157894736842
9879,man,victorious,100,0.25,0.4
9880,man,realization,101,0.125,0.36363636363636365
9881,man,"realisation,",102,NA,NA
9882,man,impressed,102,0.25,0.4
9883,man,roar,103,0.2,0.36363636363636365
9884,man,sound,104,0.25,0.4444444444444444
9885,man,sant,105,NA,NA
9886,man,claus,105,NA,NA
9887,man,santa,106,0.16666666666666666,0.631578947368421
9888,man,claus,106,NA,NA
9889,man,sound,106,0.25,0.4444444444444444
9890,man,santa,107,0.16666666666666666,0.631578947368421
9891,man,claus,107,NA,NA
9892,man,sarcasm,108,0.14285714285714285,0.4
9893,man,sarcastic,109,0.25,0.4
9894,man,laugh,109,0.2,0.4
9895,man,satisfaction,110,0.1111111111111111,0.3333333333333333
9896,man,satisfied,111,0.25,0.6666666666666666
9897,man,scaring,112,0.16666666666666666,0.2857142857142857
9898,man,scary,113,0.25,0.4
9899,man,villian,113,NA,NA
9900,man,shivers,114,0.16666666666666666,0.3333333333333333
9901,man,of,114,NA,NA
9902,man,disgust,114,0.16666666666666666,0.36363636363636365
9903,man,shock,115,0.2,0.6666666666666666
9904,man,silly,116,0.25,0.6666666666666666
9905,man,mouth,116,0.2,0.6666666666666666
9906,man,sound,116,0.25,0.4444444444444444
9907,man,sinister,117,0.25,0.4
9908,man,laugh,117,0.2,0.4
9909,man,so,118,0.25,0.4
9910,man,funny,118,0.25,0.4
9911,man,starting,119,0.25,0.4
9912,man,an,119,0.1,0.3076923076923077
9913,man,engine,119,0.25,0.6666666666666666
9914,man,strange,120,0.25,0.4
9915,man,laugh,120,0.2,0.4
9916,man,super,121,0.25,0.6
9917,man,mario,121,NA,NA
9918,man,surprise,122,0.2,0.36363636363636365
9919,man,take,123,0.3333333333333333,0.4
9920,man,it,123,0.1,0.3076923076923077
9921,man,thats,124,NA,NA
9922,man,right,124,0.25,0.5
9923,man,threatening,125,0.25,0.4
9924,man,or,125,0.1,0.5263157894736842
9925,man,displeased,125,0.25,0.4
9926,man,tired,126,0.25,0.4
9927,man,trouble,127,0.2,0.4
9928,man,ugh,128,NA,NA
9929,man,uhh,129,NA,NA
9930,man,huu,129,NA,NA
9931,man,uncertainty,130,0.16666666666666666,0.4444444444444444
9932,man,understand,131,0.25,0.4
9933,man,unhappy,132,0.25,0.4
9934,man,unimpressed,133,0.25,0.4
9935,man,very,134,0.25,0.4
9936,man,good,134,0.25,0.6666666666666666
9937,man,villain,135,0.25,0.7058823529411765
9938,man,vocal,136,0.25,0.4
9939,man,rehearsal,136,0.1,0.3076923076923077
9940,man,washing,137,0.2,0.5555555555555556
9941,man,machine,137,0.3333333333333333,0.75
9942,man,weird,138,0.25,0.4
9943,man,sound,138,0.25,0.4444444444444444
9944,man,weird,139,0.25,0.4
9945,man,vocal,139,0.25,0.4
9946,man,sound,139,0.25,0.4444444444444444
9947,man,what,140,NA,NA
9948,man,you,140,NA,NA
9949,man,doing,140,0.25,0.4
9950,man,whohoo!,141,NA,NA
9951,man,why,142,0.125,0.36363636363636365
9952,man,not?,142,NA,NA
9953,man,why?,143,NA,NA
9954,man,yes,144,0.09090909090909091,0.2857142857142857
9955,man,yawn,145,0.2,0.3333333333333333
9956,man,yes,146,0.09090909090909091,0.2857142857142857
9957,man,aahing,147,0.16666666666666666,0.2857142857142857
9958,man,and,147,NA,NA
9959,man,ooing,147,NA,NA
9960,man,aaooo,148,NA,NA
9961,man,aargh,149,NA,NA
9962,man,acceptance,150,0.14285714285714285,0.4
9963,man,ache,151,0.2,0.3333333333333333
9964,man,acknowledged,152,0.25,0.4
9965,man,acknowledgment,153,0.16666666666666666,0.4444444444444444
9966,man,acknowledment,154,NA,NA
9967,man,adult,155,0.5,0.75
9968,man,man,155,1.0,1.0
9969,man,laugh,155,0.2,0.4
9970,man,adults,156,0.5,0.75
9971,man,talking,156,0.14285714285714285,0.36363636363636365
9972,man,child,156,0.3333333333333333,0.75
9973,man,adults,157,0.5,0.75
9974,man,to,157,NA,NA
9975,man,child,157,0.3333333333333333,0.75
9976,man,agree,158,0.25,0.4
9977,man,agreeing,159,0.25,0.4
9978,man,agreement,160,0.14285714285714285,0.4
9979,man,agression,161,NA,NA
9980,man,ah,162,NA,NA
9981,man,ah,162,NA,NA
9982,man,ho,162,0.1111111111111111,0.3333333333333333
9983,man,oh,162,0.09090909090909091,0.375
9984,man,ah,163,NA,NA
9985,man,ah,163,NA,NA
9986,man,ohoh,163,NA,NA
9987,man,ah,164,NA,NA
9988,man,uh,164,NA,NA
9989,man,aha,165,NA,NA
9990,man,ahaha,166,NA,NA
9991,man,ohohoh,166,NA,NA
9992,man,ahahohohoh,167,NA,NA
9993,man,ahh,168,NA,NA
9994,man,ahh,168,NA,NA
9995,man,ho,168,0.1111111111111111,0.3333333333333333
9996,man,ho,168,0.1111111111111111,0.3333333333333333
9997,man,ahhhh,169,NA,NA
9998,man,ohhh,169,NA,NA
9999,man,ahh,169,NA,NA
10000,man,ohhh,169,NA,NA
10001,man,always,170,0.25,0.4
10002,man,the,170,NA,NA
10003,man,same,170,0.25,0.6666666666666666
10004,man,thing,170,0.2,0.6666666666666666
10005,man,amazed,171,0.25,0.4
10006,man,amazing,172,0.25,0.4
10007,man,amused,173,0.25,0.4
10008,man,anger,174,0.2,0.36363636363636365
10009,man,"anger,",175,NA,NA
10010,man,disgust,175,0.16666666666666666,0.36363636363636365
10011,man,angry,176,0.25,0.4
10012,man,angry,177,0.25,0.4
10013,man,man,177,1.0,1.0
10014,man,angry,178,0.25,0.4
10015,man,old,178,0.25,0.4
10016,man,announce,179,0.16666666666666666,0.2857142857142857
10017,man,annoyance,180,0.2,0.6666666666666666
10018,man,anticipation,181,0.125,0.36363636363636365
10019,man,aoooohh!,182,NA,NA
10020,man,attack,183,0.25,0.4
10021,man,attention,184,0.125,0.36363636363636365
10022,man,aware,185,0.25,0.4
10023,man,bad,186,0.25,0.4444444444444444
10024,man,barking,187,0.2,0.3333333333333333
10025,man,being,188,0.3333333333333333,0.8571428571428571
10026,man,massaged,188,0.2,0.3333333333333333
10027,man,on,188,0.25,0.4
10028,man,being,189,0.3333333333333333,0.8571428571428571
10029,man,morally,189,0.25,0.4
10030,man,above,189,0.25,0.4
10031,man,being,190,0.3333333333333333,0.8571428571428571
10032,man,scary,190,0.25,0.4
10033,man,bellowing,191,0.2,0.36363636363636365
10034,man,big,192,0.25,0.4
10035,man,big,193,0.25,0.4
10036,man,guy,193,0.5,0.9473684210526315
10037,man,bird,194,0.2,0.75
10038,man,bossy,195,0.25,0.4
10039,man,chortle,196,0.16666666666666666,0.36363636363636365
10040,man,clarifying,197,0.25,0.4
10041,man,something,197,NA,NA
10042,man,clear,198,0.25,0.46153846153846156
10043,man,throught,198,NA,NA
10044,man,computer,199,0.25,0.7058823529411765
10045,man,confirmation,200,0.14285714285714285,0.4
10046,man,confusion,201,0.14285714285714285,0.4
10047,man,conversating,202,NA,NA
10048,man,cow,203,0.2,0.8461538461538461
10049,man,cowboy,204,0.25,0.7058823529411765
10050,man,crazy,205,0.25,0.631578947368421
10051,man,man,205,1.0,1.0
10052,man,talking,205,0.14285714285714285,0.36363636363636365
10053,man,creepy,206,0.25,0.4
10054,man,man,206,1.0,1.0
10055,man,sound,206,0.25,0.4444444444444444
10056,man,defficient,207,NA,NA
10057,man,did,208,0.25,0.4
10058,man,something,208,NA,NA
10059,man,wrong,208,0.25,0.4
10060,man,disagree,209,0.25,0.4
10061,man,disgust,210,0.16666666666666666,0.36363636363636365
10062,man,disgusted,211,0.25,0.4
10063,man,disgusting,212,0.25,0.4
10064,man,dislike,213,0.25,0.4
10065,man,dizzy,214,0.25,0.4
10066,man,dog,215,0.25,0.7857142857142857
10067,man,imitation,215,0.25,0.5555555555555556
10068,man,dominance,216,0.14285714285714285,0.4
10069,man,don't,217,NA,NA
10070,man,know,217,0.25,0.4
10071,man,dont,218,NA,NA
10072,man,know,218,0.25,0.4
10073,man,doubt,219,0.14285714285714285,0.4
10074,man,doubtful,220,0.25,0.4
10075,man,drunk,221,0.25,0.631578947368421
10076,man,ehhhh,222,NA,NA
10077,man,(realisation,222,NA,NA
10078,man,noise),222,NA,NA
10079,man,encourage,223,0.2,0.3333333333333333
10080,man,engine,224,0.25,0.6666666666666666
10081,man,evil,225,0.25,0.4
10082,man,evil,226,0.25,0.4
10083,man,laughter,226,0.14285714285714285,0.4
10084,man,evil,227,0.25,0.4
10085,man,rich,227,0.25,0.6666666666666666
10086,man,man,227,1.0,1.0
10087,man,laugh,227,0.2,0.4
10088,man,eww,228,NA,NA
10089,man,excited,229,0.25,0.4
10090,man,exclamation,230,0.14285714285714285,0.4
10091,man,expressing,231,0.25,0.4
10092,man,something,231,NA,NA
10093,man,important,231,0.25,0.4
10094,man,fake,232,0.25,0.631578947368421
10095,man,santa,232,0.16666666666666666,0.631578947368421
10096,man,fat,233,0.25,0.4
10097,man,laugh,233,0.2,0.4
10098,man,father,234,0.25,0.7058823529411765
10099,man,christmas,234,0.125,0.36363636363636365
10100,man,fear,235,0.25,0.4
10101,man,fright,236,0.14285714285714285,0.36363636363636365
10102,man,frighten,237,0.16666666666666666,0.2857142857142857
10103,man,funny,238,0.25,0.4
10104,man,gasping,239,0.14285714285714285,0.25
10105,man,ghu-huh,240,NA,NA
10106,man,glee,241,0.1111111111111111,0.3333333333333333
10107,man,goofing,242,0.1111111111111111,0.2
10108,man,gorilla,243,0.14285714285714285,0.8
10109,man,sound,243,0.25,0.4444444444444444
10110,man,got,244,0.25,0.4
10111,man,you,244,NA,NA
10112,man,grandpa,245,0.14285714285714285,0.6
10113,man,ho,245,0.1111111111111111,0.3333333333333333
10114,man,ho,245,0.1111111111111111,0.3333333333333333
10115,man,greeting,246,0.25,0.4
10116,man,groan,247,0.2,0.4
10117,man,growl,248,0.2,0.3333333333333333
10118,man,grumpy,249,0.25,0.4
10119,man,grunt,250,0.25,0.7058823529411765
10120,man,grunting,251,0.2,0.3333333333333333
10121,man,"grunting,",252,NA,NA
10122,man,surprise,252,0.2,0.36363636363636365
10123,man,grunts,253,0.25,0.7058823529411765
10124,man,ha,254,0.1111111111111111,0.42857142857142855
10125,man,ha,254,0.1111111111111111,0.42857142857142855
10126,man,ha,255,0.1111111111111111,0.42857142857142855
10127,man,ha,255,0.1111111111111111,0.42857142857142855
10128,man,hom,255,NA,NA
10129,man,hom,255,NA,NA
10130,man,hom,255,NA,NA
10131,man,ha,256,0.1111111111111111,0.42857142857142855
10132,man,ha,256,0.1111111111111111,0.42857142857142855
10133,man,oh,256,0.09090909090909091,0.375
10134,man,oh,256,0.09090909090909091,0.375
10135,man,oh,256,0.09090909090909091,0.375
10136,man,ha-ha-ho-ho-ho,257,NA,NA
10137,man,ha...ha...oou,258,NA,NA
10138,man,haaaahaaaoooh,259,NA,NA
10139,man,haha,260,NA,NA
10140,man,hoe,260,0.14285714285714285,0.6666666666666666
10141,man,hoe,260,0.14285714285714285,0.6666666666666666
10142,man,haha,261,NA,NA
10143,man,hoho,261,NA,NA
10144,man,haha,262,NA,NA
10145,man,oh,262,0.09090909090909091,0.375
10146,man,oh,262,0.09090909090909091,0.375
10147,man,haha,263,NA,NA
10148,man,oh,263,0.09090909090909091,0.375
10149,man,oh,263,0.09090909090909091,0.375
10150,man,oh,263,0.09090909090909091,0.375
10151,man,hahahohoho,264,NA,NA
10152,man,hahaohoho,265,NA,NA
10153,man,hahooow,266,NA,NA
10154,man,halt,267,0.25,0.4
10155,man,haughty,268,0.25,0.4
10156,man,having,269,0.25,0.4
10157,man,something,269,NA,NA
10158,man,big,269,0.25,0.4
10159,man,in,269,0.25,0.4
10160,man,mouth,269,0.2,0.6666666666666666
10161,man,hey,270,NA,NA
10162,man,heyyy,271,NA,NA
10163,man,hhahhahhohho,272,NA,NA
10164,man,hhooh,273,NA,NA
10165,man,hmm,274,NA,NA
10166,man,hmm,274,NA,NA
10167,man,ho,275,0.1111111111111111,0.3333333333333333
10168,man,ho,275,0.1111111111111111,0.3333333333333333
10169,man,hoho,276,NA,NA
10170,man,hoo,277,NA,NA
10171,man,hoo,277,NA,NA
10172,man,hoo-hoo,278,NA,NA
10173,man,how,279,NA,NA
10174,man,dare,279,0.2,0.3333333333333333
10175,man,you,279,NA,NA
10176,man,how,280,NA,NA
10177,man,go,280,0.25,0.42857142857142855
10178,man,go,280,0.25,0.42857142857142855
10179,man,howling,281,0.25,0.4
10180,man,hows,282,NA,NA
10181,man,it,282,0.1,0.3076923076923077
10182,man,going,282,0.25,0.4
10183,man,hu,283,NA,NA
10184,man,hu,283,NA,NA
10185,man,hu,284,NA,NA
10186,man,huuuu,284,NA,NA
10187,man,hu,285,NA,NA
10188,man,huuuuu,285,NA,NA
10189,man,hu-hu,286,NA,NA
10190,man,huh,287,NA,NA
10191,man,huhhh,287,NA,NA
10192,man,huhhh,288,NA,NA
10193,man,humming,289,0.2,0.3333333333333333
10194,man,hurghhh,290,NA,NA
10195,man,i,291,0.25,0.6666666666666666
10196,man,am,291,0.25,0.4
10197,man,here,291,0.25,0.5454545454545454
10198,man,i,292,0.25,0.6666666666666666
10199,man,can't,292,NA,NA
10200,man,i,293,0.25,0.6666666666666666
10201,man,get,293,0.25,0.4
10202,man,it,293,0.1,0.3076923076923077
10203,man,i,294,0.25,0.6666666666666666
10204,man,know,294,0.25,0.4
10205,man,now,294,0.25,0.4
10206,man,i,295,0.25,0.6666666666666666
10207,man,see,295,0.25,0.4
10208,man,i,296,0.25,0.6666666666666666
10209,man,understand,296,0.25,0.4
10210,man,impersonating,297,0.14285714285714285,0.25
10211,man,interested,298,0.25,0.4
10212,man,intimidating,299,0.25,0.4
10213,man,intimidation,300,0.125,0.36363636363636365
10214,man,jajaohohoh,301,NA,NA
10215,man,laugh,302,0.2,0.4
10216,man,laughing,303,0.25,0.4
10217,man,laughing,304,0.25,0.4
10218,man,in,304,0.25,0.4
10219,man,pain,304,0.2,0.6666666666666666
10220,man,laughing,305,0.25,0.4
10221,man,old,305,0.25,0.4
10222,man,man,305,1.0,1.0
10223,man,laughing,306,0.25,0.4
10224,man,slowly,306,0.25,0.4
10225,man,laughter,307,0.14285714285714285,0.4
10226,man,laughter,308,0.14285714285714285,0.4
10227,man,?,308,NA,NA
10228,man,have,308,0.3333333333333333,0.75
10229,man,no,308,0.25,0.4
10230,man,other,308,0.25,0.4
10231,man,ideas,308,0.14285714285714285,0.4
10232,man,lets,309,0.25,0.5
10233,man,do,309,0.25,0.4
10234,man,that,309,NA,NA
10235,man,lies,310,0.25,0.6
10236,man,liking,311,0.25,0.4
10237,man,something,311,NA,NA
10238,man,listen,312,0.2,0.3333333333333333
10239,man,listen,313,0.2,0.3333333333333333
10240,man,to,313,NA,NA
10241,man,me,313,0.09090909090909091,0.375
10242,man,low,314,0.25,0.631578947368421
10243,man,level,314,0.25,0.6666666666666666
10244,man,excitement,314,0.1111111111111111,0.3333333333333333
10245,man,make,315,0.25,0.4
10246,man,laugh,315,0.2,0.4
10247,man,making,316,0.25,0.5
10248,man,fun,316,0.14285714285714285,0.4
10249,man,man,317,1.0,1.0
10250,man,man,318,1.0,1.0
10251,man,disgusted,318,0.25,0.4
10252,man,"man,",319,NA,NA
10253,man,mario,320,NA,NA
10254,man,medieval,321,0.25,0.4
10255,man,beast,321,0.25,0.8
10256,man,mock,322,0.25,0.4
10257,man,laughing,322,0.25,0.4
10258,man,mocking,323,0.25,0.4
10259,man,mocking,324,0.25,0.4
10260,man,laughter,324,0.14285714285714285,0.4
10261,man,mocking,325,0.25,0.4
10262,man,someone,325,0.5,0.8
10263,man,talking,325,0.14285714285714285,0.36363636363636365
10264,man,monkey,326,0.25,0.8888888888888888
10265,man,sound,326,0.25,0.4444444444444444
10266,man,move,327,0.25,0.4
10267,man,over,327,0.25,0.4
10268,man,murmur,328,0.2,0.36363636363636365
10269,man,native,329,0.3333333333333333,0.8
10270,man,negative,330,0.25,0.7
10271,man,response,330,0.14285714285714285,0.4
10272,man,"no,",331,NA,NA
10273,man,i,331,0.25,0.6666666666666666
10274,man,don't,331,NA,NA
10275,man,like,331,0.25,0.4
10276,man,this,331,NA,NA
10277,man,"no,",332,NA,NA
10278,man,dislike,332,0.25,0.4
10279,man,nod/agreeing,333,NA,NA
10280,man,not,334,0.25,0.4
10281,man,good,334,0.25,0.6666666666666666
10282,man,idea,334,0.14285714285714285,0.4
10283,man,not,335,0.25,0.4
10284,man,happy,335,0.25,0.4
10285,man,now,336,0.25,0.4
10286,man,oah,337,NA,NA
10287,man,oahaa,338,NA,NA
10288,man,oh,339,0.09090909090909091,0.375
10289,man,i,339,0.25,0.6666666666666666
10290,man,see,339,0.25,0.4
10291,man,oh,340,0.09090909090909091,0.375
10292,man,i,340,0.25,0.6666666666666666
10293,man,know,340,0.25,0.4
10294,man,now,340,0.25,0.4
10295,man,oh,341,0.09090909090909091,0.375
10296,man,no,341,0.25,0.4
10297,man,oh,342,0.09090909090909091,0.375
10298,man,oh,342,0.09090909090909091,0.375
10299,man,oh,343,0.09090909090909091,0.375
10300,man,weird,343,0.25,0.4
10301,man,"oh,",344,NA,NA
10302,man,i,344,0.25,0.6666666666666666
10303,man,see,344,0.25,0.4
10304,man,ohh,345,NA,NA
10305,man,ohhh,346,NA,NA
10306,man,ohm,347,0.2,0.6666666666666666
10307,man,ohm,347,0.2,0.6666666666666666
10308,man,ok,348,0.25,0.4
10309,man,is,348,0.25,0.4
10310,man,fine,348,0.25,0.4
10311,man,okay,349,0.25,0.4
10312,man,okay,350,0.25,0.4
10313,man,i,350,0.25,0.6666666666666666
10314,man,understand,350,0.25,0.4
10315,man,old,351,0.25,0.4
10316,man,man,351,1.0,1.0
10317,man,oohhh,352,NA,NA
10318,man,open,353,0.25,0.46153846153846156
10319,man,mouth,353,0.2,0.6666666666666666
10320,man,opportunity,354,0.125,0.36363636363636365
10321,man,orc,355,NA,NA
10322,man,ouch,356,NA,NA
10323,man,oueeehhh,357,NA,NA
10324,man,owl,358,0.1111111111111111,0.6923076923076923
10325,man,pain,359,0.2,0.6666666666666666
10326,man,pirate,360,0.16666666666666666,0.5714285714285714
10327,man,playful,361,0.25,0.4
10328,man,smile,361,0.125,0.36363636363636365
10329,man,playing,362,0.25,0.4
10330,man,popeye,363,NA,NA
10331,man,pushing,364,0.2,0.36363636363636365
10332,man,questioning,365,0.25,0.4
10333,man,realization,366,0.125,0.36363636363636365
10334,man,rediculous,367,NA,NA
10335,man,respect,368,0.14285714285714285,0.4
10336,man,roar,369,0.2,0.36363636363636365
10337,man,rrhoooohr,370,NA,NA
10338,man,rubbing,371,0.2,0.5882352941176471
10339,man,it,371,0.1,0.3076923076923077
10340,man,in,371,0.25,0.4
10341,man,rude,372,0.25,0.4
10342,man,santa,373,0.16666666666666666,0.631578947368421
10343,man,santa,374,0.16666666666666666,0.631578947368421
10344,man,claus,374,NA,NA
10345,man,santa,375,0.16666666666666666,0.631578947368421
10346,man,claus,375,NA,NA
10347,man,humming,375,0.2,0.3333333333333333
10348,man,santa,376,0.16666666666666666,0.631578947368421
10349,man,claus,376,NA,NA
10350,man,laughting,376,NA,NA
10351,man,santa,377,0.16666666666666666,0.631578947368421
10352,man,klaus,377,NA,NA
10353,man,sarcasm,378,0.14285714285714285,0.4
10354,man,sarcastic,379,0.25,0.4
10355,man,sarcastic,380,0.25,0.4
10356,man,laugh,380,0.2,0.4
10357,man,sarcastically,381,0.25,0.4
10358,man,funny,381,0.25,0.4
10359,man,satire,382,0.14285714285714285,0.4
10360,man,say,383,0.25,0.4
10361,man,ah,383,NA,NA
10362,man,scare,384,0.16666666666666666,0.3333333333333333
10363,man,scaring,385,0.16666666666666666,0.2857142857142857
10364,man,scary,386,0.25,0.4
10365,man,see,387,0.25,0.4
10366,man,here,387,0.25,0.5454545454545454
10367,man,shock,388,0.2,0.6666666666666666
10368,man,show,389,0.25,0.4
10369,man,someting,389,NA,NA
10370,man,sims,390,NA,NA
10371,man,character,390,0.3333333333333333,0.7058823529411765
10372,man,sing,391,0.2,0.3333333333333333
10373,man,sleep,392,0.2,0.4
10374,man,slight,393,0.25,0.4
10375,man,pain,393,0.2,0.6666666666666666
10376,man,sly,394,0.25,0.4
10377,man,laugh,394,0.2,0.4
10378,man,smug,395,0.25,0.4
10379,man,snideness,396,NA,NA
10380,man,sound,397,0.25,0.4444444444444444
10381,man,sound,398,0.25,0.4444444444444444
10382,man,expression,398,0.16666666666666666,0.4444444444444444
10383,man,stop,399,0.25,0.6666666666666666
10384,man,strong-transmitting,400,NA,NA
10385,man,sound,400,0.25,0.4444444444444444
10386,man,superiority,401,0.125,0.36363636363636365
10387,man,suprised,402,NA,NA
10388,man,surprise,403,0.2,0.36363636363636365
10389,man,surprised,404,0.25,0.4
10390,man,table,405,0.2,0.6666666666666666
10391,man,talk,406,0.14285714285714285,0.36363636363636365
10392,man,talking,407,0.14285714285714285,0.36363636363636365
10393,man,tasty,408,0.25,0.4
10394,man,telling,409,0.25,0.4
10395,man,a,409,0.1111111111111111,0.3333333333333333
10396,man,joke,409,0.2,0.4
10397,man,terrible,410,0.25,0.4
10398,man,thats,411,NA,NA
10399,man,funny,411,0.25,0.4
10400,man,tipsy,412,0.25,0.4
10401,man,tired,413,0.25,0.4
10402,man,ugh,414,NA,NA
10403,man,ugooo,415,NA,NA
10404,man,uh,416,NA,NA
10405,man,oh,416,0.09090909090909091,0.375
10406,man,uh,417,NA,NA
10407,man,uh,417,NA,NA
10408,man,uhuh,418,NA,NA
10409,man,umg...uuh!,419,NA,NA
10410,man,understand,420,0.25,0.4
10411,man,understanding,421,0.25,0.4
10412,man,understanding,422,0.25,0.4
10413,man,something,422,NA,NA
10414,man,uohuh,423,NA,NA
10415,man,upset,424,0.25,0.6666666666666666
10416,man,urgh,425,NA,NA
10417,man,vocals,426,0.14285714285714285,0.4
10418,man,vowels,427,0.125,0.36363636363636365
10419,man,wait,428,0.25,0.4
10420,man,wait,428,0.25,0.4
10421,man,waking,429,0.25,0.4
10422,man,up,429,0.25,0.4
10423,man,what,430,NA,NA
10424,man,who,431,0.125,0.46153846153846156
10425,man,who,431,0.125,0.46153846153846156
10426,man,whoo,432,NA,NA
10427,man,whoo,433,NA,NA
10428,man,ooh,433,0.16666666666666666,0.2857142857142857
10429,man,woah,434,NA,NA
10430,man,wobbly,435,0.25,0.7058823529411765
10431,man,wohoo,436,NA,NA
10432,man,wohooo,437,NA,NA
10433,man,wonder,438,0.16666666666666666,0.4
10434,man,wooho,439,NA,NA
10435,man,wow,440,0.16666666666666666,0.36363636363636365
10436,man,wowwho,441,NA,NA
10437,man,wugh,442,NA,NA
10438,man,"yes,",443,NA,NA
10439,man,i,443,0.25,0.6666666666666666
10440,man,understand,443,0.25,0.4
10441,man,you,444,NA,NA
10442,man,warble,444,0.1111111111111111,0.25
10443,man,,445,0.14285714285714285,0.6
10444,many,3,1,0.3333333333333333,0.5
10445,many,dogs,1,0.2,0.3333333333333333
10446,many,abstract,2,0.3333333333333333,0.5
10447,many,action,3,0.16666666666666666,0.2857142857142857
10448,many,agree,4,0.3333333333333333,0.5
10449,many,alarm,5,0.14285714285714285,0.25
10450,many,alarm,6,0.14285714285714285,0.25
10451,many,call,6,0.3333333333333333,0.5
10452,many,animal,7,0.3333333333333333,0.5
10453,many,sound,7,0.3333333333333333,0.5
10454,many,attention,8,0.1111111111111111,0.2
10455,many,getting,8,0.3333333333333333,0.5
10456,many,awkward,9,0.3333333333333333,0.5
10457,many,bounce,10,0.25,0.4
10458,many,ba-dump,11,NA,NA
10459,many,baby,12,0.16666666666666666,0.2857142857142857
10460,many,sound,12,0.3333333333333333,0.5
10461,many,ball,13,0.2,0.3333333333333333
10462,many,banjo,14,0.08333333333333333,0.15384615384615385
10463,many,be,15,0.3333333333333333,0.5
10464,many,careful,15,0.3333333333333333,0.5
10465,many,beat,16,0.3333333333333333,0.5
10466,many,bird,17,0.2,0.3333333333333333
10467,many,blah,18,0.125,0.2222222222222222
10468,many,blah,18,0.125,0.2222222222222222
10469,many,blah,18,0.125,0.2222222222222222
10470,many,bong,19,0.16666666666666666,0.2857142857142857
10471,many,bonk,20,0.2,0.3333333333333333
10472,many,bored,21,0.3333333333333333,0.5
10473,many,boringness,22,0.1,0.18181818181818182
10474,many,bounce,23,0.25,0.4
10475,many,bounces,24,0.25,0.4
10476,many,bouncing,25,0.3333333333333333,0.5
10477,many,calm,26,0.3333333333333333,0.5
10478,many,down,26,0.3333333333333333,0.5
10479,many,car,27,0.09090909090909091,0.16666666666666666
10480,many,rear,27,0.3333333333333333,0.5
10481,many,ping,27,0.2,0.3333333333333333
10482,many,child,28,0.125,0.2222222222222222
10483,many,talk,28,0.16666666666666666,0.2857142857142857
10484,many,chinese,29,0.3333333333333333,0.5
10485,many,crickets,30,0.2,0.3333333333333333
10486,many,cute,31,0.3333333333333333,0.5
10487,many,and,31,NA,NA
10488,many,tiny,31,0.3333333333333333,0.5
10489,many,cute,32,0.3333333333333333,0.5
10490,many,cartoon,32,0.14285714285714285,0.25
10491,many,character,32,0.16666666666666666,0.2857142857142857
10492,many,don't,33,NA,NA
10493,many,know,33,0.3333333333333333,0.5
10494,many,danger,34,0.16666666666666666,0.2857142857142857
10495,many,deepol,35,NA,NA
10496,many,deepol,35,NA,NA
10497,many,deepol,35,NA,NA
10498,many,dipo,36,NA,NA
10499,many,dipo,36,NA,NA
10500,many,dipo,36,NA,NA
10501,many,do,37,0.3333333333333333,0.5
10502,many,this,37,NA,NA
10503,many,echo,38,0.25,0.4
10504,many,error,39,0.125,0.2222222222222222
10505,many,etcetera,40,0.3333333333333333,0.5
10506,many,falling,41,0.3333333333333333,0.5
10507,many,falling,42,0.3333333333333333,0.5
10508,many,down,42,0.3333333333333333,0.5
10509,many,guitar,43,0.08333333333333333,0.15384615384615385
10510,many,strings,43,0.25,0.4
10511,many,happyness,44,NA,NA
10512,many,horse,45,0.16666666666666666,0.2857142857142857
10513,many,running,45,0.3333333333333333,0.5
10514,many,humming,46,0.25,0.4
10515,many,hurry,47,0.25,0.4
10516,many,hurry,48,0.25,0.4
10517,many,up,48,0.3333333333333333,0.5
10518,many,imitating,49,0.2,0.3333333333333333
10519,many,a,49,0.1,0.18181818181818182
10520,many,sound,49,0.3333333333333333,0.5
10521,many,imitating,50,0.2,0.3333333333333333
10522,many,beat,50,0.3333333333333333,0.5
10523,many,impatient,51,0.3333333333333333,0.5
10524,many,sound,51,0.3333333333333333,0.5
10525,many,indecisive,52,0.3333333333333333,0.5
10526,many,indicating,53,0.16666666666666666,0.2857142857142857
10527,many,something,53,NA,NA
10528,many,indifferent,54,0.3333333333333333,0.5
10529,many,it,55,0.09090909090909091,0.16666666666666666
10530,many,is,55,0.3333333333333333,0.5
10531,many,cheap,55,0.3333333333333333,0.5
10532,many,japanese,56,0.3333333333333333,0.5
10533,many,sounds,56,0.3333333333333333,0.5
10534,many,jumping,57,0.3333333333333333,0.5
10535,many,loading,58,0.2,0.3333333333333333
10536,many,local,59,0.3333333333333333,0.5
10537,many,dialet,59,NA,NA
10538,many,look,60,0.3333333333333333,0.5
10539,many,looking,61,0.3333333333333333,0.5
10540,many,around,61,0.3333333333333333,0.5
10541,many,my,62,NA,NA
10542,many,guy,62,0.16666666666666666,0.2857142857142857
10543,many,pardon,63,0.16666666666666666,0.2857142857142857
10544,many,parou,64,NA,NA
10545,many,parou,65,NA,NA
10546,many,parou,65,NA,NA
10547,many,parou,65,NA,NA
10548,many,paw,66,0.16666666666666666,0.2857142857142857
10549,many,pedo,67,NA,NA
10550,many,pedo,67,NA,NA
10551,many,pedo,67,NA,NA
10552,many,people,68,0.2,0.3333333333333333
10553,many,repeated,68,0.3333333333333333,0.5
10554,many,pero,69,NA,NA
10555,many,pero,69,NA,NA
10556,many,pero,69,NA,NA
10557,many,person,70,0.14285714285714285,0.25
10558,many,"bored,",70,NA,NA
10559,many,joking,70,0.3333333333333333,0.5
10560,many,playful,71,0.3333333333333333,0.5
10561,many,playfully,72,0.3333333333333333,0.5
10562,many,playing,73,0.3333333333333333,0.5
10563,many,playing,74,0.3333333333333333,0.5
10564,many,with,74,NA,NA
10565,many,a,74,0.1,0.18181818181818182
10566,many,kid,74,0.125,0.2222222222222222
10567,many,podeypodey,75,NA,NA
10568,many,pointing,76,0.25,0.4
10569,many,pom,77,0.08333333333333333,0.15384615384615385
10570,many,popo,78,NA,NA
10571,many,po,78,0.1111111111111111,0.2
10572,many,poo,78,NA,NA
10573,many,pou-pou-pou-pou,79,NA,NA
10574,many,pouring,80,0.3333333333333333,0.5
10575,many,water,80,0.2,0.3333333333333333
10576,many,rhythm,81,0.14285714285714285,0.25
10577,many,ready,82,0.3333333333333333,0.5
10578,many,reassuring,83,0.3333333333333333,0.5
10579,many,a,83,0.1,0.18181818181818182
10580,many,comment,83,0.16666666666666666,0.2857142857142857
10581,many,rejecting,84,0.3333333333333333,0.5
10582,many,idea,84,0.125,0.2222222222222222
10583,many,remind,85,0.3333333333333333,0.5
10584,many,repeated,86,0.3333333333333333,0.5
10585,many,resfusing,87,NA,NA
10586,many,an,87,0.09090909090909091,0.16666666666666666
10587,many,idea,87,0.125,0.2222222222222222
10588,many,ring,88,0.25,0.4
10589,many,the,88,NA,NA
10590,many,bell,88,0.2,0.3333333333333333
10591,many,robot,89,0.09090909090909091,0.16666666666666666
10592,many,sing,90,0.25,0.4
10593,many,silly,91,0.3333333333333333,0.5
10594,many,seen,92,0.3333333333333333,0.5
10595,many,something,92,NA,NA
10596,many,silly,93,0.3333333333333333,0.5
10597,many,kid,93,0.125,0.2222222222222222
10598,many,sound,93,0.3333333333333333,0.5
10599,many,sing,94,0.25,0.4
10600,many,singing,95,0.3333333333333333,0.5
10601,many,"singing,",96,NA,NA
10602,many,strings,96,0.25,0.4
10603,many,song,97,0.125,0.2222222222222222
10604,many,strange,98,0.3333333333333333,0.5
10605,many,language,98,0.16666666666666666,0.2857142857142857
10606,many,talk,99,0.16666666666666666,0.2857142857142857
10607,many,talk,100,0.16666666666666666,0.2857142857142857
10608,many,talk,101,0.16666666666666666,0.2857142857142857
10609,many,too,101,0.3333333333333333,0.5
10610,many,much,101,0.3333333333333333,0.5
10611,many,talking,102,0.16666666666666666,0.2857142857142857
10612,many,telephone,103,0.14285714285714285,0.25
10613,many,ringing,103,0.25,0.4
10614,many,tip,104,0.25,0.4
10615,many,toe,104,0.25,0.4
10616,many,tip,105,0.25,0.4
10617,many,top,105,0.3333333333333333,0.5
10618,many,tipo,106,NA,NA
10619,many,tipo,107,NA,NA
10620,many,tipo,107,NA,NA
10621,many,tipo,107,NA,NA
10622,many,trotting,108,0.16666666666666666,0.2857142857142857
10623,many,typing,109,0.16666666666666666,0.2857142857142857
10624,many,typo,110,0.1,0.18181818181818182
10625,many,typping,111,NA,NA
10626,many,very,112,0.3333333333333333,0.5
10627,many,busy,112,0.3333333333333333,0.5
10628,many,vocalising,113,0.25,0.4
10629,many,vocalization,114,0.16666666666666666,0.2857142857142857
10630,many,wait,115,0.3333333333333333,0.5
10631,many,walking,116,0.3333333333333333,0.5
10632,many,warning,117,0.3333333333333333,0.5
10633,many,warning,118,0.3333333333333333,0.5
10634,many,sign,118,0.3333333333333333,0.5
10635,many,water,119,0.2,0.3333333333333333
10636,many,dropping,119,0.3333333333333333,0.5
10637,many,whatever,120,0.3333333333333333,0.5
10638,many,women’s,121,NA,NA
10639,many,,121,0.1111111111111111,0.2
10640,many,pooo,121,NA,NA
10641,many,women’s,122,NA,NA
10642,many,pado,122,NA,NA
10643,many,pado,122,NA,NA
10644,many,women’s,123,NA,NA
10645,many,tipo,123,NA,NA
10646,many,tipo,123,NA,NA
10647,many,a,124,0.1,0.18181818181818182
10648,many,beep,124,0.2,0.3333333333333333
10649,many,adult,125,0.3333333333333333,0.5
10650,many,talking,125,0.16666666666666666,0.2857142857142857
10651,many,child,125,0.125,0.2222222222222222
10652,many,adults,126,0.125,0.2222222222222222
10653,many,talking,126,0.16666666666666666,0.2857142857142857
10654,many,child,126,0.125,0.2222222222222222
10655,many,after,127,0.3333333333333333,0.5
10656,many,awhile,127,0.3333333333333333,0.5
10657,many,agreeing,128,0.3333333333333333,0.5
10658,many,alarm,129,0.14285714285714285,0.25
10659,many,alert,130,0.3333333333333333,0.5
10660,many,sounds,130,0.3333333333333333,0.5
10661,many,from,130,NA,NA
10662,many,slightly,130,0.3333333333333333,0.5
10663,many,underwater,130,0.3333333333333333,0.5
10664,many,alien,131,0.3333333333333333,0.5
10665,many,alien,132,0.3333333333333333,0.5
10666,many,comunication,132,NA,NA
10667,many,amusement,133,0.1,0.18181818181818182
10668,many,amusing,134,0.3333333333333333,0.5
10669,many,noises,134,0.2,0.3333333333333333
10670,many,to,134,NA,NA
10671,many,pass,134,0.3333333333333333,0.5
10672,many,the,134,NA,NA
10673,many,time,134,0.2,0.3333333333333333
10674,many,animal,135,0.3333333333333333,0.5
10675,many,sound,135,0.3333333333333333,0.5
10676,many,annoying,136,0.3333333333333333,0.5
10677,many,annoying,137,0.3333333333333333,0.5
10678,many,person,137,0.14285714285714285,0.25
10679,many,anxiousness,138,0.1111111111111111,0.2
10680,many,as,139,0.3333333333333333,0.5
10681,many,you,139,NA,NA
10682,many,say,139,0.3333333333333333,0.5
10683,many,attention,140,0.1111111111111111,0.2
10684,many,attention,141,0.1111111111111111,0.2
10685,many,please,141,0.3333333333333333,0.5
10686,many,baby,142,0.16666666666666666,0.2857142857142857
10687,many,baby,143,0.16666666666666666,0.2857142857142857
10688,many,sound,143,0.3333333333333333,0.5
10689,many,baby,144,0.16666666666666666,0.2857142857142857
10690,many,words,144,0.14285714285714285,0.25
10691,many,badabadabado,145,NA,NA
10692,many,badop,146,NA,NA
10693,many,dadop,146,NA,NA
10694,many,badop,146,NA,NA
10695,many,badup,147,NA,NA
10696,many,badup,147,NA,NA
10697,many,badup,147,NA,NA
10698,many,ball,148,0.2,0.3333333333333333
10699,many,ball,149,0.2,0.3333333333333333
10700,many,bouncing,149,0.3333333333333333,0.5
10701,many,ball,150,0.2,0.3333333333333333
10702,many,hitting,150,0.3333333333333333,0.5
10703,many,ground,150,0.3333333333333333,0.5
10704,many,bao,151,NA,NA
10705,many,bao,151,NA,NA
10706,many,bao,151,NA,NA
10707,many,bao,151,NA,NA
10708,many,bao,151,NA,NA
10709,many,base,152,0.3333333333333333,0.5
10710,many,beat,153,0.3333333333333333,0.5
10711,many,beatboxing,154,NA,NA
10712,many,bedo,155,NA,NA
10713,many,bedo,155,NA,NA
10714,many,bedo,155,NA,NA
10715,many,being,156,0.3333333333333333,0.5
10716,many,playful,156,0.3333333333333333,0.5
10717,many,bell,157,0.2,0.3333333333333333
10718,many,biddup,158,NA,NA
10719,many,biddup,158,NA,NA
10720,many,biddup,158,NA,NA
10721,many,bidop,159,NA,NA
10722,many,bidop,159,NA,NA
10723,many,bidop,159,NA,NA
10724,many,bird,160,0.2,0.3333333333333333
10725,many,bird,161,0.2,0.3333333333333333
10726,many,chirps,161,0.25,0.4
10727,many,blah,162,0.125,0.2222222222222222
10728,many,blah,162,0.125,0.2222222222222222
10729,many,blah,163,0.125,0.2222222222222222
10730,many,blah,163,0.125,0.2222222222222222
10731,many,blah,163,0.125,0.2222222222222222
10732,many,boing,164,NA,NA
10733,many,boing-boing,165,NA,NA
10734,many,bong,166,0.16666666666666666,0.2857142857142857
10735,many,bong,166,0.16666666666666666,0.2857142857142857
10736,many,bong,166,0.16666666666666666,0.2857142857142857
10737,many,bong,167,0.16666666666666666,0.2857142857142857
10738,many,or,167,0.08333333333333333,0.15384615384615385
10739,many,bounce,167,0.25,0.4
10740,many,bored,168,0.3333333333333333,0.5
10741,many,bored,169,0.3333333333333333,0.5
10742,many,person,169,0.14285714285714285,0.25
10743,many,boredom,170,0.08333333333333333,0.15384615384615385
10744,many,boring,171,0.3333333333333333,0.5
10745,many,bothering,172,0.25,0.4
10746,many,bounce,173,0.25,0.4
10747,many,bouncing,174,0.3333333333333333,0.5
10748,many,bouncing,175,0.3333333333333333,0.5
10749,many,ball,175,0.2,0.3333333333333333
10750,many,bouncing,176,0.3333333333333333,0.5
10751,many,ping-pong,176,0.09090909090909091,0.16666666666666666
10752,many,bouncy,177,0.3333333333333333,0.5
10753,many,ball,177,0.2,0.3333333333333333
10754,many,bring,178,0.3333333333333333,0.5
10755,many,it,178,0.09090909090909091,0.16666666666666666
10756,many,here,178,0.3333333333333333,0.5
10757,many,bubble,179,0.25,0.4
10758,many,with,179,NA,NA
10759,many,mouth,179,0.25,0.4
10760,many,budum,180,NA,NA
10761,many,budum,180,NA,NA
10762,many,building,181,0.25,0.4
10763,many,excitement,181,0.1,0.18181818181818182
10764,many,buzzing,182,0.3333333333333333,0.5
10765,many,call,183,0.3333333333333333,0.5
10766,many,calling,184,0.3333333333333333,0.5
10767,many,calling,185,0.3333333333333333,0.5
10768,many,somebody,185,0.14285714285714285,0.25
10769,many,out,185,0.3333333333333333,0.5
10770,many,calm,186,0.3333333333333333,0.5
10771,many,down,186,0.3333333333333333,0.5
10772,many,can,187,0.25,0.4
10773,many,you,187,NA,NA
10774,many,hear,187,0.3333333333333333,0.5
10775,many,car,188,0.09090909090909091,0.16666666666666666
10776,many,horn,188,0.16666666666666666,0.2857142857142857
10777,many,child,189,0.125,0.2222222222222222
10778,many,child,190,0.125,0.2222222222222222
10779,many,noise,190,0.2,0.3333333333333333
10780,many,child,191,0.125,0.2222222222222222
10781,many,singing,191,0.3333333333333333,0.5
10782,many,chinese,192,0.3333333333333333,0.5
10783,many,climbing,193,0.25,0.4
10784,many,come,194,0.3333333333333333,0.5
10785,many,come,195,0.3333333333333333,0.5
10786,many,here,195,0.3333333333333333,0.5
10787,many,come,196,0.3333333333333333,0.5
10788,many,over,196,0.3333333333333333,0.5
10789,many,here,196,0.3333333333333333,0.5
10790,many,comedy,197,0.1111111111111111,0.2
10791,many,music,197,0.14285714285714285,0.25
10792,many,cooing,198,0.25,0.4
10793,many,cricket,199,0.2,0.3333333333333333
10794,many,croon,200,0.125,0.2222222222222222
10795,many,dance,201,0.25,0.4
10796,many,dancing,202,0.25,0.4
10797,many,moves,202,0.3333333333333333,0.5
10798,many,dee-bot,203,NA,NA
10799,many,deep,204,0.3333333333333333,0.5
10800,many,deep,204,0.3333333333333333,0.5
10801,many,deep,204,0.3333333333333333,0.5
10802,many,deeple,205,NA,NA
10803,many,deeple,205,NA,NA
10804,many,deeple,205,NA,NA
10805,many,depot,206,0.1,0.18181818181818182
10806,many,descending,207,0.3333333333333333,0.5
10807,many,jazz,207,0.16666666666666666,0.2857142857142857
10808,many,beat,207,0.3333333333333333,0.5
10809,many,do,208,0.3333333333333333,0.5
10810,many,it,208,0.09090909090909091,0.16666666666666666
10811,many,don't,209,NA,NA
10812,many,know,209,0.3333333333333333,0.5
10813,many,dont,210,NA,NA
10814,many,know,210,0.3333333333333333,0.5
10815,many,dripping,211,0.3333333333333333,0.5
10816,many,drumming,212,0.2,0.3333333333333333
10817,many,drums,213,0.2,0.3333333333333333
10818,many,emphasis,214,0.1111111111111111,0.2
10819,many,entertainment,215,0.1,0.18181818181818182
10820,many,enunciating,216,0.3333333333333333,0.5
10821,many,etc,217,NA,NA
10822,many,etc,217,NA,NA
10823,many,excited,218,0.3333333333333333,0.5
10824,many,excuse,219,0.16666666666666666,0.2857142857142857
10825,many,falling,220,0.3333333333333333,0.5
10826,many,faster,221,0.3333333333333333,0.5
10827,many,female,222,0.3333333333333333,0.5
10828,many,adult,222,0.3333333333333333,0.5
10829,many,female,223,0.3333333333333333,0.5
10830,many,voice,223,0.25,0.4
10831,many,fire,224,0.3333333333333333,0.5
10832,many,truck,224,0.2,0.3333333333333333
10833,many,flying,225,0.3333333333333333,0.5
10834,many,away,225,0.3333333333333333,0.5
10835,many,frivolous,226,0.3333333333333333,0.5
10836,many,gibberish,227,0.125,0.2222222222222222
10837,many,gibo,228,NA,NA
10838,many,give,229,0.3333333333333333,0.5
10839,many,me,229,0.08333333333333333,0.15384615384615385
10840,many,attention,229,0.1111111111111111,0.2
10841,many,go,230,0.3333333333333333,0.5
10842,many,go,230,0.3333333333333333,0.5
10843,many,go,230,0.3333333333333333,0.5
10844,many,gong,231,0.25,0.4
10845,many,goofiness,232,NA,NA
10846,many,"greeting,",233,NA,NA
10847,many,signage,233,0.14285714285714285,0.25
10848,many,group,234,0.2,0.3333333333333333
10849,many,guitar,235,0.08333333333333333,0.15384615384615385
10850,many,guitar,236,0.08333333333333333,0.15384615384615385
10851,many,imitation,236,0.3333333333333333,0.5
10852,many,guitar,237,0.08333333333333333,0.15384615384615385
10853,many,string,237,0.25,0.4
10854,many,happiness,238,0.125,0.2222222222222222
10855,many,happy,239,0.3333333333333333,0.5
10856,many,happy,240,0.3333333333333333,0.5
10857,many,walking,240,0.3333333333333333,0.5
10858,many,hey,241,NA,NA
10859,many,you,241,NA,NA
10860,many,honk,242,0.25,0.4
10861,many,honk,242,0.25,0.4
10862,many,honk,242,0.25,0.4
10863,many,(like,242,NA,NA
10864,many,a,242,0.1,0.18181818181818182
10865,many,trumpet),242,NA,NA
10866,many,honking,243,0.25,0.4
10867,many,honking,244,0.25,0.4
10868,many,or,244,0.08333333333333333,0.15384615384615385
10869,many,hitting,244,0.3333333333333333,0.5
10870,many,horn,245,0.16666666666666666,0.2857142857142857
10871,many,horse,246,0.16666666666666666,0.2857142857142857
10872,many,hum,247,0.25,0.4
10873,many,human,248,0.3333333333333333,0.5
10874,many,mimicking,248,0.16666666666666666,0.2857142857142857
10875,many,alert,248,0.3333333333333333,0.5
10876,many,sounds,248,0.3333333333333333,0.5
10877,many,humming,249,0.25,0.4
10878,many,humming,250,0.25,0.4
10879,many,with,250,NA,NA
10880,many,boredom,250,0.08333333333333333,0.15384615384615385
10881,many,hurry,251,0.25,0.4
10882,many,hurry,252,0.25,0.4
10883,many,hurry,252,0.25,0.4
10884,many,hurry,253,0.25,0.4
10885,many,up,253,0.3333333333333333,0.5
10886,many,"hurry,",254,NA,NA
10887,many,get,254,0.3333333333333333,0.5
10888,many,it,254,0.09090909090909091,0.16666666666666666
10889,many,i,255,0.3333333333333333,0.5
10890,many,don't,255,NA,NA
10891,many,know,255,0.3333333333333333,0.5
10892,many,i,256,0.3333333333333333,0.5
10893,many,dont,256,NA,NA
10894,many,know,256,0.3333333333333333,0.5
10895,many,i,257,0.3333333333333333,0.5
10896,many,see,257,0.3333333333333333,0.5
10897,many,i,258,0.3333333333333333,0.5
10898,many,understand,258,0.3333333333333333,0.5
10899,many,idk,259,NA,NA
10900,many,idly,260,0.3333333333333333,0.5
10901,many,passing,260,0.3333333333333333,0.5
10902,many,time,260,0.2,0.3333333333333333
10903,many,imitating,261,0.2,0.3333333333333333
10904,many,a,261,0.1,0.18181818181818182
10905,many,song,261,0.125,0.2222222222222222
10906,many,impatience,262,0.1,0.18181818181818182
10907,many,indicating,263,0.16666666666666666,0.2857142857142857
10908,many,excitedly,263,0.3333333333333333,0.5
10909,many,instrument,264,0.2,0.3333333333333333
10910,many,instrument,265,0.2,0.3333333333333333
10911,many,playing,265,0.3333333333333333,0.5
10912,many,jogging,266,0.16666666666666666,0.2857142857142857
10913,many,joke,267,0.25,0.4
10914,many,jump,268,0.3333333333333333,0.5
10915,many,jumping,269,0.3333333333333333,0.5
10916,many,knocking,270,0.2,0.3333333333333333
10917,many,learning,271,0.3333333333333333,0.5
10918,many,let's,272,NA,NA
10919,many,get,272,0.3333333333333333,0.5
10920,many,going,272,0.3333333333333333,0.5
10921,many,little,273,0.3333333333333333,0.5
10922,many,ball,273,0.2,0.3333333333333333
10923,many,bouncing,273,0.3333333333333333,0.5
10924,many,look,274,0.3333333333333333,0.5
10925,many,over,274,0.3333333333333333,0.5
10926,many,there,274,0.3333333333333333,0.5
10927,many,"man,",275,NA,NA
10928,many,humming,275,0.25,0.4
10929,many,melody,276,0.125,0.2222222222222222
10930,many,message,277,0.16666666666666666,0.2857142857142857
10931,many,mic,278,NA,NA
10932,many,test,278,0.25,0.4
10933,many,"milling,",279,NA,NA
10934,many,repeating,279,0.25,0.4
10935,many,same,279,0.3333333333333333,0.5
10936,many,word,279,0.125,0.2222222222222222
10937,many,moving,280,0.3333333333333333,0.5
10938,many,along,280,0.3333333333333333,0.5
10939,many,moving,281,0.3333333333333333,0.5
10940,many,on,281,0.3333333333333333,0.5
10941,many,mumble,282,0.14285714285714285,0.25
10942,many,mumbling,283,0.14285714285714285,0.25
10943,many,muppet,284,NA,NA
10944,many,sound,284,0.3333333333333333,0.5
10945,many,music,285,0.14285714285714285,0.25
10946,many,music,286,0.14285714285714285,0.25
10947,many,instrument,286,0.2,0.3333333333333333
10948,many,music,287,0.14285714285714285,0.25
10949,many,play,287,0.3333333333333333,0.5
10950,many,musical,288,0.3333333333333333,0.5
10951,many,note,288,0.3333333333333333,0.5
10952,many,musical,289,0.3333333333333333,0.5
10953,many,sounds,289,0.3333333333333333,0.5
10954,many,object,290,0.25,0.4
10955,many,dropping,290,0.3333333333333333,0.5
10956,many,office,291,0.14285714285714285,0.25
10957,many,ok,292,0.3333333333333333,0.5
10958,many,ok,292,0.3333333333333333,0.5
10959,many,ok,293,0.3333333333333333,0.5
10960,many,understood,293,0.3333333333333333,0.5
10961,many,okay,294,0.3333333333333333,0.5
10962,many,padapadappadap,295,NA,NA
10963,many,padoh,296,NA,NA
10964,many,padoh,296,NA,NA
10965,many,padoh,296,NA,NA
10966,many,pah,297,NA,NA
10967,many,pah,297,NA,NA
10968,many,paro,298,NA,NA
10969,many,paro,298,NA,NA
10970,many,paro,298,NA,NA
10971,many,paroparoparo,299,NA,NA
10972,many,parrot,300,0.2,0.3333333333333333
10973,many,parup,301,NA,NA
10974,many,parup,301,NA,NA
10975,many,parup,301,NA,NA
10976,many,passing,302,0.3333333333333333,0.5
10977,many,time,302,0.2,0.3333333333333333
10978,many,pedon,303,NA,NA
10979,many,pedop,304,NA,NA
10980,many,pedop,304,NA,NA
10981,many,pedop,304,NA,NA
10982,many,pedoppedoppedop,305,NA,NA
10983,many,people,306,0.2,0.3333333333333333
10984,many,peoplepeoplepeople,307,NA,NA
10985,many,pero,308,NA,NA
10986,many,pero,308,NA,NA
10987,many,pero,308,NA,NA
10988,many,"pero,",309,NA,NA
10989,many,"pero,",309,NA,NA
10990,many,pero,309,NA,NA
10991,many,pero...pero....pero,310,NA,NA
10992,many,peru,311,0.08333333333333333,0.15384615384615385
10993,many,peru,311,0.08333333333333333,0.15384615384615385
10994,many,peru,311,0.08333333333333333,0.15384615384615385
10995,many,phone,312,0.14285714285714285,0.25
10996,many,ringing,312,0.25,0.4
10997,many,piano,313,0.3333333333333333,0.5
10998,many,ping,314,0.2,0.3333333333333333
10999,many,pong,314,0.07692307692307693,0.14285714285714285
11000,many,pingpong,315,NA,NA
11001,many,play,316,0.3333333333333333,0.5
11002,many,playful,317,0.3333333333333333,0.5
11003,many,playing,318,0.3333333333333333,0.5
11004,many,playing,319,0.3333333333333333,0.5
11005,many,an,319,0.09090909090909091,0.16666666666666666
11006,many,instrument,319,0.2,0.3333333333333333
11007,many,playing,320,0.3333333333333333,0.5
11008,many,guiater,320,NA,NA
11009,many,playing,321,0.3333333333333333,0.5
11010,many,instrument,321,0.2,0.3333333333333333
11011,many,playing,322,0.3333333333333333,0.5
11012,many,xylophone,322,0.08333333333333333,0.15384615384615385
11013,many,plunking,323,0.2,0.3333333333333333
11014,many,string,323,0.25,0.4
11015,many,pom,324,0.08333333333333333,0.15384615384615385
11016,many,pom,324,0.08333333333333333,0.15384615384615385
11017,many,pom,324,0.08333333333333333,0.15384615384615385
11018,many,pom,324,0.08333333333333333,0.15384615384615385
11019,many,pom,324,0.08333333333333333,0.15384615384615385
11020,many,pon,325,NA,NA
11021,many,pon,325,NA,NA
11022,many,pon,325,NA,NA
11023,many,pong,326,0.07692307692307693,0.14285714285714285
11024,many,pong,327,0.07692307692307693,0.14285714285714285
11025,many,pong,327,0.07692307692307693,0.14285714285714285
11026,many,pong,328,0.07692307692307693,0.14285714285714285
11027,many,pong,328,0.07692307692307693,0.14285714285714285
11028,many,pong,328,0.07692307692307693,0.14285714285714285
11029,many,pong,329,0.07692307692307693,0.14285714285714285
11030,many,pong,329,0.07692307692307693,0.14285714285714285
11031,many,pong,329,0.07692307692307693,0.14285714285714285
11032,many,pong,329,0.07692307692307693,0.14285714285714285
11033,many,pong,329,0.07692307692307693,0.14285714285714285
11034,many,pong,330,0.07692307692307693,0.14285714285714285
11035,many,pong,330,0.07692307692307693,0.14285714285714285
11036,many,pong,330,0.07692307692307693,0.14285714285714285
11037,many,pong,330,0.07692307692307693,0.14285714285714285
11038,many,pongggg,330,NA,NA
11039,many,ponging,331,NA,NA
11040,many,pongpongpong,332,NA,NA
11041,many,pongpongpongpong,333,NA,NA
11042,many,pongpongpongpongpong,334,NA,NA
11043,many,pow,335,0.1,0.18181818181818182
11044,many,pow,335,0.1,0.18181818181818182
11045,many,pow,335,0.1,0.18181818181818182
11046,many,pow,336,0.1,0.18181818181818182
11047,many,pow,336,0.1,0.18181818181818182
11048,many,pow,336,0.1,0.18181818181818182
11049,many,pow,336,0.1,0.18181818181818182
11050,many,pow,336,0.1,0.18181818181818182
11051,many,powmpowmpowm,337,NA,NA
11052,many,pr,338,0.125,0.2222222222222222
11053,many,pr,338,0.125,0.2222222222222222
11054,many,pr,338,0.125,0.2222222222222222
11055,many,practice,339,0.3333333333333333,0.5
11056,many,pro,340,0.3333333333333333,0.5
11057,many,pro,340,0.3333333333333333,0.5
11058,many,pro,340,0.3333333333333333,0.5
11059,many,problem,341,0.1111111111111111,0.2
11060,many,pruprupru,342,NA,NA
11061,many,put,343,0.25,0.4
11062,many,down,343,0.3333333333333333,0.5
11063,many,rain,344,0.25,0.4
11064,many,rain,345,0.25,0.4
11065,many,drop,345,0.3333333333333333,0.5
11066,many,random,346,0.3333333333333333,0.5
11067,many,random,347,0.3333333333333333,0.5
11068,many,tune,347,0.2,0.3333333333333333
11069,many,rebound,348,0.2,0.3333333333333333
11070,many,relax,349,0.25,0.4
11071,many,repeat,350,0.25,0.4
11072,many,repeting,351,NA,NA
11073,many,repetition,352,0.1111111111111111,0.2
11074,many,rhythimic,353,NA,NA
11075,many,badop,353,NA,NA
11076,many,rhythmic,354,0.3333333333333333,0.5
11077,many,sound,354,0.3333333333333333,0.5
11078,many,"right,",355,NA,NA
11079,many,right,355,0.3333333333333333,0.5
11080,many,ringing,356,0.25,0.4
11081,many,robot,357,0.09090909090909091,0.16666666666666666
11082,many,roll,358,0.3333333333333333,0.5
11083,many,out,358,0.3333333333333333,0.5
11084,many,rooftop,359,0.07692307692307693,0.14285714285714285
11085,many,running,360,0.3333333333333333,0.5
11086,many,rushing,361,0.25,0.4
11087,many,someone,361,0.14285714285714285,0.25
11088,many,rythm,362,NA,NA
11089,many,sharp,363,0.3333333333333333,0.5
11090,many,showing,364,0.3333333333333333,0.5
11091,many,something,364,NA,NA
11092,many,sing,365,0.25,0.4
11093,many,singing,366,0.3333333333333333,0.5
11094,many,singing,367,0.3333333333333333,0.5
11095,many,distracted,367,0.3333333333333333,0.5
11096,many,singing,368,0.3333333333333333,0.5
11097,many,woman,368,0.125,0.2222222222222222
11098,many,slowing,369,0.16666666666666666,0.2857142857142857
11099,many,smacking,370,0.25,0.4
11100,many,small,371,0.3333333333333333,0.5
11101,many,rubber,371,0.3333333333333333,0.5
11102,many,ball,371,0.2,0.3333333333333333
11103,many,someone,372,0.14285714285714285,0.25
11104,many,knocking,372,0.2,0.3333333333333333
11105,many,something,373,NA,NA
11106,many,falling,373,0.3333333333333333,0.5
11107,many,song,374,0.125,0.2222222222222222
11108,many,sorry,375,0.3333333333333333,0.5
11109,many,sounds,376,0.3333333333333333,0.5
11110,many,spanish,377,0.3333333333333333,0.5
11111,many,person,377,0.14285714285714285,0.25
11112,many,speaking,378,0.3333333333333333,0.5
11113,many,splashing,379,0.3333333333333333,0.5
11114,many,water,379,0.2,0.3333333333333333
11115,many,sponging,380,0.25,0.4
11116,many,spring,381,0.25,0.4
11117,many,spring,382,0.25,0.4
11118,many,bouncing,382,0.3333333333333333,0.5
11119,many,stairs,383,0.1,0.18181818181818182
11120,many,stepping,384,0.25,0.4
11121,many,"steps,",385,NA,NA
11122,many,marching,385,0.25,0.4
11123,many,stop,386,0.3333333333333333,0.5
11124,many,stop,387,0.3333333333333333,0.5
11125,many,that,387,NA,NA
11126,many,strings,388,0.25,0.4
11127,many,swamp,389,0.2,0.3333333333333333
11128,many,noises,389,0.2,0.3333333333333333
11129,many,talk,390,0.16666666666666666,0.2857142857142857
11130,many,talkative,391,0.3333333333333333,0.5
11131,many,talking,392,0.16666666666666666,0.2857142857142857
11132,many,tea,393,0.1,0.18181818181818182
11133,many,pot,393,0.14285714285714285,0.25
11134,many,teep,394,NA,NA
11135,many,teep,394,NA,NA
11136,many,teep,394,NA,NA
11137,many,teepo,395,NA,NA
11138,many,teepo,395,NA,NA
11139,many,teepo,395,NA,NA
11140,many,teepoh,396,NA,NA
11141,many,teepoh,397,NA,NA
11142,many,teepoh,397,NA,NA
11143,many,teepoh,397,NA,NA
11144,many,telephone,398,0.14285714285714285,0.25
11145,many,tent,399,0.2,0.3333333333333333
11146,many,tepo,400,NA,NA
11147,many,tepo,400,NA,NA
11148,many,tepo,400,NA,NA
11149,many,testing,401,0.25,0.4
11150,many,this,402,NA,NA
11151,many,one,402,0.3333333333333333,0.5
11152,many,tiny,403,0.3333333333333333,0.5
11153,many,robot,403,0.09090909090909091,0.16666666666666666
11154,many,tip,404,0.25,0.4
11155,many,toe,404,0.25,0.4
11156,many,tipo,405,NA,NA
11157,many,tipo,406,NA,NA
11158,many,play,406,0.3333333333333333,0.5
11159,many,tipo,407,NA,NA
11160,many,tipo,407,NA,NA
11161,many,tipo,407,NA,NA
11162,many,tipo...tipo...tipo,408,NA,NA
11163,many,tipotipotipo,409,NA,NA
11164,many,tired,410,0.3333333333333333,0.5
11165,many,tito,411,0.09090909090909091,0.16666666666666666
11166,many,tito,411,0.09090909090909091,0.16666666666666666
11167,many,tito,411,0.09090909090909091,0.16666666666666666
11168,many,totototo,412,NA,NA
11169,many,touching,413,0.3333333333333333,0.5
11170,many,something,413,NA,NA
11171,many,touching,414,0.3333333333333333,0.5
11172,many,touchscreen,414,0.07142857142857142,0.13333333333333333
11173,many,towel,415,0.16666666666666666,0.2857142857142857
11174,many,trumpet,416,0.25,0.4
11175,many,tune,417,0.2,0.3333333333333333
11176,many,bass,417,0.3333333333333333,0.5
11177,many,notes,417,0.3333333333333333,0.5
11178,many,twang,418,0.25,0.4
11179,many,type,419,0.16666666666666666,0.2857142857142857
11180,many,type,420,0.16666666666666666,0.2857142857142857
11181,many,on,420,0.3333333333333333,0.5
11182,many,keyboard,420,0.1,0.18181818181818182
11183,many,typing,421,0.16666666666666666,0.2857142857142857
11184,many,typing,422,0.16666666666666666,0.2857142857142857
11185,many,computer,422,0.1111111111111111,0.2
11186,many,typo,423,0.1,0.18181818181818182
11187,many,typo,424,0.1,0.18181818181818182
11188,many,typo,424,0.1,0.18181818181818182
11189,many,typo,424,0.1,0.18181818181818182
11190,many,unhappy,425,0.3333333333333333,0.5
11191,many,vocal,426,0.3333333333333333,0.5
11192,many,stimming,426,NA,NA
11193,many,voice,427,0.25,0.4
11194,many,vow,428,0.2,0.3333333333333333
11195,many,vow,428,0.2,0.3333333333333333
11196,many,vow,428,0.2,0.3333333333333333
11197,many,wah,429,NA,NA
11198,many,wah,429,NA,NA
11199,many,wah,429,NA,NA
11200,many,wait,430,0.3333333333333333,0.5
11201,many,waiting,431,0.3333333333333333,0.5
11202,many,walk,432,0.25,0.4
11203,many,walking,433,0.3333333333333333,0.5
11204,many,warning,434,0.3333333333333333,0.5
11205,many,watch,435,0.3333333333333333,0.5
11206,many,out,435,0.3333333333333333,0.5
11207,many,water,436,0.2,0.3333333333333333
11208,many,whatever,437,0.3333333333333333,0.5
11209,many,woman,438,0.125,0.2222222222222222
11210,many,sound,438,0.3333333333333333,0.5
11211,many,word,439,0.125,0.2222222222222222
11212,many,noises,439,0.2,0.3333333333333333
11213,many,work,440,0.3333333333333333,0.5
11214,many,yes,441,0.08333333333333333,0.15384615384615385
11215,many,,442,0.1111111111111111,0.2
11216,meat,agh,1,NA,NA
11217,meat,agh,1,NA,NA
11218,meat,anger,2,0.1111111111111111,0.35294117647058826
11219,meat,arom,3,NA,NA
11220,meat,t,3,0.09090909090909091,0.375
11221,meat,aum,4,0.09090909090909091,0.2857142857142857
11222,meat,am,4,0.125,0.46153846153846156
11223,meat,am,4,0.125,0.46153846153846156
11224,meat,awm,5,NA,NA
11225,meat,awm,5,NA,NA
11226,meat,awm,5,NA,NA
11227,meat,bad,6,0.125,0.36363636363636365
11228,meat,taste,6,0.14285714285714285,0.5714285714285714
11229,meat,big,7,0.125,0.2222222222222222
11230,meat,bites,7,0.125,0.46153846153846156
11231,meat,big,8,0.125,0.2222222222222222
11232,meat,chomps,8,0.09090909090909091,0.2857142857142857
11233,meat,chew,9,0.1,0.4
11234,meat,chew,10,0.1,0.4
11235,meat,mimick,10,NA,NA
11236,meat,chewing,11,0.1,0.4
11237,meat,chomp-chomp,12,NA,NA
11238,meat,clearing,13,0.125,0.4
11239,meat,throat,13,0.14285714285714285,0.5714285714285714
11240,meat,continuously,14,0.125,0.2222222222222222
11241,meat,biting,14,0.125,0.2222222222222222
11242,meat,delicious,15,0.14285714285714285,0.625
11243,meat,delicious.,16,NA,NA
11244,meat,devour,17,0.1111111111111111,0.2
11245,meat,devouring,18,0.125,0.2222222222222222
11246,meat,disagreement,19,0.125,0.46153846153846156
11247,meat,disliking,20,0.125,0.2222222222222222
11248,meat,food,20,0.5,0.9090909090909091
11249,meat,eat,21,0.1111111111111111,0.2
11250,meat,eat,22,0.1111111111111111,0.2
11251,meat,eating,23,0.1111111111111111,0.3076923076923077
11252,meat,eating,24,0.1111111111111111,0.3076923076923077
11253,meat,delicious,24,0.14285714285714285,0.625
11254,meat,food,24,0.5,0.9090909090909091
11255,meat,eating,25,0.1111111111111111,0.3076923076923077
11256,meat,disgusting,25,0.125,0.2222222222222222
11257,meat,food,25,0.5,0.9090909090909091
11258,meat,eating,26,0.1111111111111111,0.3076923076923077
11259,meat,fast,26,0.125,0.375
11260,meat,eating,27,0.1111111111111111,0.3076923076923077
11261,meat,something,27,NA,NA
11262,meat,eating,28,0.1111111111111111,0.3076923076923077
11263,meat,sound,28,0.14285714285714285,0.5333333333333333
11264,meat,eating,29,0.1111111111111111,0.3076923076923077
11265,meat,sounds,29,0.14285714285714285,0.5333333333333333
11266,meat,eating,30,0.1111111111111111,0.3076923076923077
11267,meat,vigourously,30,NA,NA
11268,meat,"eating,",31,NA,NA
11269,meat,"man,",31,NA,NA
11270,meat,vicious,31,0.125,0.2222222222222222
11271,meat,eats,32,0.125,0.46153846153846156
11272,meat,enjoying,33,0.125,0.2222222222222222
11273,meat,eating,33,0.1111111111111111,0.3076923076923077
11274,meat,enjoying,34,0.125,0.2222222222222222
11275,meat,food,34,0.5,0.9090909090909091
11276,meat,"enjoying,",35,NA,NA
11277,meat,eating,35,0.1111111111111111,0.3076923076923077
11278,meat,enjoyment,36,0.125,0.5882352941176471
11279,meat,erum,37,NA,NA
11280,meat,na,37,0.125,0.46153846153846156
11281,meat,food,38,0.5,0.9090909090909091
11282,meat,food,39,0.5,0.9090909090909091
11283,meat,,39,0.2,0.7142857142857143
11284,meat,just,39,0.125,0.2222222222222222
11285,meat,alright,39,0.125,0.2222222222222222
11286,meat,gibberish,40,0.1111111111111111,0.3333333333333333
11287,meat,gnome,41,0.16666666666666666,0.6666666666666666
11288,meat,good,42,0.16666666666666666,0.6153846153846154
11289,meat,food,42,0.5,0.9090909090909091
11290,meat,gorge,43,0.125,0.46153846153846156
11291,meat,grunting,44,0.1111111111111111,0.2
11292,meat,gulping,45,0.1,0.2857142857142857
11293,meat,hunger,46,0.1111111111111111,0.2857142857142857
11294,meat,hungry,47,0.125,0.2222222222222222
11295,meat,i,48,0.14285714285714285,0.5
11296,meat,guess,48,0.1111111111111111,0.47058823529411764
11297,meat,so,48,0.125,0.2857142857142857
11298,meat,it,49,0.16666666666666666,0.6666666666666666
11299,meat,is,49,0.125,0.2222222222222222
11300,meat,delicious,49,0.14285714285714285,0.625
11301,meat,it,50,0.16666666666666666,0.6666666666666666
11302,meat,tastes,50,0.14285714285714285,0.5714285714285714
11303,meat,good,50,0.16666666666666666,0.6153846153846154
11304,meat,loud,51,0.125,0.2222222222222222
11305,meat,eating,51,0.1111111111111111,0.3076923076923077
11306,meat,male,52,0.125,0.5333333333333333
11307,meat,grunt,52,0.1111111111111111,0.5
11308,meat,maybe,53,0.125,0.2222222222222222
11309,meat,men’s,54,NA,NA
11310,meat,ammmam,54,NA,NA
11311,meat,men’s,55,NA,NA
11312,meat,strange,55,0.125,0.2222222222222222
11313,meat,sounds,55,0.14285714285714285,0.5333333333333333
11314,meat,mlam,56,NA,NA
11315,meat,chomp,56,0.09090909090909091,0.2857142857142857
11316,meat,motor,57,0.125,0.5
11317,meat,munching,58,0.07142857142857142,0.13333333333333333
11318,meat,noisy,59,0.125,0.2222222222222222
11319,meat,eating,59,0.1111111111111111,0.3076923076923077
11320,meat,/,59,NA,NA
11321,meat,chewing,59,0.1,0.4
11322,meat,not,60,0.125,0.2222222222222222
11323,meat,now,60,0.125,0.3333333333333333
11324,meat,obnoxious,61,0.125,0.2222222222222222
11325,meat,eating,61,0.1111111111111111,0.3076923076923077
11326,meat,ogre,62,0.1111111111111111,0.5
11327,meat,person,63,0.16666666666666666,0.6666666666666666
11328,meat,swallowing,63,0.1111111111111111,0.2
11329,meat,fast,63,0.125,0.375
11330,meat,pleasure,64,0.14285714285714285,0.5714285714285714
11331,meat,"quiet,",65,NA,NA
11332,meat,eating,65,0.1111111111111111,0.3076923076923077
11333,meat,ravenous,66,0.125,0.2222222222222222
11334,meat,sound,67,0.14285714285714285,0.5333333333333333
11335,meat,salivating,68,0.1,0.18181818181818182
11336,meat,satisfied,69,0.125,0.2222222222222222
11337,meat,after,69,0.125,0.2222222222222222
11338,meat,meal,69,0.125,0.46153846153846156
11339,meat,scarfing,70,0.1,0.18181818181818182
11340,meat,food,70,0.5,0.9090909090909091
11341,meat,scoffing,71,0.1,0.3076923076923077
11342,meat,smacking,72,0.1111111111111111,0.35294117647058826
11343,meat,lips,72,0.3333333333333333,0.8571428571428571
11344,meat,snore,73,0.1111111111111111,0.42857142857142855
11345,meat,snoring,74,0.1111111111111111,0.3076923076923077
11346,meat,snort,75,0.1111111111111111,0.3076923076923077
11347,meat,sour,76,0.125,0.5
11348,meat,speeding,77,0.1111111111111111,0.4
11349,meat,up,77,0.125,0.2222222222222222
11350,meat,spilling,78,0.1111111111111111,0.2
11351,meat,out,78,0.125,0.42857142857142855
11352,meat,tasty,79,0.125,0.2222222222222222
11353,meat,taste,80,0.14285714285714285,0.5714285714285714
11354,meat,very,80,0.125,0.2222222222222222
11355,meat,good,80,0.16666666666666666,0.6153846153846154
11356,meat,tasty,81,0.125,0.2222222222222222
11357,meat,thinking,82,0.16666666666666666,0.6153846153846154
11358,meat,to,83,NA,NA
11359,meat,chew,83,0.1,0.4
11360,meat,ueeem,84,NA,NA
11361,meat,nam,84,NA,NA
11362,meat,nam,84,NA,NA
11363,meat,voracious,85,0.125,0.2222222222222222
11364,meat,voracious,86,0.125,0.2222222222222222
11365,meat,eating,86,0.1111111111111111,0.3076923076923077
11366,meat,you,87,NA,NA
11367,meat,eat,87,0.1111111111111111,0.2
11368,meat,aahrm,88,NA,NA
11369,meat,aahrm,88,NA,NA
11370,meat,adult,89,0.125,0.5333333333333333
11371,meat,talking,89,0.1,0.3076923076923077
11372,meat,child,89,0.125,0.5333333333333333
11373,meat,aggressive,90,0.125,0.2222222222222222
11374,meat,eating,90,0.1111111111111111,0.3076923076923077
11375,meat,ahumm,91,NA,NA
11376,meat,hummhumm,91,NA,NA
11377,meat,ammm,92,NA,NA
11378,meat,ammm,92,NA,NA
11379,meat,ammm,92,NA,NA
11380,meat,angry,93,0.125,0.2222222222222222
11381,meat,chewing,93,0.1,0.4
11382,meat,angry,94,0.125,0.2222222222222222
11383,meat,eat,94,0.1111111111111111,0.2
11384,meat,angry,95,0.125,0.2222222222222222
11385,meat,eating,95,0.1111111111111111,0.3076923076923077
11386,meat,animal,96,0.14285714285714285,0.5714285714285714
11387,meat,animal,97,0.14285714285714285,0.5714285714285714
11388,meat,eating,97,0.1111111111111111,0.3076923076923077
11389,meat,anticipation,98,0.2,0.7142857142857143
11390,meat,arghm,99,NA,NA
11391,meat,arghm,99,NA,NA
11392,meat,orghm,99,NA,NA
11393,meat,arrchh,100,NA,NA
11394,meat,smack,100,0.125,0.5
11395,meat,arrogance,101,0.07692307692307693,0.3333333333333333
11396,meat,arrrrm,102,NA,NA
11397,meat,armmm,102,NA,NA
11398,meat,"aum!,,,",103,NA,NA
11399,meat,am...,103,NA,NA
11400,meat,am!,103,NA,NA
11401,meat,aumk,104,NA,NA
11402,meat,aumk,104,NA,NA
11403,meat,amt,104,NA,NA
11404,meat,aumomomom,105,NA,NA
11405,meat,avid,106,0.125,0.2222222222222222
11406,meat,bad,107,0.125,0.36363636363636365
11407,meat,taste,107,0.14285714285714285,0.5714285714285714
11408,meat,big,108,0.125,0.2222222222222222
11409,meat,animal,108,0.14285714285714285,0.5714285714285714
11410,meat,eating,108,0.1111111111111111,0.3076923076923077
11411,meat,big,109,0.125,0.2222222222222222
11412,meat,bite,109,0.125,0.46153846153846156
11413,meat,big,110,0.125,0.2222222222222222
11414,meat,bites,110,0.125,0.46153846153846156
11415,meat,big,111,0.125,0.2222222222222222
11416,meat,eating,111,0.1111111111111111,0.3076923076923077
11417,meat,bite,112,0.125,0.46153846153846156
11418,meat,biting,113,0.125,0.2222222222222222
11419,meat,biting,114,0.125,0.2222222222222222
11420,meat,loud,114,0.125,0.2222222222222222
11421,meat,brumm,115,NA,NA
11422,meat,nom,115,NA,NA
11423,meat,nom,115,NA,NA
11424,meat,nah,115,NA,NA
11425,meat,car,116,0.1111111111111111,0.5
11426,meat,carrot,117,0.2,0.75
11427,meat,cartoon,118,0.1111111111111111,0.47058823529411764
11428,meat,eating,118,0.1111111111111111,0.3076923076923077
11429,meat,cha,119,NA,NA
11430,meat,cha,119,NA,NA
11431,meat,chew,120,0.1,0.4
11432,meat,chewing,121,0.1,0.4
11433,meat,chewing,122,0.1,0.4
11434,meat,aggressively,122,0.125,0.2222222222222222
11435,meat,chewing,123,0.1,0.4
11436,meat,food,123,0.5,0.9090909090909091
11437,meat,chewing,124,0.1,0.4
11438,meat,sound,124,0.14285714285714285,0.5333333333333333
11439,meat,chewing...,125,NA,NA
11440,meat,mouth,125,0.14285714285714285,0.5714285714285714
11441,meat,noise,125,0.125,0.5
11442,meat,chomp,126,0.09090909090909091,0.2857142857142857
11443,meat,chomp,127,0.09090909090909091,0.2857142857142857
11444,meat,chomp,127,0.09090909090909091,0.2857142857142857
11445,meat,(like,127,NA,NA
11446,meat,eating),127,NA,NA
11447,meat,chomping,128,0.09090909090909091,0.375
11448,meat,chowing,129,NA,NA
11449,meat,clacking,130,0.1111111111111111,0.2
11450,meat,come,131,0.125,0.46153846153846156
11451,meat,eat,131,0.1111111111111111,0.2
11452,meat,cow,132,0.09090909090909091,0.4444444444444444
11453,meat,cromp,133,NA,NA
11454,meat,cromp,133,NA,NA
11455,meat,danger,134,0.14285714285714285,0.42857142857142855
11456,meat,delicious,135,0.14285714285714285,0.625
11457,meat,delicious,136,0.14285714285714285,0.625
11458,meat,food,136,0.5,0.9090909090909091
11459,meat,devour,137,0.1111111111111111,0.2
11460,meat,devouring,138,0.125,0.2222222222222222
11461,meat,disgruntled,139,0.125,0.2222222222222222
11462,meat,disgust,140,0.1,0.3076923076923077
11463,meat,disgusting,141,0.125,0.2222222222222222
11464,meat,disgusting,142,0.125,0.2222222222222222
11465,meat,eating,142,0.1111111111111111,0.3076923076923077
11466,meat,sound,142,0.14285714285714285,0.5333333333333333
11467,meat,dislike,143,0.16666666666666666,0.6153846153846154
11468,meat,displeased,144,0.125,0.2222222222222222
11469,meat,distaste,145,0.1,0.3076923076923077
11470,meat,dog,146,0.3333333333333333,0.8571428571428571
11471,meat,dog,147,0.3333333333333333,0.8571428571428571
11472,meat,eating,147,0.1111111111111111,0.3076923076923077
11473,meat,don't,148,NA,NA
11474,meat,know,148,0.14285714285714285,0.5714285714285714
11475,meat,dreaming,149,0.14285714285714285,0.5714285714285714
11476,meat,dry,150,0.125,0.47058823529411764
11477,meat,mouth,150,0.14285714285714285,0.5714285714285714
11478,meat,eat,151,0.1111111111111111,0.2
11479,meat,eating,152,0.1111111111111111,0.3076923076923077
11480,meat,eating,153,0.1111111111111111,0.3076923076923077
11481,meat,",chewing",153,NA,NA
11482,meat,eating,154,0.1111111111111111,0.3076923076923077
11483,meat,a,154,0.1,0.4
11484,meat,big,154,0.125,0.2222222222222222
11485,meat,man,154,0.14285714285714285,0.5333333333333333
11486,meat,eating,155,0.1111111111111111,0.3076923076923077
11487,meat,annoyed,155,0.125,0.2222222222222222
11488,meat,eating,156,0.1111111111111111,0.3076923076923077
11489,meat,apple,156,0.2,0.7142857142857143
11490,meat,eating,157,0.1111111111111111,0.3076923076923077
11491,meat,chips,157,0.14285714285714285,0.625
11492,meat,eating,158,0.1111111111111111,0.3076923076923077
11493,meat,disgusting,158,0.125,0.2222222222222222
11494,meat,food,158,0.5,0.9090909090909091
11495,meat,eating,159,0.1111111111111111,0.3076923076923077
11496,meat,fast,159,0.125,0.375
11497,meat,eating,160,0.1111111111111111,0.3076923076923077
11498,meat,food,160,0.5,0.9090909090909091
11499,meat,eating,161,0.1111111111111111,0.3076923076923077
11500,meat,good,161,0.16666666666666666,0.6153846153846154
11501,meat,eating,162,0.1111111111111111,0.3076923076923077
11502,meat,heartily,162,0.125,0.2222222222222222
11503,meat,eating,163,0.1111111111111111,0.3076923076923077
11504,meat,loudly,163,0.125,0.2222222222222222
11505,meat,eating,164,0.1111111111111111,0.3076923076923077
11506,meat,meat,164,1.0,1.0
11507,meat,eating,165,0.1111111111111111,0.3076923076923077
11508,meat,sauce,165,0.1111111111111111,0.375
11509,meat,eating,166,0.1111111111111111,0.3076923076923077
11510,meat,something,166,NA,NA
11511,meat,eating,167,0.1111111111111111,0.3076923076923077
11512,meat,something,167,NA,NA
11513,meat,delicious,167,0.14285714285714285,0.625
11514,meat,eating,168,0.1111111111111111,0.3076923076923077
11515,meat,sound,168,0.14285714285714285,0.5333333333333333
11516,meat,eating,169,0.1111111111111111,0.3076923076923077
11517,meat,upset,169,0.125,0.5
11518,meat,eating,170,0.1111111111111111,0.3076923076923077
11519,meat,while,170,0.1,0.3076923076923077
11520,meat,hungry,170,0.125,0.2222222222222222
11521,meat,eating,171,0.1111111111111111,0.3076923076923077
11522,meat,with,171,NA,NA
11523,meat,enthusiasm,171,0.1111111111111111,0.3333333333333333
11524,meat,eating,172,0.1111111111111111,0.3076923076923077
11525,meat,with,172,NA,NA
11526,meat,relish,172,0.125,0.5
11527,meat,"eating,",173,NA,NA
11528,meat,full,173,0.125,0.3076923076923077
11529,meat,"eating,",174,NA,NA
11530,meat,hungry,174,0.125,0.2222222222222222
11531,meat,"eating,",175,NA,NA
11532,meat,not,175,0.125,0.2222222222222222
11533,meat,liking,175,0.125,0.3333333333333333
11534,meat,eating?,176,NA,NA
11535,meat,emm,177,NA,NA
11536,meat,uhn,177,NA,NA
11537,meat,jank,177,NA,NA
11538,meat,enjoy,178,0.125,0.2222222222222222
11539,meat,chewing,178,0.1,0.4
11540,meat,enjoying,179,0.125,0.2222222222222222
11541,meat,food,179,0.5,0.9090909090909091
11542,meat,enjoying,180,0.125,0.2222222222222222
11543,meat,something,180,NA,NA
11544,meat,euueemmm,181,NA,NA
11545,meat,mna,181,NA,NA
11546,meat,mnam,181,NA,NA
11547,meat,nanm,181,NA,NA
11548,meat,exaggerate,182,0.1111111111111111,0.2
11549,meat,fake,183,0.125,0.47058823529411764
11550,meat,eating,183,0.1111111111111111,0.3076923076923077
11551,meat,famished,184,0.125,0.2222222222222222
11552,meat,fat,185,0.125,0.375
11553,meat,man,185,0.14285714285714285,0.5333333333333333
11554,meat,eating,185,0.1111111111111111,0.3076923076923077
11555,meat,feasting,186,0.1,0.2857142857142857
11556,meat,food,187,0.5,0.9090909090909091
11557,meat,ggggp,188,NA,NA
11558,meat,ggggp,188,NA,NA
11559,meat,gnhu,189,NA,NA
11560,meat,gnhu,189,NA,NA
11561,meat,go,190,0.125,0.42857142857142855
11562,meat,away,190,0.125,0.2222222222222222
11563,meat,gobble,191,0.1111111111111111,0.42857142857142855
11564,meat,gobble,192,0.1111111111111111,0.42857142857142855
11565,meat,up,192,0.125,0.2222222222222222
11566,meat,gobbling,193,0.1111111111111111,0.2
11567,meat,food,193,0.5,0.9090909090909091
11568,meat,good,194,0.16666666666666666,0.6153846153846154
11569,meat,good,195,0.16666666666666666,0.6153846153846154
11570,meat,food,195,0.5,0.9090909090909091
11571,meat,greedy,196,0.125,0.2222222222222222
11572,meat,groan,197,0.1111111111111111,0.3333333333333333
11573,meat,grunt,198,0.1111111111111111,0.5
11574,meat,grunting,199,0.1111111111111111,0.2
11575,meat,gulp,200,0.1,0.2857142857142857
11576,meat,gulp,201,0.1,0.2857142857142857
11577,meat,gulp,201,0.1,0.2857142857142857
11578,meat,gulping,202,0.1,0.2857142857142857
11579,meat,haap,203,NA,NA
11580,meat,haaap,203,NA,NA
11581,meat,ham,204,0.25,0.8
11582,meat,ham,204,0.25,0.8
11583,meat,hamm,205,NA,NA
11584,meat,nam,205,NA,NA
11585,meat,nath,205,NA,NA
11586,meat,happy,206,0.125,0.2222222222222222
11587,meat,eater,206,0.25,0.7692307692307693
11588,meat,hard,207,0.125,0.2222222222222222
11589,meat,hrom,208,NA,NA
11590,meat,hrom,208,NA,NA
11591,meat,huge,209,0.125,0.2222222222222222
11592,meat,bites,209,0.125,0.46153846153846156
11593,meat,hum,210,0.1111111111111111,0.42857142857142855
11594,meat,ha,210,0.1,0.4
11595,meat,hum,210,0.1111111111111111,0.42857142857142855
11596,meat,humnummxm,211,NA,NA
11597,meat,humxhumxhumx,212,NA,NA
11598,meat,hunger,213,0.1111111111111111,0.2857142857142857
11599,meat,hungry,214,0.125,0.2222222222222222
11600,meat,hungry,215,0.125,0.2222222222222222
11601,meat,eating,215,0.1111111111111111,0.3076923076923077
11602,meat,hungry,216,0.125,0.2222222222222222
11603,meat,engine,216,0.14285714285714285,0.5
11604,meat,"hungry,",217,NA,NA
11605,meat,food,217,0.5,0.9090909090909091
11606,meat,indifferent,218,0.125,0.2222222222222222
11607,meat,intensely,219,0.125,0.2222222222222222
11608,meat,satisfied,219,0.125,0.2222222222222222
11609,meat,with,219,NA,NA
11610,meat,ones,219,0.14285714285714285,0.625
11611,meat,nourishment,219,0.14285714285714285,0.5
11612,meat,keep,220,0.125,0.5
11613,meat,going,220,0.14285714285714285,0.5
11614,meat,kgo,221,NA,NA
11615,meat,kgo,221,NA,NA
11616,meat,khow,222,NA,NA
11617,meat,khow,222,NA,NA
11618,meat,lament,223,0.1111111111111111,0.2857142857142857
11619,meat,large,224,0.125,0.3333333333333333
11620,meat,licking,225,0.125,0.46153846153846156
11621,meat,licking,226,0.125,0.46153846153846156
11622,meat,ice,226,0.2,0.6666666666666666
11623,meat,cream,226,0.125,0.5333333333333333
11624,meat,licking,227,0.125,0.46153846153846156
11625,meat,lips,227,0.3333333333333333,0.8571428571428571
11626,meat,lip,228,0.3333333333333333,0.8571428571428571
11627,meat,smacking,228,0.1111111111111111,0.35294117647058826
11628,meat,loud,229,0.125,0.2222222222222222
11629,meat,chomp,229,0.09090909090909091,0.2857142857142857
11630,meat,chomp,229,0.09090909090909091,0.2857142857142857
11631,meat,eating,229,0.1111111111111111,0.3076923076923077
11632,meat,noise,229,0.125,0.5
11633,meat,loud,230,0.125,0.2222222222222222
11634,meat,eating,230,0.1111111111111111,0.3076923076923077
11635,meat,man,231,0.14285714285714285,0.5333333333333333
11636,meat,eating,231,0.1111111111111111,0.3076923076923077
11637,meat,man,232,0.14285714285714285,0.5333333333333333
11638,meat,eating,232,0.1111111111111111,0.3076923076923077
11639,meat,delicious,232,0.14285714285714285,0.625
11640,meat,meal,232,0.125,0.46153846153846156
11641,meat,"man,",233,NA,NA
11642,meat,donkey,233,0.1111111111111111,0.5
11643,meat,sound,233,0.14285714285714285,0.5333333333333333
11644,meat,meal,234,0.125,0.46153846153846156
11645,meat,mnham,235,NA,NA
11646,meat,motor,236,0.125,0.5
11647,meat,motorbike,237,0.09090909090909091,0.42105263157894735
11648,meat,munch,238,0.09090909090909091,0.4444444444444444
11649,meat,munching,239,0.07142857142857142,0.13333333333333333
11650,meat,munching,240,0.07142857142857142,0.13333333333333333
11651,meat,and,240,NA,NA
11652,meat,savoring,240,0.125,0.2857142857142857
11653,meat,nam,241,NA,NA
11654,meat,nam,241,NA,NA
11655,meat,nam,241,NA,NA
11656,meat,noisy,242,0.125,0.2222222222222222
11657,meat,eating,242,0.1111111111111111,0.3076923076923077
11658,meat,not,243,0.125,0.2222222222222222
11659,meat,enjoying,243,0.125,0.2222222222222222
11660,meat,a,243,0.1,0.4
11661,meat,food,243,0.5,0.9090909090909091
11662,meat,num,244,NA,NA
11663,meat,num,244,NA,NA
11664,meat,(eating,244,NA,NA
11665,meat,noise),244,NA,NA
11666,meat,omomom,245,NA,NA
11667,meat,overeating,246,0.1,0.35294117647058826
11668,meat,pig,247,0.125,0.5333333333333333
11669,meat,pig,248,0.125,0.5333333333333333
11670,meat,eating,248,0.1111111111111111,0.3076923076923077
11671,meat,pig,249,0.125,0.5333333333333333
11672,meat,sound,249,0.14285714285714285,0.5333333333333333
11673,meat,posh,250,0.125,0.2222222222222222
11674,meat,eating,250,0.1111111111111111,0.3076923076923077
11675,meat,preparing,251,0.1111111111111111,0.2
11676,meat,to,251,NA,NA
11677,meat,eat,251,0.1111111111111111,0.2
11678,meat,pretend,252,0.125,0.35294117647058826
11679,meat,to,252,NA,NA
11680,meat,bite,252,0.125,0.46153846153846156
11681,meat,pretending,253,0.125,0.375
11682,meat,to,253,NA,NA
11683,meat,eat,253,0.1111111111111111,0.2
11684,meat,quickly,254,0.125,0.2222222222222222
11685,meat,rau,255,NA,NA
11686,meat,rau,255,NA,NA
11687,meat,raum,256,NA,NA
11688,meat,raum,256,NA,NA
11689,meat,raun,257,NA,NA
11690,meat,raun,257,NA,NA
11691,meat,raun,257,NA,NA
11692,meat,really,258,0.125,0.2222222222222222
11693,meat,enjoying,258,0.125,0.2222222222222222
11694,meat,food,258,0.5,0.9090909090909091
11695,meat,repellent,259,0.125,0.42857142857142855
11696,meat,retiree,260,0.1111111111111111,0.5
11697,meat,revelling,261,0.125,0.2222222222222222
11698,meat,in,261,0.125,0.46153846153846156
11699,meat,eating,261,0.1111111111111111,0.3076923076923077
11700,meat,roam-hum-a,262,NA,NA
11701,meat,rodent,263,0.08333333333333333,0.42105263157894735
11702,meat,roubroub,264,NA,NA
11703,meat,rrhhehmmmmamamam,265,NA,NA
11704,meat,ruam,266,NA,NA
11705,meat,ruam,266,NA,NA
11706,meat,satisfaction,267,0.1111111111111111,0.42857142857142855
11707,meat,scrumptious,268,0.125,0.2222222222222222
11708,meat,meal,268,0.125,0.46153846153846156
11709,meat,scrunch,269,0.1111111111111111,0.42857142857142855
11710,meat,sleep,270,0.1111111111111111,0.3333333333333333
11711,meat,sleep,271,0.1111111111111111,0.3333333333333333
11712,meat,talking,271,0.1,0.3076923076923077
11713,meat,sleeping,272,0.125,0.42857142857142855
11714,meat,slurping,273,0.1,0.18181818181818182
11715,meat,snore,274,0.1111111111111111,0.42857142857142855
11716,meat,snoring,275,0.1111111111111111,0.3076923076923077
11717,meat,snort,276,0.1111111111111111,0.3076923076923077
11718,meat,sound,277,0.14285714285714285,0.5333333333333333
11719,meat,of,277,NA,NA
11720,meat,disgust,277,0.1,0.3076923076923077
11721,meat,ssnore,278,NA,NA
11722,meat,swallowing,279,0.1111111111111111,0.2
11723,meat,something,279,NA,NA
11724,meat,big,279,0.125,0.2222222222222222
11725,meat,tastes,280,0.14285714285714285,0.5714285714285714
11726,meat,bad,280,0.125,0.36363636363636365
11727,meat,tasting,281,0.14285714285714285,0.5714285714285714
11728,meat,"tasting,",282,NA,NA
11729,meat,munching,282,0.07142857142857142,0.13333333333333333
11730,meat,tasty,283,0.125,0.2222222222222222
11731,meat,tiger,284,0.125,0.5333333333333333
11732,meat,to,285,NA,NA
11733,meat,chew,285,0.1,0.4
11734,meat,to,286,NA,NA
11735,meat,eat,286,0.1111111111111111,0.2
11736,meat,to,287,NA,NA
11737,meat,heat,287,0.125,0.5333333333333333
11738,meat,something,287,NA,NA
11739,meat,to,288,NA,NA
11740,meat,savor,288,0.125,0.5
11741,meat,tribal,289,0.125,0.2222222222222222
11742,meat,ueermm,290,NA,NA
11743,meat,nam,290,NA,NA
11744,meat,nam,290,NA,NA
11745,meat,eh,290,NA,NA
11746,meat,click,290,0.125,0.47058823529411764
11747,meat,uhmm,291,NA,NA
11748,meat,namnam,291,NA,NA
11749,meat,eggh,291,NA,NA
11750,meat,uhmnham,292,NA,NA
11751,meat,uhmuhm,293,NA,NA
11752,meat,very,294,0.125,0.2222222222222222
11753,meat,good,294,0.16666666666666666,0.6153846153846154
11754,meat,food,294,0.5,0.9090909090909091
11755,meat,very,295,0.125,0.2222222222222222
11756,meat,hungry,295,0.125,0.2222222222222222
11757,meat,villain,296,0.1111111111111111,0.5263157894736842
11758,meat,eating,296,0.1111111111111111,0.3076923076923077
11759,meat,walking,297,0.125,0.375
11760,meat,in,297,0.125,0.46153846153846156
11761,meat,snow,297,0.1111111111111111,0.47058823529411764
11762,meat,went,298,0.125,0.2222222222222222
11763,meat,that,298,NA,NA
11764,meat,way,298,0.16666666666666666,0.6666666666666666
11765,meat,wild,299,0.125,0.42857142857142855
11766,meat,animal,299,0.14285714285714285,0.5714285714285714
11767,meat,eating,299,0.1111111111111111,0.3076923076923077
11768,meat,sound,299,0.14285714285714285,0.5333333333333333
11769,meat,wild,300,0.125,0.42857142857142855
11770,meat,eating,300,0.1111111111111111,0.3076923076923077
11771,meat,sound,300,0.14285714285714285,0.5333333333333333
11772,meat,wolf,301,0.1,0.4444444444444444
11773,meat,food,301,0.5,0.9090909090909091
11774,meat,yammy,302,NA,NA
11775,meat,yawn,303,0.1111111111111111,0.2857142857142857
11776,meat,yawning,304,0.125,0.2857142857142857
11777,meat,yum,305,NA,NA
11778,meat,yummy,306,0.125,0.2222222222222222
11779,meat,,307,0.2,0.7142857142857143
11780,one,a,1,0.1111111111111111,0.5
11781,one,drop,1,0.3333333333333333,0.5
11782,one,agree,2,0.3333333333333333,0.5
11783,one,agreement,3,0.125,0.42105263157894735
11784,one,amazement,4,0.125,0.2857142857142857
11785,one,annoyed,5,0.3333333333333333,0.5
11786,one,asking,6,0.3333333333333333,0.5
11787,one,question,6,0.2,0.3333333333333333
11788,one,boop,7,NA,NA
11789,one,sound,7,0.3333333333333333,0.5
11790,one,breaking,8,0.3333333333333333,0.5
11791,one,something,8,NA,NA
11792,one,broken,9,0.3333333333333333,0.5
11793,one,bubble,10,0.25,0.631578947368421
11794,one,click,11,0.3333333333333333,0.5
11795,one,clank,12,0.2,0.3333333333333333
11796,one,click,13,0.3333333333333333,0.5
11797,one,clicking,14,0.3333333333333333,0.5
11798,one,something,14,NA,NA
11799,one,closed,15,0.3333333333333333,0.5
11800,one,mouth,15,0.25,0.4
11801,one,come,16,0.3333333333333333,0.5
11802,one,convinced,17,0.3333333333333333,0.5
11803,one,dup,18,NA,NA
11804,one,deep,19,0.3333333333333333,0.5
11805,one,dip,20,0.2,0.3333333333333333
11806,one,disaproval,21,NA,NA
11807,one,disgust,22,0.2,0.3333333333333333
11808,one,dismissive,23,0.3333333333333333,0.5
11809,one,do,24,0.3333333333333333,0.5
11810,one,don't,25,NA,NA
11811,one,care,25,0.25,0.4
11812,one,doo,26,NA,NA
11813,one,doop,27,NA,NA
11814,one,doubt,28,0.14285714285714285,0.2857142857142857
11815,one,doup,29,NA,NA
11816,one,drop,30,0.3333333333333333,0.5
11817,one,dropping,31,0.3333333333333333,0.5
11818,one,sometihng,31,NA,NA
11819,one,drum,32,0.2,0.35294117647058826
11820,one,stick,32,0.25,0.4
11821,one,dum,33,NA,NA
11822,one,dup,34,NA,NA
11823,one,dupe,35,0.125,0.2222222222222222
11824,one,exactly,36,0.3333333333333333,0.5
11825,one,fall,37,0.3333333333333333,0.5
11826,one,feeling,38,0.3333333333333333,0.7058823529411765
11827,one,sudden,38,0.3333333333333333,0.5
11828,one,pain,38,0.16666666666666666,0.4444444444444444
11829,one,feminine,39,0.3333333333333333,0.5
11830,one,,39,0.1111111111111111,0.2
11831,one,mm,39,0.1111111111111111,0.5
11832,one,finger,40,0.3333333333333333,0.5333333333333333
11833,one,snap,40,0.25,0.4
11834,one,fingers,41,0.3333333333333333,0.5333333333333333
11835,one,click,41,0.3333333333333333,0.5
11836,one,frustration,42,0.1111111111111111,0.35294117647058826
11837,one,grunt,43,0.25,0.4
11838,one,here,44,0.3333333333333333,0.5
11839,one,",",44,NA,NA
11840,one,this,44,NA,NA
11841,one,spot,44,0.3333333333333333,0.5
11842,one,hesitation,45,0.1,0.3333333333333333
11843,one,hiccup,46,0.25,0.4444444444444444
11844,one,hit,47,0.3333333333333333,0.5
11845,one,hm!,48,NA,NA
11846,one,hmm,49,NA,NA
11847,one,hmm,50,NA,NA
11848,one,sound,50,0.3333333333333333,0.5
11849,one,holding,51,0.3333333333333333,0.5
11850,one,back,51,0.3333333333333333,0.5
11851,one,holding,52,0.3333333333333333,0.5
11852,one,back,52,0.3333333333333333,0.5
11853,one,laugh,52,0.25,0.4
11854,one,hum,53,0.25,0.4
11855,one,humph,54,NA,NA
11856,one,i,55,1.0,1.0
11857,one,do,55,0.3333333333333333,0.5
11858,one,i,56,1.0,1.0
11859,one,will,56,0.25,0.5555555555555556
11860,one,not,56,0.3333333333333333,0.5
11861,one,indecisive,57,0.3333333333333333,0.5
11862,one,indiference,58,NA,NA
11863,one,irritated,59,0.3333333333333333,0.5
11864,one,just,60,0.3333333333333333,0.5
11865,one,a,60,0.1111111111111111,0.5
11866,one,sound,60,0.3333333333333333,0.5
11867,one,just,61,0.3333333333333333,0.5
11868,one,assenting,61,0.14285714285714285,0.3333333333333333
11869,one,comment,61,0.16666666666666666,0.3157894736842105
11870,one,keys,62,0.3333333333333333,0.5
11871,one,knock,63,0.2,0.38095238095238093
11872,one,laugh,64,0.25,0.4
11873,one,like,65,0.3333333333333333,0.7
11874,one,playing,65,0.3333333333333333,0.5
11875,one,drums,65,0.2,0.35294117647058826
11876,one,mmh,66,NA,NA
11877,one,mhm,67,NA,NA
11878,one,mmh,68,NA,NA
11879,one,mouse,69,0.2,0.3333333333333333
11880,one,click,69,0.3333333333333333,0.5
11881,one,mouth,70,0.25,0.4
11882,one,negative,71,0.3333333333333333,0.5
11883,one,no,72,0.3333333333333333,0.5
11884,one,no,73,0.3333333333333333,0.5
11885,one,or,73,0.08333333333333333,0.15384615384615385
11886,one,don't,73,NA,NA
11887,one,touch,73,0.3333333333333333,0.5
11888,one,no!,74,NA,NA
11889,one,not,75,0.3333333333333333,0.5
11890,one,sure,75,0.3333333333333333,0.5
11891,one,object,76,0.25,0.625
11892,one,falling,76,0.3333333333333333,0.5
11893,one,okay,77,0.3333333333333333,0.5
11894,one,padoop,78,NA,NA
11895,one,pardon,79,0.16666666666666666,0.3333333333333333
11896,one,piano,80,0.3333333333333333,0.5
11897,one,ping,81,0.2,0.35294117647058826
11898,one,playful,82,0.3333333333333333,0.5
11899,one,read,83,0.3333333333333333,0.5
11900,one,realization,84,0.1111111111111111,0.42105263157894735
11901,one,registered,85,0.3333333333333333,0.5
11902,one,rejecting,86,0.3333333333333333,0.5
11903,one,idea,86,0.2,0.75
11904,one,rejectment,87,NA,NA
11905,one,reload,88,0.16666666666666666,0.2857142857142857
11906,one,weapon,88,0.1,0.3333333333333333
11907,one,shock,89,0.25,0.4
11908,one,slap,90,0.3333333333333333,0.5
11909,one,short,91,0.3333333333333333,0.5
11910,one,short,92,0.3333333333333333,0.5
11911,one,no,92,0.3333333333333333,0.5
11912,one,short,93,0.3333333333333333,0.5
11913,one,sound,93,0.3333333333333333,0.5
11914,one,sigh,94,0.25,0.4
11915,one,silly,95,0.3333333333333333,0.5
11916,one,sing,96,0.25,0.4
11917,one,small,97,0.3333333333333333,0.5
11918,one,item,97,0.3333333333333333,0.5
11919,one,falling,97,0.3333333333333333,0.5
11920,one,snap,98,0.25,0.4
11921,one,snapping,99,0.25,0.4
11922,one,snapping,100,0.25,0.4
11923,one,something,100,NA,NA
11924,one,some,101,0.3333333333333333,0.5
11925,one,crack,101,0.3333333333333333,0.5
11926,one,sound,102,0.3333333333333333,0.5
11927,one,startle,103,0.25,0.4
11928,one,steady,104,0.3333333333333333,0.5
11929,one,stop,105,0.3333333333333333,0.5
11930,one,strange,106,0.3333333333333333,0.5
11931,one,sound,106,0.3333333333333333,0.5
11932,one,suprise,107,NA,NA
11933,one,sure,108,0.3333333333333333,0.5
11934,one,surprise,109,0.25,0.4
11935,one,switch,110,0.3333333333333333,0.5714285714285714
11936,one,syllable,111,0.125,0.2857142857142857
11937,one,tck,112,NA,NA
11938,one,"thinking,",113,NA,NA
11939,one,thump,114,0.25,0.4
11940,one,tick,115,0.2,0.35294117647058826
11941,one,tup,116,0.05263157894736842,0.1
11942,one,turing,117,0.1,0.18181818181818182
11943,one,on,117,0.3333333333333333,0.5
11944,one,lights,117,0.25,0.5
11945,one,two,118,0.3333333333333333,0.875
11946,one,uhm,119,NA,NA
11947,one,um-,120,NA,NA
11948,one,umm,121,NA,NA
11949,one,understand,122,0.3333333333333333,0.5
11950,one,voice,123,0.25,0.4
11951,one,exercise,123,0.3333333333333333,0.5
11952,one,wait,124,0.3333333333333333,0.5
11953,one,what,125,NA,NA
11954,one,what?,126,NA,NA
11955,one,women’,127,NA,NA
11956,one,pluuu,127,NA,NA
11957,one,yes?,128,NA,NA
11958,one,you,129,NA,NA
11959,one,a,130,0.1111111111111111,0.5
11960,one,sound,130,0.3333333333333333,0.5
11961,one,about,131,0.3333333333333333,0.5
11962,one,to,131,NA,NA
11963,one,laugh,131,0.25,0.4
11964,one,acknowleding,132,NA,NA
11965,one,instruction,132,0.14285714285714285,0.35294117647058826
11966,one,adult,133,0.3333333333333333,0.5
11967,one,talking,133,0.16666666666666666,0.2857142857142857
11968,one,child,133,0.125,0.2222222222222222
11969,one,affirmative,134,0.3333333333333333,0.5
11970,one,affirmative,135,0.3333333333333333,0.5
11971,one,response,135,0.125,0.35294117647058826
11972,one,afflicted,136,0.3333333333333333,0.5
11973,one,agreeing,137,0.3333333333333333,0.5
11974,one,agreeing,138,0.3333333333333333,0.5
11975,one,sound,138,0.3333333333333333,0.5
11976,one,agreement,139,0.125,0.42105263157894735
11977,one,ah!,140,NA,NA
11978,one,annoyed,141,0.3333333333333333,0.5
11979,one,ask,142,0.3333333333333333,0.5
11980,one,asking,143,0.3333333333333333,0.5
11981,one,asking,144,0.3333333333333333,0.5
11982,one,to,144,NA,NA
11983,one,repeat,144,0.25,0.4
11984,one,assens,145,NA,NA
11985,one,assent,146,0.14285714285714285,0.3333333333333333
11986,one,assenting,147,0.14285714285714285,0.3333333333333333
11987,one,attention,148,0.125,0.6666666666666666
11988,one,attention,149,0.125,0.6666666666666666
11989,one,seeking,149,0.3333333333333333,0.5
11990,one,attraction,150,0.14285714285714285,0.7
11991,one,attention,150,0.125,0.6666666666666666
11992,one,barcode,151,NA,NA
11993,one,machine,151,0.25,0.4
11994,one,beatbox,152,NA,NA
11995,one,boh,153,NA,NA
11996,one,bored,154,0.3333333333333333,0.5
11997,one,boy,155,0.1111111111111111,0.2
11998,one,break,156,0.3333333333333333,0.5
11999,one,calling,157,0.3333333333333333,0.5
12000,one,check,158,0.3333333333333333,0.5
12001,one,checked,159,0.3333333333333333,0.5
12002,one,chewing,160,0.125,0.3157894736842105
12003,one,clap,161,0.2,0.3333333333333333
12004,one,clearing,162,0.3333333333333333,0.5
12005,one,throat,162,0.1111111111111111,0.2
12006,one,click,163,0.3333333333333333,0.5
12007,one,click,164,0.3333333333333333,0.5
12008,one,pen,164,0.2,0.3333333333333333
12009,one,click,165,0.3333333333333333,0.5
12010,one,sound,165,0.3333333333333333,0.5
12011,one,click,166,0.3333333333333333,0.5
12012,one,tounge,166,NA,NA
12013,one,clicking,167,0.3333333333333333,0.5
12014,one,clicking,168,0.3333333333333333,0.5
12015,one,with,168,NA,NA
12016,one,tongue,168,0.16666666666666666,0.3076923076923077
12017,one,clip,169,0.2,0.35294117647058826
12018,one,clipping,170,0.2,0.3333333333333333
12019,one,close,171,0.3333333333333333,0.5
12020,one,closing,172,0.3333333333333333,0.5
12021,one,come,173,0.3333333333333333,0.5
12022,one,completed,174,0.3333333333333333,0.5
12023,one,something,174,NA,NA
12024,one,computer,175,0.1111111111111111,0.2
12025,one,confused,176,0.3333333333333333,0.5
12026,one,correction,177,0.14285714285714285,0.46153846153846156
12027,one,craving,178,0.25,0.4
12028,one,cutting,179,0.3333333333333333,0.5
12029,one,darn,180,0.16666666666666666,0.2857142857142857
12030,one,denial,181,0.1111111111111111,0.47058823529411764
12031,one,deny,182,0.3333333333333333,0.5
12032,one,did,183,0.3333333333333333,0.5
12033,one,you?,183,NA,NA
12034,one,ding,184,0.16666666666666666,0.35294117647058826
12035,one,dioux,185,NA,NA
12036,one,disagree,186,0.3333333333333333,0.5
12037,one,disagreeing,187,0.3333333333333333,0.5
12038,one,disagreement,188,0.125,0.35294117647058826
12039,one,disapproval,189,0.14285714285714285,0.47058823529411764
12040,one,disapprove,190,0.2,0.3333333333333333
12041,one,disbelief,191,0.14285714285714285,0.625
12042,one,disconfort,192,NA,NA
12043,one,discord,193,0.25,0.4
12044,one,disdain,194,0.2,0.3333333333333333
12045,one,distrust,195,0.14285714285714285,0.3076923076923077
12046,one,do,196,0.3333333333333333,0.5
12047,one,do,197,0.3333333333333333,0.5
12048,one,it,197,0.1,0.5263157894736842
12049,one,doesn't,198,NA,NA
12050,one,believe,198,0.2,0.3333333333333333
12051,one,don't,199,NA,NA
12052,one,care,199,0.25,0.4
12053,one,don't,200,NA,NA
12054,one,know,200,0.3333333333333333,0.5
12055,one,done,201,0.3333333333333333,0.5
12056,one,dont,202,NA,NA
12057,one,know.,202,NA,NA
12058,one,doo,203,NA,NA
12059,one,dooo,204,NA,NA
12060,one,doop,205,NA,NA
12061,one,door,206,0.125,0.6666666666666666
12062,one,doot,207,NA,NA
12063,one,dope,208,0.25,0.4
12064,one,doub,209,NA,NA
12065,one,?,209,NA,NA
12066,one,refusing,209,0.3333333333333333,0.5
12067,one,sound,209,0.3333333333333333,0.5
12068,one,?,209,NA,NA
12069,one,doubt,210,0.14285714285714285,0.2857142857142857
12070,one,drip,211,0.2,0.35294117647058826
12071,one,dripping,212,0.3333333333333333,0.5
12072,one,drop,213,0.3333333333333333,0.5
12073,one,drop,214,0.3333333333333333,0.5
12074,one,of,214,NA,NA
12075,one,water,214,0.2,0.3333333333333333
12076,one,drop,215,0.3333333333333333,0.5
12077,one,water,215,0.2,0.3333333333333333
12078,one,dropping,216,0.3333333333333333,0.5
12079,one,something,216,NA,NA
12080,one,drum,217,0.2,0.35294117647058826
12081,one,drum,218,0.2,0.35294117647058826
12082,one,sticks,218,0.25,0.4
12083,one,drumming,219,0.2,0.3333333333333333
12084,one,drums,220,0.2,0.35294117647058826
12085,one,dub,221,0.2,0.4
12086,one,dud,222,0.3333333333333333,0.5
12087,one,dude,223,0.1,0.18181818181818182
12088,one,due,224,0.3333333333333333,0.7
12089,one,duh,225,NA,NA
12090,one,dup,226,NA,NA
12091,one,dup,227,NA,NA
12092,one,dup,227,NA,NA
12093,one,dup,228,NA,NA
12094,one,singing,228,0.3333333333333333,0.5
12095,one,dupe,229,0.125,0.2222222222222222
12096,one,dupp,230,NA,NA
12097,one,durp,231,NA,NA
12098,one,eat,232,0.25,0.4
12099,one,eating,233,0.25,0.4
12100,one,emm,234,NA,NA
12101,one,end,235,0.3333333333333333,0.7368421052631579
12102,one,exerting,236,0.25,0.4
12103,one,effort,236,0.1111111111111111,0.35294117647058826
12104,one,exertion,237,0.09090909090909091,0.3157894736842105
12105,one,fall,238,0.3333333333333333,0.5
12106,one,find,239,0.3333333333333333,0.5
12107,one,something,239,NA,NA
12108,one,funny,239,0.3333333333333333,0.5
12109,one,finger,240,0.3333333333333333,0.5333333333333333
12110,one,snaping,240,0.25,0.4
12111,one,flatulence,241,0.1111111111111111,0.26666666666666666
12112,one,footstep,242,0.14285714285714285,0.46153846153846156
12113,one,gentle,243,0.3333333333333333,0.5
12114,one,give,244,0.3333333333333333,0.5
12115,one,attention,244,0.125,0.6666666666666666
12116,one,go,245,0.3333333333333333,0.5
12117,one,away,245,0.3333333333333333,0.5
12118,one,got,246,0.3333333333333333,0.5
12119,one,it,246,0.1,0.5263157894736842
12120,one,got,247,0.3333333333333333,0.5
12121,one,ya,247,NA,NA
12122,one,groan,248,0.25,0.4
12123,one,grunt,249,0.25,0.4
12124,one,gulp,250,0.2,0.3333333333333333
12125,one,guttural,251,0.3333333333333333,0.5
12126,one,sound,251,0.3333333333333333,0.5
12127,one,haaa,252,NA,NA
12128,one,happy,253,0.3333333333333333,0.5
12129,one,have,254,0.3333333333333333,0.5
12130,one,an,254,0.09090909090909091,0.23529411764705882
12131,one,idea,254,0.2,0.75
12132,one,hesitating,255,0.3333333333333333,0.5
12133,one,hiccup,256,0.25,0.4444444444444444
12134,one,hiccups,257,0.25,0.4444444444444444
12135,one,hit,258,0.3333333333333333,0.5
12136,one,hit,259,0.3333333333333333,0.5
12137,one,with,259,NA,NA
12138,one,stick,259,0.25,0.4
12139,one,hmm,260,NA,NA
12140,one,hmmh,261,NA,NA
12141,one,horn,262,0.16666666666666666,0.2857142857142857
12142,one,how,263,NA,NA
12143,one,are,263,0.3333333333333333,0.5333333333333333
12144,one,you,263,NA,NA
12145,one,how,264,NA,NA
12146,one,many,264,0.3333333333333333,0.5
12147,one,hum,265,0.25,0.4
12148,one,hum,266,0.25,0.4
12149,one,in,266,0.3333333333333333,0.5333333333333333
12150,one,indifference,266,0.1111111111111111,0.26666666666666666
12151,one,hum,267,0.25,0.4
12152,one,of,267,NA,NA
12153,one,approval,267,0.14285714285714285,0.3157894736842105
12154,one,humming,268,0.25,0.45454545454545453
12155,one,i,269,1.0,1.0
12156,one,don't,269,NA,NA
12157,one,want,269,0.3333333333333333,0.5
12158,one,to,269,NA,NA
12159,one,i,270,1.0,1.0
12160,one,dont,270,NA,NA
12161,one,know,270,0.3333333333333333,0.5
12162,one,i,271,1.0,1.0
12163,one,wan't,271,NA,NA
12164,one,ihh,272,NA,NA
12165,one,indeference,273,NA,NA
12166,one,indifference,274,0.1111111111111111,0.26666666666666666
12167,one,indifferent,275,0.3333333333333333,0.5
12168,one,interjection,276,0.1111111111111111,0.3157894736842105
12169,one,its,277,0.1,0.5263157894736842
12170,one,ok,277,0.3333333333333333,0.5
12171,one,jam,278,0.2,0.3333333333333333
12172,one,jolt,279,0.25,0.4
12173,one,jump,280,0.3333333333333333,0.5
12174,one,kachew,281,NA,NA
12175,one,kit,282,0.14285714285714285,0.25
12176,one,klick,283,0.1111111111111111,0.5
12177,one,of,283,NA,NA
12178,one,thanos,283,NA,NA
12179,one,knocking,284,0.2,0.35294117647058826
12180,one,knocking,285,0.2,0.35294117647058826
12181,one,something,285,NA,NA
12182,one,over,285,0.3333333333333333,0.7368421052631579
12183,one,laugh,286,0.25,0.4
12184,one,laught,287,NA,NA
12185,one,lets,288,0.3333333333333333,0.5
12186,one,go,288,0.3333333333333333,0.5
12187,one,light,289,0.3333333333333333,0.5
12188,one,switch,289,0.3333333333333333,0.5714285714285714
12189,one,little,290,0.3333333333333333,0.5
12190,one,hurt,290,0.3333333333333333,0.5
12191,one,look,291,0.3333333333333333,0.5
12192,one,lub-dub,292,NA,NA
12193,one,man,293,0.25,0.4
12194,one,marble,294,0.14285714285714285,0.25
12195,one,ball,294,0.2,0.3333333333333333
12196,one,maybe,295,0.3333333333333333,0.5
12197,one,metal,296,0.3333333333333333,0.5
12198,one,hitting,296,0.3333333333333333,0.5
12199,one,mhh,297,NA,NA
12200,one,mhhhmhh,298,NA,NA
12201,one,mistake,299,0.3333333333333333,0.6666666666666666
12202,one,mmh,300,NA,NA
12203,one,mmm,301,NA,NA
12204,one,mmmmm,302,NA,NA
12205,one,mouse,303,0.2,0.3333333333333333
12206,one,click,303,0.3333333333333333,0.5
12207,one,mouth,304,0.25,0.4
12208,one,clicking,304,0.3333333333333333,0.5
12209,one,mthu,305,NA,NA
12210,one,muppet,306,NA,NA
12211,one,mxm,307,NA,NA
12212,one,negation,308,0.125,0.2857142857142857
12213,one,no,309,0.3333333333333333,0.5
12214,one,idea,309,0.2,0.75
12215,one,no,310,0.3333333333333333,0.5
12216,one,knowing,310,0.3333333333333333,0.5
12217,one,no,311,0.3333333333333333,0.5
12218,one,way,311,0.3333333333333333,0.7368421052631579
12219,one,nod,312,0.3333333333333333,0.5
12220,one,nodding,313,0.3333333333333333,0.5
12221,one,noice,314,NA,NA
12222,one,noise,315,0.2,0.4
12223,one,nop,316,NA,NA
12224,one,nope,317,NA,NA
12225,one,not,318,0.3333333333333333,0.5
12226,one,not,319,0.3333333333333333,0.5
12227,one,exactly,319,0.3333333333333333,0.5
12228,one,not,320,0.3333333333333333,0.5
12229,one,happy,320,0.3333333333333333,0.5
12230,one,not,321,0.3333333333333333,0.5
12231,one,like,321,0.3333333333333333,0.7
12232,one,that,321,NA,NA
12233,one,not,322,0.3333333333333333,0.5
12234,one,sure,322,0.3333333333333333,0.5
12235,one,notification,323,0.1111111111111111,0.35294117647058826
12236,one,nudge,324,0.2,0.3333333333333333
12237,one,nudge,325,0.2,0.3333333333333333
12238,one,sound,325,0.3333333333333333,0.5
12239,one,oh,326,0.08333333333333333,0.15384615384615385
12240,one,i,326,1.0,1.0
12241,one,see,326,0.3333333333333333,0.5
12242,one,"ok,don't",327,NA,NA
12243,one,agree,327,0.3333333333333333,0.5
12244,one,okay,328,0.3333333333333333,0.5
12245,one,one,329,1.0,1.0
12246,one,sound,329,0.3333333333333333,0.5
12247,one,oops,330,NA,NA
12248,one,opening,331,0.3333333333333333,0.5
12249,one,a,331,0.1111111111111111,0.5
12250,one,can,331,0.25,0.42857142857142855
12251,one,pain,332,0.16666666666666666,0.4444444444444444
12252,one,pay,333,0.25,0.4
12253,one,attention,333,0.125,0.6666666666666666
12254,one,pdum,334,NA,NA
12255,one,pen,335,0.2,0.3333333333333333
12256,one,clicking,335,0.3333333333333333,0.5
12257,one,pen,336,0.2,0.3333333333333333
12258,one,drop,336,0.3333333333333333,0.5
12259,one,ping,337,0.2,0.35294117647058826
12260,one,ping,338,0.2,0.35294117647058826
12261,one,a,338,0.1111111111111111,0.5
12262,one,door,338,0.125,0.6666666666666666
12263,one,pistol,339,0.07142857142857142,0.13333333333333333
12264,one,safety,339,0.125,0.3
12265,one,mechanism,339,0.125,0.5263157894736842
12266,one,que,340,NA,NA
12267,one,question,341,0.2,0.3333333333333333
12268,one,questionable,342,0.3333333333333333,0.5
12269,one,questioning,343,0.3333333333333333,0.5
12270,one,quick,344,0.3333333333333333,0.5
12271,one,radar,345,0.08333333333333333,0.15384615384615385
12272,one,raindrop,346,0.1111111111111111,0.4
12273,one,refuse,347,0.3333333333333333,0.5
12274,one,rule,348,0.3333333333333333,0.7777777777777778
12275,one,sarcastic,349,0.3333333333333333,0.5
12276,one,acknowledgement,349,0.14285714285714285,0.3076923076923077
12277,one,saying,350,0.3333333333333333,0.5
12278,one,m,350,0.3333333333333333,0.75
12279,one,saying,351,0.3333333333333333,0.5
12280,one,no,351,0.3333333333333333,0.5
12281,one,saying,352,0.3333333333333333,0.5
12282,one,something,352,NA,NA
12283,one,shock,353,0.25,0.4
12284,one,shocked,354,0.3333333333333333,0.5
12285,one,short,355,0.3333333333333333,0.5
12286,one,mmm,355,NA,NA
12287,one,shrug,356,0.14285714285714285,0.2857142857142857
12288,one,shy,357,0.3333333333333333,0.5
12289,one,silence,358,0.125,0.2857142857142857
12290,one,silent,359,0.3333333333333333,0.5
12291,one,bang,359,0.3333333333333333,0.5
12292,one,singing,360,0.3333333333333333,0.5
12293,one,slight,361,0.3333333333333333,0.5
12294,one,awe,361,0.14285714285714285,0.26666666666666666
12295,one,slip,362,0.3333333333333333,0.5
12296,one,slurp,363,0.2,0.3333333333333333
12297,one,smacking,364,0.25,0.4
12298,one,small,365,0.3333333333333333,0.5
12299,one,shock,365,0.25,0.4
12300,one,smirk,366,0.125,0.25
12301,one,snap,367,0.25,0.4
12302,one,snap,368,0.25,0.4
12303,one,fingers,368,0.3333333333333333,0.5333333333333333
12304,one,snapping,369,0.25,0.4
12305,one,someone,370,0.14285714285714285,0.25
12306,one,saying,370,0.3333333333333333,0.5
12307,one,no,370,0.3333333333333333,0.5
12308,one,sound,371,0.3333333333333333,0.5
12309,one,of,371,NA,NA
12310,one,not,371,0.3333333333333333,0.5
12311,one,caring,371,0.3333333333333333,0.5
12312,one,sounds,372,0.3333333333333333,0.5
12313,one,speaking,373,0.3333333333333333,0.5
12314,one,stable,374,0.3333333333333333,0.5
12315,one,stammer,375,0.14285714285714285,0.25
12316,one,start,376,0.3333333333333333,0.5
12317,one,of,376,NA,NA
12318,one,the,376,NA,NA
12319,one,song,376,0.125,0.35294117647058826
12320,one,step,377,0.25,0.46153846153846156
12321,one,stomping,378,0.2,0.3333333333333333
12322,one,stop,379,0.3333333333333333,0.5
12323,one,stoped,380,0.3333333333333333,0.5
12324,one,stupid,381,0.3333333333333333,0.5
12325,one,sudden,382,0.3333333333333333,0.5
12326,one,surprise,382,0.25,0.4
12327,one,suprise,383,NA,NA
12328,one,holding,383,0.3333333333333333,0.5
12329,one,laugh,383,0.25,0.4
12330,one,surprise,384,0.25,0.4
12331,one,surprised,385,0.3333333333333333,0.5
12332,one,switch,386,0.3333333333333333,0.5714285714285714
12333,one,talk,387,0.16666666666666666,0.3333333333333333
12334,one,talking,388,0.16666666666666666,0.2857142857142857
12335,one,tap,389,0.25,0.4
12336,one,tapping,390,0.25,0.4
12337,one,tch,391,NA,NA
12338,one,territory,392,0.125,0.5555555555555556
12339,one,mark,392,0.3333333333333333,0.5
12340,one,thats,393,NA,NA
12341,one,right,393,0.3333333333333333,0.7368421052631579
12342,one,the,394,NA,NA
12343,one,end,394,0.3333333333333333,0.7368421052631579
12344,one,there,395,0.3333333333333333,0.5
12345,one,you,395,NA,NA
12346,one,go,395,0.3333333333333333,0.5
12347,one,thinking,396,0.3333333333333333,0.5
12348,one,this,397,NA,NA
12349,one,threaten,398,0.25,0.4
12350,one,tic,399,0.08333333333333333,0.4
12351,one,tic,400,0.08333333333333333,0.4
12352,one,tock,400,NA,NA
12353,one,tick,401,0.2,0.35294117647058826
12354,one,tick,402,0.2,0.35294117647058826
12355,one,tok,402,NA,NA
12356,one,ticking,403,0.2,0.35294117647058826
12357,one,tish,404,NA,NA
12358,one,tongue,405,0.16666666666666666,0.3076923076923077
12359,one,clicking,405,0.3333333333333333,0.5
12360,one,tongue,406,0.16666666666666666,0.3076923076923077
12361,one,noise,406,0.2,0.4
12362,one,touch,407,0.3333333333333333,0.5
12363,one,toungue,408,NA,NA
12364,one,on,408,0.3333333333333333,0.5
12365,one,roof,408,0.25,0.4
12366,one,of,408,NA,NA
12367,one,mouth,408,0.25,0.4
12368,one,truncated,409,0.3333333333333333,0.5
12369,one,word,409,0.125,0.5333333333333333
12370,one,tsk,410,0.25,0.4
12371,one,tsk,411,0.25,0.4
12372,one,tsk,411,0.25,0.4
12373,one,tup,412,0.05263157894736842,0.1
12374,one,turn,413,0.25,0.7368421052631579
12375,one,on,413,0.3333333333333333,0.5
12376,one,typing,414,0.16666666666666666,0.2857142857142857
12377,one,uh,415,NA,NA
12378,one,oh,415,0.08333333333333333,0.15384615384615385
12379,one,uhm,416,NA,NA
12380,one,um!,417,NA,NA
12381,one,ummm,418,NA,NA
12382,one,understanding,419,0.3333333333333333,0.5
12383,one,understood,420,0.3333333333333333,0.5
12384,one,unexpected,421,0.3333333333333333,0.5
12385,one,unsatisfied,422,0.3333333333333333,0.5
12386,one,uum,423,NA,NA
12387,one,vocalize,424,0.25,0.4
12388,one,walking,425,0.3333333333333333,0.5
12389,one,wand,426,0.1111111111111111,0.26666666666666666
12390,one,beat,426,0.3333333333333333,0.5
12391,one,warning,427,0.3333333333333333,0.5
12392,one,water,428,0.2,0.3333333333333333
12393,one,dripping,428,0.3333333333333333,0.5
12394,one,water,429,0.2,0.3333333333333333
12395,one,drop,429,0.3333333333333333,0.5
12396,one,water,430,0.2,0.3333333333333333
12397,one,droplet,430,0.1111111111111111,0.4
12398,one,well,431,0.3333333333333333,0.5
12399,one,then,431,0.3333333333333333,0.5
12400,one,what,432,NA,NA
12401,one,whatever,433,0.3333333333333333,0.5
12402,one,who,434,0.09090909090909091,0.23529411764705882
12403,one,wink,435,0.2,0.375
12404,one,wood,436,0.125,0.2857142857142857
12405,one,tap,436,0.25,0.4
12406,one,yes,437,0.08333333333333333,0.2222222222222222
12407,one,“no!”,438,NA,NA
12408,one,,439,0.1111111111111111,0.2
12409,pound,"""doom""",1,NA,NA
12410,pound,"anger,",2,NA,NA
12411,pound,violence,2,0.125,0.631578947368421
12412,pound,angry,3,0.25,0.4
12413,pound,anxiety,4,0.1,0.3076923076923077
12414,pound,beat,5,1.0,1.0
12415,pound,bang,6,0.3333333333333333,0.6666666666666666
12416,pound,bang,7,0.3333333333333333,0.6666666666666666
12417,pound,or,7,0.16666666666666666,0.7368421052631579
12418,pound,thump,7,1.0,1.0
12419,pound,beat,8,1.0,1.0
12420,pound,beatbox,9,NA,NA
12421,pound,beating,10,1.0,1.0
12422,pound,big,11,0.25,0.4
12423,pound,bangs,11,0.3333333333333333,0.6666666666666666
12424,pound,bmop,12,NA,NA
12425,pound,bmp,12,NA,NA
12426,pound,bomb,13,0.25,0.5882352941176471
12427,pound,bombs,14,0.25,0.5882352941176471
12428,pound,boom,15,0.3333333333333333,0.6666666666666666
12429,pound,boom,15,0.3333333333333333,0.6666666666666666
12430,pound,bump,16,0.25,0.42105263157894735
12431,pound,call,17,0.25,0.6666666666666666
12432,pound,car,18,0.16666666666666666,0.7368421052631579
12433,pound,car,19,0.16666666666666666,0.7368421052631579
12434,pound,door,19,0.2,0.7777777777777778
12435,pound,closing,19,0.3333333333333333,0.8
12436,pound,clank,20,0.16666666666666666,0.42105263157894735
12437,pound,clank!,20,NA,NA
12438,pound,closed,21,0.3333333333333333,0.4
12439,pound,colision,22,NA,NA
12440,pound,come,23,0.25,0.4
12441,pound,come,23,0.25,0.4
12442,pound,cough,24,0.16666666666666666,0.3157894736842105
12443,pound,dum,25,NA,NA
12444,pound,danger,26,0.16666666666666666,0.5454545454545454
12445,pound,dinosaur,27,0.08333333333333333,0.5217391304347826
12446,pound,done,28,0.25,0.4
12447,pound,dont,29,NA,NA
12448,pound,don’t,30,NA,NA
12449,pound,doom,31,0.2,0.4444444444444444
12450,pound,doomp,32,NA,NA
12451,pound,doop,33,NA,NA
12452,pound,door,34,0.2,0.7777777777777778
12453,pound,knock,34,0.3333333333333333,0.9090909090909091
12454,pound,dor,35,NA,NA
12455,pound,knocking,35,0.2,0.4444444444444444
12456,pound,drop,36,0.25,0.6666666666666666
12457,pound,drum,37,0.16666666666666666,0.5555555555555556
12458,pound,drum,38,0.16666666666666666,0.5555555555555556
12459,pound,kick,38,0.3333333333333333,0.9090909090909091
12460,pound,drum,39,0.16666666666666666,0.5555555555555556
12461,pound,sound,39,0.25,0.5454545454545454
12462,pound,drumming,40,0.16666666666666666,0.5
12463,pound,drums,41,0.16666666666666666,0.5555555555555556
12464,pound,dum,42,NA,NA
12465,pound,"dumb,",43,NA,NA
12466,pound,stupid,43,0.25,0.631578947368421
12467,pound,dump,44,0.2,0.5555555555555556
12468,pound,dunk,45,0.16666666666666666,0.47619047619047616
12469,pound,dunk,46,0.16666666666666666,0.47619047619047616
12470,pound,dunk,46,0.16666666666666666,0.47619047619047616
12471,pound,dunk,46,0.16666666666666666,0.47619047619047616
12472,pound,dunk-dunk-dunk,47,NA,NA
12473,pound,encroach,48,0.2,0.2857142857142857
12474,pound,excitement,49,0.16666666666666666,0.7619047619047619
12475,pound,explosion,50,0.14285714285714285,0.7
12476,pound,fall,51,0.25,0.5
12477,pound,fall,52,0.25,0.5
12478,pound,fall,53,0.25,0.5
12479,pound,to,53,NA,NA
12480,pound,the,53,NA,NA
12481,pound,ground,53,0.3333333333333333,0.8
12482,pound,giant,54,0.25,0.6666666666666666
12483,pound,gun,55,0.16666666666666666,0.6
12484,pound,gun,56,0.16666666666666666,0.6
12485,pound,firing,56,0.25,0.6666666666666666
12486,pound,gun,57,0.16666666666666666,0.6
12487,pound,shot,57,0.3333333333333333,0.9090909090909091
12488,pound,gunshots,58,0.1,0.5263157894736842
12489,pound,hammering,59,1.0,1.0
12490,pound,hard,60,0.25,0.4
12491,pound,thump,60,1.0,1.0
12492,pound,heavy,61,0.25,0.5714285714285714
12493,pound,hit,62,0.5,0.8
12494,pound,hitting,63,0.5,0.8
12495,pound,imitating,64,0.16666666666666666,0.2857142857142857
12496,pound,a,64,0.16666666666666666,0.6666666666666666
12497,pound,beat,64,1.0,1.0
12498,pound,imitating,65,0.16666666666666666,0.2857142857142857
12499,pound,beat,65,1.0,1.0
12500,pound,imitating,66,0.16666666666666666,0.2857142857142857
12501,pound,train,66,0.2,0.5882352941176471
12502,pound,impact,67,0.2,0.5263157894736842
12503,pound,joy,68,0.25,0.4
12504,pound,jumping,69,0.3333333333333333,0.5555555555555556
12505,pound,knock,70,0.3333333333333333,0.9090909090909091
12506,pound,knock,71,0.3333333333333333,0.9090909090909091
12507,pound,knock,71,0.3333333333333333,0.9090909090909091
12508,pound,knock,72,0.3333333333333333,0.9090909090909091
12509,pound,door,72,0.2,0.7777777777777778
12510,pound,knock,73,0.3333333333333333,0.9090909090909091
12511,pound,knock,73,0.3333333333333333,0.9090909090909091
12512,pound,knock,73,0.3333333333333333,0.9090909090909091
12513,pound,knocking,74,0.2,0.4444444444444444
12514,pound,knot,75,0.16666666666666666,0.6666666666666666
12515,pound,the,75,NA,NA
12516,pound,door,75,0.2,0.7777777777777778
12517,pound,like,76,0.25,0.4
12518,pound,"shooting,",76,NA,NA
12519,pound,fear,76,0.25,0.4
12520,pound,like,77,0.25,0.4
12521,pound,techno,77,0.125,0.46153846153846156
12522,pound,sound,77,0.25,0.5454545454545454
12523,pound,loud,78,0.25,0.4
12524,pound,footsteps,78,0.14285714285714285,0.6363636363636364
12525,pound,male.,79,NA,NA
12526,pound,,79,0.1111111111111111,0.5454545454545454
12527,pound,inarticulate,79,0.25,0.4
12528,pound,sounds,79,0.25,0.5454545454545454
12529,pound,moto,80,NA,NA
12530,pound,move,81,0.5,0.8421052631578947
12531,pound,music,82,0.16666666666666666,0.5555555555555556
12532,pound,music,83,0.16666666666666666,0.5555555555555556
12533,pound,player,83,0.2,0.6666666666666666
12534,pound,"music,",84,NA,NA
12535,pound,bass,84,0.25,0.5555555555555556
12536,pound,nail,85,0.3333333333333333,0.7142857142857143
12537,pound,something,85,NA,NA
12538,pound,pam,86,NA,NA
12539,pound,pam,86,NA,NA
12540,pound,pew,87,0.09090909090909091,0.5
12541,pound,pew,87,0.09090909090909091,0.5
12542,pound,playing,88,0.25,0.6666666666666666
12543,pound,pounding,89,1.0,1.0
12544,pound,pumping,90,0.2,0.3333333333333333
12545,pound,pumps,91,0.2,0.5555555555555556
12546,pound,rhythm,92,0.14285714285714285,0.5
12547,pound,rejection,93,0.125,0.5882352941176471
12548,pound,rhythm,94,0.14285714285714285,0.5
12549,pound,shock,95,0.2,0.5555555555555556
12550,pound,shoot,96,0.2,0.5263157894736842
12551,pound,shot,97,0.3333333333333333,0.9090909090909091
12552,pound,shots,98,0.3333333333333333,0.9090909090909091
12553,pound,shutting,99,0.25,0.8
12554,pound,something,99,NA,NA
12555,pound,down,99,0.25,0.5263157894736842
12556,pound,sing,100,0.2,0.3333333333333333
12557,pound,singing,101,0.25,0.5263157894736842
12558,pound,singing,102,0.25,0.5263157894736842
12559,pound,dum,102,NA,NA
12560,pound,singing,103,0.25,0.5263157894736842
12561,pound,in,103,0.25,0.7142857142857143
12562,pound,a,103,0.16666666666666666,0.6666666666666666
12563,pound,tribe,103,0.125,0.36363636363636365
12564,pound,slap,104,0.3333333333333333,0.9090909090909091
12565,pound,shot,104,0.3333333333333333,0.9090909090909091
12566,pound,snare,105,0.16666666666666666,0.5555555555555556
12567,pound,something,106,NA,NA
12568,pound,falling,106,0.25,0.4
12569,pound,spitting,107,0.2,0.5263157894736842
12570,pound,sroping,108,NA,NA
12571,pound,on,108,0.25,0.4
12572,pound,ground,108,0.3333333333333333,0.8
12573,pound,steps,109,0.3333333333333333,0.6666666666666666
12574,pound,stomping,110,0.3333333333333333,0.6666666666666666
12575,pound,stop,111,0.25,0.7058823529411765
12576,pound,stoping,112,0.25,0.4
12577,pound,on,112,0.25,0.4
12578,pound,ground,112,0.3333333333333333,0.8
12579,pound,striking,113,0.3333333333333333,0.5555555555555556
12580,pound,strong,114,0.25,0.4
12581,pound,shooting,114,0.2,0.6086956521739131
12582,pound,sound,114,0.25,0.5454545454545454
12583,pound,with,114,NA,NA
12584,pound,mouth,114,0.25,0.625
12585,pound,stupid,115,0.25,0.631578947368421
12586,pound,or,115,0.16666666666666666,0.7368421052631579
12587,pound,annoyed,115,0.25,0.4
12588,pound,tenis,116,NA,NA
12589,pound,thud,117,0.2,0.4444444444444444
12590,pound,thumping,118,1.0,1.0
12591,pound,thunder,119,0.3333333333333333,0.42105263157894735
12592,pound,tongue,120,0.16666666666666666,0.5882352941176471
12593,pound,tump,121,NA,NA
12594,pound,tump,121,NA,NA
12595,pound,tump,121,NA,NA
12596,pound,two,122,0.25,0.5333333333333333
12597,pound,violent,123,0.25,0.4
12598,pound,drop,123,0.25,0.6666666666666666
12599,pound,vocal,124,0.25,0.5
12600,pound,instrument,124,0.16666666666666666,0.6
12601,pound,walking,125,0.5,0.8
12602,pound,women’s,126,NA,NA
12603,pound,dom,126,NA,NA
12604,pound,dom,126,NA,NA
12605,pound,women’s,127,NA,NA
12606,pound,doommm,127,NA,NA
12607,pound,a,128,0.16666666666666666,0.6666666666666666
12608,pound,lot,128,0.16666666666666666,0.631578947368421
12609,pound,of,128,NA,NA
12610,pound,explosions,128,0.14285714285714285,0.7
12611,pound,adult,129,0.25,0.6666666666666666
12612,pound,making,129,0.25,0.5555555555555556
12613,pound,sounds,129,0.25,0.5454545454545454
12614,pound,adults,130,0.2,0.6666666666666666
12615,pound,making,130,0.25,0.5555555555555556
12616,pound,sounds,130,0.25,0.5454545454545454
12617,pound,angry,131,0.25,0.4
12618,pound,angry,132,0.25,0.4
12619,pound,steps,132,0.3333333333333333,0.6666666666666666
12620,pound,bang,133,0.3333333333333333,0.6666666666666666
12621,pound,bang,134,0.3333333333333333,0.6666666666666666
12622,pound,bang,134,0.3333333333333333,0.6666666666666666
12623,pound,bangbang,135,NA,NA
12624,pound,banging,136,0.3333333333333333,0.6666666666666666
12625,pound,bashing,137,0.3333333333333333,0.6666666666666666
12626,pound,something,137,NA,NA
12627,pound,bass,138,0.25,0.5555555555555556
12628,pound,beat,139,1.0,1.0
12629,pound,beat,140,1.0,1.0
12630,pound,box,140,0.3333333333333333,0.9090909090909091
12631,pound,beat,141,1.0,1.0
12632,pound,sound,141,0.25,0.5454545454545454
12633,pound,beat,142,1.0,1.0
12634,pound,sounds,142,0.25,0.5454545454545454
12635,pound,voice,142,0.2,0.631578947368421
12636,pound,beatboxing,143,NA,NA
12637,pound,beating,144,1.0,1.0
12638,pound,beating,145,1.0,1.0
12639,pound,up,145,0.25,0.4
12640,pound,big,146,0.25,0.4
12641,pound,big,147,0.25,0.4
12642,pound,sound,147,0.25,0.5454545454545454
12643,pound,big,148,0.25,0.4
12644,pound,stomps,148,0.3333333333333333,0.6666666666666666
12645,pound,bitbox,149,NA,NA
12646,pound,bomb,150,0.25,0.5882352941176471
12647,pound,bombs,151,0.25,0.5882352941176471
12648,pound,bored,152,0.25,0.4
12649,pound,bounce,153,0.25,0.5263157894736842
12650,pound,bouncing,154,0.25,0.42105263157894735
12651,pound,bouncing,155,0.25,0.42105263157894735
12652,pound,a,155,0.16666666666666666,0.6666666666666666
12653,pound,ball,155,0.16666666666666666,0.625
12654,pound,breaking,156,0.3333333333333333,0.75
12655,pound,brum,157,NA,NA
12656,pound,brum,157,NA,NA
12657,pound,building,158,0.2,0.75
12658,pound,tension,158,0.1111111111111111,0.6086956521739131
12659,pound,bum,159,0.25,0.631578947368421
12660,pound,bum,159,0.25,0.631578947368421
12661,pound,bump,160,0.25,0.42105263157894735
12662,pound,car,161,0.16666666666666666,0.7368421052631579
12663,pound,engine,161,0.16666666666666666,0.5555555555555556
12664,pound,car,162,0.16666666666666666,0.7368421052631579
12665,pound,starting,162,0.3333333333333333,0.5263157894736842
12666,pound,chopping,163,0.3333333333333333,0.3333333333333333
12667,pound,clank,164,0.16666666666666666,0.42105263157894735
12668,pound,clapping,165,0.3333333333333333,0.6666666666666666
12669,pound,climbing,166,0.3333333333333333,0.4
12670,pound,up,166,0.25,0.4
12671,pound,collusion,167,0.1,0.5263157894736842
12672,pound,with,167,NA,NA
12673,pound,ground,167,0.3333333333333333,0.8
12674,pound,confusion,168,0.125,0.6666666666666666
12675,pound,cough,169,0.16666666666666666,0.3157894736842105
12676,pound,coughing,170,0.16666666666666666,0.3157894736842105
12677,pound,crafting,171,0.125,0.2222222222222222
12678,pound,crucial,172,0.25,0.4
12679,pound,realisation,172,0.125,0.6086956521739131
12680,pound,cyclope,173,NA,NA
12681,pound,walking,173,0.5,0.8
12682,pound,damn,174,0.25,0.4
12683,pound,dance,175,0.3333333333333333,0.5882352941176471
12684,pound,danger,176,0.16666666666666666,0.5454545454545454
12685,pound,dangerous,177,0.25,0.4
12686,pound,heavy,177,0.25,0.5714285714285714
12687,pound,deul,178,NA,NA
12688,pound,dnk,179,NA,NA
12689,pound,dnk,179,NA,NA
12690,pound,dnk,179,NA,NA
12691,pound,(drum,179,NA,NA
12692,pound,beat),179,NA,NA
12693,pound,do,180,0.25,0.6666666666666666
12694,pound,sound,180,0.25,0.5454545454545454
12695,pound,dodo,181,0.14285714285714285,0.6
12696,pound,domp,182,NA,NA
12697,pound,don't,183,NA,NA
12698,pound,don't,184,NA,NA
12699,pound,know,184,0.25,0.4
12700,pound,done,185,0.25,0.4
12701,pound,donk,186,NA,NA
12702,pound,donk,186,NA,NA
12703,pound,donk,186,NA,NA
12704,pound,doo,187,NA,NA
12705,pound,doom,188,0.2,0.4444444444444444
12706,pound,doonk,189,NA,NA
12707,pound,doonk,189,NA,NA
12708,pound,doonk,189,NA,NA
12709,pound,doonk-doonk-doonk,190,NA,NA
12710,pound,doonkdoonkdoonk,191,NA,NA
12711,pound,dope,192,0.2,0.631578947368421
12712,pound,dramatic,193,0.25,0.4
12713,pound,step,193,0.3333333333333333,0.6666666666666666
12714,pound,drop,194,0.25,0.6666666666666666
12715,pound,drop,195,0.25,0.6666666666666666
12716,pound,something,195,NA,NA
12717,pound,heavy,195,0.25,0.5714285714285714
12718,pound,dropping,196,0.25,0.4
12719,pound,something,196,NA,NA
12720,pound,heavy,196,0.25,0.5714285714285714
12721,pound,drum,197,0.16666666666666666,0.5555555555555556
12722,pound,drum,198,0.16666666666666666,0.5555555555555556
12723,pound,beat,198,1.0,1.0
12724,pound,drum,199,0.16666666666666666,0.5555555555555556
12725,pound,song,199,0.2,0.6666666666666666
12726,pound,drum,200,0.16666666666666666,0.5555555555555556
12727,pound,sound,200,0.25,0.5454545454545454
12728,pound,drumming,201,0.16666666666666666,0.5
12729,pound,drums,202,0.16666666666666666,0.5555555555555556
12730,pound,dry,203,0.25,0.6
12731,pound,blow,203,0.5,0.9523809523809523
12732,pound,duh,204,NA,NA
12733,pound,duhnk,205,NA,NA
12734,pound,duhnk,205,NA,NA
12735,pound,duhnk,205,NA,NA
12736,pound,dum,206,NA,NA
12737,pound,dumb,207,0.25,0.4
12738,pound,,207,0.1111111111111111,0.5454545454545454
12739,pound,speacker,207,NA,NA
12740,pound,dumm,208,NA,NA
12741,pound,dummm,209,NA,NA
12742,pound,dun,210,0.25,0.4444444444444444
12743,pound,dunc,211,NA,NA
12744,pound,dunc,211,NA,NA
12745,pound,dunc,211,NA,NA
12746,pound,dunk,212,0.16666666666666666,0.47619047619047616
12747,pound,dunk,213,0.16666666666666666,0.47619047619047616
12748,pound,dunk,213,0.16666666666666666,0.47619047619047616
12749,pound,dunk,213,0.16666666666666666,0.47619047619047616
12750,pound,dunkdunkdunk,214,NA,NA
12751,pound,dunn,215,NA,NA
12752,pound,dup,216,NA,NA
12753,pound,emphasis,217,0.125,0.46153846153846156
12754,pound,energy,218,0.1111111111111111,0.3333333333333333
12755,pound,engine,219,0.16666666666666666,0.5555555555555556
12756,pound,start,219,0.3333333333333333,0.7272727272727273
12757,pound,engine,220,0.16666666666666666,0.5555555555555556
12758,pound,starting,220,0.3333333333333333,0.5263157894736842
12759,pound,especial,221,0.25,0.4
12760,pound,effects,221,0.2,0.5
12761,pound,excavate,222,0.2,0.3333333333333333
12762,pound,explosion,223,0.14285714285714285,0.7
12763,pound,fake,224,0.25,0.5714285714285714
12764,pound,steps,224,0.3333333333333333,0.6666666666666666
12765,pound,fall,225,0.25,0.5
12766,pound,falling,226,0.25,0.4
12767,pound,falling,227,0.25,0.4
12768,pound,down,227,0.25,0.5263157894736842
12769,pound,stairs,227,0.125,0.5882352941176471
12770,pound,feet,228,0.2,0.7142857142857143
12771,pound,stomp,228,0.3333333333333333,0.6666666666666666
12772,pound,finished,229,0.25,0.4
12773,pound,fire,230,0.25,0.8
12774,pound,arm,230,0.25,0.7058823529411765
12775,pound,footsteps,231,0.14285714285714285,0.6363636363636364
12776,pound,gaming,232,0.125,0.5263157894736842
12777,pound,giant,233,0.25,0.6666666666666666
12778,pound,giant,234,0.25,0.6666666666666666
12779,pound,steps,234,0.3333333333333333,0.6666666666666666
12780,pound,giant,235,0.25,0.6666666666666666
12781,pound,stomp,235,0.3333333333333333,0.6666666666666666
12782,pound,going,236,0.3333333333333333,0.631578947368421
12783,pound,up,236,0.25,0.4
12784,pound,gulping,237,0.16666666666666666,0.2857142857142857
12785,pound,gun,238,0.16666666666666666,0.6
12786,pound,gun,239,0.16666666666666666,0.6
12787,pound,shots,239,0.3333333333333333,0.9090909090909091
12788,pound,gunshot,240,0.1,0.5263157894736842
12789,pound,hammer,241,1.0,1.0
12790,pound,hammering,242,1.0,1.0
12791,pound,"hammering,",243,NA,NA
12792,pound,gunshots,243,0.1,0.5263157894736842
12793,pound,heart,244,0.1111111111111111,0.375
12794,pound,heart,245,0.1111111111111111,0.375
12795,pound,beat,245,1.0,1.0
12796,pound,heart,246,0.1111111111111111,0.375
12797,pound,beat?,246,NA,NA
12798,pound,heartbeat,247,0.1,0.4444444444444444
12799,pound,heavy,248,0.25,0.5714285714285714
12800,pound,footsteps,248,0.14285714285714285,0.6363636363636364
12801,pound,heavy,249,0.25,0.5714285714285714
12802,pound,steps,249,0.3333333333333333,0.6666666666666666
12803,pound,heavy,250,0.25,0.5714285714285714
12804,pound,steps/knocking,250,NA,NA
12805,pound,heavy,251,0.25,0.5714285714285714
12806,pound,walking,251,0.5,0.8
12807,pound,hit,252,0.5,0.8
12808,pound,hit,253,0.5,0.8
12809,pound,hard,253,0.25,0.4
12810,pound,hit,254,0.5,0.8
12811,pound,on,254,0.25,0.4
12812,pound,something,254,NA,NA
12813,pound,hit,255,0.5,0.8
12814,pound,plate,255,0.16666666666666666,0.625
12815,pound,hit,256,0.5,0.8
12816,pound,something,256,NA,NA
12817,pound,with,256,NA,NA
12818,pound,a,256,0.16666666666666666,0.6666666666666666
12819,pound,hammer,256,1.0,1.0
12820,pound,hitting,257,0.5,0.8
12821,pound,hitting,258,0.5,0.8
12822,pound,pans,258,0.25,0.5882352941176471
12823,pound,hommer,259,NA,NA
12824,pound,huffing,260,0.16666666666666666,0.2857142857142857
12825,pound,huge,261,0.25,0.4
12826,pound,human,262,0.25,0.5
12827,pound,mimicking,262,0.14285714285714285,0.25
12828,pound,car,262,0.16666666666666666,0.7368421052631579
12829,pound,pulling,262,0.2,0.5555555555555556
12830,pound,heavy,262,0.25,0.5714285714285714
12831,pound,load,262,0.16666666666666666,0.625
12832,pound,over,262,0.25,0.4
12833,pound,speed,262,0.25,0.7
12834,pound,bump,262,0.25,0.42105263157894735
12835,pound,humming,263,0.2,0.47619047619047616
12836,pound,a,263,0.16666666666666666,0.6666666666666666
12837,pound,song,263,0.2,0.6666666666666666
12838,pound,i,264,0.25,0.6666666666666666
12839,pound,dont,264,NA,NA
12840,pound,know,264,0.25,0.4
12841,pound,i,265,0.25,0.6666666666666666
12842,pound,won't,265,NA,NA
12843,pound,idiot,266,0.16666666666666666,0.631578947368421
12844,pound,imitating,267,0.16666666666666666,0.2857142857142857
12845,pound,a,267,0.16666666666666666,0.6666666666666666
12846,pound,song,267,0.2,0.6666666666666666
12847,pound,immitating,268,NA,NA
12848,pound,gunshots,268,0.1,0.5263157894736842
12849,pound,impact,269,0.2,0.5263157894736842
12850,pound,impact,270,0.2,0.5263157894736842
12851,pound,noise,270,0.16666666666666666,0.46153846153846156
12852,pound,kick,271,0.3333333333333333,0.9090909090909091
12853,pound,it,271,0.08333333333333333,0.3
12854,pound,knock,272,0.3333333333333333,0.9090909090909091
12855,pound,knock,273,0.3333333333333333,0.9090909090909091
12856,pound,knock,273,0.3333333333333333,0.9090909090909091
12857,pound,knock,274,0.3333333333333333,0.9090909090909091
12858,pound,sound,274,0.25,0.5454545454545454
12859,pound,knocking,275,0.2,0.4444444444444444
12860,pound,knocking,276,0.2,0.4444444444444444
12861,pound,on,276,0.25,0.4
12862,pound,a,276,0.16666666666666666,0.6666666666666666
12863,pound,door,276,0.2,0.7777777777777778
12864,pound,knocking,277,0.2,0.4444444444444444
12865,pound,sounds,277,0.25,0.5454545454545454
12866,pound,knocking,278,0.2,0.4444444444444444
12867,pound,the,278,NA,NA
12868,pound,door,278,0.2,0.7777777777777778
12869,pound,knocking?,279,NA,NA
12870,pound,looking,280,0.25,0.5263157894736842
12871,pound,loud,281,0.25,0.4
12872,pound,dom,281,NA,NA
12873,pound,loud,282,0.25,0.4
12874,pound,noise,282,0.16666666666666666,0.46153846153846156
12875,pound,loud,283,0.25,0.4
12876,pound,steps,283,0.3333333333333333,0.6666666666666666
12877,pound,low,284,0.25,0.5454545454545454
12878,pound,making,285,0.25,0.5555555555555556
12879,pound,a,285,0.16666666666666666,0.6666666666666666
12880,pound,rythm,285,NA,NA
12881,pound,making,286,0.25,0.5555555555555556
12882,pound,loud,286,0.25,0.4
12883,pound,noise,286,0.16666666666666666,0.46153846153846156
12884,pound,making,287,0.25,0.5555555555555556
12885,pound,music,287,0.16666666666666666,0.5555555555555556
12886,pound,sound,287,0.25,0.5454545454545454
12887,pound,man,288,0.2,0.6666666666666666
12888,pound,metal,289,0.25,0.4
12889,pound,hit,289,0.5,0.8
12890,pound,mimick,290,NA,NA
12891,pound,instrument,290,0.16666666666666666,0.6
12892,pound,motorbike,291,0.16666666666666666,0.47619047619047616
12893,pound,motorcycle,292,0.16666666666666666,0.5
12894,pound,movie,293,0.125,0.5882352941176471
12895,pound,soundtrack,293,0.09090909090909091,0.5
12896,pound,music,294,0.16666666666666666,0.5555555555555556
12897,pound,music,295,0.16666666666666666,0.5555555555555556
12898,pound,beat,295,1.0,1.0
12899,pound,negation,296,0.14285714285714285,0.5
12900,pound,noise,297,0.16666666666666666,0.46153846153846156
12901,pound,noises,298,0.16666666666666666,0.46153846153846156
12902,pound,noisy,299,0.25,0.4
12903,pound,note,300,0.25,0.5
12904,pound,pam,301,NA,NA
12905,pound,pam,301,NA,NA
12906,pound,patter,302,0.16666666666666666,0.5263157894736842
12907,pound,percussion,303,0.1111111111111111,0.6363636363636364
12908,pound,pha,304,NA,NA
12909,pound,pha,304,NA,NA
12910,pound,play,305,0.25,0.7
12911,pound,drums,305,0.16666666666666666,0.5555555555555556
12912,pound,playing,306,0.25,0.6666666666666666
12913,pound,playing,307,0.25,0.6666666666666666
12914,pound,drums,307,0.16666666666666666,0.5555555555555556
12915,pound,playing,308,0.25,0.6666666666666666
12916,pound,music,308,0.16666666666666666,0.5555555555555556
12917,pound,playing,309,0.25,0.6666666666666666
12918,pound,with,309,NA,NA
12919,pound,someone,309,0.25,0.7058823529411765
12920,pound,plop,310,0.25,0.42105263157894735
12921,pound,plot,311,0.16666666666666666,0.5
12922,pound,twist,311,0.3333333333333333,0.7619047619047619
12923,pound,pmpm,312,NA,NA
12924,pound,prohibition,313,0.14285714285714285,0.6666666666666666
12925,pound,prum,314,NA,NA
12926,pound,prum,314,NA,NA
12927,pound,pruum,315,NA,NA
12928,pound,prumm,315,NA,NA
12929,pound,pum,316,NA,NA
12930,pound,pum,316,NA,NA
12931,pound,punch,317,0.3333333333333333,0.9090909090909091
12932,pound,push,318,0.3333333333333333,0.6666666666666666
12933,pound,respect,319,0.14285714285714285,0.631578947368421
12934,pound,reving,320,0.16666666666666666,0.2857142857142857
12935,pound,engine,320,0.16666666666666666,0.5555555555555556
12936,pound,ritual,321,0.25,0.5263157894736842
12937,pound,road,322,0.14285714285714285,0.625
12938,pound,bumps,322,0.25,0.42105263157894735
12939,pound,roam,323,0.25,0.3333333333333333
12940,pound,rumble,324,0.2,0.5263157894736842
12941,pound,rumbling,325,0.25,0.42105263157894735
12942,pound,rumor,326,0.1111111111111111,0.47619047619047616
12943,pound,saying,327,0.25,0.5
12944,pound,no,327,0.25,0.5
12945,pound,scary,328,0.25,0.4
12946,pound,scold,329,0.2,0.6
12947,pound,shock,330,0.2,0.5555555555555556
12948,pound,"shock,",331,NA,NA
12949,pound,intrigue,331,0.16666666666666666,0.3076923076923077
12950,pound,shoot,332,0.2,0.5263157894736842
12951,pound,shooting,333,0.2,0.6086956521739131
12952,pound,shooting,334,0.2,0.6086956521739131
12953,pound,sound,334,0.25,0.5454545454545454
12954,pound,shooting,335,0.2,0.6086956521739131
12955,pound,sounds,335,0.25,0.5454545454545454
12956,pound,shoting,336,NA,NA
12957,pound,gun,336,0.16666666666666666,0.6
12958,pound,shots,337,0.3333333333333333,0.9090909090909091
12959,pound,shuffling,338,0.3333333333333333,0.6666666666666666
12960,pound,singing,339,0.25,0.5263157894736842
12961,pound,singing?,340,NA,NA
12962,pound,single,341,0.25,0.5454545454545454
12963,pound,rap,341,0.3333333333333333,0.9090909090909091
12964,pound,noise,341,0.16666666666666666,0.46153846153846156
12965,pound,sink,342,0.2,0.5882352941176471
12966,pound,slam,343,0.3333333333333333,0.6666666666666666
12967,pound,slammin,344,NA,NA
12968,pound,feet,344,0.2,0.7142857142857143
12969,pound,slamming,345,0.3333333333333333,0.6666666666666666
12970,pound,slap,346,0.3333333333333333,0.9090909090909091
12971,pound,sleep,347,0.2,0.46153846153846156
12972,pound,smack,348,0.3333333333333333,0.9090909090909091
12973,pound,snorting,349,0.2,0.3333333333333333
12974,pound,snorting,350,0.2,0.3333333333333333
12975,pound,?,350,NA,NA
12976,pound,someones,351,0.25,0.7058823529411765
12977,pound,coming,351,0.25,0.7
12978,pound,something,352,NA,NA
12979,pound,breaking,352,0.3333333333333333,0.75
12980,pound,something,353,NA,NA
12981,pound,droped,353,0.25,0.4
12982,pound,something,354,NA,NA
12983,pound,dropped,354,0.25,0.4
12984,pound,into,354,NA,NA
12985,pound,water,354,0.16666666666666666,0.625
12986,pound,speaker,355,0.2,0.6
12987,pound,stairs,356,0.125,0.5882352941176471
12988,pound,starting,357,0.3333333333333333,0.5263157894736842
12989,pound,motorcycle,357,0.16666666666666666,0.5
12990,pound,steam,358,0.25,0.4444444444444444
12991,pound,train,358,0.2,0.5882352941176471
12992,pound,step,359,0.3333333333333333,0.6666666666666666
12993,pound,steps,360,0.3333333333333333,0.6666666666666666
12994,pound,stomp,361,0.3333333333333333,0.6666666666666666
12995,pound,stomping,362,0.3333333333333333,0.6666666666666666
12996,pound,strong,363,0.25,0.4
12997,pound,knock,363,0.3333333333333333,0.9090909090909091
12998,pound,mimic,363,0.25,0.5454545454545454
12999,pound,strong,364,0.25,0.4
13000,pound,steping,364,0.3333333333333333,0.6666666666666666
13001,pound,stump,365,0.3333333333333333,0.6666666666666666
13002,pound,stuttering,366,0.125,0.2222222222222222
13003,pound,suddenly,367,0.25,0.4
13004,pound,surprise,368,0.2,0.7272727272727273
13005,pound,effect,368,0.2,0.5
13006,pound,suspence,369,NA,NA
13007,pound,suspense,370,0.09090909090909091,0.2857142857142857
13008,pound,tap,371,0.3333333333333333,0.6666666666666666
13009,pound,tham,372,NA,NA
13010,pound,tham,372,NA,NA
13011,pound,this,373,NA,NA
13012,pound,one,373,0.25,0.5333333333333333
13013,pound,thomp,374,NA,NA
13014,pound,thud,375,0.2,0.4444444444444444
13015,pound,thuds,376,0.2,0.4444444444444444
13016,pound,thump,377,1.0,1.0
13017,pound,thumping,378,1.0,1.0
13018,pound,thumping,379,1.0,1.0
13019,pound,rhythm,379,0.14285714285714285,0.5
13020,pound,thumping,380,1.0,1.0
13021,pound,sound,380,0.25,0.5454545454545454
13022,pound,thunk,381,0.1,0.4444444444444444
13023,pound,thus,382,0.25,0.4
13024,pound,or,382,0.16666666666666666,0.7368421052631579
13025,pound,sound,382,0.25,0.5454545454545454
13026,pound,of,382,NA,NA
13027,pound,door,382,0.2,0.7777777777777778
13028,pound,closing,382,0.3333333333333333,0.8
13029,pound,tick,383,0.2,0.7142857142857143
13030,pound,time,384,0.16666666666666666,0.46153846153846156
13031,pound,ting,385,0.2,0.4444444444444444
13032,pound,tang,385,0.1,0.5714285714285714
13033,pound,tnk,386,NA,NA
13034,pound,tnk,386,NA,NA
13035,pound,(like,386,NA,NA
13036,pound,a,386,0.16666666666666666,0.6666666666666666
13037,pound,machine,386,0.2,0.6666666666666666
13038,pound,noise),386,NA,NA
13039,pound,to,387,NA,NA
13040,pound,rush,387,0.25,0.7
13041,pound,toonk,388,NA,NA
13042,pound,toonk,388,NA,NA
13043,pound,toonk,388,NA,NA
13044,pound,train,389,0.2,0.5882352941176471
13045,pound,tribal,390,0.25,0.4
13046,pound,tum,391,0.09090909090909091,0.26666666666666666
13047,pound,tum,392,0.09090909090909091,0.26666666666666666
13048,pound,tum,392,0.09090909090909091,0.26666666666666666
13049,pound,tumm,393,NA,NA
13050,pound,tumm,394,NA,NA
13051,pound,(one,394,NA,NA
13052,pound,beat),394,NA,NA
13053,pound,tumtum,395,NA,NA
13054,pound,tunc,396,NA,NA
13055,pound,tunc,396,NA,NA
13056,pound,tunc,396,NA,NA
13057,pound,tunctunc,397,NA,NA
13058,pound,tung,398,0.09090909090909091,0.5454545454545454
13059,pound,tung,398,0.09090909090909091,0.5454545454545454
13060,pound,tung,398,0.09090909090909091,0.5454545454545454
13061,pound,tunk,399,NA,NA
13062,pound,sounds,399,0.25,0.5454545454545454
13063,pound,tunk,400,NA,NA
13064,pound,tunk,400,NA,NA
13065,pound,tunk,400,NA,NA
13066,pound,tunk...tunk...tunk...tunk,401,NA,NA
13067,pound,tunktunk,402,NA,NA
13068,pound,tuntunj,403,NA,NA
13069,pound,unsure,404,0.25,0.4
13070,pound,using,405,0.25,0.5
13071,pound,a,405,0.16666666666666666,0.6666666666666666
13072,pound,hammer,405,1.0,1.0
13073,pound,using,406,0.25,0.5
13074,pound,hammer,406,1.0,1.0
13075,pound,using,407,0.25,0.5
13076,pound,tools,407,0.16666666666666666,0.631578947368421
13077,pound,violence/fighting,408,NA,NA
13078,pound,vocal,409,0.25,0.5
13079,pound,stimming,409,NA,NA
13080,pound,walk,410,0.5,0.8
13081,pound,walk,411,0.5,0.8
13082,pound,loud,411,0.25,0.4
13083,pound,walking,412,0.5,0.8
13084,pound,walking,413,0.5,0.8
13085,pound,loudly,413,0.25,0.4
13086,pound,walking,414,0.5,0.8
13087,pound,upstairs,414,0.25,0.42857142857142855
13088,pound,walking,415,0.5,0.8
13089,pound,with,415,NA,NA
13090,pound,boots,415,0.3333333333333333,0.9090909090909091
13091,pound,warning,416,0.25,0.5263157894736842
13092,pound,work,417,0.25,0.5882352941176471
13093,pound,working,418,0.25,0.625
13094,pound,sound,418,0.25,0.5454545454545454
13095,pound,wrong,419,0.25,0.5
13096,pound,wrong,419,0.25,0.5
13097,pound,,420,0.1111111111111111,0.5454545454545454
13098,rock,???,1,NA,NA
13099,rock,alert,2,0.25,0.5263157894736842
13100,rock,bang,3,0.25,0.625
13101,rock,bass,4,0.25,0.625
13102,rock,drop,4,0.3333333333333333,0.7
13103,rock,blip,5,0.1111111111111111,0.42857142857142855
13104,rock,book,6,0.16666666666666666,0.6666666666666666
13105,rock,falling,6,0.25,0.4
13106,rock,boredom,7,0.07692307692307693,0.23529411764705882
13107,rock,bouncing,8,0.25,0.4444444444444444
13108,rock,bump,9,0.25,0.4444444444444444
13109,rock,click,10,0.25,0.5263157894736842
13110,rock,call,11,0.25,0.631578947368421
13111,rock,cheek,12,0.125,0.46153846153846156
13112,rock,pop,12,0.3333333333333333,0.875
13113,rock,click,13,0.25,0.5263157894736842
13114,rock,click,14,0.25,0.5263157894736842
13115,rock,or,14,0.1111111111111111,0.5
13116,rock,tap,14,0.2,0.5882352941176471
13117,rock,clicking,15,0.25,0.4
13118,rock,clicking,16,0.25,0.4
13119,rock,tongue,16,0.16666666666666666,0.6153846153846154
13120,rock,clock,17,0.1111111111111111,0.47058823529411764
13121,rock,clock,18,0.1111111111111111,0.47058823529411764
13122,rock,human,18,0.25,0.5217391304347826
13123,rock,sound,18,0.25,0.6153846153846154
13124,rock,clock,19,0.1111111111111111,0.47058823529411764
13125,rock,tick,19,0.16666666666666666,0.5714285714285714
13126,rock,clock,20,0.1111111111111111,0.47058823529411764
13127,rock,ticking,20,0.16666666666666666,0.6153846153846154
13128,rock,clock,21,0.1111111111111111,0.47058823529411764
13129,rock,ticking/tick,21,NA,NA
13130,rock,clonk,22,NA,NA
13131,rock,cluck,23,0.2,0.4444444444444444
13132,rock,clunk,24,0.16666666666666666,0.47058823529411764
13133,rock,clup,25,NA,NA
13134,rock,colision,26,NA,NA
13135,rock,come,27,0.25,0.5333333333333333
13136,rock,come,28,0.25,0.5333333333333333
13137,rock,here,28,0.25,0.5454545454545454
13138,rock,danger,29,0.2,0.6
13139,rock,disinterest,30,0.1,0.35294117647058826
13140,rock,donk,31,NA,NA
13141,rock,doom,32,0.2,0.47058823529411764
13142,rock,drop,33,0.3333333333333333,0.7
13143,rock,"drop,",34,NA,NA
13144,rock,fall,34,0.25,0.5333333333333333
13145,rock,drum,35,0.16666666666666666,0.5333333333333333
13146,rock,drumming,36,0.16666666666666666,0.5263157894736842
13147,rock,drums,37,0.16666666666666666,0.5333333333333333
13148,rock,dull,38,0.25,0.4
13149,rock,thud,38,0.16666666666666666,0.47058823529411764
13150,rock,dum,39,NA,NA
13151,rock,dumb,40,0.25,0.4
13152,rock,sound,40,0.25,0.6153846153846154
13153,rock,dunk,41,0.16666666666666666,0.5
13154,rock,explosion,42,0.16666666666666666,0.7368421052631579
13155,rock,falling,43,0.25,0.4
13156,rock,falling,44,0.25,0.4
13157,rock,in,44,0.25,0.5333333333333333
13158,rock,water,44,0.2,0.75
13159,rock,having,45,0.25,0.4
13160,rock,sex,45,0.14285714285714285,0.3333333333333333
13161,rock,hit,46,0.3333333333333333,0.7
13162,rock,horse,47,0.14285714285714285,0.5333333333333333
13163,rock,leg,47,0.14285714285714285,0.7
13164,rock,stomp,47,0.16666666666666666,0.5
13165,rock,i'm,48,NA,NA
13166,rock,here,48,0.25,0.5454545454545454
13167,rock,impact,49,0.25,0.5555555555555556
13168,rock,impatient,50,0.25,0.4
13169,rock,indecisive,51,0.25,0.4
13170,rock,just,52,0.25,0.4
13171,rock,assenting,52,0.125,0.5555555555555556
13172,rock,with,52,NA,NA
13173,rock,tongue,52,0.16666666666666666,0.6153846153846154
13174,rock,knock,53,0.16666666666666666,0.7619047619047619
13175,rock,knocking,54,0.16666666666666666,0.47058823529411764
13176,rock,knonk,55,NA,NA
13177,rock,on,55,0.25,0.4
13178,rock,wood,55,0.25,0.8
13179,rock,knuckle,56,0.16666666666666666,0.2857142857142857
13180,rock,like,57,0.25,0.4
13181,rock,playing,57,0.3333333333333333,0.7058823529411765
13182,rock,music,57,0.25,0.7692307692307693
13183,rock,lock,58,0.3333333333333333,0.6666666666666666
13184,rock,men’s,59,NA,NA
13185,rock,plum,59,0.25,0.5882352941176471
13186,rock,men’s,60,NA,NA
13187,rock,low,60,0.25,0.5714285714285714
13188,rock,sound,60,0.25,0.6153846153846154
13189,rock,men’s,61,NA,NA
13190,rock,plu,61,NA,NA
13191,rock,mouth,62,0.2,0.631578947368421
13192,rock,movement,62,0.3333333333333333,0.8888888888888888
13193,rock,mouth,63,0.2,0.631578947368421
13194,rock,sound,63,0.25,0.6153846153846154
13195,rock,not,64,0.25,0.4
13196,rock,nothing?,65,NA,NA
13197,rock,okay,66,0.25,0.42857142857142855
13198,rock,opened,67,0.25,0.4
13199,rock,ping,68,0.16666666666666666,0.47058823529411764
13200,rock,pong,68,0.07142857142857142,0.2857142857142857
13201,rock,pop,69,0.3333333333333333,0.875
13202,rock,puac,70,NA,NA
13203,rock,putting,71,0.3333333333333333,0.6363636363636364
13204,rock,something,71,NA,NA
13205,rock,down,71,0.25,0.8571428571428571
13206,rock,rhythm,72,0.14285714285714285,0.5714285714285714
13207,rock,raindrop,73,0.1,0.2857142857142857
13208,rock,reverb,74,NA,NA
13209,rock,sound,75,0.25,0.6153846153846154
13210,rock,sex,76,0.14285714285714285,0.3333333333333333
13211,rock,smack,77,0.25,0.7619047619047619
13212,rock,sound,78,0.25,0.6153846153846154
13213,rock,sticks,79,0.2,0.631578947368421
13214,rock,stomping,80,0.16666666666666666,0.2857142857142857
13215,rock,stop,81,0.25,0.625
13216,rock,strange,82,0.25,0.4
13217,rock,sound,82,0.25,0.6153846153846154
13218,rock,talking,83,0.14285714285714285,0.5333333333333333
13219,rock,thud,84,0.16666666666666666,0.47058823529411764
13220,rock,sound,84,0.25,0.6153846153846154
13221,rock,thump,85,0.25,0.7619047619047619
13222,rock,tick,86,0.16666666666666666,0.5714285714285714
13223,rock,ticking,87,0.16666666666666666,0.6153846153846154
13224,rock,time,88,0.16666666666666666,0.47058823529411764
13225,rock,tired,89,0.25,0.4
13226,rock,to,90,NA,NA
13227,rock,snap,90,0.25,0.8421052631578947
13228,rock,to,91,NA,NA
13229,rock,snape,91,NA,NA
13230,rock,tock,92,NA,NA
13231,rock,tongue,93,0.16666666666666666,0.6153846153846154
13232,rock,tongue,94,0.16666666666666666,0.6153846153846154
13233,rock,click,94,0.25,0.5263157894736842
13234,rock,tongue,95,0.16666666666666666,0.6153846153846154
13235,rock,noise,95,0.16666666666666666,0.5333333333333333
13236,rock,tounge,96,NA,NA
13237,rock,click,96,0.25,0.5263157894736842
13238,rock,tum,97,0.09090909090909091,0.2857142857142857
13239,rock,uncorking,98,0.2,0.3333333333333333
13240,rock,wood,99,0.25,0.8
13241,rock,yes,100,0.08333333333333333,0.35294117647058826
13242,rock,adults,101,0.25,0.7058823529411765
13243,rock,talking,101,0.14285714285714285,0.5333333333333333
13244,rock,child,101,0.25,0.7058823529411765
13245,rock,agree,102,0.25,0.4
13246,rock,agreed,103,0.25,0.4
13247,rock,agreement,104,0.125,0.5882352941176471
13248,rock,and,105,NA,NA
13249,rock,animal,106,0.25,0.75
13250,rock,attention,107,0.125,0.631578947368421
13251,rock,baby,108,0.25,0.7058823529411765
13252,rock,sound,108,0.25,0.6153846153846154
13253,rock,bang,109,0.25,0.625
13254,rock,barking,110,0.2,0.3333333333333333
13255,rock,bass,111,0.25,0.625
13256,rock,bassy,112,NA,NA
13257,rock,pang,112,0.1111111111111111,0.3157894736842105
13258,rock,be,113,0.25,0.5333333333333333
13259,rock,strong,113,0.25,0.4
13260,rock,beap,114,NA,NA
13261,rock,beat,115,0.3333333333333333,0.8
13262,rock,beatbox,116,NA,NA
13263,rock,bell,117,0.16666666666666666,0.631578947368421
13264,rock,big,118,0.25,0.4
13265,rock,accident,118,0.1111111111111111,0.5
13266,rock,bird,119,0.16666666666666666,0.631578947368421
13267,rock,blow,120,0.3333333333333333,0.8
13268,rock,bomb,121,0.25,0.5714285714285714
13269,rock,bonk,122,0.16666666666666666,0.2857142857142857
13270,rock,boom,123,0.25,0.5
13271,rock,bored,124,0.25,0.4
13272,rock,boring,125,0.25,0.5263157894736842
13273,rock,bottle,126,0.25,0.5333333333333333
13274,rock,bottle,127,0.25,0.5333333333333333
13275,rock,opening,127,0.25,0.8421052631578947
13276,rock,"bottle,",128,NA,NA
13277,rock,opening,128,0.25,0.8421052631578947
13278,rock,bow,129,0.2,0.8
13279,rock,shot,129,0.25,0.7619047619047619
13280,rock,bubble,130,0.2,0.6153846153846154
13281,rock,pop,130,0.3333333333333333,0.875
13282,rock,bump,131,0.25,0.4444444444444444
13283,rock,calm,132,0.25,0.4
13284,rock,funny,132,0.25,0.42857142857142855
13285,rock,sound,132,0.25,0.6153846153846154
13286,rock,check,133,0.25,0.6666666666666666
13287,rock,cherry,134,0.25,0.75
13288,rock,on,134,0.25,0.4
13289,rock,top,134,0.25,0.6153846153846154
13290,rock,child,135,0.25,0.7058823529411765
13291,rock,chuk,136,NA,NA
13292,rock,clack,137,0.2,0.47058823529411764
13293,rock,clacking,138,0.2,0.3333333333333333
13294,rock,click,139,0.25,0.5263157894736842
13295,rock,click,140,0.25,0.5263157894736842
13296,rock,tongue,140,0.16666666666666666,0.6153846153846154
13297,rock,clicking,141,0.25,0.4
13298,rock,clicking,142,0.25,0.4
13299,rock,sound,142,0.25,0.6153846153846154
13300,rock,clicking,143,0.25,0.4
13301,rock,tongue,143,0.16666666666666666,0.6153846153846154
13302,rock,clo,144,NA,NA
13303,rock,clock,145,0.1111111111111111,0.47058823529411764
13304,rock,clock,146,0.1111111111111111,0.47058823529411764
13305,rock,hand,146,0.2,0.6
13306,rock,clock,147,0.1111111111111111,0.47058823529411764
13307,rock,tick,147,0.16666666666666666,0.5714285714285714
13308,rock,clock,148,0.1111111111111111,0.47058823529411764
13309,rock,ticking,148,0.16666666666666666,0.6153846153846154
13310,rock,clocking,149,0.1111111111111111,0.2857142857142857
13311,rock,clocking,150,0.1111111111111111,0.2857142857142857
13312,rock,mouth,150,0.2,0.631578947368421
13313,rock,clok,151,NA,NA
13314,rock,clonk,152,NA,NA
13315,rock,clop,153,0.16666666666666666,0.47058823529411764
13316,rock,clu,154,NA,NA
13317,rock,cluc,155,NA,NA
13318,rock,cluck,156,0.2,0.4444444444444444
13319,rock,clucking,157,0.2,0.4444444444444444
13320,rock,cluh,158,NA,NA
13321,rock,clumk,159,NA,NA
13322,rock,clunk,160,0.16666666666666666,0.47058823529411764
13323,rock,clunking,161,0.16666666666666666,0.47058823529411764
13324,rock,clup,162,NA,NA
13325,rock,coin,163,0.16666666666666666,0.2857142857142857
13326,rock,come,164,0.25,0.5333333333333333
13327,rock,congratulations,165,0.125,0.5882352941176471
13328,rock,cuc,166,NA,NA
13329,rock,cue,167,0.125,0.5333333333333333
13330,rock,darn,168,0.14285714285714285,0.5333333333333333
13331,rock,decisiveness,169,0.1111111111111111,0.3076923076923077
13332,rock,deep,170,0.25,0.5
13333,rock,drum,170,0.16666666666666666,0.5333333333333333
13334,rock,deep,171,0.25,0.5
13335,rock,sound,171,0.25,0.6153846153846154
13336,rock,deep,172,0.25,0.5
13337,rock,talk,172,0.14285714285714285,0.5555555555555556
13338,rock,deep,173,0.25,0.5
13339,rock,vocal,173,0.25,0.7142857142857143
13340,rock,sing,173,0.2,0.3333333333333333
13341,rock,demonstrating,174,0.2,0.3333333333333333
13342,rock,deny,175,0.25,0.4
13343,rock,disagreement,176,0.125,0.5882352941176471
13344,rock,distracted,177,0.25,0.4
13345,rock,do,178,0.25,0.5333333333333333
13346,rock,know,178,0.25,0.4
13347,rock,dom,179,NA,NA
13348,rock,tka,179,NA,NA
13349,rock,don't,180,NA,NA
13350,rock,know,180,0.25,0.4
13351,rock,done,181,0.25,0.4
13352,rock,dont,182,NA,NA
13353,rock,know,182,0.25,0.4
13354,rock,doom,183,0.2,0.47058823529411764
13355,rock,doom,184,0.2,0.47058823529411764
13356,rock,string,184,0.25,0.8
13357,rock,pluck,184,0.25,0.5555555555555556
13358,rock,door,185,0.16666666666666666,0.6153846153846154
13359,rock,door,186,0.16666666666666666,0.6153846153846154
13360,rock,close,186,0.25,0.6666666666666666
13361,rock,drink,187,0.2,0.625
13362,rock,drip,188,0.25,0.5714285714285714
13363,rock,dripping,189,0.25,0.47058823529411764
13364,rock,dripping,190,0.25,0.47058823529411764
13365,rock,tap,190,0.2,0.5882352941176471
13366,rock,drop,191,0.3333333333333333,0.7
13367,rock,drop,192,0.3333333333333333,0.7
13368,rock,of,192,NA,NA
13369,rock,water,192,0.2,0.75
13370,rock,dropped,193,0.3333333333333333,0.4
13371,rock,in,193,0.25,0.5333333333333333
13372,rock,water,193,0.2,0.75
13373,rock,drum,194,0.16666666666666666,0.5333333333333333
13374,rock,drum,195,0.16666666666666666,0.5333333333333333
13375,rock,beat,195,0.3333333333333333,0.8
13376,rock,drum,196,0.16666666666666666,0.5333333333333333
13377,rock,like,196,0.25,0.4
13378,rock,sound,196,0.25,0.6153846153846154
13379,rock,drum,197,0.16666666666666666,0.5333333333333333
13380,rock,sound,197,0.25,0.6153846153846154
13381,rock,drumbeat,198,0.14285714285714285,0.5
13382,rock,drums,199,0.16666666666666666,0.5333333333333333
13383,rock,dum,200,NA,NA
13384,rock,dumgo,201,NA,NA
13385,rock,dumk,202,NA,NA
13386,rock,dump,203,0.25,0.5333333333333333
13387,rock,dunk,204,0.16666666666666666,0.5
13388,rock,end,205,0.25,0.6666666666666666
13389,rock,enough,206,0.25,0.4
13390,rock,said,206,0.25,0.4
13391,rock,explain,207,0.16666666666666666,0.2857142857142857
13392,rock,",",207,NA,NA
13393,rock,saying,207,0.25,0.5714285714285714
13394,rock,hi,207,0.1111111111111111,0.42857142857142855
13395,rock,explosion,208,0.16666666666666666,0.7368421052631579
13396,rock,fall,209,0.25,0.5333333333333333
13397,rock,fall,210,0.25,0.5333333333333333
13398,rock,down,210,0.25,0.8571428571428571
13399,rock,"fall,",211,NA,NA
13400,rock,"strike,",211,NA,NA
13401,rock,batter,211,0.2,0.6
13402,rock,falling,212,0.25,0.4
13403,rock,falling,213,0.25,0.4
13404,rock,and,213,NA,NA
13405,rock,hitting,213,0.3333333333333333,0.5882352941176471
13406,rock,flick,214,0.3333333333333333,0.5714285714285714
13407,rock,funny,215,0.25,0.42857142857142855
13408,rock,gallop,216,0.16666666666666666,0.6666666666666666
13409,rock,galoping,217,NA,NA
13410,rock,glass,218,0.2,0.5714285714285714
13411,rock,going,219,0.25,0.6666666666666666
13412,rock,over,219,0.25,0.4
13413,rock,a,219,0.14285714285714285,0.6666666666666666
13414,rock,soeed,219,NA,NA
13415,rock,bump,219,0.25,0.4444444444444444
13416,rock,good,220,0.25,0.6666666666666666
13417,rock,greeting,221,0.25,0.46153846153846156
13418,rock,gulp,222,0.16666666666666666,0.2857142857142857
13419,rock,heartbeat,223,0.1,0.47058823529411764
13420,rock,heavy,224,0.25,0.6
13421,rock,blow,224,0.3333333333333333,0.8
13422,rock,heavy,225,0.25,0.6
13423,rock,things,225,0.2,0.7058823529411765
13424,rock,here,226,0.25,0.5454545454545454
13425,rock,hiccup,227,0.2,0.3333333333333333
13426,rock,hit,228,0.3333333333333333,0.7
13427,rock,hitting,229,0.3333333333333333,0.5882352941176471
13428,rock,hitting,230,0.3333333333333333,0.5882352941176471
13429,rock,solid,230,0.25,0.6
13430,rock,wall,230,0.2,0.6153846153846154
13431,rock,hitting,231,0.3333333333333333,0.5882352941176471
13432,rock,something,231,NA,NA
13433,rock,hitting,232,0.3333333333333333,0.5882352941176471
13434,rock,the,232,NA,NA
13435,rock,ground,232,0.3333333333333333,0.8571428571428571
13436,rock,home,233,0.25,0.5714285714285714
13437,rock,horse,234,0.14285714285714285,0.5333333333333333
13438,rock,horse,235,0.14285714285714285,0.5333333333333333
13439,rock,galloping,235,0.16666666666666666,0.2857142857142857
13440,rock,horse,236,0.14285714285714285,0.5333333333333333
13441,rock,step,236,0.25,0.7
13442,rock,house,237,0.2,0.5714285714285714
13443,rock,huh,238,NA,NA
13444,rock,hummig,239,NA,NA
13445,rock,i,240,0.25,0.5714285714285714
13446,rock,dont,240,NA,NA
13447,rock,know,240,0.25,0.4
13448,rock,"imitating,",241,NA,NA
13449,rock,drum,241,0.16666666666666666,0.5333333333333333
13450,rock,impact,242,0.25,0.5555555555555556
13451,rock,sound,242,0.25,0.6153846153846154
13452,rock,irritation,243,0.1,0.5263157894736842
13453,rock,jazz,244,0.3333333333333333,0.875
13454,rock,jump,245,0.25,0.7
13455,rock,kid,246,0.2,0.6666666666666666
13456,rock,playing,246,0.3333333333333333,0.7058823529411765
13457,rock,mouth,246,0.2,0.631578947368421
13458,rock,kid,247,0.2,0.6666666666666666
13459,rock,playing,247,0.3333333333333333,0.7058823529411765
13460,rock,sound,247,0.25,0.6153846153846154
13461,rock,kid,248,0.2,0.6666666666666666
13462,rock,playing,248,0.3333333333333333,0.7058823529411765
13463,rock,with,248,NA,NA
13464,rock,mouth,248,0.2,0.631578947368421
13465,rock,klack,249,NA,NA
13466,rock,klick,250,0.09090909090909091,0.26666666666666666
13467,rock,klock,251,NA,NA
13468,rock,knock,252,0.16666666666666666,0.7619047619047619
13469,rock,knock,253,0.16666666666666666,0.7619047619047619
13470,rock,and,253,NA,NA
13471,rock,echo,253,0.2,0.5555555555555556
13472,rock,knock,254,0.16666666666666666,0.7619047619047619
13473,rock,on,254,0.25,0.4
13474,rock,wood,254,0.25,0.8
13475,rock,kuk,255,NA,NA
13476,rock,light,256,0.25,0.6666666666666666
13477,rock,lightning,257,0.1,0.47058823529411764
13478,rock,little,258,0.25,0.4
13479,rock,explosion,258,0.16666666666666666,0.7368421052631579
13480,rock,little,259,0.25,0.4
13481,rock,noise,259,0.16666666666666666,0.5333333333333333
13482,rock,loud,260,0.25,0.4
13483,rock,lound,261,NA,NA
13484,rock,noise,261,0.16666666666666666,0.5333333333333333
13485,rock,making,262,0.25,0.5882352941176471
13486,rock,a,262,0.14285714285714285,0.6666666666666666
13487,rock,sound,262,0.25,0.6153846153846154
13488,rock,male,263,0.25,0.7058823529411765
13489,rock,sound,263,0.25,0.6153846153846154
13490,rock,maybe,264,0.25,0.4
13491,rock,metal,265,0.25,0.5714285714285714
13492,rock,hitting,265,0.3333333333333333,0.5882352941176471
13493,rock,floor,265,0.16666666666666666,0.6153846153846154
13494,rock,minute,266,0.25,0.4
13495,rock,mouse,267,0.25,0.7058823529411765
13496,rock,mouth,268,0.2,0.631578947368421
13497,rock,click,268,0.25,0.5263157894736842
13498,rock,mouth,269,0.2,0.631578947368421
13499,rock,noise,269,0.16666666666666666,0.5333333333333333
13500,rock,mouth,270,0.2,0.631578947368421
13501,rock,sound,270,0.25,0.6153846153846154
13502,rock,munching,271,0.1,0.18181818181818182
13503,rock,music,272,0.25,0.7692307692307693
13504,rock,notice,273,0.25,0.5555555555555556
13505,rock,me,273,0.09090909090909091,0.375
13506,rock,nudge,274,0.25,0.5555555555555556
13507,rock,nut,275,0.2,0.631578947368421
13508,rock,object,276,0.25,0.6666666666666666
13509,rock,drop,276,0.3333333333333333,0.7
13510,rock,object,277,0.25,0.6666666666666666
13511,rock,hitting,277,0.3333333333333333,0.5882352941176471
13512,rock,ground,277,0.3333333333333333,0.8571428571428571
13513,rock,obliging,278,0.25,0.4
13514,rock,one,279,0.25,0.4
13515,rock,drum,279,0.16666666666666666,0.5333333333333333
13516,rock,one,280,0.25,0.4
13517,rock,horse,280,0.14285714285714285,0.5333333333333333
13518,rock,step,280,0.25,0.7
13519,rock,pig,281,0.2,0.6
13520,rock,ping,282,0.16666666666666666,0.47058823529411764
13521,rock,pong,282,0.07142857142857142,0.2857142857142857
13522,rock,pitching,283,0.5,0.9473684210526315
13523,rock,the,283,NA,NA
13524,rock,tounge,283,NA,NA
13525,rock,play,284,0.3333333333333333,0.7368421052631579
13526,rock,playing,285,0.3333333333333333,0.7058823529411765
13527,rock,playing,286,0.3333333333333333,0.7058823529411765
13528,rock,ping,286,0.16666666666666666,0.47058823529411764
13529,rock,pong,286,0.07142857142857142,0.2857142857142857
13530,rock,plock,287,NA,NA
13531,rock,plop,288,0.25,0.4444444444444444
13532,rock,pop,289,0.3333333333333333,0.875
13533,rock,ptttck,290,NA,NA
13534,rock,puff,291,0.25,0.5714285714285714
13535,rock,disappeared,291,0.25,0.4
13536,rock,punch,292,0.2,0.7619047619047619
13537,rock,raindrop,293,0.1,0.2857142857142857
13538,rock,rebound,294,0.2,0.5555555555555556
13539,rock,rock,295,1.0,1.0
13540,rock,rounded,296,0.25,0.4
13541,rock,click,296,0.25,0.5263157894736842
13542,rock,rumble,297,0.2,0.5263157894736842
13543,rock,saying,298,0.25,0.5714285714285714
13544,rock,no,298,0.25,0.5714285714285714
13545,rock,scary,299,0.25,0.4
13546,rock,noise,299,0.16666666666666666,0.5333333333333333
13547,rock,score,300,0.2,0.625
13548,rock,scorn,301,0.16666666666666666,0.46153846153846156
13549,rock,second,302,0.25,0.6
13550,rock,see,303,0.25,0.4
13551,rock,short,304,0.25,0.5263157894736842
13552,rock,sigh,305,0.2,0.5714285714285714
13553,rock,sing,306,0.2,0.3333333333333333
13554,rock,sink,307,0.3333333333333333,0.5714285714285714
13555,rock,slam,308,0.2,0.4444444444444444
13556,rock,smack,309,0.25,0.7619047619047619
13557,rock,smacking,310,0.2,0.7619047619047619
13558,rock,small,311,0.25,0.4
13559,rock,explosion,311,0.16666666666666666,0.7368421052631579
13560,rock,smash,312,0.25,0.6086956521739131
13561,rock,teeth,312,0.14285714285714285,0.5714285714285714
13562,rock,snap,313,0.25,0.8421052631578947
13563,rock,snorr,314,NA,NA
13564,rock,solution,315,0.2,0.6
13565,rock,something,316,NA,NA
13566,rock,dropped,316,0.3333333333333333,0.4
13567,rock,into,316,NA,NA
13568,rock,water,316,0.2,0.75
13569,rock,sound,317,0.25,0.6153846153846154
13570,rock,special,318,0.25,0.6666666666666666
13571,rock,effect,318,0.2,0.46153846153846156
13572,rock,starting,319,0.25,0.5555555555555556
13573,rock,step,320,0.25,0.7
13574,rock,stepping,321,0.25,0.3333333333333333
13575,rock,stop,322,0.25,0.625
13576,rock,swallowing,323,0.2,0.3333333333333333
13577,rock,words,323,0.16666666666666666,0.6153846153846154
13578,rock,talking,324,0.14285714285714285,0.5333333333333333
13579,rock,normal,324,0.25,0.4
13580,rock,tcho,325,NA,NA
13581,rock,testing,326,0.2,0.5263157894736842
13582,rock,the,327,NA,NA
13583,rock,horse,327,0.14285714285714285,0.5333333333333333
13584,rock,step,327,0.25,0.7
13585,rock,think,328,0.25,0.4
13586,rock,thinking,329,0.25,0.4
13587,rock,thirst,330,0.2,0.3333333333333333
13588,rock,thud,331,0.16666666666666666,0.47058823529411764
13589,rock,thump,332,0.25,0.7619047619047619
13590,rock,thunder,333,0.25,0.4444444444444444
13591,rock,ticking,334,0.16666666666666666,0.6153846153846154
13592,rock,clock,334,0.1111111111111111,0.47058823529411764
13593,rock,tko,335,0.14285714285714285,0.7272727272727273
13594,rock,toc,336,NA,NA
13595,rock,tock,337,NA,NA
13596,rock,tok,338,NA,NA
13597,rock,tom,339,0.2,0.6666666666666666
13598,rock,ker,339,0.25,0.4
13599,rock,(like,339,NA,NA
13600,rock,a,339,0.14285714285714285,0.6666666666666666
13601,rock,drum,339,0.16666666666666666,0.5333333333333333
13602,rock,beat),339,NA,NA
13603,rock,tong,340,NA,NA
13604,rock,click,340,0.25,0.5263157894736842
13605,rock,tonge,341,NA,NA
13606,rock,clicking,341,0.25,0.4
13607,rock,tongue,342,0.16666666666666666,0.6153846153846154
13608,rock,clacking,342,0.2,0.3333333333333333
13609,rock,tongue,343,0.16666666666666666,0.6153846153846154
13610,rock,click,343,0.25,0.5263157894736842
13611,rock,tongue,344,0.16666666666666666,0.6153846153846154
13612,rock,clicking,344,0.25,0.4
13613,rock,tongue,345,0.16666666666666666,0.6153846153846154
13614,rock,clucking,345,0.2,0.4444444444444444
13615,rock,tongue,346,0.16666666666666666,0.6153846153846154
13616,rock,hitting,346,0.3333333333333333,0.5882352941176471
13617,rock,palate,346,0.1,0.4
13618,rock,tongue,347,0.16666666666666666,0.6153846153846154
13619,rock,hittinh,347,NA,NA
13620,rock,palate,347,0.1,0.4
13621,rock,tongue,348,0.16666666666666666,0.6153846153846154
13622,rock,noise,348,0.16666666666666666,0.5333333333333333
13623,rock,tongue,349,0.16666666666666666,0.6153846153846154
13624,rock,on,349,0.25,0.4
13625,rock,the,349,NA,NA
13626,rock,palate,349,0.1,0.4
13627,rock,tongue,350,0.16666666666666666,0.6153846153846154
13628,rock,pop,350,0.3333333333333333,0.875
13629,rock,tongue,351,0.16666666666666666,0.6153846153846154
13630,rock,snap,351,0.25,0.8421052631578947
13631,rock,too,352,0.25,0.4
13632,rock,toomk,353,NA,NA
13633,rock,touch,354,0.25,0.625
13634,rock,toung,355,NA,NA
13635,rock,train,356,0.2,0.5714285714285714
13636,rock,going,356,0.25,0.6666666666666666
13637,rock,slowly,356,0.25,0.4
13638,rock,trot,357,0.2,0.7
13639,rock,tuc,358,NA,NA
13640,rock,tum,359,0.09090909090909091,0.2857142857142857
13641,rock,ku,359,NA,NA
13642,rock,tum-gh,360,NA,NA
13643,rock,tumbling,361,0.25,0.5
13644,rock,tumm,362,NA,NA
13645,rock,tung,363,0.1,0.5714285714285714
13646,rock,tunk,364,NA,NA
13647,rock,tunklu,365,NA,NA
13648,rock,twang,366,0.2,0.47058823529411764
13649,rock,ugh,367,NA,NA
13650,rock,unfortunately,368,0.25,0.4
13651,rock,unsure,369,0.25,0.4
13652,rock,vanish,370,0.25,0.4
13653,rock,vocal,371,0.25,0.7142857142857143
13654,rock,stimming,371,NA,NA
13655,rock,walk,372,0.2,0.7
13656,rock,watch,373,0.25,0.5714285714285714
13657,rock,water,374,0.2,0.75
13658,rock,water,375,0.2,0.75
13659,rock,drop,375,0.3333333333333333,0.7
13660,rock,well,376,0.25,0.6153846153846154
13661,rock,what´s,377,NA,NA
13662,rock,up,377,0.25,0.4
13663,rock,whimsical,378,0.25,0.4
13664,rock,xok,379,NA,NA
13665,rock,xxo,380,NA,NA
13666,rock,yes,381,0.08333333333333333,0.35294117647058826
13667,rock,you,382,NA,NA
13668,rock,,383,0.125,0.5714285714285714
13669,sharp,asmr,1,NA,NA
13670,sharp,action,2,0.16666666666666666,0.631578947368421
13671,sharp,alert,3,0.3333333333333333,0.5
13672,sharp,asmr,4,NA,NA
13673,sharp,breath,5,0.125,0.4
13674,sharp,baby,6,0.16666666666666666,0.4444444444444444
13675,sharp,baby,7,0.16666666666666666,0.4444444444444444
13676,sharp,cry,7,0.25,0.42857142857142855
13677,sharp,beep,8,0.2,0.3333333333333333
13678,sharp,bergh,9,NA,NA
13679,sharp,bip,10,NA,NA
13680,sharp,blow,11,0.3333333333333333,0.5
13681,sharp,blow,12,0.3333333333333333,0.5
13682,sharp,air,12,0.3333333333333333,0.5
13683,sharp,blowing,13,0.3333333333333333,0.5
13684,sharp,blowing,14,0.3333333333333333,0.5
13685,sharp,air,14,0.3333333333333333,0.5
13686,sharp,blowing,15,0.3333333333333333,0.5
13687,sharp,smoke,15,0.25,0.46153846153846156
13688,sharp,break,16,0.3333333333333333,0.5
13689,sharp,breaking,17,0.3333333333333333,0.5
13690,sharp,burning,18,0.3333333333333333,0.5
13691,sharp,sensation,18,0.1111111111111111,0.42105263157894735
13692,sharp,crying,19,0.3333333333333333,0.5
13693,sharp,call,20,0.3333333333333333,0.6
13694,sharp,calling,21,0.3333333333333333,0.5
13695,sharp,someone,21,0.14285714285714285,0.47058823529411764
13696,sharp,captured,22,0.25,0.4
13697,sharp,cat,23,0.2,0.6
13698,sharp,hissing,23,0.25,0.4
13699,sharp,cat,24,0.2,0.6
13700,sharp,meow,24,0.25,0.4
13701,sharp,check,25,0.3333333333333333,0.5263157894736842
13702,sharp,chicken,26,0.3333333333333333,0.5
13703,sharp,child,27,0.125,0.4444444444444444
13704,sharp,clashed,28,0.25,0.4
13705,sharp,close,29,0.3333333333333333,0.5333333333333333
13706,sharp,come,30,0.3333333333333333,0.5
13707,sharp,here,30,0.3333333333333333,0.5
13708,sharp,complain,31,0.3333333333333333,0.5
13709,sharp,cry,32,0.25,0.42857142857142855
13710,sharp,danger,33,0.16666666666666666,0.35294117647058826
13711,sharp,despise,34,0.2,0.3333333333333333
13712,sharp,dolphin,35,0.05555555555555555,0.3076923076923077
13713,sharp,don't,36,NA,NA
13714,sharp,know,36,0.3333333333333333,0.5
13715,sharp,door,37,0.125,0.5882352941176471
13716,sharp,closing,37,0.3333333333333333,0.5333333333333333
13717,sharp,duck,38,0.25,0.5882352941176471
13718,sharp,eeeek,39,NA,NA
13719,sharp,eww,40,NA,NA
13720,sharp,exhale,41,0.25,0.4
13721,sharp,exhausted,42,0.3333333333333333,0.5
13722,sharp,falling,43,0.3333333333333333,0.5
13723,sharp,fast,44,0.3333333333333333,0.5
13724,sharp,fear,45,0.3333333333333333,0.5
13725,sharp,fighting,46,0.3333333333333333,0.5
13726,sharp,fuuou,47,NA,NA
13727,sharp,gun,48,0.2,0.6666666666666666
13728,sharp,cocking,48,0.2,0.3333333333333333
13729,sharp,back,48,0.3333333333333333,0.631578947368421
13730,sharp,hello,49,0.1111111111111111,0.4
13731,sharp,hey,50,NA,NA
13732,sharp,high,51,0.3333333333333333,0.6
13733,sharp,pitched,51,0.3333333333333333,0.5
13734,sharp,voice,51,0.25,0.5
13735,sharp,hihat,52,NA,NA
13736,sharp,hissing,53,0.25,0.4
13737,sharp,honk,54,0.25,0.4
13738,sharp,horn,55,0.16666666666666666,0.6666666666666666
13739,sharp,human,56,0.3333333333333333,0.5
13740,sharp,,56,0.1111111111111111,0.36363636363636365
13741,sharp,high,56,0.3333333333333333,0.6
13742,sharp,sound,56,0.3333333333333333,0.5
13743,sharp,i,57,0.3333333333333333,0.5
13744,sharp,dont,57,NA,NA
13745,sharp,know,57,0.3333333333333333,0.5
13746,sharp,ignorant,58,0.3333333333333333,0.5
13747,sharp,iii,59,0.3333333333333333,0.5
13748,sharp,kill,60,0.3333333333333333,0.5
13749,sharp,maybe,61,0.3333333333333333,0.5
13750,sharp,men’s,62,NA,NA
13751,sharp,,62,0.1111111111111111,0.36363636363636365
13752,sharp,whoosh,62,0.25,0.4
13753,sharp,mosquito,63,0.07142857142857142,0.36363636363636365
13754,sharp,mouth,64,0.25,0.5882352941176471
13755,sharp,mouth,65,0.25,0.5882352941176471
13756,sharp,sound,65,0.3333333333333333,0.5
13757,sharp,baby,65,0.16666666666666666,0.4444444444444444
13758,sharp,my,66,NA,NA
13759,sharp,love,66,0.3333333333333333,0.5
13760,sharp,nervous,67,0.3333333333333333,0.5
13761,sharp,nonsense,68,0.3333333333333333,0.5882352941176471
13762,sharp,not,69,0.3333333333333333,0.5
13763,sharp,good,69,0.3333333333333333,0.625
13764,sharp,not,70,0.3333333333333333,0.5
13765,sharp,sure,70,0.3333333333333333,0.5
13766,sharp,nouth,71,NA,NA
13767,sharp,sound,71,0.3333333333333333,0.5
13768,sharp,old,72,0.3333333333333333,0.5
13769,sharp,furniture,72,0.14285714285714285,0.6666666666666666
13770,sharp,from,72,NA,NA
13771,sharp,a,72,0.1,0.35294117647058826
13772,sharp,horror,72,0.2,0.3333333333333333
13773,sharp,movie,72,0.1111111111111111,0.5555555555555556
13774,sharp,opening,73,0.3333333333333333,0.625
13775,sharp,a,73,0.1,0.35294117647058826
13776,sharp,soda,73,0.09090909090909091,0.2222222222222222
13777,sharp,pain,74,0.16666666666666666,0.4
13778,sharp,person,75,0.14285714285714285,0.47058823529411764
13779,sharp,feels,75,0.3333333333333333,0.5
13780,sharp,exhausted,75,0.3333333333333333,0.5
13781,sharp,phew,76,NA,NA
13782,sharp,pinched,77,0.3333333333333333,0.5
13783,sharp,sound,77,0.3333333333333333,0.5
13784,sharp,play,78,0.3333333333333333,0.5333333333333333
13785,sharp,playing,79,0.3333333333333333,0.5
13786,sharp,presence,80,0.125,0.3
13787,sharp,pronunciation,81,0.125,0.42857142857142855
13788,sharp,reactions,82,0.125,0.26666666666666666
13789,sharp,relief,83,0.125,0.5
13790,sharp,shuuuuu!,84,NA,NA
13791,sharp,sigh,85,0.25,0.42857142857142855
13792,sharp,sound,86,0.3333333333333333,0.5
13793,sharp,sad,87,0.3333333333333333,0.5
13794,sharp,safe,88,0.3333333333333333,0.631578947368421
13795,sharp,scared,89,0.3333333333333333,0.5
13796,sharp,shock,90,0.25,0.631578947368421
13797,sharp,shooo,91,NA,NA
13798,sharp,shoooh,92,NA,NA
13799,sharp,sigh,93,0.25,0.42857142857142855
13800,sharp,silence,94,0.125,0.2857142857142857
13801,sharp,silence!,95,NA,NA
13802,sharp,sip,96,0.2,0.3333333333333333
13803,sharp,sipping,97,0.2,0.3333333333333333
13804,sharp,slamming,98,0.25,0.4
13805,sharp,door,98,0.125,0.5882352941176471
13806,sharp,smiling,99,0.3333333333333333,0.5
13807,sharp,sneeze,100,0.2,0.3333333333333333
13808,sharp,snicker,101,0.2,0.4
13809,sharp,something,102,NA,NA
13810,sharp,flying,102,0.3333333333333333,0.5
13811,sharp,squeak,103,0.16666666666666666,0.2857142857142857
13812,sharp,squeal,104,0.25,0.4
13813,sharp,startled,105,0.3333333333333333,0.5
13814,sharp,stop,106,0.3333333333333333,0.631578947368421
13815,sharp,strange,107,0.3333333333333333,0.5
13816,sharp,high,107,0.3333333333333333,0.6
13817,sharp,sounds,107,0.3333333333333333,0.5
13818,sharp,sucking,108,0.3333333333333333,0.5
13819,sharp,surprise,109,0.25,0.4
13820,sharp,takeshi,110,NA,NA
13821,sharp,taking,111,0.3333333333333333,0.5
13822,sharp,photo,111,0.1111111111111111,0.5555555555555556
13823,sharp,talking,112,0.16666666666666666,0.4
13824,sharp,tchk!,113,NA,NA
13825,sharp,tease,114,0.2,0.42105263157894735
13826,sharp,teen,115,0.3333333333333333,0.5
13827,sharp,threat,116,0.14285714285714285,0.4444444444444444
13828,sharp,ticket,117,0.16666666666666666,0.5
13829,sharp,tkish,118,NA,NA
13830,sharp,uncomfortable,119,0.3333333333333333,0.5
13831,sharp,venting,120,0.14285714285714285,0.25
13832,sharp,air,120,0.3333333333333333,0.5
13833,sharp,whip,121,0.25,0.631578947368421
13834,sharp,whip,122,0.25,0.631578947368421
13835,sharp,sound,122,0.3333333333333333,0.5
13836,sharp,whistle,123,0.25,0.631578947368421
13837,sharp,whoosh,124,0.25,0.4
13838,sharp,wind,125,0.25,0.631578947368421
13839,sharp,wind,126,0.25,0.631578947368421
13840,sharp,blow,126,0.3333333333333333,0.5
13841,sharp,wind,127,0.25,0.631578947368421
13842,sharp,blowing,127,0.3333333333333333,0.5
13843,sharp,window,128,0.125,0.6
13844,sharp,cleaning,128,0.25,0.4
13845,sharp,air,129,0.3333333333333333,0.5
13846,sharp,airplane,130,0.09090909090909091,0.5454545454545454
13847,sharp,alarm,131,0.14285714285714285,0.6666666666666666
13848,sharp,anger,132,0.25,0.4
13849,sharp,animal,133,0.3333333333333333,0.5
13850,sharp,annoyed,134,0.3333333333333333,0.5
13851,sharp,annoying,135,0.3333333333333333,0.5
13852,sharp,attention,136,0.1111111111111111,0.26666666666666666
13853,sharp,baaa,137,NA,NA
13854,sharp,baby,138,0.16666666666666666,0.4444444444444444
13855,sharp,baby,139,0.16666666666666666,0.4444444444444444
13856,sharp,crying,139,0.3333333333333333,0.5
13857,sharp,balloon,140,0.125,0.5882352941176471
13858,sharp,be,141,0.3333333333333333,0.5
13859,sharp,quiet,141,0.3333333333333333,0.5
13860,sharp,beat,142,0.3333333333333333,0.5
13861,sharp,box,142,0.25,0.6666666666666666
13862,sharp,beatboxing,143,NA,NA
13863,sharp,beep,144,0.2,0.3333333333333333
13864,sharp,beeping,145,0.2,0.3333333333333333
13865,sharp,bird,146,0.2,0.6
13866,sharp,song,146,0.125,0.42857142857142855
13867,sharp,bird,147,0.2,0.6
13868,sharp,sound,147,0.3333333333333333,0.5
13869,sharp,bite,148,0.2,0.42857142857142855
13870,sharp,bless,149,0.2,0.3333333333333333
13871,sharp,you,149,NA,NA
13872,sharp,blow,150,0.3333333333333333,0.5
13873,sharp,blowing,151,0.3333333333333333,0.5
13874,sharp,blowing,152,0.3333333333333333,0.5
13875,sharp,a,152,0.1,0.35294117647058826
13876,sharp,candle,152,0.25,0.6
13877,sharp,blowing,153,0.3333333333333333,0.5
13878,sharp,on,153,0.3333333333333333,0.5
13879,sharp,something,153,NA,NA
13880,sharp,bottle,154,0.2,0.631578947368421
13881,sharp,opening,154,0.3333333333333333,0.625
13882,sharp,braggart,155,0.3333333333333333,0.5
13883,sharp,braking,156,0.25,0.4
13884,sharp,break,157,0.3333333333333333,0.5
13885,sharp,something,157,NA,NA
13886,sharp,breaking,158,0.3333333333333333,0.5
13887,sharp,something,158,NA,NA
13888,sharp,breath,159,0.125,0.4
13889,sharp,breathe,160,0.3333333333333333,0.5
13890,sharp,out,160,0.3333333333333333,0.5
13891,sharp,breathing,161,0.3333333333333333,0.5
13892,sharp,buzzing,162,0.3333333333333333,0.5
13893,sharp,can,163,0.25,0.6666666666666666
13894,sharp,of,163,NA,NA
13895,sharp,soda,163,0.09090909090909091,0.2222222222222222
13896,sharp,can,164,0.25,0.6666666666666666
13897,sharp,opening,164,0.3333333333333333,0.625
13898,sharp,car,165,0.125,0.631578947368421
13899,sharp,alarm,165,0.14285714285714285,0.6666666666666666
13900,sharp,carpet,166,0.25,0.6666666666666666
13901,sharp,catching,167,0.3333333333333333,0.5
13902,sharp,a,167,0.1,0.35294117647058826
13903,sharp,breath,167,0.125,0.4
13904,sharp,caution,168,0.125,0.2857142857142857
13905,sharp,?,168,NA,NA
13906,sharp,chicket,169,NA,NA
13907,sharp,child,170,0.125,0.4444444444444444
13908,sharp,clacking,171,0.25,0.4
13909,sharp,clanking,172,0.3333333333333333,0.5
13910,sharp,clash,173,0.25,0.4
13911,sharp,clashing,174,0.3333333333333333,0.5
13912,sharp,sound,174,0.3333333333333333,0.5
13913,sharp,close,175,0.3333333333333333,0.5333333333333333
13914,sharp,close,176,0.3333333333333333,0.5333333333333333
13915,sharp,box,176,0.25,0.6666666666666666
13916,sharp,close,177,0.3333333333333333,0.5333333333333333
13917,sharp,call,177,0.3333333333333333,0.6
13918,sharp,closing,178,0.3333333333333333,0.5333333333333333
13919,sharp,a,178,0.1,0.35294117647058826
13920,sharp,draw,178,0.3333333333333333,0.5
13921,sharp,cold,179,0.3333333333333333,0.5
13922,sharp,collecting,180,0.3333333333333333,0.5
13923,sharp,oneself,180,NA,NA
13924,sharp,come,181,0.3333333333333333,0.5
13925,sharp,here,181,0.3333333333333333,0.5
13926,sharp,confused,182,0.3333333333333333,0.5
13927,sharp,crack,183,0.3333333333333333,0.5882352941176471
13928,sharp,cracking,184,0.3333333333333333,0.5
13929,sharp,creak,185,0.16666666666666666,0.2857142857142857
13930,sharp,creek,186,0.125,0.4
13931,sharp,cry,187,0.25,0.42857142857142855
13932,sharp,crying,188,0.3333333333333333,0.5
13933,sharp,cut,189,0.3333333333333333,0.5333333333333333
13934,sharp,cutting,190,0.3333333333333333,0.5
13935,sharp,danger,191,0.16666666666666666,0.35294117647058826
13936,sharp,disagree,192,0.3333333333333333,0.5
13937,sharp,disagreement,193,0.125,0.2857142857142857
13938,sharp,disparing,194,NA,NA
13939,sharp,don't,195,NA,NA
13940,sharp,know,195,0.3333333333333333,0.5
13941,sharp,donkey,196,0.08333333333333333,0.3076923076923077
13942,sharp,door,197,0.125,0.5882352941176471
13943,sharp,door,198,0.125,0.5882352941176471
13944,sharp,open,198,0.3333333333333333,0.5
13945,sharp,door,199,0.125,0.5882352941176471
13946,sharp,opening,199,0.3333333333333333,0.625
13947,sharp,doorbell,200,0.09090909090909091,0.5454545454545454
13948,sharp,doubt,201,0.14285714285714285,0.2857142857142857
13949,sharp,draft,202,0.16666666666666666,0.5714285714285714
13950,sharp,draw,203,0.3333333333333333,0.5
13951,sharp,attention,203,0.1111111111111111,0.26666666666666666
13952,sharp,drifting,204,0.3333333333333333,0.5
13953,sharp,dropping,205,0.3333333333333333,0.5
13954,sharp,something,205,NA,NA
13955,sharp,drum,206,0.2,0.631578947368421
13956,sharp,cymbal,206,0.1111111111111111,0.6
13957,sharp,noise,206,0.2,0.4
13958,sharp,eeee,207,NA,NA
13959,sharp,eeeeh,208,NA,NA
13960,sharp,eeeh,209,NA,NA
13961,sharp,eeeiiioooo,210,NA,NA
13962,sharp,eeh,211,NA,NA
13963,sharp,ei!!,212,NA,NA
13964,sharp,euh,213,NA,NA
13965,sharp,exhale,214,0.25,0.4
13966,sharp,exited,215,0.25,0.4
13967,sharp,explosion,216,0.1111111111111111,0.375
13968,sharp,fake,217,0.3333333333333333,0.5
13969,sharp,excitement,217,0.1,0.25
13970,sharp,female,218,0.3333333333333333,0.5
13971,sharp,vocal,218,0.3333333333333333,0.5
13972,sharp,fhuu,219,NA,NA
13973,sharp,fire,220,0.3333333333333333,0.5
13974,sharp,fiu,221,NA,NA
13975,sharp,fly,222,0.3333333333333333,0.6
13976,sharp,flying,223,0.3333333333333333,0.5
13977,sharp,"fright,",224,NA,NA
13978,sharp,worry,224,0.3333333333333333,0.5
13979,sharp,frightened,225,0.3333333333333333,0.5
13980,sharp,frustration,226,0.1111111111111111,0.26666666666666666
13981,sharp,gather,227,0.3333333333333333,0.5263157894736842
13982,sharp,giggle,228,0.2,0.4
13983,sharp,goat,229,0.125,0.4444444444444444
13984,sharp,goofing,230,0.125,0.2222222222222222
13985,sharp,groan,231,0.25,0.42857142857142855
13986,sharp,gun,232,0.2,0.6666666666666666
13987,sharp,gun,233,0.2,0.6666666666666666
13988,sharp,reload,233,0.16666666666666666,0.2857142857142857
13989,sharp,gunshot,234,0.1,0.25
13990,sharp,gust,235,0.08333333333333333,0.2
13991,sharp,of,235,NA,NA
13992,sharp,wind,235,0.25,0.631578947368421
13993,sharp,happy,236,0.3333333333333333,0.5
13994,sharp,help,237,0.25,0.42105263157894735
13995,sharp,here,238,0.3333333333333333,0.5
13996,sharp,hha,239,NA,NA
13997,sharp,hiccups,240,0.25,0.4
13998,sharp,high-pitched,241,0.3333333333333333,0.5
13999,sharp,shout,241,0.25,0.42857142857142855
14000,sharp,hiii,242,NA,NA
14001,sharp,hiiimwooo,243,NA,NA
14002,sharp,hissing,244,0.25,0.4
14003,sharp,hit,245,0.3333333333333333,0.5
14004,sharp,hitting,246,0.3333333333333333,0.5
14005,sharp,holding,247,0.3333333333333333,0.5
14006,sharp,breath,247,0.125,0.4
14007,sharp,honk,248,0.25,0.4
14008,sharp,honking,249,0.25,0.4
14009,sharp,horn,250,0.16666666666666666,0.6666666666666666
14010,sharp,horse,251,0.16666666666666666,0.6
14011,sharp,humm,252,NA,NA
14012,sharp,i,253,0.3333333333333333,0.5
14013,sharp,dont,253,NA,NA
14014,sharp,know,253,0.3333333333333333,0.5
14015,sharp,ihhh,254,NA,NA
14016,sharp,iiih,255,NA,NA
14017,sharp,imitating,256,0.2,0.3333333333333333
14018,sharp,ticking,256,0.2,0.5882352941176471
14019,sharp,indeference,257,NA,NA
14020,sharp,inhale,258,0.25,0.4
14021,sharp,inhaling,259,0.25,0.4
14022,sharp,iuueiee,260,NA,NA
14023,sharp,jau,261,NA,NA
14024,sharp,joy,262,0.3333333333333333,0.5
14025,sharp,kashaw,263,NA,NA
14026,sharp,keep,264,0.3333333333333333,0.5263157894736842
14027,sharp,quiet,264,0.3333333333333333,0.5
14028,sharp,khew,265,NA,NA
14029,sharp,kind,266,0.3333333333333333,0.5
14030,sharp,of,266,NA,NA
14031,sharp,kiss,267,0.25,0.4
14032,sharp,kitten,268,0.16666666666666666,0.4
14033,sharp,moan,268,0.25,0.42857142857142855
14034,sharp,lash,269,0.25,0.7368421052631579
14035,sharp,laugh,270,0.25,0.42857142857142855
14036,sharp,laughter,271,0.125,0.42857142857142855
14037,sharp,lazo,272,NA,NA
14038,sharp,lighter,273,0.3333333333333333,0.6666666666666666
14039,sharp,lighting,274,0.25,0.631578947368421
14040,sharp,matches,274,0.25,0.631578947368421
14041,sharp,listen,275,0.25,0.4
14042,sharp,here,275,0.3333333333333333,0.5
14043,sharp,little,276,0.3333333333333333,0.5
14044,sharp,sound,276,0.3333333333333333,0.5
14045,sharp,look,277,0.3333333333333333,0.5
14046,sharp,making,278,0.3333333333333333,0.5
14047,sharp,a,278,0.1,0.35294117647058826
14048,sharp,sound,278,0.3333333333333333,0.5
14049,sharp,making,279,0.3333333333333333,0.5
14050,sharp,faces,279,0.3333333333333333,0.5882352941176471
14051,sharp,making,280,0.3333333333333333,0.5
14052,sharp,fun,280,0.125,0.42857142857142855
14053,sharp,maybe,281,0.3333333333333333,0.5
14054,sharp,me,282,0.08333333333333333,0.3
14055,sharp,mild,283,0.3333333333333333,0.5
14056,sharp,alerting,283,0.125,0.25
14057,sharp,mmhm,284,NA,NA
14058,sharp,mocking,285,0.3333333333333333,0.5
14059,sharp,mouse,286,0.2,0.631578947368421
14060,sharp,mouse,287,0.2,0.631578947368421
14061,sharp,squek,287,NA,NA
14062,sharp,music,288,0.14285714285714285,0.46153846153846156
14063,sharp,no,289,0.3333333333333333,0.5
14064,sharp,clue,289,0.2,0.46153846153846156
14065,sharp,noise,290,0.2,0.4
14066,sharp,nudge,291,0.2,0.3333333333333333
14067,sharp,open,292,0.3333333333333333,0.5
14068,sharp,open,293,0.3333333333333333,0.5
14069,sharp,can,293,0.25,0.6666666666666666
14070,sharp,soda,293,0.09090909090909091,0.2222222222222222
14071,sharp,opening,294,0.3333333333333333,0.625
14072,sharp,a,294,0.1,0.35294117647058826
14073,sharp,can,294,0.25,0.6666666666666666
14074,sharp,opening,295,0.3333333333333333,0.625
14075,sharp,a,295,0.1,0.35294117647058826
14076,sharp,tin,295,0.16666666666666666,0.6666666666666666
14077,sharp,can,295,0.25,0.6666666666666666
14078,sharp,pay,296,0.25,0.4
14079,sharp,attention,296,0.1111111111111111,0.26666666666666666
14080,sharp,pe,297,0.09090909090909091,0.35294117647058826
14081,sharp,pish,297,NA,NA
14082,sharp,peep,298,0.25,0.4
14083,sharp,peeping,299,0.25,0.4
14084,sharp,pfiu,300,NA,NA
14085,sharp,phew,301,NA,NA
14086,sharp,pheww,302,NA,NA
14087,sharp,phewww,303,NA,NA
14088,sharp,pick,304,0.25,0.7
14089,sharp,playing,305,0.3333333333333333,0.5
14090,sharp,pop,306,0.3333333333333333,0.5
14091,sharp,can,306,0.25,0.6666666666666666
14092,sharp,prick,307,0.2,0.4
14093,sharp,"quick,",308,NA,NA
14094,sharp,gone,308,0.3333333333333333,0.5
14095,sharp,quickly,309,0.3333333333333333,0.5
14096,sharp,quiet,310,0.3333333333333333,0.5
14097,sharp,releaved,311,NA,NA
14098,sharp,relief,312,0.125,0.5
14099,sharp,relieve,313,0.3333333333333333,0.5
14100,sharp,reload,314,0.16666666666666666,0.2857142857142857
14101,sharp,reload,315,0.16666666666666666,0.2857142857142857
14102,sharp,of,315,NA,NA
14103,sharp,gun,315,0.2,0.6666666666666666
14104,sharp,reloading,316,0.16666666666666666,0.2857142857142857
14105,sharp,right,317,0.3333333333333333,0.5
14106,sharp,ring,318,0.25,0.5882352941176471
14107,sharp,sad,319,0.3333333333333333,0.5
14108,sharp,scare,320,0.2,0.3333333333333333
14109,sharp,scared,321,0.3333333333333333,0.5
14110,sharp,schwoop,322,NA,NA
14111,sharp,screech,323,0.2,0.4
14112,sharp,see,324,0.3333333333333333,0.5
14113,sharp,sheu,325,NA,NA
14114,sharp,shhh,326,NA,NA
14115,sharp,shining,327,0.3333333333333333,0.5
14116,sharp,a,327,0.1,0.35294117647058826
14117,sharp,laser,327,0.125,0.631578947368421
14118,sharp,shoot,328,0.25,0.42105263157894735
14119,sharp,shooting,329,0.25,0.4
14120,sharp,shot,330,0.3333333333333333,0.631578947368421
14121,sharp,shots,331,0.125,0.631578947368421
14122,sharp,shshshtsssk,332,NA,NA
14123,sharp,shutter,333,0.25,0.6
14124,sharp,shuuush,334,NA,NA
14125,sharp,shy,335,0.3333333333333333,0.5
14126,sharp,sigh,336,0.25,0.42857142857142855
14127,sharp,sighing,337,0.25,0.4
14128,sharp,signaling,338,0.16666666666666666,0.5
14129,sharp,silencing,339,0.1111111111111111,0.2
14130,sharp,silencing,340,0.1111111111111111,0.2
14131,sharp,someone,340,0.14285714285714285,0.47058823529411764
14132,sharp,sleep,341,0.25,0.4
14133,sharp,slingshot,342,0.125,0.5882352941176471
14134,sharp,small,343,0.3333333333333333,0.5
14135,sharp,small,344,0.3333333333333333,0.5
14136,sharp,animal,344,0.3333333333333333,0.5
14137,sharp,small,345,0.3333333333333333,0.5
14138,sharp,mouse,345,0.2,0.631578947368421
14139,sharp,snap,346,0.25,0.6
14140,sharp,sneaky,347,0.3333333333333333,0.5
14141,sharp,sneeze,348,0.2,0.3333333333333333
14142,sharp,sneezing,349,0.2,0.3333333333333333
14143,sharp,sniper,350,0.09090909090909091,0.38095238095238093
14144,sharp,snorting,351,0.25,0.4
14145,sharp,so,352,0.3333333333333333,0.5
14146,sharp,what,352,NA,NA
14147,sharp,soda,353,0.09090909090909091,0.2222222222222222
14148,sharp,something,354,NA,NA
14149,sharp,dropping,354,0.3333333333333333,0.5
14150,sharp,sorrow,355,0.2,0.3333333333333333
14151,sharp,or,355,0.09090909090909091,0.5
14152,sharp,help,355,0.25,0.42105263157894735
14153,sharp,sound,356,0.3333333333333333,0.5
14154,sharp,sound,357,0.3333333333333333,0.5
14155,sharp,for,357,NA,NA
14156,sharp,kinda,357,0.3333333333333333,0.5
14157,sharp,spark,358,0.25,0.4
14158,sharp,speed,359,0.25,0.4
14159,sharp,squeak,360,0.16666666666666666,0.2857142857142857
14160,sharp,squeek,361,NA,NA
14161,sharp,stapler,362,0.125,0.631578947368421
14162,sharp,stove,363,0.14285714285714285,0.631578947368421
14163,sharp,turning,363,0.25,0.5263157894736842
14164,sharp,on,363,0.3333333333333333,0.5
14165,sharp,stress,364,0.25,0.4
14166,sharp,"strike,",365,NA,NA
14167,sharp,hit,365,0.3333333333333333,0.5
14168,sharp,strong,366,0.3333333333333333,0.5
14169,sharp,blow,366,0.3333333333333333,0.5
14170,sharp,submission,367,0.14285714285714285,0.47058823529411764
14171,sharp,suck,368,0.3333333333333333,0.5
14172,sharp,sucking,369,0.3333333333333333,0.5
14173,sharp,a,369,0.1,0.35294117647058826
14174,sharp,straw,369,0.3333333333333333,0.5
14175,sharp,sudden,370,0.3333333333333333,0.5
14176,sharp,snap,370,0.25,0.6
14177,sharp,surprise,371,0.25,0.4
14178,sharp,surprised,372,0.3333333333333333,0.5
14179,sharp,swallow,373,0.25,0.4
14180,sharp,swish,374,0.3333333333333333,0.5
14181,sharp,swoosh,375,0.2,0.3333333333333333
14182,sharp,t,376,0.1,0.35294117647058826
14183,sharp,chiss,376,NA,NA
14184,sharp,t-kishi,377,NA,NA
14185,sharp,taking,378,0.3333333333333333,0.5
14186,sharp,a,378,0.1,0.35294117647058826
14187,sharp,picture,378,0.16666666666666666,0.5555555555555556
14188,sharp,takish,379,NA,NA
14189,sharp,takishe,380,NA,NA
14190,sharp,tcxi,381,NA,NA
14191,sharp,teasing,382,0.3333333333333333,0.5
14192,sharp,tekes,383,NA,NA
14193,sharp,tekishhhh,384,NA,NA
14194,sharp,tequixe....,385,NA,NA
14195,sharp,thank,386,0.1,0.18181818181818182
14196,sharp,you,386,NA,NA
14197,sharp,the,387,NA,NA
14198,sharp,end,387,0.3333333333333333,0.5555555555555556
14199,sharp,the,388,NA,NA
14200,sharp,kitchen,388,0.1,0.5263157894736842
14201,sharp,thickish,389,NA,NA
14202,sharp,tiiiiii,390,NA,NA
14203,sharp,tikichyn,391,NA,NA
14204,sharp,tikish,392,NA,NA
14205,sharp,tikishi,393,NA,NA
14206,sharp,tiposhi,394,NA,NA
14207,sharp,tired,395,0.3333333333333333,0.5
14208,sharp,tissue,396,0.2,0.3333333333333333
14209,sharp,please,396,0.3333333333333333,0.5
14210,sharp,tk,397,NA,NA
14211,sharp,shhh,397,NA,NA
14212,sharp,tkish,398,NA,NA
14213,sharp,tksh,399,NA,NA
14214,sharp,tkshe,400,NA,NA
14215,sharp,to,401,NA,NA
14216,sharp,brake,401,0.25,0.631578947368421
14217,sharp,to,402,NA,NA
14218,sharp,strike,402,0.3333333333333333,0.5
14219,sharp,tooth,403,0.1111111111111111,0.5555555555555556
14220,sharp,noise,403,0.2,0.4
14221,sharp,touch,404,0.3333333333333333,0.5
14222,sharp,toy,405,0.25,0.6666666666666666
14223,sharp,duck,405,0.25,0.5882352941176471
14224,sharp,train,406,0.25,0.631578947368421
14225,sharp,trumpet,407,0.25,0.5714285714285714
14226,sharp,tsk,408,0.25,0.4
14227,sharp,tsktsk,409,NA,NA
14228,sharp,turkish,410,0.3333333333333333,0.5
14229,sharp,understand,411,0.3333333333333333,0.5
14230,sharp,unlock,412,0.25,0.4
14231,sharp,unlocking,413,0.25,0.4
14232,sharp,something,413,NA,NA
14233,sharp,wait,414,0.3333333333333333,0.5
14234,sharp,washing,415,0.25,0.5263157894736842
14235,sharp,floor,415,0.2,0.5882352941176471
14236,sharp,weapon,416,0.125,0.631578947368421
14237,sharp,weeee,417,NA,NA
14238,sharp,weird,418,0.3333333333333333,0.5
14239,sharp,japanese,418,0.3333333333333333,0.5
14240,sharp,stuff,418,0.2,0.42857142857142855
14241,sharp,weird,419,0.3333333333333333,0.5
14242,sharp,sound,419,0.3333333333333333,0.5
14243,sharp,what,420,NA,NA
14244,sharp,you,420,NA,NA
14245,sharp,doing?,420,NA,NA
14246,sharp,wheew,421,NA,NA
14247,sharp,wheeze,422,0.25,0.4
14248,sharp,whimpering,423,0.2,0.3333333333333333
14249,sharp,whip,424,0.25,0.631578947368421
14250,sharp,whipping,425,0.3333333333333333,0.5
14251,sharp,something,425,NA,NA
14252,sharp,whisper,426,0.14285714285714285,0.4
14253,sharp,whispering,427,0.3333333333333333,0.5
14254,sharp,whistle,428,0.25,0.631578947368421
14255,sharp,whiteboard,429,NA,NA
14256,sharp,marker,429,0.16666666666666666,0.7368421052631579
14257,sharp,whoosh,430,0.25,0.4
14258,sharp,whoosh,431,0.25,0.4
14259,sharp,(imitation,431,NA,NA
14260,sharp,wind,431,0.25,0.631578947368421
14261,sharp,blowing),431,NA,NA
14262,sharp,wimper,432,NA,NA
14263,sharp,wind,433,0.25,0.631578947368421
14264,sharp,wip,434,NA,NA
14265,sharp,woosh,435,0.25,0.4
14266,sharp,yawn,436,0.25,0.4
14267,sharp,yawning,437,0.3333333333333333,0.5
14268,sharp,,438,0.1111111111111111,0.36363636363636365
14269,sleep,*sleeping*,1,NA,NA
14270,sleep,asleep,2,0.25,0.4
14271,sleep,be,3,0.25,0.4
14272,sleep,"quiet,",3,NA,NA
14273,sleep,shush,3,0.09090909090909091,0.16666666666666666
14274,sleep,deep,4,0.25,0.5
14275,sleep,snore,4,0.2,0.3333333333333333
14276,sleep,drowsiness,5,0.2,0.6666666666666666
14277,sleep,"drowsiness,",6,NA,NA
14278,sleep,"sleeping,",6,NA,NA
14279,sleep,snoring,6,0.2,0.3333333333333333
14280,sleep,grrrr,7,NA,NA
14281,sleep,shhh,7,NA,NA
14282,sleep,guaa,8,NA,NA
14283,sleep,shh,8,NA,NA
14284,sleep,high,9,0.25,0.6666666666666666
14285,sleep,,9,0.1,0.18181818181818182
14286,sleep,snoring,9,0.2,0.3333333333333333
14287,sleep,i’m,10,NA,NA
14288,sleep,bored,10,0.25,0.4
14289,sleep,keep,11,0.25,0.4
14290,sleep,quiet,11,0.25,0.6666666666666666
14291,sleep,keep,12,0.25,0.4
14292,sleep,quit,12,0.25,0.4
14293,sleep,person,13,0.125,0.3076923076923077
14294,sleep,who,13,0.08333333333333333,0.26666666666666666
14295,sleep,snores,13,0.2,0.3333333333333333
14296,sleep,rest,14,1.0,1.0
14297,sleep,silence,15,0.25,0.7692307692307693
14298,sleep,sleep,16,1.0,1.0
14299,sleep,snore,17,0.2,0.3333333333333333
14300,sleep,snoring,18,0.2,0.3333333333333333
14301,sleep,sleep,19,1.0,1.0
14302,sleep,sleeping,20,1.0,1.0
14303,sleep,sleeping,21,1.0,1.0
14304,sleep,while,21,0.25,0.7692307692307693
14305,sleep,snoring,21,0.2,0.3333333333333333
14306,sleep,"sleeping,",22,NA,NA
14307,sleep,snoring,22,0.2,0.3333333333333333
14308,sleep,sleepy,23,0.25,0.4
14309,sleep,"sleepy,",24,NA,NA
14310,sleep,drowsy,24,0.25,0.4
14311,sleep,slumber,25,1.0,1.0
14312,sleep,snoar,26,NA,NA
14313,sleep,snoaring,27,NA,NA
14314,sleep,snoozing,28,0.3333333333333333,0.8
14315,sleep,snore,29,0.2,0.3333333333333333
14316,sleep,snoring,30,0.2,0.3333333333333333
14317,sleep,snoring,31,0.2,0.3333333333333333
14318,sleep,pig,31,0.2,0.3333333333333333
14319,sleep,"snoring,",32,NA,NA
14320,sleep,sleeping,32,1.0,1.0
14321,sleep,well,32,0.25,0.4
14322,sleep,"snoring,",33,NA,NA
14323,sleep,"sleeping,",33,NA,NA
14324,sleep,rest,33,1.0,1.0
14325,sleep,snorring,34,NA,NA
14326,sleep,snort,35,0.2,0.3333333333333333
14327,sleep,snorting,36,0.2,0.3333333333333333
14328,sleep,sound,37,0.25,0.5
14329,sleep,of,37,NA,NA
14330,sleep,snoring,37,0.2,0.3333333333333333
14331,sleep,tired,38,0.25,0.4
14332,sleep,"tired,",39,NA,NA
14333,sleep,sleeping,39,1.0,1.0
14334,sleep,uck,40,NA,NA
14335,sleep,shhh,40,NA,NA
14336,sleep,zzzz,41,NA,NA
14337,sleep,agh,42,NA,NA
14338,sleep,shuuu,42,NA,NA
14339,sleep,aghhh....chiss,43,NA,NA
14340,sleep,agtsssh,44,NA,NA
14341,sleep,animal,45,0.25,0.4
14342,sleep,sleeping,45,1.0,1.0
14343,sleep,asleep,46,0.25,0.4
14344,sleep,baking,47,0.25,0.4
14345,sleep,bed,48,0.25,0.4
14346,sleep,time,48,0.3333333333333333,0.8333333333333334
14347,sleep,bored/snoring,49,NA,NA
14348,sleep,chaapsh,50,NA,NA
14349,sleep,chaatschh,51,NA,NA
14350,sleep,chee,52,NA,NA
14351,sleep,cheecha,53,NA,NA
14352,sleep,chip,54,0.16666666666666666,0.46153846153846156
14353,sleep,ciii,55,NA,NA
14354,sleep,deep,56,0.25,0.5
14355,sleep,sleep,56,1.0,1.0
14356,sleep,deep,57,0.25,0.5
14357,sleep,sleeping,57,1.0,1.0
14358,sleep,dream,58,0.2,0.6666666666666666
14359,sleep,fake,59,0.25,0.4
14360,sleep,snore,59,0.2,0.3333333333333333
14361,sleep,ghng,60,NA,NA
14362,sleep,chss,60,NA,NA
14363,sleep,grashgrash,61,NA,NA
14364,sleep,grrgg...grrgga,62,NA,NA
14365,sleep,hachihachi,63,NA,NA
14366,sleep,haooooh,64,NA,NA
14367,sleep,hhhhhh,65,NA,NA
14368,sleep,psshhh,65,NA,NA
14369,sleep,hmgrng-shhh,66,NA,NA
14370,sleep,hrraaaa,67,NA,NA
14371,sleep,tshiiii,67,NA,NA
14372,sleep,hrrrr,68,NA,NA
14373,sleep,hraa,68,NA,NA
14374,sleep,hrrrr-shshsh,69,NA,NA
14375,sleep,hrrrrr,70,NA,NA
14376,sleep,aahhh,70,NA,NA
14377,sleep,hrrrtshick,71,NA,NA
14378,sleep,individual,72,0.25,0.4
14379,sleep,snoring,72,0.2,0.3333333333333333
14380,sleep,jjjssss,73,NA,NA
14381,sleep,jrrrja,74,NA,NA
14382,sleep,kgo,75,NA,NA
14383,sleep,um,75,NA,NA
14384,sleep,kgookgo,76,NA,NA
14385,sleep,khow,77,NA,NA
14386,sleep,phush,77,NA,NA
14387,sleep,knocked,78,0.16666666666666666,0.2857142857142857
14388,sleep,out,78,0.25,0.4
14389,sleep,light,79,0.25,0.7692307692307693
14390,sleep,snoring,79,0.2,0.3333333333333333
14391,sleep,man,80,0.2,0.4
14392,sleep,sleeping,80,1.0,1.0
14393,sleep,open,81,0.25,0.4
14394,sleep,mouth,81,0.2,0.42857142857142855
14395,sleep,snore,81,0.2,0.3333333333333333
14396,sleep,protray,82,NA,NA
14397,sleep,sneezing,82,0.16666666666666666,0.2857142857142857
14398,sleep,resting,83,0.5,0.8571428571428571
14399,sleep,rom,84,0.09090909090909091,0.16666666666666666
14400,sleep,hom,84,NA,NA
14401,sleep,romchew,85,NA,NA
14402,sleep,rommchew,86,NA,NA
14403,sleep,rooa-shee,87,NA,NA
14404,sleep,roooorrrr,88,NA,NA
14405,sleep,rotchhhh,89,NA,NA
14406,sleep,ruah,90,NA,NA
14407,sleep,xii,90,0.25,0.42857142857142855
14408,sleep,snoring,91,0.2,0.3333333333333333
14409,sleep,shhh,92,NA,NA
14410,sleep,show,93,0.25,0.4
14411,sleep,show,93,0.25,0.4
14412,sleep,silence,94,0.25,0.7692307692307693
14413,sleep,sleep,95,1.0,1.0
14414,sleep,sleep,96,1.0,1.0
14415,sleep,mimic,96,0.25,0.4
14416,sleep,sleep,97,1.0,1.0
14417,sleep,snore,97,0.2,0.3333333333333333
14418,sleep,sleep,98,1.0,1.0
14419,sleep,sound,98,0.25,0.5
14420,sleep,sleep,99,1.0,1.0
14421,sleep,time,99,0.3333333333333333,0.8333333333333334
14422,sleep,sleeping,100,1.0,1.0
14423,sleep,sleeping,101,1.0,1.0
14424,sleep,breathing,101,0.25,0.4
14425,sleep,sleeping,102,1.0,1.0
14426,sleep,man,102,0.2,0.4
14427,sleep,sleeping,103,1.0,1.0
14428,sleep,sound,103,0.25,0.5
14429,sleep,sleeping,104,1.0,1.0
14430,sleep,sounds,104,0.25,0.5
14431,sleep,sleeping,105,1.0,1.0
14432,sleep,woman,105,0.1111111111111111,0.3333333333333333
14433,sleep,"sleeping,",106,NA,NA
14434,sleep,sleepy,106,0.25,0.4
14435,sleep,sleepy,107,0.25,0.4
14436,sleep,snap,108,0.2,0.7142857142857143
14437,sleep,snoore,109,NA,NA
14438,sleep,snooring,110,NA,NA
14439,sleep,snooze,111,0.3333333333333333,0.8
14440,sleep,snor,112,NA,NA
14441,sleep,snore,113,0.2,0.3333333333333333
14442,sleep,snore,114,0.2,0.3333333333333333
14443,sleep,sleeping,114,1.0,1.0
14444,sleep,snore,115,0.2,0.3333333333333333
14445,sleep,sound,115,0.25,0.5
14446,sleep,snore-huhhhh,116,NA,NA
14447,sleep,snores,117,0.2,0.3333333333333333
14448,sleep,snoring,118,0.2,0.3333333333333333
14449,sleep,snoring,119,0.2,0.3333333333333333
14450,sleep,in,119,0.25,0.46153846153846156
14451,sleep,sleep,119,1.0,1.0
14452,sleep,snoring,120,0.2,0.3333333333333333
14453,sleep,lightly,120,0.25,0.4
14454,sleep,snoring,121,0.2,0.3333333333333333
14455,sleep,noise,121,0.16666666666666666,0.5
14456,sleep,snoring,122,0.2,0.3333333333333333
14457,sleep,shhhh,122,NA,NA
14458,sleep,snoring/sleeping,123,NA,NA
14459,sleep,snorring,124,NA,NA
14460,sleep,snorting,125,0.2,0.3333333333333333
14461,sleep,snoze,126,NA,NA
14462,sleep,soft,127,0.25,0.4
14463,sleep,sleeping,127,1.0,1.0
14464,sleep,noise,127,0.16666666666666666,0.5
14465,sleep,soft,128,0.25,0.4
14466,sleep,snoring,128,0.2,0.3333333333333333
14467,sleep,noise,128,0.16666666666666666,0.5
14468,sleep,tired,129,0.25,0.4
14469,sleep,tree,130,0.16666666666666666,0.46153846153846156
14470,sleep,wheezing,131,0.25,0.4
14471,sleep,woman,132,0.1111111111111111,0.3333333333333333
14472,sleep,snoring,132,0.2,0.3333333333333333
14473,sleep,yes,133,0.07692307692307693,0.25
14474,sleep,zzzzzz,134,NA,NA
14475,sleep,zzzzzzz,135,NA,NA
14476,sleep,zzzzzzzzz,136,NA,NA
14477,sleep,,137,0.1,0.18181818181818182
14478,small,"""tip",1,NA,NA
14479,small,"it""",1,NA,NA
14480,small,sound,1,0.3333333333333333,0.6666666666666666
14481,small,a,2,0.1,0.2857142857142857
14482,small,little,2,1.0,1.0
14483,small,bit,2,0.2,0.6666666666666666
14484,small,abstract,3,0.3333333333333333,0.5
14485,small,acceptance,4,0.14285714285714285,0.5
14486,small,afraid,5,0.3333333333333333,0.5
14487,small,alert,6,0.3333333333333333,0.5
14488,small,animal,7,0.3333333333333333,0.5
14489,small,ashamed,8,0.3333333333333333,0.5
14490,small,asking,9,0.3333333333333333,0.5
14491,small,assenting,10,0.14285714285714285,0.2857142857142857
14492,small,baby,11,0.16666666666666666,0.36363636363636365
14493,small,baby,12,0.16666666666666666,0.36363636363636365
14494,small,bark,13,0.25,0.4
14495,small,beg,14,0.2,0.3333333333333333
14496,small,bellowing,15,0.25,0.4
14497,small,bipping,16,NA,NA
14498,small,device,16,0.14285714285714285,0.36363636363636365
14499,small,bird,17,0.2,0.3333333333333333
14500,small,call,18,0.3333333333333333,0.5
14501,small,calling,19,0.3333333333333333,0.5
14502,small,calmness,20,0.14285714285714285,0.5
14503,small,chi,21,0.1,0.4
14504,small,chirp,22,0.25,0.4
14505,small,click,23,0.3333333333333333,0.5
14506,small,confirmed,24,0.3333333333333333,0.5
14507,small,crying,25,0.3333333333333333,0.5
14508,small,dog,26,0.2,0.3333333333333333
14509,small,dip,27,0.2,0.5714285714285714
14510,small,dippit,28,NA,NA
14511,small,dismissive,29,0.3333333333333333,0.5
14512,small,do,30,0.3333333333333333,0.5
14513,small,it,30,0.09090909090909091,0.26666666666666666
14514,small,dog,31,0.2,0.3333333333333333
14515,small,dog,32,0.2,0.3333333333333333
14516,small,sound,32,0.3333333333333333,0.6666666666666666
14517,small,droplet,33,0.1111111111111111,0.3076923076923077
14518,small,emergency,34,0.14285714285714285,0.5
14519,small,excuse,35,0.16666666666666666,0.3076923076923077
14520,small,me,35,0.08333333333333333,0.25
14521,small,fear,36,0.3333333333333333,0.5
14522,small,fixing,37,0.25,0.4
14523,small,fool,38,0.14285714285714285,0.3333333333333333
14524,small,foreigner,39,0.1111111111111111,0.3333333333333333
14525,small,friend,40,0.125,0.36363636363636365
14526,small,frog,41,0.2,0.3333333333333333
14527,small,frog,42,0.2,0.3333333333333333
14528,small,sound,42,0.3333333333333333,0.6666666666666666
14529,small,funny,43,0.3333333333333333,0.5
14530,small,noise,43,0.2,0.5
14531,small,gentle,44,0.3333333333333333,0.5
14532,small,gently,45,0.3333333333333333,0.5
14533,small,howl,45,0.25,0.4
14534,small,get,46,0.3333333333333333,0.5
14535,small,it,46,0.09090909090909091,0.26666666666666666
14536,small,get,47,0.3333333333333333,0.5
14537,small,that,47,NA,NA
14538,small,giving,48,0.3333333333333333,0.5
14539,small,an,48,0.09090909090909091,0.26666666666666666
14540,small,order,48,0.25,0.6666666666666666
14541,small,grief,49,0.1111111111111111,0.42857142857142855
14542,small,here,50,0.3333333333333333,0.5
14543,small,horn,51,0.25,0.7692307692307693
14544,small,of,51,NA,NA
14545,small,a,51,0.1,0.2857142857142857
14546,small,car,51,0.09090909090909091,0.26666666666666666
14547,small,howl,52,0.25,0.4
14548,small,hurry,53,0.25,0.5714285714285714
14549,small,up,53,0.3333333333333333,0.5
14550,small,hurt,54,0.3333333333333333,0.5
14551,small,hurt,55,0.3333333333333333,0.5
14552,small,animal,55,0.3333333333333333,0.5
14553,small,imitating,56,0.2,0.3333333333333333
14554,small,a,56,0.1,0.2857142857142857
14555,small,sound,56,0.3333333333333333,0.6666666666666666
14556,small,imitating,57,0.2,0.3333333333333333
14557,small,beat,57,0.3333333333333333,0.6153846153846154
14558,small,injury,58,0.1,0.4
14559,small,or,58,0.08333333333333333,0.25
14560,small,pain,58,0.16666666666666666,0.5
14561,small,instruct,59,0.14285714285714285,0.25
14562,small,it,60,0.09090909090909091,0.26666666666666666
14563,small,hurts,60,0.25,0.46153846153846156
14564,small,i’m,61,NA,NA
14565,small,unsure,61,0.3333333333333333,0.5
14566,small,keep,62,0.3333333333333333,0.5
14567,small,it,62,0.09090909090909091,0.26666666666666666
14568,small,keep,63,0.3333333333333333,0.5
14569,small,it,63,0.09090909090909091,0.26666666666666666
14570,small,knock,64,0.2,0.3333333333333333
14571,small,something,64,NA,NA
14572,small,over,64,0.3333333333333333,0.5
14573,small,look,65,0.3333333333333333,0.5
14574,small,here,65,0.3333333333333333,0.5
14575,small,moaning,66,0.25,0.4
14576,small,monkey,67,0.25,0.4
14577,small,name,68,0.3333333333333333,0.5
14578,small,"no,",69,NA,NA
14579,small,not,69,0.3333333333333333,0.5
14580,small,like,69,0.3333333333333333,0.5
14581,small,that,69,NA,NA
14582,small,not,70,0.3333333333333333,0.5
14583,small,sure,70,0.3333333333333333,0.5
14584,small,ooo,71,NA,NA
14585,small,owl,72,0.07142857142857142,0.2222222222222222
14586,small,owling,73,NA,NA
14587,small,pain,74,0.16666666666666666,0.5
14588,small,or,74,0.08333333333333333,0.25
14589,small,sorrow,74,0.2,0.46153846153846156
14590,small,"pain,",75,NA,NA
14591,small,sorrow,75,0.2,0.46153846153846156
14592,small,paing,76,NA,NA
14593,small,peep,77,0.25,0.4
14594,small,peep,77,0.25,0.4
14595,small,putting,78,0.25,0.4
14596,small,down,78,0.3333333333333333,0.5
14597,small,glass,78,0.25,0.4
14598,small,quiet,79,0.3333333333333333,0.6666666666666666
14599,small,"quiet,",80,NA,NA
14600,small,warning,80,0.3333333333333333,0.5
14601,small,relaxed,81,0.3333333333333333,0.5
14602,small,request,82,0.14285714285714285,0.36363636363636365
14603,small,robot,83,0.09090909090909091,0.26666666666666666
14604,small,sound,84,0.3333333333333333,0.6666666666666666
14605,small,sad,85,0.3333333333333333,0.5
14606,small,sad,86,0.3333333333333333,0.5
14607,small,dog,86,0.2,0.3333333333333333
14608,small,"sad,",87,NA,NA
14609,small,scared,87,0.3333333333333333,0.5
14610,small,sadness,88,0.16666666666666666,0.5454545454545454
14611,small,scared,89,0.3333333333333333,0.5
14612,small,seeze,90,NA,NA
14613,small,sigh,91,0.25,0.4
14614,small,small,92,1.0,1.0
14615,small,smoothness,93,0.16666666666666666,0.6153846153846154
14616,small,sneeze,94,0.2,0.3333333333333333
14617,small,sorry,95,0.3333333333333333,0.5
14618,small,sound,96,0.3333333333333333,0.6666666666666666
14619,small,spit,97,0.25,0.4
14620,small,stop,98,0.3333333333333333,0.5
14621,small,strange,99,0.3333333333333333,0.5
14622,small,tap,100,0.25,0.4
14623,small,tea,101,0.1,0.3076923076923077
14624,small,talking,102,0.16666666666666666,0.3076923076923077
14625,small,tapete,103,NA,NA
14626,small,tea,104,0.1,0.3076923076923077
14627,small,tenderness,105,0.14285714285714285,0.5
14628,small,tepid,106,0.3333333333333333,0.5
14629,small,tibit,107,0.1111111111111111,0.3076923076923077
14630,small,tic,108,0.08333333333333333,0.25
14631,small,tick,109,0.2,0.3333333333333333
14632,small,tidbit,110,0.1,0.2857142857142857
14633,small,tik,111,NA,NA
14634,small,tiny,112,0.3333333333333333,0.5
14635,small,tip,113,0.25,0.46153846153846156
14636,small,tip,114,0.25,0.46153846153846156
14637,small,it,114,0.09090909090909091,0.26666666666666666
14638,small,tipip,115,NA,NA
14639,small,tipit,116,NA,NA
14640,small,tippy,117,0.3333333333333333,0.5
14641,small,top,117,0.3333333333333333,0.6153846153846154
14642,small,tired,118,0.3333333333333333,0.5
14643,small,to,119,NA,NA
14644,small,keep,119,0.3333333333333333,0.5
14645,small,something,119,NA,NA
14646,small,typing,120,0.16666666666666666,0.3333333333333333
14647,small,wake,121,0.3333333333333333,0.5
14648,small,up,121,0.3333333333333333,0.5
14649,small,werid,122,NA,NA
14650,small,chirp,122,0.25,0.4
14651,small,what,123,NA,NA
14652,small,whimper,124,0.2,0.3333333333333333
14653,small,whine,125,0.25,0.4
14654,small,whisper,126,0.14285714285714285,0.3076923076923077
14655,small,women’s,127,NA,NA
14656,small,inarticulate,127,0.3333333333333333,0.5
14657,small,sounds,127,0.3333333333333333,0.6666666666666666
14658,small,women’s,128,NA,NA
14659,small,low,128,1.0,1.0
14660,small,uuuuu,128,NA,NA
14661,small,women’s,129,NA,NA
14662,small,tiiiii,129,NA,NA
14663,small,worried,130,0.3333333333333333,0.5
14664,small,yelp,131,0.2,0.3333333333333333
14665,small,yes,132,0.08333333333333333,0.25
14666,small,you,133,NA,NA
14667,small,a,134,0.1,0.2857142857142857
14668,small,little,134,1.0,1.0
14669,small,bit,134,0.2,0.6666666666666666
14670,small,a,135,0.1,0.2857142857142857
14671,small,sound,135,0.3333333333333333,0.6666666666666666
14672,small,adult,136,0.3333333333333333,0.5
14673,small,talking,136,0.16666666666666666,0.3076923076923077
14674,small,child,136,0.125,0.36363636363636365
14675,small,adults,137,0.125,0.36363636363636365
14676,small,talking,137,0.16666666666666666,0.3076923076923077
14677,small,child,137,0.125,0.36363636363636365
14678,small,affirmative,138,0.3333333333333333,0.5
14679,small,response,138,0.2,0.6666666666666666
14680,small,agree,139,0.3333333333333333,0.5
14681,small,agreeing,140,0.3333333333333333,0.5
14682,small,alarm,141,0.14285714285714285,0.42857142857142855
14683,small,alert,142,0.3333333333333333,0.5
14684,small,alerting,143,0.125,0.42857142857142855
14685,small,someone,143,0.14285714285714285,0.4
14686,small,animal,144,0.3333333333333333,0.5
14687,small,animal,145,0.3333333333333333,0.5
14688,small,impersonation,145,0.125,0.3333333333333333
14689,small,annoyed,146,0.3333333333333333,0.5
14690,small,asking,147,0.3333333333333333,0.5
14691,small,for,147,NA,NA
14692,small,attention,147,0.14285714285714285,0.5714285714285714
14693,small,assent,148,0.14285714285714285,0.2857142857142857
14694,small,attention,149,0.14285714285714285,0.5714285714285714
14695,small,awe,150,0.14285714285714285,0.46153846153846156
14696,small,baby,151,0.16666666666666666,0.36363636363636365
14697,small,baby,152,0.16666666666666666,0.36363636363636365
14698,small,noise,152,0.2,0.5
14699,small,be,153,0.3333333333333333,0.5
14700,small,quiet,153,0.3333333333333333,0.6666666666666666
14701,small,beat,154,0.3333333333333333,0.6153846153846154
14702,small,beat,155,0.3333333333333333,0.6153846153846154
14703,small,box,155,0.25,0.42857142857142855
14704,small,beep,156,0.2,0.3333333333333333
14705,small,beep,157,0.2,0.3333333333333333
14706,small,beep,157,0.2,0.3333333333333333
14707,small,being,158,0.3333333333333333,0.5454545454545454
14708,small,careful,158,0.3333333333333333,0.5
14709,small,bird,159,0.2,0.3333333333333333
14710,small,bird,160,0.2,0.3333333333333333
14711,small,calling,160,0.3333333333333333,0.5
14712,small,bird,161,0.2,0.3333333333333333
14713,small,chriping,161,NA,NA
14714,small,bird,162,0.2,0.3333333333333333
14715,small,name,162,0.3333333333333333,0.5
14716,small,bird,163,0.2,0.3333333333333333
14717,small,sound,163,0.3333333333333333,0.6666666666666666
14718,small,bird,164,0.2,0.3333333333333333
14719,small,tweet,164,0.2,0.3333333333333333
14720,small,boy,165,0.1111111111111111,0.3333333333333333
14721,small,call,166,0.3333333333333333,0.5
14722,small,cannot,167,NA,NA
14723,small,understand,167,0.3333333333333333,0.5
14724,small,careful,168,0.3333333333333333,0.5
14725,small,cat,169,0.2,0.3333333333333333
14726,small,eyes,169,0.25,0.7142857142857143
14727,small,chasing,170,0.2,0.3333333333333333
14728,small,away,170,0.3333333333333333,0.5
14729,small,chi,171,0.1,0.4
14730,small,child,172,0.125,0.36363636363636365
14731,small,chirp,173,0.25,0.4
14732,small,chirping,174,0.25,0.4
14733,small,chuckle,175,0.2,0.3333333333333333
14734,small,cip,176,NA,NA
14735,small,clean,177,0.3333333333333333,0.5
14736,small,window,177,0.125,0.42857142857142855
14737,small,click,178,0.3333333333333333,0.5
14738,small,clicking,179,0.3333333333333333,0.5
14739,small,sound,179,0.3333333333333333,0.6666666666666666
14740,small,clink,180,0.25,0.4
14741,small,clock,181,0.125,0.23529411764705882
14742,small,coin,182,0.2,0.3333333333333333
14743,small,drop,182,0.3333333333333333,0.5714285714285714
14744,small,cold,183,0.3333333333333333,0.6153846153846154
14745,small,come,184,0.3333333333333333,0.5
14746,small,counting,185,0.3333333333333333,0.5
14747,small,cry,186,0.25,0.4
14748,small,crying,187,0.3333333333333333,0.5
14749,small,cursing,188,0.25,0.4
14750,small,cute,189,0.3333333333333333,0.5
14751,small,delicate,190,0.3333333333333333,0.5
14752,small,despair,191,0.3333333333333333,0.5
14753,small,distressed,192,0.3333333333333333,0.5
14754,small,do,193,0.3333333333333333,0.5
14755,small,it,193,0.09090909090909091,0.26666666666666666
14756,small,dog,194,0.2,0.3333333333333333
14757,small,dog,195,0.2,0.3333333333333333
14758,small,cry,195,0.25,0.4
14759,small,dog,196,0.2,0.3333333333333333
14760,small,whimper,196,0.2,0.3333333333333333
14761,small,dog,197,0.2,0.3333333333333333
14762,small,whining,197,0.25,0.4
14763,small,don't,198,NA,NA
14764,small,know,198,0.3333333333333333,0.5
14765,small,done,199,0.3333333333333333,0.5
14766,small,dont,200,NA,NA
14767,small,know,200,0.3333333333333333,0.5
14768,small,drink,201,0.25,0.5454545454545454
14769,small,drop,202,0.3333333333333333,0.5714285714285714
14770,small,electrical,203,0.3333333333333333,0.5
14771,small,signal,203,0.3333333333333333,0.5
14772,small,alert,203,0.3333333333333333,0.5
14773,small,expecting,204,0.3333333333333333,0.5
14774,small,something,204,NA,NA
14775,small,fast,205,0.3333333333333333,0.5
14776,small,fear,206,0.3333333333333333,0.5
14777,small,flut,207,NA,NA
14778,small,fool,208,0.14285714285714285,0.3333333333333333
14779,small,frog,209,0.2,0.3333333333333333
14780,small,frog,210,0.2,0.3333333333333333
14781,small,jumping,210,0.3333333333333333,0.5
14782,small,frog,211,0.2,0.3333333333333333
14783,small,sound,211,0.3333333333333333,0.6666666666666666
14784,small,funny,212,0.3333333333333333,0.5
14785,small,gentleness,213,0.125,0.46153846153846156
14786,small,gibberish,214,0.125,0.3333333333333333
14787,small,give,215,0.3333333333333333,0.6153846153846154
14788,small,an,215,0.09090909090909091,0.26666666666666666
14789,small,order,215,0.25,0.6666666666666666
14790,small,go,216,0.3333333333333333,0.5
14791,small,away,216,0.3333333333333333,0.5
14792,small,groan,217,0.25,0.4
14793,small,haooooo,218,NA,NA
14794,small,hawk,219,0.16666666666666666,0.3076923076923077
14795,small,here,220,0.3333333333333333,0.5
14796,small,you,220,NA,NA
14797,small,go,220,0.3333333333333333,0.5
14798,small,hey,221,NA,NA
14799,small,hit,222,0.3333333333333333,0.5
14800,small,hop,223,0.25,0.4
14801,small,howl,224,0.25,0.4
14802,small,howling,225,0.3333333333333333,0.5
14803,small,huhmp,226,NA,NA
14804,small,huhuhum,227,NA,NA
14805,small,humming,228,0.25,0.4
14806,small,hurry,229,0.25,0.5714285714285714
14807,small,hurt,230,0.3333333333333333,0.5
14808,small,hym,231,NA,NA
14809,small,i,232,0.3333333333333333,0.5
14810,small,dont,232,NA,NA
14811,small,know,232,0.3333333333333333,0.5
14812,small,idk,233,NA,NA
14813,small,impatience,234,0.1111111111111111,0.42857142857142855
14814,small,in,235,0.3333333333333333,0.5
14815,small,pain,235,0.16666666666666666,0.5
14816,small,iron,236,0.3333333333333333,0.5
14817,small,clank,236,0.2,0.3333333333333333
14818,small,jipit,237,NA,NA
14819,small,juwuuus,238,NA,NA
14820,small,keep,239,0.3333333333333333,0.5
14821,small,keep,240,0.3333333333333333,0.5
14822,small,it,240,0.09090909090909091,0.26666666666666666
14823,small,kid,241,0.125,0.3333333333333333
14824,small,giggling,241,0.2,0.3333333333333333
14825,small,light,242,0.3333333333333333,0.6666666666666666
14826,small,reminder,242,0.14285714285714285,0.36363636363636365
14827,small,liking,243,0.3333333333333333,0.5
14828,small,something,243,NA,NA
14829,small,little,244,1.0,1.0
14830,small,little,245,1.0,1.0
14831,small,bird,245,0.2,0.3333333333333333
14832,small,look,246,0.3333333333333333,0.5
14833,small,loving,247,0.3333333333333333,0.5
14834,small,lullaby,248,0.1,0.2857142857142857
14835,small,machine,249,0.25,0.4
14836,small,beep,249,0.2,0.3333333333333333
14837,small,man,250,0.25,0.4
14838,small,microwave,251,0.16666666666666666,0.2857142857142857
14839,small,moan,252,0.25,0.4
14840,small,moaning,253,0.25,0.4
14841,small,mocking,254,0.3333333333333333,0.5
14842,small,monkey,255,0.25,0.4
14843,small,monster,256,0.1111111111111111,0.3333333333333333
14844,small,moo,257,0.25,0.4
14845,small,sound,257,0.3333333333333333,0.6666666666666666
14846,small,noise,258,0.2,0.5
14847,small,notification,259,0.1111111111111111,0.3076923076923077
14848,small,sound,259,0.3333333333333333,0.6666666666666666
14849,small,nudge,260,0.2,0.3333333333333333
14850,small,oh,261,0.08333333333333333,0.25
14851,small,yes,261,0.08333333333333333,0.25
14852,small,ooh,262,0.2,0.3333333333333333
14853,small,ooooh,263,NA,NA
14854,small,ooooo,264,NA,NA
14855,small,order,265,0.25,0.6666666666666666
14856,small,order,266,0.25,0.6666666666666666
14857,small,to,266,NA,NA
14858,small,keep,266,0.3333333333333333,0.5
14859,small,owl,267,0.07142857142857142,0.2222222222222222
14860,small,owl,268,0.07142857142857142,0.2222222222222222
14861,small,vocal,268,0.3333333333333333,0.5
14862,small,sounds,268,0.3333333333333333,0.6666666666666666
14863,small,owoowoo,269,NA,NA
14864,small,pain,270,0.16666666666666666,0.5
14865,small,peh,271,NA,NA
14866,small,phone,272,0.14285714285714285,0.3333333333333333
14867,small,pleading,273,0.3333333333333333,0.5
14868,small,pouting,274,0.3333333333333333,0.5
14869,small,problem,275,0.125,0.46153846153846156
14870,small,puncture,276,0.25,0.4
14871,small,puppy,277,0.1,0.3076923076923077
14872,small,call,277,0.3333333333333333,0.5
14873,small,puppy,278,0.1,0.3076923076923077
14874,small,voice,278,0.25,0.6153846153846154
14875,small,puppy,279,0.1,0.3076923076923077
14876,small,yawn,279,0.25,0.4
14877,small,purring,280,0.2,0.3333333333333333
14878,small,question,281,0.2,0.5
14879,small,"question,",282,NA,NA
14880,small,query,282,0.125,0.26666666666666666
14881,small,quick,283,0.3333333333333333,0.7692307692307693
14882,small,quiet,284,0.3333333333333333,0.6666666666666666
14883,small,quiet,285,0.3333333333333333,0.6666666666666666
14884,small,down,285,0.3333333333333333,0.5
14885,small,quiet,286,0.3333333333333333,0.6666666666666666
14886,small,sneeze,286,0.2,0.3333333333333333
14887,small,rabbit,287,0.16666666666666666,0.2857142857142857
14888,small,rain,288,0.25,0.5714285714285714
14889,small,regrets,289,0.25,0.46153846153846156
14890,small,relax,290,0.25,0.4
14891,small,repeat,291,0.25,0.4
14892,small,ring,292,0.25,0.6153846153846154
14893,small,phone,292,0.14285714285714285,0.3333333333333333
14894,small,ringing,293,0.25,0.6153846153846154
14895,small,sad,294,0.3333333333333333,0.5
14896,small,sad,295,0.3333333333333333,0.5
14897,small,dog,295,0.2,0.3333333333333333
14898,small,sad,296,0.3333333333333333,0.5
14899,small,sound,296,0.3333333333333333,0.6666666666666666
14900,small,saying,297,0.3333333333333333,0.5
14901,small,tea,297,0.1,0.3076923076923077
14902,small,scare,298,0.2,0.42857142857142855
14903,small,scared,299,0.3333333333333333,0.5
14904,small,scaring,300,0.2,0.3333333333333333
14905,small,noise,300,0.2,0.5
14906,small,seriousness,301,0.16666666666666666,0.5714285714285714
14907,small,shht,302,NA,NA
14908,small,shifting,303,0.3333333333333333,0.5
14909,small,shy,304,0.3333333333333333,0.5
14910,small,sigh,305,0.25,0.4
14911,small,signal,306,0.3333333333333333,0.5
14912,small,silence,307,0.2,0.6666666666666666
14913,small,sleepy,308,0.3333333333333333,0.5
14914,small,small,309,1.0,1.0
14915,small,small,310,1.0,1.0
14916,small,animal,310,0.3333333333333333,0.5
14917,small,small,311,1.0,1.0
14918,small,cries,311,0.25,0.4
14919,small,small,312,1.0,1.0
14920,small,sound,312,0.3333333333333333,0.6666666666666666
14921,small,sms,313,0.1111111111111111,0.3076923076923077
14922,small,sneeze,314,0.2,0.3333333333333333
14923,small,soft,315,0.3333333333333333,0.5
14924,small,noise,315,0.2,0.5
14925,small,something,316,NA,NA
14926,small,fell,316,0.3333333333333333,0.5
14927,small,sound,317,0.3333333333333333,0.6666666666666666
14928,small,of,317,NA,NA
14929,small,a,317,0.1,0.2857142857142857
14930,small,bug,317,0.16666666666666666,0.46153846153846156
14931,small,speaking,318,0.3333333333333333,0.5
14932,small,squeak,319,0.16666666666666666,0.2857142857142857
14933,small,stop,320,0.3333333333333333,0.5
14934,small,stop,321,0.3333333333333333,0.5
14935,small,or,321,0.08333333333333333,0.25
14936,small,here,321,0.3333333333333333,0.5
14937,small,stop,322,0.3333333333333333,0.5
14938,small,right,322,0.3333333333333333,0.6666666666666666
14939,small,there,322,0.3333333333333333,0.5
14940,small,stop,323,0.3333333333333333,0.5
14941,small,that,323,NA,NA
14942,small,stretching,324,0.25,0.4
14943,small,swallowing,325,0.25,0.4
14944,small,words,325,0.14285714285714285,0.36363636363636365
14945,small,sweet,326,0.3333333333333333,0.6666666666666666
14946,small,sound,326,0.3333333333333333,0.6666666666666666
14947,small,swish,327,0.3333333333333333,0.5
14948,small,take,328,0.3333333333333333,0.5
14949,small,talking,329,0.16666666666666666,0.3076923076923077
14950,small,tap,330,0.25,0.4
14951,small,tap,331,0.25,0.4
14952,small,dance,331,0.25,0.4
14953,small,tapit,332,NA,NA
14954,small,tapping,333,0.25,0.4
14955,small,tea,334,0.1,0.3076923076923077
14956,small,tea,335,0.1,0.3076923076923077
14957,small,?,335,NA,NA
14958,small,tee,336,0.25,0.4
14959,small,teee,337,NA,NA
14960,small,teeth,338,0.25,0.7692307692307693
14961,small,telling,339,0.3333333333333333,0.5
14962,small,to,339,NA,NA
14963,small,shush,339,0.1,0.18181818181818182
14964,small,thanks,340,0.125,0.3333333333333333
14965,small,thi,341,NA,NA
14966,small,think,342,0.3333333333333333,0.5
14967,small,thump,343,0.25,0.4
14968,small,ti,344,0.1111111111111111,0.3076923076923077
14969,small,sound,344,0.3333333333333333,0.6666666666666666
14970,small,tibbit,345,NA,NA
14971,small,tibet,346,0.08333333333333333,0.25
14972,small,tibit,347,0.1111111111111111,0.3076923076923077
14973,small,tic,348,0.08333333333333333,0.25
14974,small,tick,349,0.2,0.3333333333333333
14975,small,tickle,350,0.16666666666666666,0.3076923076923077
14976,small,tickling,351,0.3333333333333333,0.5
14977,small,tih,352,NA,NA
14978,small,tiiiiii,353,NA,NA
14979,small,tiiit,354,NA,NA
14980,small,tim,355,NA,NA
14981,small,ting,356,0.25,0.4
14982,small,tip,357,0.25,0.46153846153846156
14983,small,it,357,0.09090909090909091,0.26666666666666666
14984,small,tip,358,0.25,0.46153846153846156
14985,small,titp,358,NA,NA
14986,small,tip,359,0.25,0.46153846153846156
14987,small,toeing,359,0.25,0.4
14988,small,tip-it,360,NA,NA
14989,small,tipic,361,NA,NA
14990,small,tipit,362,NA,NA
14991,small,tipping,363,0.25,0.4
14992,small,tippit,364,NA,NA
14993,small,tiptap,365,NA,NA
14994,small,tiptoe,366,0.3333333333333333,0.5
14995,small,titi,367,0.07142857142857142,0.2222222222222222
14996,small,tongue,368,0.25,0.7692307692307693
14997,small,toot,369,0.2,0.3333333333333333
14998,small,touch,370,0.3333333333333333,0.6666666666666666
14999,small,touching,371,0.3333333333333333,0.5
15000,small,glass,371,0.25,0.4
15001,small,truncated,372,0.3333333333333333,0.5
15002,small,word,372,0.125,0.3333333333333333
15003,small,tsk,373,0.25,0.4
15004,small,turn,374,0.25,0.46153846153846156
15005,small,the,374,NA,NA
15006,small,light,374,0.3333333333333333,0.6666666666666666
15007,small,type,375,0.16666666666666666,0.3333333333333333
15008,small,it,375,0.09090909090909091,0.26666666666666666
15009,small,typing,376,0.16666666666666666,0.3333333333333333
15010,small,uauuuu...uauuuu,377,NA,NA
15011,small,uh,378,NA,NA
15012,small,uh,378,NA,NA
15013,small,uh,378,NA,NA
15014,small,uhhh,379,NA,NA
15015,small,uhhh,379,NA,NA
15016,small,uhu,380,NA,NA
15017,small,uhuu,381,NA,NA
15018,small,unsure,382,0.3333333333333333,0.5
15019,small,unsure,383,0.3333333333333333,0.5
15020,small,expression,383,0.14285714285714285,0.46153846153846156
15021,small,urgency,384,0.1111111111111111,0.42857142857142855
15022,small,uuhh,385,NA,NA
15023,small,uuu,386,NA,NA
15024,small,uuuu,387,NA,NA
15025,small,uweuwueuw,388,NA,NA
15026,small,uwu,389,NA,NA
15027,small,vocal,390,0.3333333333333333,0.5
15028,small,sound,390,0.3333333333333333,0.6666666666666666
15029,small,vocal,391,0.3333333333333333,0.5
15030,small,stimming,391,NA,NA
15031,small,water,392,0.2,0.6
15032,small,drop,392,0.3333333333333333,0.5714285714285714
15033,small,weird,393,0.3333333333333333,0.5
15034,small,comunicate,393,NA,NA
15035,small,weird,394,0.3333333333333333,0.5
15036,small,frog,394,0.2,0.3333333333333333
15037,small,whimper,395,0.2,0.3333333333333333
15038,small,whimpering,396,0.2,0.3333333333333333
15039,small,whimpering,397,0.2,0.3333333333333333
15040,small,dog,397,0.2,0.3333333333333333
15041,small,whine,398,0.25,0.4
15042,small,whining,399,0.25,0.4
15043,small,whisper,400,0.14285714285714285,0.3076923076923077
15044,small,wimpering,401,NA,NA
15045,small,woman,402,0.125,0.3333333333333333
15046,small,woof,403,0.09090909090909091,0.26666666666666666
15047,small,worried,404,0.3333333333333333,0.5
15048,small,"worry,",405,NA,NA
15049,small,sorrow,405,0.2,0.46153846153846156
15050,small,wowowo,406,NA,NA
15051,small,yawn,407,0.25,0.4
15052,small,yes,408,0.08333333333333333,0.25
15053,small,,409,0.125,0.46153846153846156
15054,snake,accident,1,0.1111111111111111,0.2
15055,snake,be,2,0.3333333333333333,0.36363636363636365
15056,snake,aware,2,0.2,0.3333333333333333
15057,snake,be,3,0.3333333333333333,0.36363636363636365
15058,snake,quiet,3,0.2,0.3333333333333333
15059,snake,beatboxing,4,NA,NA
15060,snake,bird,5,0.2,0.8181818181818182
15061,snake,bird,6,0.2,0.8181818181818182
15062,snake,chirping,6,0.16666666666666666,0.2857142857142857
15063,snake,blowing,7,0.25,0.4444444444444444
15064,snake,air,7,0.2,0.6
15065,snake,blowing,8,0.25,0.4444444444444444
15066,snake,hot,8,0.2,0.3333333333333333
15067,snake,food,8,0.16666666666666666,0.4444444444444444
15068,snake,breathing,9,0.25,0.4
15069,snake,breathing,10,0.25,0.4
15070,snake,in,10,0.2,0.42857142857142855
15071,snake,broken,11,0.2,0.3333333333333333
15072,snake,broom,12,0.125,0.6
15073,snake,browning,13,0.16666666666666666,0.631578947368421
15074,snake,vegs,13,0.125,0.36363636363636365
15075,snake,burn,14,0.2,0.3333333333333333
15076,snake,burning,15,0.2,0.3333333333333333
15077,snake,burning,16,0.2,0.3333333333333333
15078,snake,",",16,NA,NA
15079,snake,hot,16,0.2,0.3333333333333333
15080,snake,burns,17,0.2,0.6
15081,snake,cat,18,0.16666666666666666,0.6923076923076923
15082,snake,purring,18,0.14285714285714285,0.25
15083,snake,child,19,0.25,0.7058823529411765
15084,snake,chilly,20,0.2,0.3333333333333333
15085,snake,cleaning,21,0.25,0.2857142857142857
15086,snake,complicate,22,0.16666666666666666,0.2857142857142857
15087,snake,situation,22,0.16666666666666666,0.5454545454545454
15088,snake,cooking,23,0.16666666666666666,0.2857142857142857
15089,snake,cooking,24,0.16666666666666666,0.2857142857142857
15090,snake,oil,24,0.16666666666666666,0.47058823529411764
15091,snake,creeping,25,0.25,0.2857142857142857
15092,snake,don't,26,NA,NA
15093,snake,know,26,0.2,0.3333333333333333
15094,snake,danger,27,0.2,0.6
15095,snake,danger,28,0.2,0.6
15096,snake,alert,28,0.2,0.3333333333333333
15097,snake,disgust,29,0.14285714285714285,0.25
15098,snake,don't,30,NA,NA
15099,snake,do,30,0.25,0.3333333333333333
15100,snake,that,30,NA,NA
15101,snake,drum,31,0.14285714285714285,0.6206896551724138
15102,snake,cymbals,31,0.1111111111111111,0.47058823529411764
15103,snake,drums,32,0.14285714285714285,0.6206896551724138
15104,snake,eating,33,0.16666666666666666,0.36363636363636365
15105,snake,sometging,33,NA,NA
15106,snake,hot,33,0.2,0.3333333333333333
15107,snake,enough,34,0.2,0.3333333333333333
15108,snake,exaggerating,35,0.16666666666666666,0.2857142857142857
15109,snake,sound,35,0.2,0.6666666666666666
15110,snake,exasperation,36,0.08333333333333333,0.15384615384615385
15111,snake,fish,37,0.25,0.782608695652174
15112,snake,frying,38,0.16666666666666666,0.2857142857142857
15113,snake,fuse,39,0.14285714285714285,0.5
15114,snake,gardening,40,0.1,0.18181818181818182
15115,snake,gunfire,41,0.09090909090909091,0.16666666666666666
15116,snake,hissing,42,0.25,0.2857142857142857
15117,snake,hi,43,0.1111111111111111,0.42857142857142855
15118,snake,hat,43,0.125,0.5
15119,snake,hiss,44,0.25,0.2857142857142857
15120,snake,hissing,45,0.25,0.2857142857142857
15121,snake,hot,46,0.2,0.3333333333333333
15122,snake,hot,47,0.2,0.3333333333333333
15123,snake,pan,47,0.25,0.5333333333333333
15124,snake,inconvenience,48,0.14285714285714285,0.25
15125,snake,it’s,49,NA,NA
15126,snake,hot,49,0.2,0.3333333333333333
15127,snake,just,50,0.2,0.3333333333333333
15128,snake,noise,50,0.14285714285714285,0.25
15129,snake,mouth,51,0.25,0.6666666666666666
15130,snake,cymbal,51,0.1111111111111111,0.47058823529411764
15131,snake,mouth,52,0.25,0.6666666666666666
15132,snake,sounds,52,0.2,0.6666666666666666
15133,snake,not,53,0.2,0.3333333333333333
15134,snake,sure,53,0.2,0.3333333333333333
15135,snake,ocean,54,0.2,0.6666666666666666
15136,snake,opening,55,0.2,0.6153846153846154
15137,snake,opening,56,0.2,0.6153846153846154
15138,snake,curtain,56,0.16666666666666666,0.6666666666666666
15139,snake,pain,57,0.16666666666666666,0.631578947368421
15140,snake,pouring,58,0.2,0.3333333333333333
15141,snake,hot,58,0.2,0.3333333333333333
15142,snake,water,58,0.25,0.7272727272727273
15143,snake,pressing,59,0.25,0.6666666666666666
15144,snake,lips,59,0.2,0.7142857142857143
15145,snake,together,59,0.2,0.3333333333333333
15146,snake,psssstsss,60,NA,NA
15147,snake,ptssssss,61,NA,NA
15148,snake,pulling,62,0.2,0.2857142857142857
15149,snake,up,62,0.2,0.3333333333333333
15150,snake,blinds,62,0.2,0.5333333333333333
15151,snake,python,63,0.25,0.8888888888888888
15152,snake,rapping,64,0.14285714285714285,0.25
15153,snake,running,65,0.25,0.3333333333333333
15154,snake,slurp,66,0.14285714285714285,0.25
15155,snake,sound,67,0.2,0.6666666666666666
15156,snake,scatteeing,68,NA,NA
15157,snake,tiny,68,0.2,0.3333333333333333
15158,snake,gravel,68,0.2,0.36363636363636365
15159,snake,scrape,69,0.16666666666666666,0.2857142857142857
15160,snake,scrapping,70,0.14285714285714285,0.25
15161,snake,noise,70,0.14285714285714285,0.25
15162,snake,scratching,71,0.2,0.3333333333333333
15163,snake,severe,72,0.2,0.3333333333333333
15164,snake,pain,72,0.16666666666666666,0.631578947368421
15165,snake,sheeee,73,NA,NA
15166,snake,sheeshe,74,NA,NA
15167,snake,shhhh,75,NA,NA
15168,snake,shhhhhhh,76,NA,NA
15169,snake,shhhhh,76,NA,NA
15170,snake,shooting,77,0.2,0.2857142857142857
15171,snake,sound,77,0.2,0.6666666666666666
15172,snake,silence,78,0.1111111111111111,0.2
15173,snake,"silence,",79,NA,NA
15174,snake,shush,79,0.08333333333333333,0.15384615384615385
15175,snake,sipping,80,0.14285714285714285,0.25
15176,snake,sizzle,81,0.2,0.25
15177,snake,sizzling,82,0.2,0.3333333333333333
15178,snake,snake,83,1.0,1.0
15179,snake,snake,84,1.0,1.0
15180,snake,hissing,84,0.25,0.2857142857142857
15181,snake,sneaky,85,0.2,0.3333333333333333
15182,snake,sniff,86,0.14285714285714285,0.25
15183,snake,sniffing,87,0.14285714285714285,0.25
15184,snake,snort,88,0.16666666666666666,0.2857142857142857
15185,snake,or,88,0.1111111111111111,0.47058823529411764
15186,snake,sniffle,88,0.14285714285714285,0.36363636363636365
15187,snake,sound,89,0.2,0.6666666666666666
15188,snake,spray,90,0.16666666666666666,0.5333333333333333
15189,snake,spraying,91,0.16666666666666666,0.2857142857142857
15190,snake,starting,92,0.25,0.3333333333333333
15191,snake,car,92,0.125,0.5
15192,snake,steam,93,0.25,0.3333333333333333
15193,snake,strange,94,0.2,0.3333333333333333
15194,snake,sound,94,0.2,0.6666666666666666
15195,snake,"stress,",95,NA,NA
15196,snake,or,95,0.1111111111111111,0.47058823529411764
15197,snake,fear,95,0.2,0.3333333333333333
15198,snake,stutter,96,0.1111111111111111,0.2
15199,snake,sweeping,97,0.2,0.3333333333333333
15200,snake,synthesizer,98,0.2,0.6666666666666666
15201,snake,teen,99,0.2,0.6666666666666666
15202,snake,trepidation,100,0.08333333333333333,0.15384615384615385
15203,snake,tss,101,0.08333333333333333,0.15384615384615385
15204,snake,tsstst,102,NA,NA
15205,snake,tststststsk,103,NA,NA
15206,snake,very,104,0.2,0.3333333333333333
15207,snake,fast,104,0.2,0.3333333333333333
15208,snake,vocalizing,105,0.16666666666666666,0.2857142857142857
15209,snake,washed,106,0.25,0.3333333333333333
15210,snake,away,106,0.2,0.3333333333333333
15211,snake,washing,107,0.25,0.5
15212,snake,hands,107,0.16666666666666666,0.6
15213,snake,water,108,0.25,0.7272727272727273
15214,snake,water,109,0.25,0.7272727272727273
15215,snake,leaking,109,0.2,0.3333333333333333
15216,snake,water,110,0.25,0.7272727272727273
15217,snake,poured,110,0.16666666666666666,0.2857142857142857
15218,snake,on,110,0.2,0.3333333333333333
15219,snake,heate,110,NA,NA
15220,snake,waves,111,0.16666666666666666,0.631578947368421
15221,snake,whispering,112,0.2,0.3333333333333333
15222,snake,wind,113,0.5,0.8
15223,snake,windy,114,0.2,0.3333333333333333
15224,snake,work,115,0.25,0.5454545454545454
15225,snake,yummy,116,0.2,0.3333333333333333
15226,snake,yikes,117,NA,NA
15227,snake,a,118,0.1,0.3076923076923077
15228,snake,repetitive,118,0.2,0.3333333333333333
15229,snake,action,118,0.2,0.5
15230,snake,a,119,0.1,0.3076923076923077
15231,snake,shower,119,0.14285714285714285,0.5333333333333333
15232,snake,air,120,0.2,0.6
15233,snake,escaping,120,0.16666666666666666,0.2857142857142857
15234,snake,air,121,0.2,0.6
15235,snake,whoosh,121,0.25,0.2857142857142857
15236,snake,anger,122,0.16666666666666666,0.2857142857142857
15237,snake,angry,123,0.2,0.3333333333333333
15238,snake,animal,124,0.2,0.75
15239,snake,animla,125,NA,NA
15240,snake,aspirate,126,0.16666666666666666,0.2857142857142857
15241,snake,saliva,126,0.1111111111111111,0.3333333333333333
15242,snake,attention,127,0.1,0.18181818181818182
15243,snake,"attention,",128,NA,NA
15244,snake,"careful,",128,NA,NA
15245,snake,wrong,128,0.2,0.3333333333333333
15246,snake,back,129,0.25,0.6
15247,snake,off,129,0.2,0.3333333333333333
15248,snake,bad,130,0.2,0.3333333333333333
15249,snake,be,131,0.3333333333333333,0.36363636363636365
15250,snake,quiet,131,0.2,0.3333333333333333
15251,snake,beat,132,0.25,0.631578947368421
15252,snake,box,132,0.16666666666666666,0.6
15253,snake,beatbox,133,NA,NA
15254,snake,beatboxing,134,NA,NA
15255,snake,big,135,0.2,0.3333333333333333
15256,snake,waves,135,0.16666666666666666,0.631578947368421
15257,snake,bird,136,0.2,0.8181818181818182
15258,snake,birds,137,0.2,0.8181818181818182
15259,snake,blow,138,0.25,0.4
15260,snake,blow,139,0.25,0.4
15261,snake,your,139,NA,NA
15262,snake,nose,139,0.16666666666666666,0.5333333333333333
15263,snake,blowing,140,0.25,0.4444444444444444
15264,snake,blowing,141,0.25,0.4444444444444444
15265,snake,nose,141,0.16666666666666666,0.5333333333333333
15266,snake,bomb,142,0.2,0.5333333333333333
15267,snake,bored,143,0.2,0.3333333333333333
15268,snake,boredom,144,0.07692307692307693,0.14285714285714285
15269,snake,boring,145,0.2,0.3333333333333333
15270,snake,bothered,146,0.2,0.3333333333333333
15271,snake,bowl,147,0.2,0.5714285714285714
15272,snake,with,147,NA,NA
15273,snake,sand,147,0.16666666666666666,0.631578947368421
15274,snake,breath,148,0.14285714285714285,0.4
15275,snake,in,148,0.2,0.42857142857142855
15276,snake,sharply,148,0.2,0.3333333333333333
15277,snake,breathe,149,0.25,0.3333333333333333
15278,snake,burn,150,0.2,0.3333333333333333
15279,snake,burned,151,0.2,0.3333333333333333
15280,snake,burned,152,0.2,0.3333333333333333
15281,snake,myself,152,NA,NA
15282,snake,burner,153,0.16666666666666666,0.5454545454545454
15283,snake,burning,154,0.2,0.3333333333333333
15284,snake,bzzzzz,155,NA,NA
15285,snake,can,156,0.16666666666666666,0.5333333333333333
15286,snake,can,157,0.16666666666666666,0.5333333333333333
15287,snake,open,157,0.2,0.5454545454545454
15288,snake,"can,",158,NA,NA
15289,snake,opening,158,0.2,0.6153846153846154
15290,snake,careful,159,0.2,0.3333333333333333
15291,snake,chain,160,0.25,0.6666666666666666
15292,snake,dragging,160,0.25,0.3333333333333333
15293,snake,chew,161,0.1,0.18181818181818182
15294,snake,chew,161,0.1,0.18181818181818182
15295,snake,chuuu...chuchu....tatau,162,NA,NA
15296,snake,cicada,163,0.1,0.5833333333333334
15297,snake,sound,163,0.2,0.6666666666666666
15298,snake,cleaning,164,0.25,0.2857142857142857
15299,snake,cook,165,0.16666666666666666,0.631578947368421
15300,snake,cooking,166,0.16666666666666666,0.2857142857142857
15301,snake,"crackle,",167,NA,NA
15302,snake,buz,167,NA,NA
15303,snake,crayon,168,0.125,0.5
15304,snake,cricket,169,0.14285714285714285,0.5833333333333334
15305,snake,curtain,170,0.16666666666666666,0.6666666666666666
15306,snake,pulling,170,0.2,0.2857142857142857
15307,snake,cymbal,171,0.1111111111111111,0.47058823529411764
15308,snake,danger,172,0.2,0.6
15309,snake,danger,173,0.2,0.6
15310,snake,is,173,0.3333333333333333,0.3333333333333333
15311,snake,coming,173,0.25,0.3333333333333333
15312,snake,deflate,174,0.16666666666666666,0.2857142857142857
15313,snake,sound,174,0.2,0.6666666666666666
15314,snake,delicious,175,0.2,0.5
15315,snake,disappointed,176,0.2,0.3333333333333333
15316,snake,disapprove,177,0.14285714285714285,0.25
15317,snake,disbelief,178,0.1111111111111111,0.2
15318,snake,disgusting,179,0.2,0.3333333333333333
15319,snake,slurping,179,0.14285714285714285,0.25
15320,snake,sound,179,0.2,0.6666666666666666
15321,snake,don't,180,NA,NA
15322,snake,know,180,0.2,0.3333333333333333
15323,snake,dont,181,NA,NA
15324,snake,know,181,0.2,0.3333333333333333
15325,snake,drink,182,0.2,0.6666666666666666
15326,snake,drinking,183,0.16666666666666666,0.36363636363636365
15327,snake,drinking,184,0.16666666666666666,0.36363636363636365
15328,snake,from,184,NA,NA
15329,snake,a,184,0.1,0.3076923076923077
15330,snake,straw,184,0.2,0.47058823529411764
15331,snake,drinking,185,0.16666666666666666,0.36363636363636365
15332,snake,water,185,0.25,0.7272727272727273
15333,snake,drum,186,0.14285714285714285,0.6206896551724138
15334,snake,cymbals,186,0.1111111111111111,0.47058823529411764
15335,snake,drum,187,0.14285714285714285,0.6206896551724138
15336,snake,set,187,0.2,0.5333333333333333
15337,snake,drums,188,0.14285714285714285,0.6206896551724138
15338,snake,eating,189,0.16666666666666666,0.36363636363636365
15339,snake,soup,189,0.125,0.36363636363636365
15340,snake,electric,190,0.2,0.42105263157894735
15341,snake,sound,190,0.2,0.6666666666666666
15342,snake,exhausted,191,0.2,0.3333333333333333
15343,snake,explosion,192,0.1,0.18181818181818182
15344,snake,fast,193,0.2,0.3333333333333333
15345,snake,moving,193,0.3333333333333333,0.3333333333333333
15346,snake,fast,194,0.2,0.3333333333333333
15347,snake,train,194,0.16666666666666666,0.5454545454545454
15348,snake,fear,195,0.2,0.3333333333333333
15349,snake,fight,196,0.2,0.3333333333333333
15350,snake,fill,197,0.16666666666666666,0.4
15351,snake,fire,198,0.2,0.4444444444444444
15352,snake,fizzling,199,0.14285714285714285,0.25
15353,snake,cola,199,0.14285714285714285,0.5
15354,snake,flying,200,0.25,0.3333333333333333
15355,snake,fright,201,0.125,0.2222222222222222
15356,snake,fry,202,0.2,0.6666666666666666
15357,snake,frying,203,0.16666666666666666,0.2857142857142857
15358,snake,frying,204,0.16666666666666666,0.2857142857142857
15359,snake,pan,204,0.25,0.5333333333333333
15360,snake,fufufuf,205,NA,NA
15361,snake,gas,206,0.16666666666666666,0.4444444444444444
15362,snake,leak,206,0.2,0.5
15363,snake,gliding,207,0.5,0.8
15364,snake,going,208,0.3333333333333333,0.3333333333333333
15365,snake,to,208,NA,NA
15366,snake,hurt,208,0.25,0.3333333333333333
15367,snake,good,209,0.2,0.6153846153846154
15368,snake,flavour,209,0.2,0.3333333333333333
15369,snake,grass,210,0.16666666666666666,0.631578947368421
15370,snake,grasshopper,211,0.1,0.5833333333333334
15371,snake,gunfire,212,0.09090909090909091,0.16666666666666666
15372,snake,happy,213,0.2,0.3333333333333333
15373,snake,mouth,213,0.25,0.6666666666666666
15374,snake,sound,213,0.2,0.6666666666666666
15375,snake,heat,214,0.16666666666666666,0.5333333333333333
15376,snake,high,215,0.2,0.5454545454545454
15377,snake,pressure,215,0.14285714285714285,0.36363636363636365
15378,snake,nozzle,215,0.14285714285714285,0.5333333333333333
15379,snake,adjustment,215,0.16666666666666666,0.4444444444444444
15380,snake,from,215,NA,NA
15381,snake,a,215,0.1,0.3076923076923077
15382,snake,hose,215,0.125,0.5
15383,snake,hiss,216,0.25,0.2857142857142857
15384,snake,hissin,217,NA,NA
15385,snake,hissing,218,0.25,0.2857142857142857
15386,snake,hissing,219,0.25,0.2857142857142857
15387,snake,beat,219,0.25,0.631578947368421
15388,snake,hissing,220,0.25,0.2857142857142857
15389,snake,cat,220,0.16666666666666666,0.6923076923076923
15390,snake,hissing,221,0.25,0.2857142857142857
15391,snake,snake,221,1.0,1.0
15392,snake,hisssssss,222,NA,NA
15393,snake,hlhm,223,NA,NA
15394,snake,hot,224,0.2,0.3333333333333333
15395,snake,hot,225,0.2,0.3333333333333333
15396,snake,iron,225,0.2,0.5333333333333333
15397,snake,hot,226,0.2,0.3333333333333333
15398,snake,pan,226,0.25,0.5333333333333333
15399,snake,humming,227,0.25,0.2857142857142857
15400,snake,hurt,228,0.25,0.3333333333333333
15401,snake,imitating,229,0.14285714285714285,0.25
15402,snake,a,229,0.1,0.3076923076923077
15403,snake,train,229,0.16666666666666666,0.5454545454545454
15404,snake,impatient,230,0.2,0.3333333333333333
15405,snake,insect,231,0.16666666666666666,0.6363636363636364
15406,snake,instrument,232,0.16666666666666666,0.631578947368421
15407,snake,jazz,233,0.125,0.2222222222222222
15408,snake,keep,234,0.2,0.5
15409,snake,quiet,234,0.2,0.3333333333333333
15410,snake,leaf,235,0.2,0.6666666666666666
15411,snake,lightning,236,0.1,0.3076923076923077
15412,snake,a,236,0.1,0.3076923076923077
15413,snake,dynamite,236,0.125,0.3076923076923077
15414,snake,lost,237,0.2,0.3333333333333333
15415,snake,their,237,NA,NA
15416,snake,thought,237,0.2,0.3333333333333333
15417,snake,machine,238,0.25,0.7058823529411765
15418,snake,gun,238,0.16666666666666666,0.631578947368421
15419,snake,magic,239,0.2,0.3333333333333333
15420,snake,man,240,0.25,0.7058823529411765
15421,snake,sound,240,0.2,0.6666666666666666
15422,snake,mimick,241,NA,NA
15423,snake,airplain,241,NA,NA
15424,snake,mouth,242,0.25,0.6666666666666666
15425,snake,sound,242,0.2,0.6666666666666666
15426,snake,mouth,243,0.25,0.6666666666666666
15427,snake,sounds,243,0.2,0.6666666666666666
15428,snake,move,244,0.3333333333333333,0.3333333333333333
15429,snake,away,244,0.2,0.3333333333333333
15430,snake,mthhh,245,NA,NA
15431,snake,music,246,0.125,0.2222222222222222
15432,snake,imitation,246,0.2,0.5
15433,snake,negativity,247,0.125,0.2222222222222222
15434,snake,ocean,248,0.2,0.6666666666666666
15435,snake,open,249,0.2,0.5454545454545454
15436,snake,a,249,0.1,0.3076923076923077
15437,snake,bottle,249,0.14285714285714285,0.5
15438,snake,opening,250,0.2,0.6153846153846154
15439,snake,a,250,0.1,0.3076923076923077
15440,snake,bottle,250,0.14285714285714285,0.5
15441,snake,opening,251,0.2,0.6153846153846154
15442,snake,a,251,0.1,0.3076923076923077
15443,snake,can,251,0.16666666666666666,0.5333333333333333
15444,snake,opening,252,0.2,0.6153846153846154
15445,snake,a,252,0.1,0.3076923076923077
15446,snake,coke,252,0.14285714285714285,0.4
15447,snake,ouch,253,NA,NA
15448,snake,owww,254,NA,NA
15449,snake,pain,255,0.16666666666666666,0.631578947368421
15450,snake,pain,256,0.16666666666666666,0.631578947368421
15451,snake,from,256,NA,NA
15452,snake,burn,256,0.2,0.3333333333333333
15453,snake,painful,257,0.2,0.3333333333333333
15454,snake,inhale,257,0.16666666666666666,0.2857142857142857
15455,snake,pistons,258,0.125,0.5714285714285714
15456,snake,working,258,0.25,0.5714285714285714
15457,snake,playing,259,0.25,0.3333333333333333
15458,snake,gun,259,0.16666666666666666,0.631578947368421
15459,snake,playing,260,0.25,0.3333333333333333
15460,snake,instrument,260,0.16666666666666666,0.631578947368421
15461,snake,playing,261,0.25,0.3333333333333333
15462,snake,with,261,NA,NA
15463,snake,sounds,261,0.2,0.6666666666666666
15464,snake,pppsst,262,NA,NA
15465,snake,psstt,262,NA,NA
15466,snake,(like,262,NA,NA
15467,snake,air,262,0.2,0.6
15468,snake,escaping),262,NA,NA
15469,snake,pssseee,263,NA,NA
15470,snake,quick,264,0.2,0.42857142857142855
15471,snake,quiet,265,0.2,0.3333333333333333
15472,snake,quietly,266,0.2,0.3333333333333333
15473,snake,warning,266,0.2,0.3333333333333333
15474,snake,radio,267,0.2,0.5
15475,snake,syntonization,267,NA,NA
15476,snake,rain,268,0.16666666666666666,0.3333333333333333
15477,snake,rattle,269,0.16666666666666666,0.5714285714285714
15478,snake,rattle,270,0.16666666666666666,0.5714285714285714
15479,snake,like,270,0.2,0.3333333333333333
15480,snake,snake,270,1.0,1.0
15481,snake,rattlesnake,271,0.25,0.8888888888888888
15482,snake,relaxed,272,0.2,0.3333333333333333
15483,snake,or,272,0.1111111111111111,0.47058823529411764
15484,snake,entertained,272,0.2,0.3333333333333333
15485,snake,rubbing,273,0.16666666666666666,0.5333333333333333
15486,snake,hands,273,0.16666666666666666,0.6
15487,snake,s,274,0.14285714285714285,0.4
15488,snake,-tss-,274,NA,NA
15489,snake,tststss,274,NA,NA
15490,snake,sand,275,0.16666666666666666,0.631578947368421
15491,snake,sand,276,0.16666666666666666,0.631578947368421
15492,snake,storm,276,0.2,0.3333333333333333
15493,snake,scaring,277,0.14285714285714285,0.25
15494,snake,scaring,278,0.14285714285714285,0.25
15495,snake,off,278,0.2,0.3333333333333333
15496,snake,schchchchttt,279,NA,NA
15497,snake,schhschhh,280,NA,NA
15498,snake,sea,281,0.2,0.6666666666666666
15499,snake,sea,282,0.2,0.6666666666666666
15500,snake,wave,282,0.16666666666666666,0.631578947368421
15501,snake,shaker,283,0.25,0.7058823529411765
15502,snake,sharp,284,0.2,0.47058823529411764
15503,snake,inhale,284,0.16666666666666666,0.2857142857142857
15504,snake,sharpen,285,0.16666666666666666,0.2857142857142857
15505,snake,sharpening,286,0.16666666666666666,0.2857142857142857
15506,snake,knife,286,0.1111111111111111,0.47058823529411764
15507,snake,sheechecheechhee,287,NA,NA
15508,snake,shhh,288,NA,NA
15509,snake,shhhh,289,NA,NA
15510,snake,shhhh,290,NA,NA
15511,snake,shhhhhh,290,NA,NA
15512,snake,shhhh-weaw,291,NA,NA
15513,snake,shhh,291,NA,NA
15514,snake,shhhhs,292,NA,NA
15515,snake,shifting,293,0.2,0.3333333333333333
15516,snake,shock,294,0.16666666666666666,0.5
15517,snake,shoo,295,0.14285714285714285,0.25
15518,snake,shooting,296,0.2,0.2857142857142857
15519,snake,shower,297,0.14285714285714285,0.5333333333333333
15520,snake,shower,298,0.14285714285714285,0.5333333333333333
15521,snake,starting,298,0.25,0.3333333333333333
15522,snake,shshhhhsh,299,NA,NA
15523,snake,shshshs,300,NA,NA
15524,snake,shshshshshshsssssh,301,NA,NA
15525,snake,shssshshshsshs,302,NA,NA
15526,snake,shuffling,303,0.2,0.25
15527,snake,shushing,304,0.08333333333333333,0.15384615384615385
15528,snake,shut,305,0.2,0.3333333333333333
15529,snake,up,305,0.2,0.3333333333333333
15530,snake,sieve,306,0.16666666666666666,0.47058823529411764
15531,snake,silence,307,0.1111111111111111,0.2
15532,snake,silencing,308,0.09090909090909091,0.16666666666666666
15533,snake,silencing,309,0.09090909090909091,0.16666666666666666
15534,snake,someone,309,0.3333333333333333,0.75
15535,snake,sing,310,0.16666666666666666,0.2857142857142857
15536,snake,singing,311,0.2,0.3333333333333333
15537,snake,sip,312,0.14285714285714285,0.3333333333333333
15538,snake,sizzle,313,0.2,0.25
15539,snake,sizzling,314,0.2,0.3333333333333333
15540,snake,sizzling,315,0.2,0.3333333333333333
15541,snake,hot,315,0.2,0.3333333333333333
15542,snake,sleep,316,0.16666666666666666,0.2857142857142857
15543,snake,slice,317,0.16666666666666666,0.5
15544,snake,sliding,318,0.3333333333333333,0.6666666666666666
15545,snake,slither,319,0.25,0.2857142857142857
15546,snake,slurp,320,0.14285714285714285,0.25
15547,snake,slurping,321,0.14285714285714285,0.25
15548,snake,smelling,322,0.2,0.3333333333333333
15549,snake,smooth,323,0.2,0.3333333333333333
15550,snake,snake,324,1.0,1.0
15551,snake,snake,325,1.0,1.0
15552,snake,sound,325,0.2,0.6666666666666666
15553,snake,sniff,326,0.14285714285714285,0.25
15554,snake,sniffing,327,0.14285714285714285,0.25
15555,snake,sniffling,328,0.14285714285714285,0.25
15556,snake,snore,329,0.16666666666666666,0.36363636363636365
15557,snake,soft,330,0.2,0.3333333333333333
15558,snake,drinks,330,0.2,0.6666666666666666
15559,snake,opening,330,0.2,0.6153846153846154
15560,snake,soft,331,0.2,0.3333333333333333
15561,snake,imitation,331,0.2,0.5
15562,snake,explosion,331,0.1,0.18181818181818182
15563,snake,someone,332,0.3333333333333333,0.75
15564,snake,got,332,0.2,0.3333333333333333
15565,snake,hurt,332,0.25,0.3333333333333333
15566,snake,something,333,NA,NA
15567,snake,dragging,333,0.25,0.3333333333333333
15568,snake,something,334,NA,NA
15569,snake,hot,334,0.2,0.3333333333333333
15570,snake,something,335,NA,NA
15571,snake,moving,335,0.3333333333333333,0.3333333333333333
15572,snake,quickly,335,0.2,0.3333333333333333
15573,snake,something,336,NA,NA
15574,snake,not,336,0.2,0.3333333333333333
15575,snake,going,336,0.3333333333333333,0.3333333333333333
15576,snake,as,336,0.2,0.5454545454545454
15577,snake,it,336,0.08333333333333333,0.15384615384615385
15578,snake,should,336,NA,NA
15579,snake,something,337,NA,NA
15580,snake,went,337,0.3333333333333333,0.3333333333333333
15581,snake,wrong,337,0.2,0.3333333333333333
15582,snake,soup,338,0.125,0.36363636363636365
15583,snake,noodles,338,0.125,0.375
15584,snake,speinkler,339,NA,NA
15585,snake,splash,340,0.2,0.47058823529411764
15586,snake,splashing,341,0.2,0.3333333333333333
15587,snake,splashing,342,0.2,0.3333333333333333
15588,snake,water,342,0.25,0.7272727272727273
15589,snake,spray,343,0.16666666666666666,0.5333333333333333
15590,snake,sprinkler,344,0.1111111111111111,0.47058823529411764
15591,snake,sprinklers,345,0.1111111111111111,0.47058823529411764
15592,snake,sprinkling,346,0.14285714285714285,0.25
15593,snake,sounds,346,0.2,0.6666666666666666
15594,snake,squeezing,347,0.16666666666666666,0.2857142857142857
15595,snake,srrtrthhthth,348,NA,NA
15596,snake,sshhh,349,NA,NA
15597,snake,sshhheo,349,NA,NA
15598,snake,sss,350,0.09090909090909091,0.16666666666666666
15599,snake,tsss,350,0.08333333333333333,0.15384615384615385
15600,snake,tss,350,0.08333333333333333,0.15384615384615385
15601,snake,tssss,350,NA,NA
15602,snake,tssssss,350,NA,NA
15603,snake,sss-tuh,351,NA,NA
15604,snake,tuh,351,NA,NA
15605,snake,tuh,351,NA,NA
15606,snake,st-st-st,351,NA,NA
15607,snake,ssssss,352,NA,NA
15608,snake,ssstststs,353,NA,NA
15609,snake,steam,354,0.25,0.3333333333333333
15610,snake,stetei,355,NA,NA
15611,snake,storm,356,0.2,0.3333333333333333
15612,snake,stressed,357,0.2,0.3333333333333333
15613,snake,suck,358,0.25,0.36363636363636365
15614,snake,hard,358,0.2,0.3333333333333333
15615,snake,sucking,359,0.25,0.36363636363636365
15616,snake,saliva,359,0.1111111111111111,0.3333333333333333
15617,snake,sucking,360,0.25,0.36363636363636365
15618,snake,sound,360,0.2,0.6666666666666666
15619,snake,summer,361,0.16666666666666666,0.2857142857142857
15620,snake,surprised/scared,362,NA,NA
15621,snake,suss,363,0.09090909090909091,0.16666666666666666
15622,snake,suss,363,0.09090909090909091,0.16666666666666666
15623,snake,sweeping,364,0.2,0.3333333333333333
15624,snake,swiping,365,0.14285714285714285,0.25
15625,snake,metal,365,0.2,0.4
15626,snake,sheet,365,0.2,0.6153846153846154
15627,snake,swipping,366,NA,NA
15628,snake,swish,367,0.2,0.3333333333333333
15629,snake,swoosh,368,0.14285714285714285,0.25
15630,snake,sword,369,0.1111111111111111,0.47058823529411764
15631,snake,sword,370,0.1111111111111111,0.47058823529411764
15632,snake,clash,370,0.16666666666666666,0.2857142857142857
15633,snake,symbol,371,0.125,0.2222222222222222
15634,snake,sympathy,372,0.125,0.2222222222222222
15635,snake,take,373,0.25,0.3333333333333333
15636,snake,taking,374,0.25,0.3333333333333333
15637,snake,a,374,0.1,0.3076923076923077
15638,snake,sip,374,0.14285714285714285,0.3333333333333333
15639,snake,tambourine,375,0.1,0.4444444444444444
15640,snake,tchhh,376,NA,NA
15641,snake,telling,377,0.2,0.3333333333333333
15642,snake,someone,377,0.3333333333333333,0.75
15643,snake,to,377,NA,NA
15644,snake,shut,377,0.2,0.3333333333333333
15645,snake,up,377,0.2,0.3333333333333333
15646,snake,territory,378,0.2,0.6
15647,snake,mark,378,0.2,0.6666666666666666
15648,snake,that's,379,NA,NA
15649,snake,painful,379,0.2,0.3333333333333333
15650,snake,think,380,0.2,0.3333333333333333
15651,snake,thinking,381,0.2,0.3333333333333333
15652,snake,thunder,382,0.2,0.4
15653,snake,to,383,NA,NA
15654,snake,burn,383,0.2,0.3333333333333333
15655,snake,touch,384,0.2,0.3333333333333333
15656,snake,something,384,NA,NA
15657,snake,hot,384,0.2,0.3333333333333333
15658,snake,train,385,0.16666666666666666,0.5454545454545454
15659,snake,ts,386,0.09090909090909091,0.2857142857142857
15660,snake,ts,386,0.09090909090909091,0.2857142857142857
15661,snake,ts,387,0.09090909090909091,0.2857142857142857
15662,snake,ts,387,0.09090909090909091,0.2857142857142857
15663,snake,ts,387,0.09090909090909091,0.2857142857142857
15664,snake,tsk,388,0.16666666666666666,0.2857142857142857
15665,snake,tsk,389,0.16666666666666666,0.2857142857142857
15666,snake,tsk,389,0.16666666666666666,0.2857142857142857
15667,snake,tsk,389,0.16666666666666666,0.2857142857142857
15668,snake,tsss,390,0.08333333333333333,0.15384615384615385
15669,snake,tatisstistsss,390,NA,NA
15670,snake,tsss,391,0.08333333333333333,0.15384615384615385
15671,snake,ts,391,0.09090909090909091,0.2857142857142857
15672,snake,ts,391,0.09090909090909091,0.2857142857142857
15673,snake,ts,391,0.09090909090909091,0.2857142857142857
15674,snake,ts,391,0.09090909090909091,0.2857142857142857
15675,snake,ts,391,0.09090909090909091,0.2857142857142857
15676,snake,tssssss,392,NA,NA
15677,snake,tsssssss,393,NA,NA
15678,snake,tssstsss,394,NA,NA
15679,snake,tsst,395,NA,NA
15680,snake,tstt,395,NA,NA
15681,snake,(like,395,NA,NA
15682,snake,a,395,0.1,0.3076923076923077
15683,snake,drum,395,0.14285714285714285,0.6206896551724138
15684,snake,cymbal),395,NA,NA
15685,snake,unknown,396,0.2,0.631578947368421
15686,snake,unlucky,397,0.2,0.3333333333333333
15687,snake,using,398,0.2,0.3333333333333333
15688,snake,straw,398,0.2,0.47058823529411764
15689,snake,vague,399,0.2,0.3333333333333333
15690,snake,mouth,399,0.25,0.6666666666666666
15691,snake,sounds,399,0.2,0.6666666666666666
15692,snake,waiting,400,0.2,0.3333333333333333
15693,snake,warning,401,0.2,0.3333333333333333
15694,snake,washing,402,0.25,0.5
15695,snake,watch,403,0.2,0.5714285714285714
15696,snake,out,403,0.2,0.3333333333333333
15697,snake,water,404,0.25,0.7272727272727273
15698,snake,water,405,0.25,0.7272727272727273
15699,snake,currents,405,0.1111111111111111,0.3333333333333333
15700,snake,water,406,0.25,0.7272727272727273
15701,snake,explosion,406,0.1,0.18181818181818182
15702,snake,water,407,0.25,0.7272727272727273
15703,snake,on,407,0.2,0.3333333333333333
15704,snake,fire,407,0.2,0.4444444444444444
15705,snake,water,408,0.25,0.7272727272727273
15706,snake,pipe,408,0.14285714285714285,0.47058823529411764
15707,snake,noise,408,0.14285714285714285,0.25
15708,snake,waterjet,409,NA,NA
15709,snake,watter,410,NA,NA
15710,snake,out,410,0.2,0.3333333333333333
15711,snake,waves,411,0.16666666666666666,0.631578947368421
15712,snake,weshiot,412,NA,NA
15713,snake,white,413,0.3333333333333333,0.8571428571428571
15714,snake,noise,413,0.14285714285714285,0.25
15715,snake,whizzing,414,0.14285714285714285,0.25
15716,snake,whoooosh,415,NA,NA
15717,snake,wind,416,0.5,0.8
15718,snake,,417,0.3333333333333333,0.8571428571428571
15719,that,aaaahhh,1,NA,NA
15720,that,surprised,1,NA,NA
15721,that,aaaaaam,2,NA,NA
15722,that,aaaaah?,3,NA,NA
15723,that,aaaah,4,NA,NA
15724,that,acknowledge,5,NA,NA
15725,that,addressing,6,NA,NA
15726,that,someone,6,NA,NA
15727,that,admiration,7,NA,NA
15728,that,admired,8,NA,NA
15729,that,agree,9,NA,NA
15730,that,"ah,",10,NA,NA
15731,that,questioning,10,NA,NA
15732,that,or,10,NA,NA
15733,that,understanding,10,NA,NA
15734,that,aha,11,NA,NA
15735,that,ahem,12,NA,NA
15736,that,ahh,13,NA,NA
15737,that,ahhh,14,NA,NA
15738,that,then,14,NA,NA
15739,that,spit,14,NA,NA
15740,that,ahhhh,15,NA,NA
15741,that,amm,16,NA,NA
15742,that,"anne,",17,NA,NA
15743,that,name,17,NA,NA
15744,that,approval,18,NA,NA
15745,that,assenting,19,NA,NA
15746,that,awe,20,NA,NA
15747,that,bite,21,NA,NA
15748,that,bored,22,NA,NA
15749,that,boring,23,NA,NA
15750,that,calm,24,NA,NA
15751,that,closing,25,NA,NA
15752,that,door,25,NA,NA
15753,that,contemplating,26,NA,NA
15754,that,danger,27,NA,NA
15755,that,delicious,28,NA,NA
15756,that,disappointed,29,NA,NA
15757,that,discovery,30,NA,NA
15758,that,discredit,31,NA,NA
15759,that,doubt,32,NA,NA
15760,that,eating,33,NA,NA
15761,that,eat,34,NA,NA
15762,that,eating,35,NA,NA
15763,that,enlightened,36,NA,NA
15764,that,ergh,37,NA,NA
15765,that,esting,38,NA,NA
15766,that,falling,39,NA,NA
15767,that,feeding,40,NA,NA
15768,that,feeding,41,NA,NA
15769,that,baby,41,NA,NA
15770,that,feminine,42,NA,NA
15771,that,annm,42,NA,NA
15772,that,filler,43,NA,NA
15773,that,words,43,NA,NA
15774,that,fimding,44,NA,NA
15775,that,something,44,NA,NA
15776,that,out,44,NA,NA
15777,that,finding,45,NA,NA
15778,that,something,45,NA,NA
15779,that,out,45,NA,NA
15780,that,food,46,NA,NA
15781,that,"groanibg,",47,NA,NA
15782,that,mooing,47,NA,NA
15783,that,how?,48,NA,NA
15784,that,hurt,49,NA,NA
15785,that,i,50,NA,NA
15786,that,see,50,NA,NA
15787,that,i,51,NA,NA
15788,that,get,51,NA,NA
15789,that,it,51,NA,NA
15790,that,i,52,NA,NA
15791,that,like,52,NA,NA
15792,that,it,52,NA,NA
15793,that,i,53,NA,NA
15794,that,see,53,NA,NA
15795,that,i,54,NA,NA
15796,that,see,54,NA,NA
15797,that,what,54,NA,NA
15798,that,you,54,NA,NA
15799,that,mean,54,NA,NA
15800,that,now,54,NA,NA
15801,that,i,55,NA,NA
15802,that,understand,55,NA,NA
15803,that,i,56,NA,NA
15804,that,understand,56,NA,NA
15805,that,now,56,NA,NA
15806,that,i,57,NA,NA
15807,that,understand.,57,NA,NA
15808,that,now,57,NA,NA
15809,that,indecisive,58,NA,NA
15810,that,inspiration,59,NA,NA
15811,that,interest/intrigue,60,NA,NA
15812,that,interesting,61,NA,NA
15813,that,loud,62,NA,NA
15814,that,voice,62,NA,NA
15815,that,male,63,NA,NA
15816,that,,63,NA,NA
15817,that,strange,63,NA,NA
15818,that,sounds,63,NA,NA
15819,that,maybe,64,NA,NA
15820,that,men’s,65,NA,NA
15821,that,ouuu,65,NA,NA
15822,that,mild,66,NA,NA
15823,that,agree,66,NA,NA
15824,that,mild,67,NA,NA
15825,that,surprise,67,NA,NA
15826,that,oh,68,NA,NA
15827,that,oh,69,NA,NA
15828,that,i,69,NA,NA
15829,that,see,69,NA,NA
15830,that,okay,70,NA,NA
15831,that,old,71,NA,NA
15832,that,man,71,NA,NA
15833,that,understands,71,NA,NA
15834,that,oooh,72,NA,NA
15835,that,opening,73,NA,NA
15836,that,mouth,73,NA,NA
15837,that,pain,74,NA,NA
15838,that,pause,75,NA,NA
15839,that,perplexed,76,NA,NA
15840,that,plane,77,NA,NA
15841,that,eating,77,NA,NA
15842,that,relieve,78,NA,NA
15843,that,realising,79,NA,NA
15844,that,realization,80,NA,NA
15845,that,realize,81,NA,NA
15846,that,realizing,82,NA,NA
15847,that,really?,83,NA,NA
15848,that,really?,84,NA,NA
15849,that,a,84,NA,NA
15850,that,question,84,NA,NA
15851,that,mark,84,NA,NA
15852,that,sing,85,NA,NA
15853,that,sound,86,NA,NA
15854,that,saying,87,NA,NA
15855,that,what,87,NA,NA
15856,that,sigh,88,NA,NA
15857,that,surprise,89,NA,NA
15858,that,surprised,90,NA,NA
15859,that,think,91,NA,NA
15860,that,thinking,92,NA,NA
15861,that,"thinking,",93,NA,NA
15862,that,ummm,94,NA,NA
15863,that,undecided,95,NA,NA
15864,that,understand,96,NA,NA
15865,that,understanding,97,NA,NA
15866,that,undestanding,98,NA,NA
15867,that,uuuuuh,99,NA,NA
15868,that,verbal,100,NA,NA
15869,that,affirmation,100,NA,NA
15870,that,"what,",101,NA,NA
15871,that,em,101,NA,NA
15872,that,woman,102,NA,NA
15873,that,woman,103,NA,NA
15874,that,enjoying,103,NA,NA
15875,that,food,103,NA,NA
15876,that,woman,104,NA,NA
15877,that,singing,104,NA,NA
15878,that,wondering,105,NA,NA
15879,that,yawn,106,NA,NA
15880,that,yawning,107,NA,NA
15881,that,yes,108,NA,NA
15882,that,yum,109,NA,NA
15883,that,"aa,",110,NA,NA
15884,that,like,110,NA,NA
15885,that,discovering,110,NA,NA
15886,that,aaaaaa,111,NA,NA
15887,that,aaaaaammmm,112,NA,NA
15888,that,aaaahaha,113,NA,NA
15889,that,aaaahhhhht,114,NA,NA
15890,that,aaaahhht,115,NA,NA
15891,that,aaaammmm,116,NA,NA
15892,that,aaah,117,NA,NA
15893,that,aaahg,118,NA,NA
15894,that,aaahhhh,119,NA,NA
15895,that,aaahme,120,NA,NA
15896,that,aaahmmm,121,NA,NA
15897,that,aaam,122,NA,NA
15898,that,aaammmmm,123,NA,NA
15899,that,aaerm,124,NA,NA
15900,that,aah,125,NA,NA
15901,that,-,125,NA,NA
15902,that,understanding,125,NA,NA
15903,that,aahhhatwt,126,NA,NA
15904,that,aahm,127,NA,NA
15905,that,aahmm,128,NA,NA
15906,that,ache,129,NA,NA
15907,that,"acknowledgement,",130,NA,NA
15908,that,understanding,130,NA,NA
15909,that,acknowledging,131,NA,NA
15910,that,admirery,132,NA,NA
15911,that,of,132,NA,NA
15912,that,idea,132,NA,NA
15913,that,adults,133,NA,NA
15914,that,talking,133,NA,NA
15915,that,child,133,NA,NA
15916,that,again?,134,NA,NA
15917,that,agree,135,NA,NA
15918,that,agreeing,136,NA,NA
15919,that,ahh,137,NA,NA
15920,that,ahhh,138,NA,NA
15921,that,ahhhh,139,NA,NA
15922,that,ahhhh,140,NA,NA
15923,that,tu,140,NA,NA
15924,that,ahm,141,NA,NA
15925,that,ahm,142,NA,NA
15926,that,(expression),142,NA,NA
15927,that,alright,143,NA,NA
15928,that,amazed,144,NA,NA
15929,that,amazed,145,NA,NA
15930,that,man,145,NA,NA
15931,that,amazement,146,NA,NA
15932,that,amm,147,NA,NA
15933,that,ammm,148,NA,NA
15934,that,and,149,NA,NA
15935,that,angry,150,NA,NA
15936,that,annoy,151,NA,NA
15937,that,annoyance,152,NA,NA
15938,that,annoyed,153,NA,NA
15939,that,approval,154,NA,NA
15940,that,arg,155,NA,NA
15941,that,asking,156,NA,NA
15942,that,to,156,NA,NA
15943,that,stop,156,NA,NA
15944,that,assent,157,NA,NA
15945,that,assenting,158,NA,NA
15946,that,assenting,159,NA,NA
15947,that,unpleasant,159,NA,NA
15948,that,comment,159,NA,NA
15949,that,attempt,160,NA,NA
15950,that,to,160,NA,NA
15951,that,catch,160,NA,NA
15952,that,air,160,NA,NA
15953,that,attention,161,NA,NA
15954,that,awe,162,NA,NA
15955,that,baby,163,NA,NA
15956,that,babytalk,164,NA,NA
15957,that,be,165,NA,NA
15958,that,calm,165,NA,NA
15959,that,being,166,NA,NA
15960,that,pleasantly,166,NA,NA
15961,that,surprised,166,NA,NA
15962,that,being,167,NA,NA
15963,that,startled,167,NA,NA
15964,that,big,168,NA,NA
15965,that,bite,168,NA,NA
15966,that,bored,169,NA,NA
15967,that,boring,170,NA,NA
15968,that,calm,171,NA,NA
15969,that,understanding,171,NA,NA
15970,that,cartoon,172,NA,NA
15971,that,farmer,172,NA,NA
15972,that,come,173,NA,NA
15973,that,complaint,174,NA,NA
15974,that,comprehension,175,NA,NA
15975,that,confused,176,NA,NA
15976,that,confusion,177,NA,NA
15977,that,disbelief,178,NA,NA
15978,that,discontent,179,NA,NA
15979,that,discovering,180,NA,NA
15980,that,discovering,181,NA,NA
15981,that,something,181,NA,NA
15982,that,disgust,182,NA,NA
15983,that,do,183,NA,NA
15984,that,it,183,NA,NA
15985,that,doctor,184,NA,NA
15986,that,don't,185,NA,NA
15987,that,know,185,NA,NA
15988,that,dont,186,NA,NA
15989,that,know,186,NA,NA
15990,that,doubt,187,NA,NA
15991,that,doubtful,188,NA,NA
15992,that,eating,189,NA,NA
15993,that,eating,190,NA,NA
15994,that,delicious,190,NA,NA
15995,that,meal,190,NA,NA
15996,that,eeem,191,NA,NA
15997,that,epiphany,192,NA,NA
15998,that,errrrm,193,NA,NA
15999,that,(thinking),193,NA,NA
16000,that,exacerbate,194,NA,NA
16001,that,exclamation,195,NA,NA
16002,that,explaining,196,NA,NA
16003,that,facinastion,197,NA,NA
16004,that,fearful,198,NA,NA
16005,that,groan,198,NA,NA
16006,that,feed,199,NA,NA
16007,that,feeding,200,NA,NA
16008,that,child,200,NA,NA
16009,that,female,201,NA,NA
16010,that,noise,201,NA,NA
16011,that,figuring,202,NA,NA
16012,that,out,202,NA,NA
16013,that,finally,203,NA,NA
16014,that,understanding,203,NA,NA
16015,that,something,203,NA,NA
16016,that,find,204,NA,NA
16017,that,solution,204,NA,NA
16018,that,gentle,205,NA,NA
16019,that,attention,205,NA,NA
16020,that,gh-huhh,206,NA,NA
16021,that,glee,207,NA,NA
16022,that,goat,208,NA,NA
16023,that,got,209,NA,NA
16024,that,it,209,NA,NA
16025,that,grateful,210,NA,NA
16026,that,surprise,210,NA,NA
16027,that,greeting,211,NA,NA
16028,that,grunt,212,NA,NA
16029,that,haaa,213,NA,NA
16030,that,haaaam,214,NA,NA
16031,that,ham,215,NA,NA
16032,that,heat,216,NA,NA
16033,that,hhaaa,217,NA,NA
16034,that,hhowa,218,NA,NA
16035,that,huagh,219,NA,NA
16036,that,huam,220,NA,NA
16037,that,huh,221,NA,NA
16038,that,hum,222,NA,NA
16039,that,humm,223,NA,NA
16040,that,hungry,224,NA,NA
16041,that,i,225,NA,NA
16042,that,didn't,225,NA,NA
16043,that,understand,225,NA,NA
16044,that,i,226,NA,NA
16045,that,dont,226,NA,NA
16046,that,know,226,NA,NA
16047,that,i,227,NA,NA
16048,that,like,227,NA,NA
16049,that,it,227,NA,NA
16050,that,i,228,NA,NA
16051,that,see,228,NA,NA
16052,that,i,229,NA,NA
16053,that,understand,229,NA,NA
16054,that,now,229,NA,NA
16055,that,i,230,NA,NA
16056,that,undertand,230,NA,NA
16057,that,idea,231,NA,NA
16058,that,idk,232,NA,NA
16059,that,impatience,233,NA,NA
16060,that,impatient,234,NA,NA
16061,that,interesting,235,NA,NA
16062,that,its,236,NA,NA
16063,that,ok,236,NA,NA
16064,that,knowledge,237,NA,NA
16065,that,known,238,NA,NA
16066,that,lament,239,NA,NA
16067,that,look,240,NA,NA
16068,that,looking,241,NA,NA
16069,that,for,241,NA,NA
16070,that,words,241,NA,NA
16071,that,low,242,NA,NA
16072,that,scream,242,NA,NA
16073,that,male,243,NA,NA
16074,that,vocal,243,NA,NA
16075,that,man,244,NA,NA
16076,that,man,245,NA,NA
16077,that,intrigued,245,NA,NA
16078,that,mild,246,NA,NA
16079,that,surprise,246,NA,NA
16080,that,mimick,247,NA,NA
16081,that,sound,247,NA,NA
16082,that,moaning,248,NA,NA
16083,that,mom,249,NA,NA
16084,that,moo,250,NA,NA
16085,that,mooing,251,NA,NA
16086,that,nervous,252,NA,NA
16087,that,filler,252,NA,NA
16088,that,word,252,NA,NA
16089,that,“um”,252,NA,NA
16090,that,nice,253,NA,NA
16091,that,surprise,253,NA,NA
16092,that,not,254,NA,NA
16093,that,bad,254,NA,NA
16094,that,not,255,NA,NA
16095,that,sure,255,NA,NA
16096,that,now,256,NA,NA
16097,that,oahhh,257,NA,NA
16098,that,oh,258,NA,NA
16099,that,i,258,NA,NA
16100,that,see,258,NA,NA
16101,that,oh,259,NA,NA
16102,that,i,259,NA,NA
16103,that,understand,259,NA,NA
16104,that,oh,260,NA,NA
16105,that,cool,260,NA,NA
16106,that,oh,261,NA,NA
16107,that,my,261,NA,NA
16108,that,oh,262,NA,NA
16109,that,ok,262,NA,NA
16110,that,oh,263,NA,NA
16111,that,right,263,NA,NA
16112,that,oh,264,NA,NA
16113,that,wow,264,NA,NA
16114,that,"oh,",265,NA,NA
16115,that,really?,265,NA,NA
16116,that,ohh,266,NA,NA
16117,that,ohhh,267,NA,NA
16118,that,ok,268,NA,NA
16119,that,ok,268,NA,NA
16120,that,ooo,269,NA,NA
16121,that,ooohhh,270,NA,NA
16122,that,open,271,NA,NA
16123,that,open,272,NA,NA
16124,that,mouth,272,NA,NA
16125,that,open,273,NA,NA
16126,that,wide,273,NA,NA
16127,that,opening,274,NA,NA
16128,that,mouth,274,NA,NA
16129,that,opening,275,NA,NA
16130,that,wide,275,NA,NA
16131,that,out,276,NA,NA
16132,that,pain,277,NA,NA
16133,that,person,278,NA,NA
16134,that,understanding,278,NA,NA
16135,that,something,278,NA,NA
16136,that,pondering,279,NA,NA
16137,that,"pondering,",280,NA,NA
16138,that,not,280,NA,NA
16139,that,sure,280,NA,NA
16140,that,puzzled,281,NA,NA
16141,that,questioning,282,NA,NA
16142,that,an,282,NA,NA
16143,that,action,282,NA,NA
16144,that,realisation,283,NA,NA
16145,that,realise,284,NA,NA
16146,that,realise,285,NA,NA
16147,that,something,285,NA,NA
16148,that,realization,286,NA,NA
16149,that,realize,287,NA,NA
16150,that,realizing,288,NA,NA
16151,that,realizing,289,NA,NA
16152,that,something,289,NA,NA
16153,that,"realizing,",290,NA,NA
16154,that,understand,290,NA,NA
16155,that,really?,291,NA,NA
16156,that,reflecting,292,NA,NA
16157,that,relief,293,NA,NA
16158,that,revelation,294,NA,NA
16159,that,right,295,NA,NA
16160,that,satisfaction,296,NA,NA
16161,that,satisfied,297,NA,NA
16162,that,say,298,NA,NA
16163,that,ah,298,NA,NA
16164,that,scared,299,NA,NA
16165,that,scream,300,NA,NA
16166,that,shock,301,NA,NA
16167,that,sigh,302,NA,NA
16168,that,sing,303,NA,NA
16169,that,singing,304,NA,NA
16170,that,sleep,305,NA,NA
16171,that,sleepiness,306,NA,NA
16172,that,sleeping,307,NA,NA
16173,that,sleepy,308,NA,NA
16174,that,snoring,309,NA,NA
16175,that,sound,310,NA,NA
16176,that,of,310,NA,NA
16177,that,astonishment,310,NA,NA
16178,that,started,311,NA,NA
16179,that,to,311,NA,NA
16180,that,understand,311,NA,NA
16181,that,startled,312,NA,NA
16182,that,sudden,313,NA,NA
16183,that,realization,313,NA,NA
16184,that,suddenly,314,NA,NA
16185,that,clicked,314,NA,NA
16186,that,suprised,315,NA,NA
16187,that,surprise,316,NA,NA
16188,that,"surprise,",317,NA,NA
16189,that,intrigue,317,NA,NA
16190,that,surprised,318,NA,NA
16191,that,surprised,319,NA,NA
16192,that,man,319,NA,NA
16193,that,surprising,320,NA,NA
16194,that,taking,321,NA,NA
16195,that,a,321,NA,NA
16196,that,bite,321,NA,NA
16197,that,tasting,322,NA,NA
16198,that,teaching,323,NA,NA
16199,that,to,323,NA,NA
16200,that,eat,323,NA,NA
16201,that,thank,324,NA,NA
16202,that,you,324,NA,NA
16203,that,there,325,NA,NA
16204,that,you,325,NA,NA
16205,that,are,325,NA,NA
16206,that,think,326,NA,NA
16207,that,thinking,327,NA,NA
16208,that,thought,328,NA,NA
16209,that,tired,329,NA,NA
16210,that,tiredness,330,NA,NA
16211,that,to,331,NA,NA
16212,that,hesitate,331,NA,NA
16213,that,towards,332,NA,NA
16214,that,cow,332,NA,NA
16215,that,ueaaaaa,333,NA,NA
16216,that,tup,333,NA,NA
16217,that,uhhh,334,NA,NA
16218,that,(realisation,334,NA,NA
16219,that,noise),334,NA,NA
16220,that,uhm,335,NA,NA
16221,that,umm,336,NA,NA
16222,that,ummmm..,337,NA,NA
16223,that,uncertainty,338,NA,NA
16224,that,understand,339,NA,NA
16225,that,understanding,340,NA,NA
16226,that,understanding,341,NA,NA
16227,that,noises,341,NA,NA
16228,that,understanding,342,NA,NA
16229,that,something,342,NA,NA
16230,that,understandment,343,NA,NA
16231,that,understood,344,NA,NA
16232,that,undestand,345,NA,NA
16233,that,unique,346,NA,NA
16234,that,excitement,346,NA,NA
16235,that,unsure,347,NA,NA
16236,that,uohh...,348,NA,NA
16237,that,salutation..,348,NA,NA
16238,that,surprise,348,NA,NA
16239,that,uohs,349,NA,NA
16240,that,upset,350,NA,NA
16241,that,uuhm,351,NA,NA
16242,that,uuuhhm,352,NA,NA
16243,that,uuummmmm,353,NA,NA
16244,that,sound,353,NA,NA
16245,that,uuurh,354,NA,NA
16246,that,(realisation),354,NA,NA
16247,that,uuuuee,355,NA,NA
16248,that,uuuuhhh,356,NA,NA
16249,that,pt,356,NA,NA
16250,that,vomit,357,NA,NA
16251,that,waa,358,NA,NA
16252,that,wake,359,NA,NA
16253,that,up,359,NA,NA
16254,that,waking,360,NA,NA
16255,that,up,360,NA,NA
16256,that,walked,361,NA,NA
16257,that,weakness,362,NA,NA
16258,that,what,363,NA,NA
16259,that,who,364,NA,NA
16260,that,whoa!,365,NA,NA
16261,that,whooooa,366,NA,NA
16262,that,willing,367,NA,NA
16263,that,to,367,NA,NA
16264,that,eat,367,NA,NA
16265,that,woah,368,NA,NA
16266,that,woman,369,NA,NA
16267,that,liking,369,NA,NA
16268,that,her,369,NA,NA
16269,that,food,369,NA,NA
16270,that,wonder,370,NA,NA
16271,that,wondering,371,NA,NA
16272,that,wooh,372,NA,NA
16273,that,wouw,373,NA,NA
16274,that,yaw,374,NA,NA
16275,that,yawn,375,NA,NA
16276,that,yawning,376,NA,NA
16277,that,yes,377,NA,NA
16278,that,yum,378,NA,NA
16279,that,,379,NA,NA
16280,this,annoyance,1,NA,NA
16281,this,accepting,2,NA,NA
16282,this,an,2,NA,NA
16283,this,idea,2,NA,NA
16284,this,acknowledge,3,NA,NA
16285,this,address,4,NA,NA
16286,this,affirmation,5,NA,NA
16287,this,agree,6,NA,NA
16288,this,agreeable,7,NA,NA
16289,this,agreement,8,NA,NA
16290,this,beer,9,NA,NA
16291,this,calm,10,NA,NA
16292,this,closing,11,NA,NA
16293,this,a,11,NA,NA
16294,this,box,11,NA,NA
16295,this,closing,12,NA,NA
16296,this,a,12,NA,NA
16297,this,window,12,NA,NA
16298,this,consent,13,NA,NA
16299,this,consenting,14,NA,NA
16300,this,contented,15,NA,NA
16301,this,continue,16,NA,NA
16302,this,"defeat,",17,NA,NA
16303,this,tiredness,17,NA,NA
16304,this,dentro,18,NA,NA
16305,this,disgust,19,NA,NA
16306,this,disinterest,20,NA,NA
16307,this,dismissive,21,NA,NA
16308,this,doubt,22,NA,NA
16309,this,doubting,23,NA,NA
16310,this,ehm,24,NA,NA
16311,this,"em,",25,NA,NA
16312,this,"what,",25,NA,NA
16313,this,question,25,NA,NA
16314,this,em.,26,NA,NA
16315,this,emmm,27,NA,NA
16316,this,energyless,28,NA,NA
16317,this,agreeing,28,NA,NA
16318,this,enter,29,NA,NA
16319,this,erm,30,NA,NA
16320,this,excuse,31,NA,NA
16321,this,me,31,NA,NA
16322,this,funny,32,NA,NA
16323,this,him,33,NA,NA
16324,this,hee,34,NA,NA
16325,this,heh,35,NA,NA
16326,this,hey,36,NA,NA
16327,this,him,37,NA,NA
16328,this,hmm,38,NA,NA
16329,this,hmm,39,NA,NA
16330,this,hmm,39,NA,NA
16331,this,hmm,40,NA,NA
16332,this,hmmm,40,NA,NA
16333,this,"hmm,",41,NA,NA
16334,this,what,41,NA,NA
16335,this,hmmph,42,NA,NA
16336,this,hmph,43,NA,NA
16337,this,ho,44,NA,NA
16338,this,hum,44,NA,NA
16339,this,hum,45,NA,NA
16340,this,humming,46,NA,NA
16341,this,i,47,NA,NA
16342,this,am,47,NA,NA
16343,this,i,48,NA,NA
16344,this,don't,48,NA,NA
16345,this,believe,48,NA,NA
16346,this,you,48,NA,NA
16347,this,i,49,NA,NA
16348,this,see,49,NA,NA
16349,this,i,50,NA,NA
16350,this,think,50,NA,NA
16351,this,so,50,NA,NA
16352,this,ihm,51,NA,NA
16353,this,in,52,NA,NA
16354,this,indiference,53,NA,NA
16355,this,indifference,54,NA,NA
16356,this,indifferent,55,NA,NA
16357,this,indifferent,56,NA,NA
16358,this,acknowledgment,56,NA,NA
16359,this,inn,57,NA,NA
16360,this,interesting,58,NA,NA
16361,this,is,59,NA,NA
16362,this,that,59,NA,NA
16363,this,so,59,NA,NA
16364,this,just,60,NA,NA
16365,this,accepting,60,NA,NA
16366,this,an,60,NA,NA
16367,this,idea,60,NA,NA
16368,this,laugh,61,NA,NA
16369,this,laughing,62,NA,NA
16370,this,letter,63,NA,NA
16371,this,m,63,NA,NA
16372,this,low,64,NA,NA
16373,this,low,65,NA,NA
16374,this,sound,65,NA,NA
16375,this,mmh,66,NA,NA
16376,this,machine,67,NA,NA
16377,this,meh,68,NA,NA
16378,this,men’s,69,NA,NA
16379,this,low,69,NA,NA
16380,this,eeeeee,69,NA,NA
16381,this,men’s,70,NA,NA
16382,this,mmm,70,NA,NA
16383,this,mh,71,NA,NA
16384,this,mh,71,NA,NA
16385,this,mild,72,NA,NA
16386,this,mischievous,73,NA,NA
16387,this,sneer,73,NA,NA
16388,this,mum,74,NA,NA
16389,this,no,75,NA,NA
16390,this,with,75,NA,NA
16391,this,sigh,75,NA,NA
16392,this,not,76,NA,NA
16393,this,sure,76,NA,NA
16394,this,now,77,NA,NA
16395,this,i,77,NA,NA
16396,this,see,77,NA,NA
16397,this,ok,78,NA,NA
16398,this,ok,79,NA,NA
16399,this,sound,79,NA,NA
16400,this,ok!,80,NA,NA
16401,this,okay,81,NA,NA
16402,this,pause,82,NA,NA
16403,this,pondering,83,NA,NA
16404,this,possibly,84,NA,NA
16405,this,proud,85,NA,NA
16406,this,of,85,NA,NA
16407,this,myself,85,NA,NA
16408,this,quiet,86,NA,NA
16409,this,sound,86,NA,NA
16410,this,reading,87,NA,NA
16411,this,realising,88,NA,NA
16412,this,realization,89,NA,NA
16413,this,right,90,NA,NA
16414,this,sound,91,NA,NA
16415,this,satisfied,92,NA,NA
16416,this,short,93,NA,NA
16417,this,sound,93,NA,NA
16418,this,shrug,94,NA,NA
16419,this,sigh,95,NA,NA
16420,this,sneeze,96,NA,NA
16421,this,so,97,NA,NA
16422,this,what,97,NA,NA
16423,this,speak,98,NA,NA
16424,this,speaking,99,NA,NA
16425,this,strange,100,NA,NA
16426,this,sound,100,NA,NA
16427,this,surprise,101,NA,NA
16428,this,talk,102,NA,NA
16429,this,think,103,NA,NA
16430,this,thoughtful,104,NA,NA
16431,this,"thoughtful,",105,NA,NA
16432,this,pensive,105,NA,NA
16433,this,tired,106,NA,NA
16434,this,uhm.,107,NA,NA
16435,this,uhum,108,NA,NA
16436,this,um,109,NA,NA
16437,this,"um,",110,NA,NA
16438,this,um....,110,NA,NA
16439,this,umm,111,NA,NA
16440,this,undecided,112,NA,NA
16441,this,understand,113,NA,NA
16442,this,unfazed,114,NA,NA
16443,this,unimpressed,115,NA,NA
16444,this,unsure,116,NA,NA
16445,this,voice,117,NA,NA
16446,this,exercise,117,NA,NA
16447,this,whatever,118,NA,NA
16448,this,women’s,119,NA,NA
16449,this,emmm,119,NA,NA
16450,this,wonder,120,NA,NA
16451,this,worry,121,NA,NA
16452,this,yes,122,NA,NA
16453,this,young,123,NA,NA
16454,this,a,124,NA,NA
16455,this,little,124,NA,NA
16456,this,disappointed,124,NA,NA
16457,this,accept,125,NA,NA
16458,this,acknowledge,126,NA,NA
16459,this,acknowledgement,127,NA,NA
16460,this,acquiescence,128,NA,NA
16461,this,adults,129,NA,NA
16462,this,talking,129,NA,NA
16463,this,child,129,NA,NA
16464,this,affirmation,130,NA,NA
16465,this,affirmative,131,NA,NA
16466,this,affirmative,132,NA,NA
16467,this,response,132,NA,NA
16468,this,affirming,133,NA,NA
16469,this,affirmitive,134,NA,NA
16470,this,sound,134,NA,NA
16471,this,afirmation,135,NA,NA
16472,this,agree,136,NA,NA
16473,this,"agree,",137,NA,NA
16474,this,ok,137,NA,NA
16475,this,agreeing,138,NA,NA
16476,this,agreeing,139,NA,NA
16477,this,with,139,NA,NA
16478,this,someone,139,NA,NA
16479,this,agreement,140,NA,NA
16480,this,aha,141,NA,NA
16481,this,ahem,142,NA,NA
16482,this,aim,143,NA,NA
16483,this,alert,144,NA,NA
16484,this,alphabet,145,NA,NA
16485,this,amusement,146,NA,NA
16486,this,apathy,147,NA,NA
16487,this,appreciating,148,NA,NA
16488,this,approval,149,NA,NA
16489,this,approval,150,NA,NA
16490,this,?,150,NA,NA
16491,this,consent,150,NA,NA
16492,this,?,150,NA,NA
16493,this,approving,151,NA,NA
16494,this,assens,152,NA,NA
16495,this,assent,153,NA,NA
16496,this,attention,154,NA,NA
16497,this,baby,155,NA,NA
16498,this,crying,155,NA,NA
16499,this,being,156,NA,NA
16500,this,unimpressed,156,NA,NA
16501,this,bin,157,NA,NA
16502,this,bird,158,NA,NA
16503,this,bleat,159,NA,NA
16504,this,bored,160,NA,NA
16505,this,buzz,161,NA,NA
16506,this,calm,162,NA,NA
16507,this,chair,163,NA,NA
16508,this,child,164,NA,NA
16509,this,come,165,NA,NA
16510,this,comprehension,166,NA,NA
16511,this,comunicate,167,NA,NA
16512,this,confirming,168,NA,NA
16513,this,confused,169,NA,NA
16514,this,consent,170,NA,NA
16515,this,contempt,171,NA,NA
16516,this,content,172,NA,NA
16517,this,continue,173,NA,NA
16518,this,talking,173,NA,NA
16519,this,correct,174,NA,NA
16520,this,could,175,NA,NA
16521,this,be,175,NA,NA
16522,this,either,175,NA,NA
16523,this,cry,176,NA,NA
16524,this,curious,177,NA,NA
16525,this,curiousness,178,NA,NA
16526,this,disagree,179,NA,NA
16527,this,disapointed,180,NA,NA
16528,this,disapointement,181,NA,NA
16529,this,disappointment,182,NA,NA
16530,this,disapproval,183,NA,NA
16531,this,discord,184,NA,NA
16532,this,discouraged,185,NA,NA
16533,this,disdain,186,NA,NA
16534,this,disinterest,187,NA,NA
16535,this,dismissal,188,NA,NA
16536,this,dispproval,189,NA,NA
16537,this,dissaprove,190,NA,NA
16538,this,distaste,191,NA,NA
16539,this,distrust,192,NA,NA
16540,this,don't,193,NA,NA
16541,this,know,193,NA,NA
16542,this,dont,194,NA,NA
16543,this,know,194,NA,NA
16544,this,door,195,NA,NA
16545,this,doubt,196,NA,NA
16546,this,doubt,197,NA,NA
16547,this,?,197,NA,NA
16548,this,doubting,198,NA,NA
16549,this,drinking,199,NA,NA
16550,this,ear,200,NA,NA
16551,this,eating,201,NA,NA
16552,this,eee,202,NA,NA
16553,this,ehhh,203,NA,NA
16554,this,ehm,204,NA,NA
16555,this,ehmm,205,NA,NA
16556,this,eiii,206,NA,NA
16557,this,ekhm,207,NA,NA
16558,this,emee,208,NA,NA
16559,this,emm,209,NA,NA
16560,this,emm,210,NA,NA
16561,this,thinking,210,NA,NA
16562,this,enjoy,211,NA,NA
16563,this,enjoyment,212,NA,NA
16564,this,envy,213,NA,NA
16565,this,ergh,214,NA,NA
16566,this,erm,215,NA,NA
16567,this,"erm,",216,NA,NA
16568,this,like,216,NA,NA
16569,this,a,216,NA,NA
16570,this,filler,216,NA,NA
16571,this,word,216,NA,NA
16572,this,when,216,NA,NA
16573,this,talking,216,NA,NA
16574,this,erm?,217,NA,NA
16575,this,explaining,218,NA,NA
16576,this,female,219,NA,NA
16577,this,vocal,219,NA,NA
16578,this,fine,220,NA,NA
16579,this,friend,221,NA,NA
16580,this,funny,222,NA,NA
16581,this,giggle,223,NA,NA
16582,this,go,224,NA,NA
16583,this,away,224,NA,NA
16584,this,good,225,NA,NA
16585,this,got,226,NA,NA
16586,this,it,226,NA,NA
16587,this,grunting,227,NA,NA
16588,this,hand,228,NA,NA
16589,this,hearing,229,NA,NA
16590,this,heeeem,230,NA,NA
16591,this,hesitate,231,NA,NA
16592,this,hey,232,NA,NA
16593,this,hiim,233,NA,NA
16594,this,him,234,NA,NA
16595,this,hm,235,NA,NA
16596,this,hm,235,NA,NA
16597,this,hm,236,NA,NA
16598,this,m,236,NA,NA
16599,this,hmm,237,NA,NA
16600,this,hmm,238,NA,NA
16601,this,(bored,238,NA,NA
16602,this,hmmm),238,NA,NA
16603,this,hmm,239,NA,NA
16604,this,hee,239,NA,NA
16605,this,(as,239,NA,NA
16606,this,in,239,NA,NA
16607,this,don't,239,NA,NA
16608,this,know),239,NA,NA
16609,this,hmmm,240,NA,NA
16610,this,hmmm,241,NA,NA
16611,this,hum,241,NA,NA
16612,this,hmmmm,242,NA,NA
16613,this,how,243,NA,NA
16614,this,do,243,NA,NA
16615,this,i,243,NA,NA
16616,this,say,243,NA,NA
16617,this,this,243,NA,NA
16618,this,huargh,244,NA,NA
16619,this,hum,245,NA,NA
16620,this,hum,246,NA,NA
16621,this,in,246,NA,NA
16622,this,agreement,246,NA,NA
16623,this,hum,247,NA,NA
16624,this,in,247,NA,NA
16625,this,question,247,NA,NA
16626,this,hum,248,NA,NA
16627,this,of,248,NA,NA
16628,this,acknowledgment,248,NA,NA
16629,this,hum-hum,249,NA,NA
16630,this,humming,250,NA,NA
16631,this,hunger,251,NA,NA
16632,this,i,252,NA,NA
16633,this,don't,252,NA,NA
16634,this,care,252,NA,NA
16635,this,i,253,NA,NA
16636,this,dont,253,NA,NA
16637,this,know,253,NA,NA
16638,this,i,254,NA,NA
16639,this,understand,254,NA,NA
16640,this,i'm,255,NA,NA
16641,this,idk,256,NA,NA
16642,this,ihm,257,NA,NA
16643,this,ihmm,258,NA,NA
16644,this,imm,259,NA,NA
16645,this,immm,260,NA,NA
16646,this,imp,261,NA,NA
16647,this,"impatience,",262,NA,NA
16648,this,annoyance,262,NA,NA
16649,this,impatient,263,NA,NA
16650,this,indecisive,264,NA,NA
16651,this,indiference,265,NA,NA
16652,this,indifference,266,NA,NA
16653,this,indifferent,267,NA,NA
16654,this,inh,268,NA,NA
16655,this,insecurity,269,NA,NA
16656,this,inside,270,NA,NA
16657,this,interesting,271,NA,NA
16658,this,intrigue,272,NA,NA
16659,this,its,273,NA,NA
16660,this,her,273,NA,NA
16661,this,kirby,274,NA,NA
16662,this,laugh,275,NA,NA
16663,this,laughter,276,NA,NA
16664,this,letter,277,NA,NA
16665,this,m,277,NA,NA
16666,this,letter,278,NA,NA
16667,this,m,278,NA,NA
16668,this,like,279,NA,NA
16669,this,it,279,NA,NA
16670,this,listening,280,NA,NA
16671,this,little,281,NA,NA
16672,this,joyful,281,NA,NA
16673,this,comment,281,NA,NA
16674,this,low,282,NA,NA
16675,this,volume,282,NA,NA
16676,this,moan,282,NA,NA
16677,this,m,283,NA,NA
16678,this,letter,283,NA,NA
16679,this,maem,284,NA,NA
16680,this,making,285,NA,NA
16681,this,noise,285,NA,NA
16682,this,man,286,NA,NA
16683,this,maybe,287,NA,NA
16684,this,meh,288,NA,NA
16685,this,mew,289,NA,NA
16686,this,mhh,290,NA,NA
16687,this,mhhh,291,NA,NA
16688,this,mhm,292,NA,NA
16689,this,mhm,293,NA,NA
16690,this,uhm,293,NA,NA
16691,this,mhmmh,294,NA,NA
16692,this,mm-hm,295,NA,NA
16693,this,mm-hmm,296,NA,NA
16694,this,mmh,297,NA,NA
16695,this,mmh,298,NA,NA
16696,this,mmh,298,NA,NA
16697,this,mmm,299,NA,NA
16698,this,mmm....,300,NA,NA
16699,this,mmmju,301,NA,NA
16700,this,myself,302,NA,NA
16701,this,neutral,303,NA,NA
16702,this,talking,303,NA,NA
16703,this,nice,304,NA,NA
16704,this,no,305,NA,NA
16705,this,idea,305,NA,NA
16706,this,nod,306,NA,NA
16707,this,nodding,307,NA,NA
16708,this,not,308,NA,NA
16709,this,amused,308,NA,NA
16710,this,not,309,NA,NA
16711,this,caring,309,NA,NA
16712,this,not,310,NA,NA
16713,this,emotinal,310,NA,NA
16714,this,sound,310,NA,NA
16715,this,not,311,NA,NA
16716,this,impressed,311,NA,NA
16717,this,not,312,NA,NA
16718,this,interesting,312,NA,NA
16719,this,not,313,NA,NA
16720,this,nice,313,NA,NA
16721,this,comment,313,NA,NA
16722,this,not,314,NA,NA
16723,this,surprised,314,NA,NA
16724,this,man,314,NA,NA
16725,this,not,315,NA,NA
16726,this,understood,315,NA,NA
16727,this,nothing,316,NA,NA
16728,this,now,317,NA,NA
16729,this,of,318,NA,NA
16730,this,course,318,NA,NA
16731,this,oh,319,NA,NA
16732,this,right,319,NA,NA
16733,this,ok.,320,NA,NA
16734,this,okay,321,NA,NA
16735,this,olay,322,NA,NA
16736,this,pause,323,NA,NA
16737,this,pausing,324,NA,NA
16738,this,pausing,325,NA,NA
16739,this,a,325,NA,NA
16740,this,sentence,325,NA,NA
16741,this,pleased,326,NA,NA
16742,this,pointing,327,NA,NA
16743,this,pointing,328,NA,NA
16744,this,at,328,NA,NA
16745,this,someone,328,NA,NA
16746,this,positively,329,NA,NA
16747,this,accepting,329,NA,NA
16748,this,prayer,330,NA,NA
16749,this,pronouncing,331,NA,NA
16750,this,m,331,NA,NA
16751,this,quiet,332,NA,NA
16752,this,reading,333,NA,NA
16753,this,realize,334,NA,NA
16754,this,realizing,335,NA,NA
16755,this,really,336,NA,NA
16756,this,reflection,337,NA,NA
16757,this,sad,338,NA,NA
16758,this,sadness,339,NA,NA
16759,this,sated,340,NA,NA
16760,this,satisfaction,341,NA,NA
16761,this,satisfied,342,NA,NA
16762,this,say,343,NA,NA
16763,this,em,343,NA,NA
16764,this,saying,344,NA,NA
16765,this,a,344,NA,NA
16766,this,letter,344,NA,NA
16767,this,saying,345,NA,NA
16768,this,m,345,NA,NA
16769,this,shrug,346,NA,NA
16770,this,shrugging,347,NA,NA
16771,this,off,347,NA,NA
16772,this,an,347,NA,NA
16773,this,idea,347,NA,NA
16774,this,sigh,348,NA,NA
16775,this,silence,349,NA,NA
16776,this,sleep,350,NA,NA
16777,this,slight,351,NA,NA
16778,this,agree,351,NA,NA
16779,this,so,352,NA,NA
16780,this,so,352,NA,NA
16781,this,someone,353,NA,NA
16782,this,someone,354,NA,NA
16783,this,(him),354,NA,NA
16784,this,something,355,NA,NA
16785,this,smelling,355,NA,NA
16786,this,speaking,356,NA,NA
16787,this,spelling,357,NA,NA
16788,this,spelling,358,NA,NA
16789,this,m,358,NA,NA
16790,this,statement,359,NA,NA
16791,this,sure,360,NA,NA
16792,this,surprise,361,NA,NA
16793,this,syllable,362,NA,NA
16794,this,talking,363,NA,NA
16795,this,tasting,364,NA,NA
16796,this,them,365,NA,NA
16797,this,there,366,NA,NA
16798,this,think,367,NA,NA
16799,this,thinking,368,NA,NA
16800,this,this,369,NA,NA
16801,this,throat,370,NA,NA
16802,this,clear,370,NA,NA
16803,this,tick,371,NA,NA
16804,this,to,372,NA,NA
16805,this,nod,372,NA,NA
16806,this,to,373,NA,NA
16807,this,think,373,NA,NA
16808,this,token,374,NA,NA
16809,this,uh,375,NA,NA
16810,this,huh,375,NA,NA
16811,this,uhu,376,NA,NA
16812,this,um,377,NA,NA
16813,this,hesitant,377,NA,NA
16814,this,umming,378,NA,NA
16815,this,unamused,379,NA,NA
16816,this,uncertainty,380,NA,NA
16817,this,understanding,381,NA,NA
16818,this,understood,382,NA,NA
16819,this,uninsterest,383,NA,NA
16820,this,unsure,384,NA,NA
16821,this,vocalize,385,NA,NA
16822,this,weird,386,NA,NA
16823,this,whatever,387,NA,NA
16824,this,whining,388,NA,NA
16825,this,why,389,NA,NA
16826,this,woman,390,NA,NA
16827,this,wonder,391,NA,NA
16828,this,wondering,392,NA,NA
16829,this,work,393,NA,NA
16830,this,yeet,394,NA,NA
16831,this,yes,395,NA,NA
16832,this,"yes,",396,NA,NA
16833,this,correct,396,NA,NA
16834,this,yum,397,NA,NA
16835,this,,398,NA,NA
16836,tiger,aaag,1,NA,NA
16837,tiger,aggressive,2,0.125,0.2222222222222222
16838,tiger,airplane,3,0.07692307692307693,0.4
16839,tiger,alertness,4,0.1,0.18181818181818182
16840,tiger,anger,5,0.1111111111111111,0.2
16841,tiger,angry,6,0.125,0.2222222222222222
16842,tiger,animal,7,0.25,0.8
16843,tiger,or,7,0.09090909090909091,0.4444444444444444
16844,tiger,monster,7,0.25,0.75
16845,tiger,annoyed,8,0.125,0.2222222222222222
16846,tiger,bear,9,0.2,0.8571428571428571
16847,tiger,burp,10,0.1,0.3076923076923077
16848,tiger,cat,11,0.5,0.9655172413793104
16849,tiger,danger,12,0.25,0.6666666666666666
16850,tiger,dangerous,13,0.125,0.2222222222222222
16851,tiger,disgust,14,0.1,0.18181818181818182
16852,tiger,exhaustion,15,0.09090909090909091,0.16666666666666666
16853,tiger,facing,16,0.125,0.5
16854,tiger,horror,16,0.14285714285714285,0.25
16855,tiger,feisty,17,0.125,0.2222222222222222
16856,tiger,furious,18,0.125,0.2222222222222222
16857,tiger,go,19,0.125,0.42857142857142855
16858,tiger,away,19,0.125,0.2222222222222222
16859,tiger,graaaaoow,20,NA,NA
16860,tiger,great,21,0.25,0.7058823529411765
16861,tiger,anger,21,0.1111111111111111,0.2
16862,tiger,groanibg?,22,NA,NA
16863,tiger,roaring?,22,NA,NA
16864,tiger,groaning,23,0.1111111111111111,0.2
16865,tiger,growl,24,0.1111111111111111,0.2
16866,tiger,growling,25,0.1111111111111111,0.2
16867,tiger,beast,25,0.25,0.8
16868,tiger,growning,26,NA,NA
16869,tiger,grraaah,27,NA,NA
16870,tiger,grunt,28,0.25,0.7058823529411765
16871,tiger,grunting,29,0.1111111111111111,0.2
16872,tiger,hhhohhohhohhohho,30,NA,NA
16873,tiger,hungry,31,0.125,0.2222222222222222
16874,tiger,i,32,0.125,0.36363636363636365
16875,tiger,hate,32,0.1111111111111111,0.2
16876,tiger,you,32,NA,NA
16877,tiger,i'm,33,NA,NA
16878,tiger,angry,33,0.125,0.2222222222222222
16879,tiger,imponence,34,NA,NA
16880,tiger,i’m,35,NA,NA
16881,tiger,,35,0.14285714285714285,0.6
16882,tiger,irritated,35,0.125,0.2222222222222222
16883,tiger,joking,36,0.125,0.2222222222222222
16884,tiger,sound,36,0.14285714285714285,0.4
16885,tiger,lion,37,0.3333333333333333,0.9333333333333333
16886,tiger,lion,38,0.3333333333333333,0.9333333333333333
16887,tiger,roar,38,0.1111111111111111,0.2
16888,tiger,mad,39,0.125,0.2222222222222222
16889,tiger,male,40,0.3333333333333333,0.75
16890,tiger,irritating,40,0.125,0.2222222222222222
16891,tiger,spuds,40,0.1,0.42105263157894735
16892,tiger,men’s,41,NA,NA
16893,tiger,high,41,0.125,0.4444444444444444
16894,tiger,oooo,41,NA,NA
16895,tiger,meow,42,0.1111111111111111,0.2
16896,tiger,monster,43,0.25,0.75
16897,tiger,monster,44,0.25,0.75
16898,tiger,sound,44,0.14285714285714285,0.4
16899,tiger,oink,45,0.1111111111111111,0.2
16900,tiger,pain,46,0.2,0.6666666666666666
16901,tiger,roar,47,0.1111111111111111,0.2
16902,tiger,raaawr,48,NA,NA
16903,tiger,raawr,49,NA,NA
16904,tiger,rage,50,0.125,0.2222222222222222
16905,tiger,rawr,51,NA,NA
16906,tiger,rawr,52,NA,NA
16907,tiger,sound,52,0.14285714285714285,0.4
16908,tiger,rawrrrrr,53,NA,NA
16909,tiger,really,54,0.125,0.2222222222222222
16910,tiger,angry,54,0.125,0.2222222222222222
16911,tiger,rest,55,0.125,0.47058823529411764
16912,tiger,roar,56,0.1111111111111111,0.2
16913,tiger,"roar,",57,NA,NA
16914,tiger,"monster,",57,NA,NA
16915,tiger,scary,57,0.125,0.2222222222222222
16916,tiger,roaring,58,0.125,0.2222222222222222
16917,tiger,roaring?,59,NA,NA
16918,tiger,snore,60,0.1111111111111111,0.3333333333333333
16919,tiger,sassy,61,0.125,0.2222222222222222
16920,tiger,"scare,",62,NA,NA
16921,tiger,attack,62,0.14285714285714285,0.4
16922,tiger,scary,63,0.125,0.2222222222222222
16923,tiger,sound,63,0.14285714285714285,0.4
16924,tiger,"scary,",64,NA,NA
16925,tiger,"monster,",64,NA,NA
16926,tiger,lion,64,0.3333333333333333,0.9333333333333333
16927,tiger,scream,65,0.1111111111111111,0.2
16928,tiger,screaming,66,0.125,0.2222222222222222
16929,tiger,sleep,67,0.1111111111111111,0.2
16930,tiger,sleeping,68,0.125,0.36363636363636365
16931,tiger,snarl,69,0.1,0.18181818181818182
16932,tiger,snarling,70,0.1,0.18181818181818182
16933,tiger,sound,70,0.14285714285714285,0.4
16934,tiger,snoar,71,NA,NA
16935,tiger,snoozing,72,0.07692307692307693,0.14285714285714285
16936,tiger,snore,73,0.1111111111111111,0.3333333333333333
16937,tiger,snoring,74,0.1111111111111111,0.3333333333333333
16938,tiger,snort,75,0.1111111111111111,0.2
16939,tiger,terrifying,76,0.125,0.2222222222222222
16940,tiger,monster,76,0.25,0.75
16941,tiger,threat,77,0.3333333333333333,0.75
16942,tiger,tiger,78,1.0,1.0
16943,tiger,tired,79,0.125,0.2222222222222222
16944,tiger,vibrating,80,0.1111111111111111,0.2
16945,tiger,vomit,81,0.125,0.46153846153846156
16946,tiger,warning,82,0.125,0.2222222222222222
16947,tiger,you,82,NA,NA
16948,tiger,wild,83,0.125,0.42857142857142855
16949,tiger,zombie,84,0.25,0.7058823529411765
16950,tiger,a,85,0.09090909090909091,0.2857142857142857
16951,tiger,beast,85,0.25,0.8
16952,tiger,aaaahhh,86,NA,NA
16953,tiger,aaagggggghhhh,87,NA,NA
16954,tiger,aargh,88,NA,NA
16955,tiger,adults,89,0.3333333333333333,0.75
16956,tiger,scaring,89,0.1,0.18181818181818182
16957,tiger,child,89,0.3333333333333333,0.75
16958,tiger,aeeeargh,90,NA,NA
16959,tiger,aggressive,91,0.125,0.2222222222222222
16960,tiger,agitation,92,0.1,0.18181818181818182
16961,tiger,agressive,93,NA,NA
16962,tiger,anger,94,0.1111111111111111,0.2
16963,tiger,angry,95,0.125,0.2222222222222222
16964,tiger,angry,96,0.125,0.2222222222222222
16965,tiger,bored,96,0.125,0.2222222222222222
16966,tiger,angry,97,0.125,0.2222222222222222
16967,tiger,defensive,97,0.125,0.2222222222222222
16968,tiger,angry,98,0.125,0.2222222222222222
16969,tiger,growl,98,0.1111111111111111,0.2
16970,tiger,angry,99,0.125,0.2222222222222222
16971,tiger,roar,99,0.1111111111111111,0.2
16972,tiger,animal,100,0.25,0.8
16973,tiger,animal,101,0.25,0.8
16974,tiger,anger,101,0.1111111111111111,0.2
16975,tiger,animal,102,0.25,0.8
16976,tiger,attack,102,0.14285714285714285,0.4
16977,tiger,animal,103,0.25,0.8
16978,tiger,growl,103,0.1111111111111111,0.2
16979,tiger,animal,104,0.25,0.8
16980,tiger,roar,104,0.1111111111111111,0.2
16981,tiger,animal,105,0.25,0.8
16982,tiger,roaring,105,0.125,0.2222222222222222
16983,tiger,animal,106,0.25,0.8
16984,tiger,snoring,106,0.1111111111111111,0.3333333333333333
16985,tiger,animalistic,107,0.125,0.2222222222222222
16986,tiger,sound,107,0.14285714285714285,0.4
16987,tiger,annoy,108,0.1111111111111111,0.2
16988,tiger,annoyed,109,0.125,0.2222222222222222
16989,tiger,argh,110,NA,NA
16990,tiger,arrghh,111,NA,NA
16991,tiger,asserting,112,0.125,0.2222222222222222
16992,tiger,dominance,112,0.1111111111111111,0.3333333333333333
16993,tiger,back,113,0.16666666666666666,0.631578947368421
16994,tiger,off,113,0.125,0.2222222222222222
16995,tiger,be,114,0.125,0.3333333333333333
16996,tiger,at,114,0.125,0.36363636363636365
16997,tiger,ease,114,0.1111111111111111,0.2
16998,tiger,bear,115,0.2,0.8571428571428571
16999,tiger,bear,116,0.2,0.8571428571428571
17000,tiger,snoring,116,0.1111111111111111,0.3333333333333333
17001,tiger,beast,117,0.25,0.8
17002,tiger,beast,118,0.25,0.8
17003,tiger,growl,118,0.1111111111111111,0.2
17004,tiger,bedtime,119,0.07142857142857142,0.13333333333333333
17005,tiger,belch,120,0.1,0.3076923076923077
17006,tiger,big,121,0.125,0.2222222222222222
17007,tiger,cat,121,0.5,0.9655172413793104
17008,tiger,snarl,121,0.1,0.18181818181818182
17009,tiger,bored,122,0.125,0.2222222222222222
17010,tiger,boring,123,0.125,0.2222222222222222
17011,tiger,burp,124,0.1,0.3076923076923077
17012,tiger,car,125,0.1,0.47058823529411764
17013,tiger,car,126,0.1,0.47058823529411764
17014,tiger,driving,126,0.125,0.2222222222222222
17015,tiger,by,126,0.125,0.2222222222222222
17016,tiger,cat,127,0.5,0.9655172413793104
17017,tiger,cat,128,0.5,0.9655172413793104
17018,tiger,meowing,128,0.1111111111111111,0.2
17019,tiger,cat,129,0.5,0.9655172413793104
17020,tiger,purring,129,0.1,0.18181818181818182
17021,tiger,cat,130,0.5,0.9655172413793104
17022,tiger,snarl,130,0.1,0.18181818181818182
17023,tiger,cat,131,0.5,0.9655172413793104
17024,tiger,sound,131,0.14285714285714285,0.4
17025,tiger,chawo,132,NA,NA
17026,tiger,cough,133,0.1,0.18181818181818182
17027,tiger,croak,134,0.1111111111111111,0.2
17028,tiger,cry,135,0.1111111111111111,0.2
17029,tiger,of,135,NA,NA
17030,tiger,pain,135,0.2,0.6666666666666666
17031,tiger,danger,136,0.25,0.6666666666666666
17032,tiger,danger,137,0.25,0.6666666666666666
17033,tiger,anger,137,0.1111111111111111,0.2
17034,tiger,violence,137,0.09090909090909091,0.16666666666666666
17035,tiger,"danger,",138,NA,NA
17036,tiger,monster,138,0.25,0.75
17037,tiger,dangerous,139,0.125,0.2222222222222222
17038,tiger,dangerous,140,0.125,0.2222222222222222
17039,tiger,beast,140,0.25,0.8
17040,tiger,dangerous,141,0.125,0.2222222222222222
17041,tiger,monster,141,0.25,0.75
17042,tiger,dinosaur,142,0.1,0.6428571428571429
17043,tiger,disgust,143,0.1,0.18181818181818182
17044,tiger,disinterested,144,0.125,0.2222222222222222
17045,tiger,dog,145,0.2,0.8275862068965517
17046,tiger,dragon,146,0.16666666666666666,0.631578947368421
17047,tiger,exclamation,147,0.1,0.18181818181818182
17048,tiger,fake,148,0.16666666666666666,0.631578947368421
17049,tiger,snore,148,0.1111111111111111,0.3333333333333333
17050,tiger,fear,149,0.125,0.2222222222222222
17051,tiger,fed,150,0.14285714285714285,0.6
17052,tiger,up,150,0.125,0.2222222222222222
17053,tiger,feeling,151,0.125,0.2222222222222222
17054,tiger,relieved,151,0.125,0.2222222222222222
17055,tiger,feeling,152,0.125,0.2222222222222222
17056,tiger,unwell,152,0.125,0.2222222222222222
17057,tiger,feline,153,0.3333333333333333,0.9285714285714286
17058,tiger,ferocious,154,0.125,0.2222222222222222
17059,tiger,animal,154,0.25,0.8
17060,tiger,fierce,155,0.125,0.2222222222222222
17061,tiger,frightening,156,0.125,0.2222222222222222
17062,tiger,creature,156,0.3333333333333333,0.8
17063,tiger,frisky,157,0.125,0.2222222222222222
17064,tiger,frog,158,0.16666666666666666,0.6923076923076923
17065,tiger,frustrated,159,0.125,0.2222222222222222
17066,tiger,furious,160,0.125,0.2222222222222222
17067,tiger,georrrrr,161,NA,NA
17068,tiger,ghhheugh,162,NA,NA
17069,tiger,gorilla,163,0.1,0.7096774193548387
17070,tiger,grauuu,164,NA,NA
17071,tiger,grawling,165,NA,NA
17072,tiger,groaning,166,0.1111111111111111,0.2
17073,tiger,groul,167,NA,NA
17074,tiger,growl,168,0.1111111111111111,0.2
17075,tiger,growling,169,0.1111111111111111,0.2
17076,tiger,gruauuu,170,NA,NA
17077,tiger,grunt,171,0.25,0.7058823529411765
17078,tiger,grunting,172,0.1111111111111111,0.2
17079,tiger,grunting,173,0.1111111111111111,0.2
17080,tiger,loudly,173,0.125,0.2222222222222222
17081,tiger,haaoowwlll,174,NA,NA
17082,tiger,haoowwl,175,NA,NA
17083,tiger,high,176,0.125,0.4444444444444444
17084,tiger,effort,176,0.09090909090909091,0.16666666666666666
17085,tiger,hissing,177,0.1111111111111111,0.2
17086,tiger,hoarseness,178,0.09090909090909091,0.16666666666666666
17087,tiger,hrrieaw,179,NA,NA
17088,tiger,hrrreahhhhhhhhh,180,NA,NA
17089,tiger,hrrreeuuu,181,NA,NA
17090,tiger,huge,182,0.125,0.2222222222222222
17091,tiger,monster,182,0.25,0.75
17092,tiger,jauummm,183,NA,NA
17093,tiger,jeuah,184,NA,NA
17094,tiger,leon,185,0.1111111111111111,0.42857142857142855
17095,tiger,mimick,185,NA,NA
17096,tiger,lion,186,0.3333333333333333,0.9333333333333333
17097,tiger,lion,187,0.3333333333333333,0.9333333333333333
17098,tiger,or,187,0.09090909090909091,0.4444444444444444
17099,tiger,tiger,187,1.0,1.0
17100,tiger,lion,188,0.3333333333333333,0.9333333333333333
17101,tiger,roar,188,0.1111111111111111,0.2
17102,tiger,lion,189,0.3333333333333333,0.9333333333333333
17103,tiger,roaring,189,0.125,0.2222222222222222
17104,tiger,lion's,190,NA,NA
17105,tiger,roar,190,0.1111111111111111,0.2
17106,tiger,man,191,0.3333333333333333,0.7586206896551724
17107,tiger,in,191,0.125,0.35294117647058826
17108,tiger,jungle,191,0.14285714285714285,0.5
17109,tiger,again,191,0.125,0.2222222222222222
17110,tiger,"man,",192,NA,NA
17111,tiger,sound,192,0.14285714285714285,0.4
17112,tiger,marmot,193,0.14285714285714285,0.7857142857142857
17113,tiger,menacing,194,0.125,0.2222222222222222
17114,tiger,meow,195,0.1111111111111111,0.2
17115,tiger,"mischievous,",196,NA,NA
17116,tiger,playful,196,0.125,0.2222222222222222
17117,tiger,monster,197,0.25,0.75
17118,tiger,monster,198,0.25,0.75
17119,tiger,noise,198,0.1,0.18181818181818182
17120,tiger,monster,199,0.25,0.75
17121,tiger,roaring,199,0.125,0.2222222222222222
17122,tiger,monster,200,0.25,0.75
17123,tiger,sound,200,0.14285714285714285,0.4
17124,tiger,motor,201,0.2,0.6
17125,tiger,mouth,202,0.2,0.6666666666666666
17126,tiger,sounds,202,0.14285714285714285,0.4
17127,tiger,no,203,0.125,0.36363636363636365
17128,tiger,comment,203,0.1,0.18181818181818182
17129,tiger,noisy,204,0.125,0.2222222222222222
17130,tiger,exhale,204,0.1111111111111111,0.2
17131,tiger,non,205,0.125,0.2222222222222222
17132,tiger,human,205,0.125,0.7586206896551724
17133,tiger,snore,205,0.1111111111111111,0.3333333333333333
17134,tiger,owl,206,0.1111111111111111,0.6666666666666666
17135,tiger,pig,207,0.16666666666666666,0.7333333333333333
17136,tiger,pig,208,0.16666666666666666,0.7333333333333333
17137,tiger,noise,208,0.1,0.18181818181818182
17138,tiger,pig,209,0.16666666666666666,0.7333333333333333
17139,tiger,sound,209,0.14285714285714285,0.4
17140,tiger,(child),209,NA,NA
17141,tiger,play,210,0.125,0.2222222222222222
17142,tiger,playing,211,0.125,0.2222222222222222
17143,tiger,with,211,NA,NA
17144,tiger,toys,211,0.14285714285714285,0.8
17145,tiger,predator,212,0.2,0.75
17146,tiger,predator,213,0.2,0.75
17147,tiger,warning,213,0.125,0.2222222222222222
17148,tiger,primitive,214,0.3333333333333333,0.75
17149,tiger,purr,215,0.1,0.18181818181818182
17150,tiger,purring,216,0.1,0.18181818181818182
17151,tiger,raaaawrgh,217,NA,NA
17152,tiger,raaarrr,218,NA,NA
17153,tiger,raaawwwr,219,NA,NA
17154,tiger,raawwwrrr,220,NA,NA
17155,tiger,rage,221,0.125,0.2222222222222222
17156,tiger,raowwwllll,222,NA,NA
17157,tiger,rare,223,0.125,0.2222222222222222
17158,tiger,rauuu,224,NA,NA
17159,tiger,rawr,225,NA,NA
17160,tiger,rearr,226,NA,NA
17161,tiger,reauuu,227,NA,NA
17162,tiger,relaxing,228,0.125,0.2222222222222222
17163,tiger,roar,229,0.1111111111111111,0.2
17164,tiger,roar,230,0.1111111111111111,0.2
17165,tiger,like,230,0.125,0.2222222222222222
17166,tiger,tiger,230,1.0,1.0
17167,tiger,roar,231,0.1111111111111111,0.2
17168,tiger,lion,231,0.3333333333333333,0.9333333333333333
17169,tiger,"roar,",232,NA,NA
17170,tiger,danger,232,0.25,0.6666666666666666
17171,tiger,roaring,233,0.125,0.2222222222222222
17172,tiger,roaring,234,0.125,0.2222222222222222
17173,tiger,tiger,234,1.0,1.0
17174,tiger,savage,235,0.25,0.7058823529411765
17175,tiger,scare,236,0.1,0.18181818181818182
17176,tiger,scare,237,0.1,0.18181818181818182
17177,tiger,someone,237,0.5,0.8
17178,tiger,scared,238,0.125,0.2222222222222222
17179,tiger,scaring,239,0.1,0.18181818181818182
17180,tiger,scaring,240,0.1,0.18181818181818182
17181,tiger,off,240,0.125,0.2222222222222222
17182,tiger,something,240,NA,NA
17183,tiger,scaring,241,0.1,0.18181818181818182
17184,tiger,someone,241,0.5,0.8
17185,tiger,scary,242,0.125,0.2222222222222222
17186,tiger,scary,243,0.125,0.2222222222222222
17187,tiger,monster,243,0.25,0.75
17188,tiger,scary,244,0.125,0.2222222222222222
17189,tiger,roar,244,0.1111111111111111,0.2
17190,tiger,scream,245,0.1111111111111111,0.2
17191,tiger,sexual,246,0.125,0.2222222222222222
17192,tiger,growling,246,0.1111111111111111,0.2
17193,tiger,sexy,247,0.125,0.2222222222222222
17194,tiger,meow,247,0.1111111111111111,0.2
17195,tiger,sleep,248,0.1111111111111111,0.2
17196,tiger,sleeping,249,0.125,0.36363636363636365
17197,tiger,sleeping,250,0.125,0.36363636363636365
17198,tiger,dog,250,0.2,0.8275862068965517
17199,tiger,snarl,251,0.1,0.18181818181818182
17200,tiger,snarling,252,0.1,0.18181818181818182
17201,tiger,sneeze,253,0.1,0.3076923076923077
17202,tiger,snooze,254,0.1111111111111111,0.3333333333333333
17203,tiger,snor,255,NA,NA
17204,tiger,snore,256,0.1111111111111111,0.3333333333333333
17205,tiger,snore,257,0.1111111111111111,0.3333333333333333
17206,tiger,or,257,0.09090909090909091,0.4444444444444444
17207,tiger,snort,257,0.1111111111111111,0.2
17208,tiger,snoring,258,0.1111111111111111,0.3333333333333333
17209,tiger,snoring,259,0.1111111111111111,0.3333333333333333
17210,tiger,while,259,0.09090909090909091,0.16666666666666666
17211,tiger,sleeping,259,0.125,0.36363636363636365
17212,tiger,snorting,260,0.1111111111111111,0.3076923076923077
17213,tiger,soft,261,0.125,0.2222222222222222
17214,tiger,car,261,0.1,0.47058823529411764
17215,tiger,purr,261,0.1,0.18181818181818182
17216,tiger,stay,262,0.125,0.5333333333333333
17217,tiger,away,262,0.125,0.2222222222222222
17218,tiger,stretch,263,0.125,0.42857142857142855
17219,tiger,terror,264,0.3333333333333333,0.75
17220,tiger,threat,265,0.3333333333333333,0.75
17221,tiger,tiger,266,1.0,1.0
17222,tiger,"tired,",267,NA,NA
17223,tiger,go,267,0.125,0.42857142857142855
17224,tiger,away,267,0.125,0.2222222222222222
17225,tiger,to,268,NA,NA
17226,tiger,roar,268,0.1111111111111111,0.2
17227,tiger,truck,269,0.1,0.4444444444444444
17228,tiger,undead,270,NA,NA
17229,tiger,uuuuuaaaahhhhh,271,NA,NA
17230,tiger,vampire,272,0.07142857142857142,0.13333333333333333
17231,tiger,very,273,0.125,0.2222222222222222
17232,tiger,angry,273,0.125,0.2222222222222222
17233,tiger,vicious,274,0.125,0.2222222222222222
17234,tiger,animal,274,0.25,0.8
17235,tiger,waking,275,0.125,0.2222222222222222
17236,tiger,up,275,0.125,0.2222222222222222
17237,tiger,weird,276,0.125,0.2222222222222222
17238,tiger,weird,277,0.125,0.2222222222222222
17239,tiger,snore,277,0.1111111111111111,0.3333333333333333
17240,tiger,weird,278,0.125,0.2222222222222222
17241,tiger,sound,278,0.14285714285714285,0.4
17242,tiger,whaaaaaow,279,NA,NA
17243,tiger,whaw,280,NA,NA
17244,tiger,whawoo,281,NA,NA
17245,tiger,whhhhearrrrhhhh,282,NA,NA
17246,tiger,wild,283,0.125,0.42857142857142855
17247,tiger,animal,283,0.25,0.8
17248,tiger,wolf,284,0.16666666666666666,0.8275862068965517
17249,tiger,wowww!,285,NA,NA
17250,tiger,wraaaawrrrr,286,NA,NA
17251,tiger,wrrr,287,NA,NA
17252,tiger,yawn,288,0.1111111111111111,0.3076923076923077
17253,tiger,yeti,289,0.0625,0.11764705882352941
17254,tiger,zombie,290,0.25,0.7058823529411765
17255,tiger,,291,0.14285714285714285,0.6
17256,water,....,1,NA,NA
17257,water,air,2,0.3333333333333333,0.8571428571428571
17258,water,bubbles,2,0.25,0.7142857142857143
17259,water,baby,3,0.16666666666666666,0.5333333333333333
17260,water,blblblbl,4,NA,NA
17261,water,bloop,5,NA,NA
17262,water,boredom,6,0.07692307692307693,0.23529411764705882
17263,water,bubble,7,0.25,0.7142857142857143
17264,water,bubbles,8,0.25,0.7142857142857143
17265,water,bubbling,9,0.25,0.3333333333333333
17266,water,chewing,10,0.1111111111111111,0.25
17267,water,choking,11,0.25,0.5714285714285714
17268,water,on,11,0.2,0.3333333333333333
17269,water,water,11,1.0,1.0
17270,water,don't,12,NA,NA
17271,water,know,12,0.2,0.3333333333333333
17272,water,drain,13,0.2,0.5882352941176471
17273,water,pipe,13,0.2,0.5882352941176471
17274,water,driking,14,NA,NA
17275,water,drink,15,0.5,0.8888888888888888
17276,water,drinking,16,0.16666666666666666,0.36363636363636365
17277,water,drinking,17,0.16666666666666666,0.36363636363636365
17278,water,noises,17,0.14285714285714285,0.3076923076923077
17279,water,drinking,18,0.16666666666666666,0.36363636363636365
17280,water,or,18,0.125,0.5882352941176471
17281,water,fish,18,0.16666666666666666,0.5333333333333333
17282,water,drinking,19,0.16666666666666666,0.36363636363636365
17283,water,water,19,1.0,1.0
17284,water,dripping,20,0.2,0.3333333333333333
17285,water,droplet,21,0.1,0.2857142857142857
17286,water,droplets,22,0.1,0.2857142857142857
17287,water,dropping,23,0.25,0.5
17288,water,drops,24,0.25,0.8
17289,water,drops,25,0.25,0.8
17290,water,of,25,NA,NA
17291,water,water,25,1.0,1.0
17292,water,eat,26,0.2,0.4444444444444444
17293,water,eating,27,0.2,0.4444444444444444
17294,water,eww,28,NA,NA
17295,water,fish,29,0.16666666666666666,0.5333333333333333
17296,water,fishing,30,0.16666666666666666,0.2857142857142857
17297,water,footsteps,31,0.125,0.3333333333333333
17298,water,gulp,32,0.14285714285714285,0.3333333333333333
17299,water,glug,33,0.14285714285714285,0.25
17300,water,gluh,34,NA,NA
17301,water,go,35,0.25,0.5714285714285714
17302,water,away,35,0.2,0.3333333333333333
17303,water,gu,36,0.2,0.46153846153846156
17304,water,gu,36,0.2,0.46153846153846156
17305,water,gu,36,0.2,0.46153846153846156
17306,water,gu,36,0.2,0.46153846153846156
17307,water,gulp,37,0.14285714285714285,0.3333333333333333
17308,water,gulp,38,0.14285714285714285,0.3333333333333333
17309,water,gulp,38,0.14285714285714285,0.3333333333333333
17310,water,gulp,38,0.14285714285714285,0.3333333333333333
17311,water,"gulp,",39,NA,NA
17312,water,swallow,39,0.16666666666666666,0.4
17313,water,gulping,40,0.14285714285714285,0.3333333333333333
17314,water,gulping,41,0.14285714285714285,0.3333333333333333
17315,water,down,41,0.2,0.6666666666666666
17316,water,drink,41,0.5,0.8888888888888888
17317,water,gulping,42,0.14285714285714285,0.3333333333333333
17318,water,something,42,NA,NA
17319,water,hiccups,43,0.16666666666666666,0.3333333333333333
17320,water,horse,44,0.2,0.625
17321,water,horse,45,0.2,0.625
17322,water,hooves,45,0.14285714285714285,0.5
17323,water,imitating,46,0.14285714285714285,0.25
17324,water,a,46,0.16666666666666666,0.7619047619047619
17325,water,beat,46,0.2,0.47058823529411764
17326,water,just,47,0.2,0.3333333333333333
17327,water,being,47,0.2,0.6153846153846154
17328,water,idle,47,0.2,0.3333333333333333
17329,water,leaking,48,0.2,0.3333333333333333
17330,water,licking,49,0.16666666666666666,0.2857142857142857
17331,water,man,50,0.16666666666666666,0.625
17332,water,playing,50,0.2,0.3333333333333333
17333,water,many,51,0.2,0.3333333333333333
17334,water,fish,51,0.16666666666666666,0.5333333333333333
17335,water,men’s,52,NA,NA
17336,water,,52,0.25,0.7272727272727273
17337,water,plummm,52,NA,NA
17338,water,mix.,53,NA,NA
17339,water,it,53,0.08333333333333333,0.25
17340,water,mixing,54,0.25,0.3333333333333333
17341,water,mouth,55,0.2,0.7142857142857143
17342,water,clap,55,0.14285714285714285,0.26666666666666666
17343,water,mouth,56,0.2,0.7142857142857143
17344,water,sounds,56,0.5,0.8888888888888888
17345,water,no,57,0.2,0.5714285714285714
17346,water,sound,57,0.5,0.8888888888888888
17347,water,none,58,0.2,0.3333333333333333
17348,water,not,59,0.2,0.3333333333333333
17349,water,sure,59,0.2,0.3333333333333333
17350,water,nothing,60,0.2,0.3333333333333333
17351,water,plc,61,NA,NA
17352,water,plc,61,NA,NA
17353,water,plc,61,NA,NA
17354,water,plop,62,0.2,0.3333333333333333
17355,water,plump,63,0.25,0.3333333333333333
17356,water,lips,63,0.16666666666666666,0.625
17357,water,plunger,64,0.14285714285714285,0.5882352941176471
17358,water,posing,65,0.16666666666666666,0.2857142857142857
17359,water,a,65,0.16666666666666666,0.7619047619047619
17360,water,question,65,0.14285714285714285,0.3076923076923077
17361,water,pouring,66,0.3333333333333333,0.75
17362,water,a,66,0.16666666666666666,0.7619047619047619
17363,water,drink,66,0.5,0.8888888888888888
17364,water,prlam,67,NA,NA
17365,water,pumping,68,0.3333333333333333,0.75
17366,water,quiet,69,0.2,0.3333333333333333
17367,water,rude,70,0.2,0.3333333333333333
17368,water,rain,71,0.3333333333333333,0.8181818181818182
17369,water,sound,72,0.5,0.8888888888888888
17370,water,saliva,73,0.14285714285714285,0.5
17371,water,in,73,0.2,0.5333333333333333
17372,water,mouth,73,0.2,0.7142857142857143
17373,water,silence?,74,NA,NA
17374,water,sound,75,0.5,0.8888888888888888
17375,water,sound,76,0.5,0.8888888888888888
17376,water,of,76,NA,NA
17377,water,airplane,76,0.1,0.5263157894736842
17378,water,splash,77,0.2,0.5882352941176471
17379,water,of,77,NA,NA
17380,water,water,77,1.0,1.0
17381,water,steps,78,0.3333333333333333,0.75
17382,water,sticky,79,0.2,0.3333333333333333
17383,water,strange,80,0.2,0.3333333333333333
17384,water,,80,0.25,0.7272727272727273
17385,water,sounds,80,0.5,0.8888888888888888
17386,water,strange,81,0.2,0.3333333333333333
17387,water,cosmic,81,0.2,0.3333333333333333
17388,water,sound,81,0.5,0.8888888888888888
17389,water,swallow,82,0.16666666666666666,0.4
17390,water,swallowing,83,0.16666666666666666,0.2857142857142857
17391,water,swalow,84,NA,NA
17392,water,swim,85,0.16666666666666666,0.2857142857142857
17393,water,swimming,86,0.2,0.3333333333333333
17394,water,tap,87,0.3333333333333333,0.75
17395,water,drip,87,0.16666666666666666,0.6666666666666666
17396,water,tasting,88,0.2,0.3333333333333333
17397,water,thirsty,89,0.2,0.3333333333333333
17398,water,trotting,90,0.125,0.2222222222222222
17399,water,through,90,0.2,0.3333333333333333
17400,water,water,90,1.0,1.0
17401,water,whistle,91,0.16666666666666666,0.625
17402,water,water,92,1.0,1.0
17403,water,water,93,1.0,1.0
17404,water,drops,93,0.25,0.8
17405,water,water,94,1.0,1.0
17406,water,drop,94,0.25,0.8
17407,water,water,95,1.0,1.0
17408,water,droplets,95,0.1,0.2857142857142857
17409,water,water,96,1.0,1.0
17410,water,droplets,96,0.1,0.2857142857142857
17411,water,droping,96,0.25,0.5
17412,water,water,97,1.0,1.0
17413,water,drops,97,0.25,0.8
17414,water,water,98,1.0,1.0
17415,water,sounds,98,0.5,0.8888888888888888
17416,water,air,99,0.3333333333333333,0.8571428571428571
17417,water,bubbles,99,0.25,0.7142857142857143
17418,water,also,100,0.2,0.3333333333333333
17419,water,silent,100,0.2,0.3333333333333333
17420,water,animal,101,0.2,0.5714285714285714
17421,water,drinking,101,0.16666666666666666,0.36363636363636365
17422,water,water,101,1.0,1.0
17423,water,animal,102,0.2,0.5714285714285714
17424,water,on,102,0.2,0.3333333333333333
17425,water,water,102,1.0,1.0
17426,water,animal,103,0.2,0.5714285714285714
17427,water,walk,103,0.16666666666666666,0.6666666666666666
17428,water,attention,104,0.1,0.2857142857142857
17429,water,babababa,105,NA,NA
17430,water,baby,106,0.16666666666666666,0.5333333333333333
17431,water,bath,107,0.14285714285714285,0.625
17432,water,beer,108,0.16666666666666666,0.7368421052631579
17433,water,big,109,0.2,0.3333333333333333
17434,water,animal,109,0.2,0.5714285714285714
17435,water,bird,110,0.14285714285714285,0.5882352941176471
17436,water,call,110,0.2,0.5882352941176471
17437,water,blow,111,0.2,0.5
17438,water,bubbles,111,0.25,0.7142857142857143
17439,water,blowing,112,0.2,0.4444444444444444
17440,water,into,112,NA,NA
17441,water,straw,112,0.2,0.7058823529411765
17442,water,blu,113,NA,NA
17443,water,blu,113,NA,NA
17444,water,blu,113,NA,NA
17445,water,blup,114,NA,NA
17446,water,blurps,115,NA,NA
17447,water,bored,116,0.2,0.3333333333333333
17448,water,bottle,117,0.14285714285714285,0.625
17449,water,bubble,118,0.25,0.7142857142857143
17450,water,bubbles,119,0.25,0.7142857142857143
17451,water,bubbles,120,0.25,0.7142857142857143
17452,water,popping,120,0.16666666666666666,0.2857142857142857
17453,water,bubbling,121,0.25,0.3333333333333333
17454,water,cant,122,0.16666666666666666,0.625
17455,water,hear,122,0.2,0.3333333333333333
17456,water,anything,122,NA,NA
17457,water,car,123,0.14285714285714285,0.625
17458,water,sounds,123,0.5,0.8888888888888888
17459,water,chew,124,0.1111111111111111,0.26666666666666666
17460,water,chipmuk,125,NA,NA
17461,water,chug,126,0.14285714285714285,0.26666666666666666
17462,water,chugging,127,0.14285714285714285,0.25
17463,water,liquid,127,0.5,0.9333333333333333
17464,water,clicking,128,0.2,0.3333333333333333
17465,water,cooling,129,0.25,0.625
17466,water,dipping,130,0.2,0.25
17467,water,dog,131,0.14285714285714285,0.625
17468,water,drinking,131,0.16666666666666666,0.36363636363636365
17469,water,water,131,1.0,1.0
17470,water,dog,132,0.14285714285714285,0.625
17471,water,licking,132,0.16666666666666666,0.2857142857142857
17472,water,water,132,1.0,1.0
17473,water,dog,133,0.14285714285714285,0.625
17474,water,sip,133,0.14285714285714285,0.3333333333333333
17475,water,don't,134,NA,NA
17476,water,know,134,0.2,0.3333333333333333
17477,water,drink,135,0.5,0.8888888888888888
17478,water,drink,136,0.5,0.8888888888888888
17479,water,water,136,1.0,1.0
17480,water,"drink,",137,NA,NA
17481,water,thirsty,137,0.2,0.3333333333333333
17482,water,drinking,138,0.16666666666666666,0.36363636363636365
17483,water,drinking,139,0.16666666666666666,0.36363636363636365
17484,water,a,139,0.16666666666666666,0.7619047619047619
17485,water,bottle,139,0.14285714285714285,0.625
17486,water,drinking,140,0.16666666666666666,0.36363636363636365
17487,water,dog,140,0.14285714285714285,0.625
17488,water,drinking,141,0.16666666666666666,0.36363636363636365
17489,water,gulp,141,0.14285714285714285,0.3333333333333333
17490,water,drinking,142,0.16666666666666666,0.36363636363636365
17491,water,sound,142,0.5,0.8888888888888888
17492,water,drinking,143,0.16666666666666666,0.36363636363636365
17493,water,water,143,1.0,1.0
17494,water,drip,144,0.16666666666666666,0.6666666666666666
17495,water,drip,145,0.16666666666666666,0.6666666666666666
17496,water,noise,145,0.14285714285714285,0.3076923076923077
17497,water,drip,146,0.16666666666666666,0.6666666666666666
17498,water,water,146,1.0,1.0
17499,water,dripping,147,0.2,0.3333333333333333
17500,water,dripping,148,0.2,0.3333333333333333
17501,water,water,148,1.0,1.0
17502,water,drop,149,0.25,0.8
17503,water,drop,150,0.25,0.8
17504,water,drop,150,0.25,0.8
17505,water,drop,151,0.25,0.8
17506,water,drop,151,0.25,0.8
17507,water,drop,151,0.25,0.8
17508,water,drop,152,0.25,0.8
17509,water,noise,152,0.14285714285714285,0.3076923076923077
17510,water,droplet,153,0.1,0.2857142857142857
17511,water,droplets,154,0.1,0.2857142857142857
17512,water,droplets,155,0.1,0.2857142857142857
17513,water,falling,155,0.25,0.5714285714285714
17514,water,droplets,156,0.1,0.2857142857142857
17515,water,of,156,NA,NA
17516,water,water,156,1.0,1.0
17517,water,drops,157,0.25,0.8
17518,water,drops,158,0.25,0.8
17519,water,of,158,NA,NA
17520,water,falling,158,0.25,0.5714285714285714
17521,water,water,158,1.0,1.0
17522,water,drown,159,0.2,0.5
17523,water,drowning,160,0.2,0.5
17524,water,eat,161,0.2,0.4444444444444444
17525,water,eating,162,0.2,0.4444444444444444
17526,water,electronic,163,0.2,0.3333333333333333
17527,water,sound,163,0.5,0.8888888888888888
17528,water,empty,164,0.25,0.6666666666666666
17529,water,faint,165,0.2,0.5
17530,water,bubbling,165,0.25,0.3333333333333333
17531,water,faint,166,0.2,0.5
17532,water,tap,166,0.3333333333333333,0.75
17533,water,faint,167,0.2,0.5
17534,water,water,167,1.0,1.0
17535,water,sound,167,0.5,0.8888888888888888
17536,water,fish,168,0.16666666666666666,0.5333333333333333
17537,water,fish,169,0.16666666666666666,0.5333333333333333
17538,water,in,169,0.2,0.5333333333333333
17539,water,water,169,1.0,1.0
17540,water,fish,170,0.16666666666666666,0.5333333333333333
17541,water,underwater,170,0.2,0.3333333333333333
17542,water,flow,171,0.2,0.46153846153846156
17543,water,fluid,172,0.3333333333333333,0.8571428571428571
17544,water,sound,172,0.5,0.8888888888888888
17545,water,footsteps,173,0.125,0.3333333333333333
17546,water,gallop,174,0.14285714285714285,0.25
17547,water,galloping,175,0.14285714285714285,0.25
17548,water,galopp,176,NA,NA
17549,water,on,176,0.2,0.3333333333333333
17550,water,bubbles,176,0.25,0.7142857142857143
17551,water,gargle,177,0.16666666666666666,0.5333333333333333
17552,water,gloop,178,NA,NA
17553,water,glub...glub,179,NA,NA
17554,water,go,180,0.25,0.5714285714285714
17555,water,go,180,0.25,0.5714285714285714
17556,water,go,181,0.25,0.5714285714285714
17557,water,go,181,0.25,0.5714285714285714
17558,water,go,181,0.25,0.5714285714285714
17559,water,gogogo,182,NA,NA
17560,water,goo,183,0.2,0.6
17561,water,goo,183,0.2,0.6
17562,water,goo,183,0.2,0.6
17563,water,(like,183,NA,NA
17564,water,imitation,183,0.2,0.625
17565,water,drinking,183,0.16666666666666666,0.36363636363636365
17566,water,noise),183,NA,NA
17567,water,goo-goo-goo-goo,184,NA,NA
17568,water,goup,185,NA,NA
17569,water,goup,185,NA,NA
17570,water,greeting,186,0.2,0.3333333333333333
17571,water,gu,187,0.2,0.46153846153846156
17572,water,gu,187,0.2,0.46153846153846156
17573,water,gu,187,0.2,0.46153846153846156
17574,water,gu,188,0.2,0.46153846153846156
17575,water,gu,188,0.2,0.46153846153846156
17576,water,gu,188,0.2,0.46153846153846156
17577,water,gu,188,0.2,0.46153846153846156
17578,water,gu..gu...gu,189,NA,NA
17579,water,gugugu,190,NA,NA
17580,water,gugugugu,191,NA,NA
17581,water,gugugugugug,192,NA,NA
17582,water,guh,193,NA,NA
17583,water,guh,193,NA,NA
17584,water,guh,193,NA,NA
17585,water,guh,193,NA,NA
17586,water,guhguhguh,194,NA,NA
17587,water,gulp,195,0.14285714285714285,0.3333333333333333
17588,water,gulp,196,0.14285714285714285,0.3333333333333333
17589,water,gulp,196,0.14285714285714285,0.3333333333333333
17590,water,gulp,197,0.14285714285714285,0.3333333333333333
17591,water,gulp,197,0.14285714285714285,0.3333333333333333
17592,water,gulp,197,0.14285714285714285,0.3333333333333333
17593,water,gulping,198,0.14285714285714285,0.3333333333333333
17594,water,gulps,199,0.14285714285714285,0.3333333333333333
17595,water,gurgling,200,0.16666666666666666,0.2857142857142857
17596,water,hand,201,0.2,0.5882352941176471
17597,water,over,201,0.2,0.3333333333333333
17598,water,mouth,201,0.2,0.7142857142857143
17599,water,hello,202,0.1,0.2857142857142857
17600,water,hens,203,0.1111111111111111,0.5
17601,water,hiccups,204,0.16666666666666666,0.3333333333333333
17602,water,horse,205,0.2,0.625
17603,water,horse,206,0.2,0.625
17604,water,riding,206,0.2,0.3333333333333333
17605,water,horse,207,0.2,0.625
17606,water,running,207,0.2,0.5
17607,water,hungry,208,0.2,0.3333333333333333
17608,water,hurry,209,0.16666666666666666,0.2857142857142857
17609,water,imitating,210,0.14285714285714285,0.25
17610,water,itowo,211,NA,NA
17611,water,jelly,212,0.25,0.7272727272727273
17612,water,keep,213,0.2,0.625
17613,water,silent,213,0.2,0.3333333333333333
17614,water,kid,214,0.14285714285714285,0.6
17615,water,knock,215,0.14285714285714285,0.2857142857142857
17616,water,licking,216,0.16666666666666666,0.2857142857142857
17617,water,licking,217,0.16666666666666666,0.2857142857142857
17618,water,microphone,217,0.1111111111111111,0.5555555555555556
17619,water,lip,218,0.16666666666666666,0.625
17620,water,smacking,218,0.16666666666666666,0.2857142857142857
17621,water,lips,219,0.16666666666666666,0.625
17622,water,liquid,220,0.5,0.9333333333333333
17623,water,low,221,0.2,0.5882352941176471
17624,water,bubbly,221,0.2,0.7
17625,water,sound,221,0.5,0.8888888888888888
17626,water,man,222,0.16666666666666666,0.625
17627,water,mouth,223,0.2,0.7142857142857143
17628,water,noises,223,0.14285714285714285,0.3076923076923077
17629,water,mouth's,224,NA,NA
17630,water,noise,224,0.14285714285714285,0.3076923076923077
17631,water,moving,225,0.2,0.3333333333333333
17632,water,water,225,1.0,1.0
17633,water,mumbling,226,0.1111111111111111,0.25
17634,water,munch,227,0.1111111111111111,0.4444444444444444
17635,water,no,228,0.2,0.5714285714285714
17636,water,idea,228,0.1111111111111111,0.3076923076923077
17637,water,no,229,0.2,0.5714285714285714
17638,water,sound,229,0.5,0.8888888888888888
17639,water,nom,230,NA,NA
17640,water,nom,230,NA,NA
17641,water,nom,230,NA,NA
17642,water,nothing,231,0.2,0.3333333333333333
17643,water,notification,232,0.1,0.2857142857142857
17644,water,pao,233,NA,NA
17645,water,pao,233,NA,NA
17646,water,pao,233,NA,NA
17647,water,pao,233,NA,NA
17648,water,passing,234,0.25,0.5714285714285714
17649,water,time,234,0.2,0.36363636363636365
17650,water,pee-ee,235,NA,NA
17651,water,aweah,235,NA,NA
17652,water,phwep,236,NA,NA
17653,water,play,237,0.2,0.36363636363636365
17654,water,with,237,NA,NA
17655,water,child,237,0.16666666666666666,0.5333333333333333
17656,water,playing,238,0.2,0.3333333333333333
17657,water,playing,239,0.2,0.3333333333333333
17658,water,with,239,NA,NA
17659,water,tongue,239,0.16666666666666666,0.6666666666666666
17660,water,plep,240,NA,NA
17661,water,plep,240,NA,NA
17662,water,plep,240,NA,NA
17663,water,plepleepellee,241,NA,NA
17664,water,pliip,242,NA,NA
17665,water,plop,242,0.2,0.3333333333333333
17666,water,plop,243,0.2,0.3333333333333333
17667,water,plop,243,0.2,0.3333333333333333
17668,water,plop,244,0.2,0.3333333333333333
17669,water,plop,244,0.2,0.3333333333333333
17670,water,plop,244,0.2,0.3333333333333333
17671,water,pluba,245,NA,NA
17672,water,pluba,245,NA,NA
17673,water,pluba,245,NA,NA
17674,water,pluba,245,NA,NA
17675,water,pluba,245,NA,NA
17676,water,pluh,246,NA,NA
17677,water,plumplumploomplommploom,247,NA,NA
17678,water,plup,248,NA,NA
17679,water,pond,249,0.3333333333333333,0.8
17680,water,poul,250,NA,NA
17681,water,poul,250,NA,NA
17682,water,pouring,251,0.3333333333333333,0.75
17683,water,pouring,252,0.3333333333333333,0.75
17684,water,water,252,1.0,1.0
17685,water,pueh,253,NA,NA
17686,water,pueh,253,NA,NA
17687,water,pueh,253,NA,NA
17688,water,quick,254,0.2,0.5454545454545454
17689,water,racking,255,0.2,0.3333333333333333
17690,water,rain,256,0.3333333333333333,0.8181818181818182
17691,water,really,257,0.2,0.3333333333333333
17692,water,quiet,257,0.2,0.3333333333333333
17693,water,repeated,258,0.2,0.3333333333333333
17694,water,gulping,258,0.14285714285714285,0.3333333333333333
17695,water,ringing,259,0.16666666666666666,0.2857142857142857
17696,water,rippling,260,0.14285714285714285,0.26666666666666666
17697,water,run,261,0.3333333333333333,0.8
17698,water,salivating,262,0.14285714285714285,0.25
17699,water,silence,263,0.1111111111111111,0.3076923076923077
17700,water,silliness,264,0.1111111111111111,0.3076923076923077
17701,water,playfulness,264,0.1111111111111111,0.3076923076923077
17702,water,sink,265,0.16666666666666666,0.6666666666666666
17703,water,siping,266,0.14285714285714285,0.25
17704,water,slapping,267,0.14285714285714285,0.25
17705,water,sound,267,0.5,0.8888888888888888
17706,water,sleeping,268,0.2,0.4
17707,water,fish,268,0.16666666666666666,0.5333333333333333
17708,water,slurp,269,0.14285714285714285,0.25
17709,water,slurp,270,0.14285714285714285,0.25
17710,water,slurp,270,0.14285714285714285,0.25
17711,water,slurp,270,0.14285714285714285,0.25
17712,water,smack,271,0.2,0.5263157894736842
17713,water,tongue,271,0.16666666666666666,0.6666666666666666
17714,water,smacking,272,0.16666666666666666,0.2857142857142857
17715,water,sound,273,0.5,0.8888888888888888
17716,water,sound,274,0.5,0.8888888888888888
17717,water,of,274,NA,NA
17718,water,water,274,1.0,1.0
17719,water,spelling,275,0.2,0.3333333333333333
17720,water,g,275,0.16666666666666666,0.7619047619047619
17721,water,spitting,276,0.16666666666666666,0.2857142857142857
17722,water,splash,277,0.2,0.5882352941176471
17723,water,splashing,278,0.2,0.3333333333333333
17724,water,steps,279,0.3333333333333333,0.75
17725,water,stuttering,280,0.1111111111111111,0.2
17726,water,suck,281,0.2,0.4444444444444444
17727,water,suckers,282,0.16666666666666666,0.625
17728,water,swallow,283,0.16666666666666666,0.4
17729,water,swallow,284,0.16666666666666666,0.4
17730,water,liquid,284,0.5,0.9333333333333333
17731,water,swallowing,285,0.16666666666666666,0.2857142857142857
17732,water,swallowing,286,0.16666666666666666,0.2857142857142857
17733,water,something,286,NA,NA
17734,water,swallowing,287,0.16666666666666666,0.2857142857142857
17735,water,while,287,0.1,0.2857142857142857
17736,water,drinking,287,0.16666666666666666,0.36363636363636365
17737,water,"swallowing,",288,NA,NA
17738,water,gurgling,288,0.16666666666666666,0.2857142857142857
17739,water,swim,289,0.16666666666666666,0.2857142857142857
17740,water,swimming,290,0.2,0.3333333333333333
17741,water,underwater,290,0.2,0.3333333333333333
17742,water,talk,291,0.125,0.2857142857142857
17743,water,or,291,0.125,0.5882352941176471
17744,water,use,291,0.2,0.4
17745,water,mouth,291,0.2,0.7142857142857143
17746,water,talk,292,0.125,0.2857142857142857
17747,water,to,292,NA,NA
17748,water,baby,292,0.16666666666666666,0.5333333333333333
17749,water,tapping,293,0.3333333333333333,0.75
17750,water,-,293,NA,NA
17751,water,walking,293,0.2,0.3333333333333333
17752,water,tapping,294,0.3333333333333333,0.75
17753,water,sound,294,0.5,0.8888888888888888
17754,water,tasting,295,0.2,0.3333333333333333
17755,water,thadthadd,296,NA,NA
17756,water,thinking,297,0.25,0.3333333333333333
17757,water,throat,298,0.2,0.7142857142857143
17758,water,noises,298,0.14285714285714285,0.3076923076923077
17759,water,tongue,299,0.16666666666666666,0.6666666666666666
17760,water,tongue,300,0.16666666666666666,0.6666666666666666
17761,water,beats,300,0.2,0.47058823529411764
17762,water,lips,300,0.16666666666666666,0.625
17763,water,tongue,301,0.16666666666666666,0.6666666666666666
17764,water,language,301,0.14285714285714285,0.5714285714285714
17765,water,tongue,302,0.16666666666666666,0.6666666666666666
17766,water,play,302,0.2,0.36363636363636365
17767,water,trotting,303,0.125,0.2222222222222222
17768,water,tuputputput,304,NA,NA
17769,water,turkey,305,0.125,0.47058823529411764
17770,water,unclog,306,0.16666666666666666,0.2857142857142857
17771,water,unclogging,307,0.16666666666666666,0.2857142857142857
17772,water,toilet,307,0.16666666666666666,0.6666666666666666
17773,water,underwater,308,0.2,0.3333333333333333
17774,water,walking,309,0.2,0.3333333333333333
17775,water,walking,310,0.2,0.3333333333333333
17776,water,in,310,0.2,0.5333333333333333
17777,water,the,310,NA,NA
17778,water,rain,310,0.3333333333333333,0.8181818181818182
17779,water,wanting,311,0.2,0.3333333333333333
17780,water,to,311,NA,NA
17781,water,leave,311,0.25,0.6666666666666666
17782,water,water,312,1.0,1.0
17783,water,water,313,1.0,1.0
17784,water,being,313,0.2,0.6153846153846154
17785,water,emptied,313,0.25,0.5714285714285714
17786,water,from,313,NA,NA
17787,water,a,313,0.16666666666666666,0.7619047619047619
17788,water,vessel,313,0.16666666666666666,0.6666666666666666
17789,water,water,314,1.0,1.0
17790,water,dripping,314,0.2,0.3333333333333333
17791,water,water,315,1.0,1.0
17792,water,dripping,315,0.2,0.3333333333333333
17793,water,sound,315,0.5,0.8888888888888888
17794,water,water,316,1.0,1.0
17795,water,drop,316,0.25,0.8
17796,water,water,317,1.0,1.0
17797,water,droplet,317,0.1,0.2857142857142857
17798,water,water,318,1.0,1.0
17799,water,drops,318,0.25,0.8
17800,water,water,319,1.0,1.0
17801,water,in,319,0.2,0.5333333333333333
17802,water,tap,319,0.3333333333333333,0.75
17803,water,water,320,1.0,1.0
17804,water,sound,320,0.5,0.8888888888888888
17805,water,water,321,1.0,1.0
17806,water,splash,321,0.2,0.5882352941176471
17807,water,water,322,1.0,1.0
17808,water,splashing,322,0.2,0.3333333333333333
17809,water,watery,323,0.2,0.3333333333333333
17810,water,sound,323,0.5,0.8888888888888888
17811,water,watter,324,NA,NA
17812,water,drop,324,0.25,0.8
17813,water,wet,325,0.5,0.8
17814,water,whip,326,0.16666666666666666,0.6666666666666666
17815,water,wap,326,NA,NA
17816,water,work,327,0.25,0.6666666666666666
17817,water,on,327,0.2,0.3333333333333333
17818,water,stone,327,0.2,0.75
17819,water,working,328,0.25,0.7142857142857143
17820,water,zeroing,329,0.2,0.25
17821,water,,330,0.25,0.7272727272727273
17822,woman,a,1,0.09090909090909091,0.2857142857142857
17823,woman,banana,1,0.125,0.631578947368421
17824,woman,a,2,0.09090909090909091,0.2857142857142857
17825,woman,calling,2,0.125,0.2857142857142857
17826,woman,adult,3,0.5,0.7058823529411765
17827,woman,sound,3,0.125,0.36363636363636365
17828,woman,amanana,4,NA,NA
17829,woman,amazed,5,0.125,0.2222222222222222
17830,woman,amused,6,0.125,0.2222222222222222
17831,woman,amusement,7,0.09090909090909091,0.2857142857142857
17832,woman,animal,8,0.2,0.75
17833,woman,auu,9,NA,NA
17834,woman,auuummmmmm.....,10,NA,NA
17835,woman,auuuu,11,NA,NA
17836,woman,baby,12,0.3333333333333333,0.9
17837,woman,babble,13,0.1,0.3076923076923077
17838,woman,baby,14,0.3333333333333333,0.9
17839,woman,bark,15,0.1111111111111111,0.5
17840,woman,sound,15,0.125,0.36363636363636365
17841,woman,blah,16,0.1111111111111111,0.3333333333333333
17842,woman,blah,16,0.1111111111111111,0.3333333333333333
17843,woman,careful,17,0.125,0.2222222222222222
17844,woman,cartoon,18,0.1111111111111111,0.42105263157894735
17845,woman,sleeping,18,0.125,0.3333333333333333
17846,woman,chill,19,0.125,0.46153846153846156
17847,woman,cold,20,0.14285714285714285,0.5
17848,woman,complain,21,0.125,0.2222222222222222
17849,woman,confusion,22,0.1111111111111111,0.3333333333333333
17850,woman,cozy,23,0.125,0.47058823529411764
17851,woman,danger,24,0.2,0.6
17852,woman,depressed,25,0.125,0.2222222222222222
17853,woman,person,25,0.3333333333333333,0.75
17854,woman,disbelief,26,0.1111111111111111,0.3333333333333333
17855,woman,enjoyment,27,0.1,0.3076923076923077
17856,woman,excitement,28,0.09090909090909091,0.2857142857142857
17857,woman,"excitement,",29,NA,NA
17858,woman,surprised,29,0.125,0.2222222222222222
17859,woman,"exclamation,",30,NA,NA
17860,woman,surprised,30,0.125,0.2222222222222222
17861,woman,exictement,31,NA,NA
17862,woman,and,31,NA,NA
17863,woman,surprise,31,0.1111111111111111,0.3076923076923077
17864,woman,falling.,32,NA,NA
17865,woman,gently,32,0.125,0.2222222222222222
17866,woman,fatigue,33,0.1111111111111111,0.3333333333333333
17867,woman,feeling,34,0.125,0.36363636363636365
17868,woman,of,34,NA,NA
17869,woman,surprise,34,0.1111111111111111,0.3076923076923077
17870,woman,female,35,0.5,0.7058823529411765
17871,woman,wail,35,0.1,0.2857142857142857
17872,woman,finding,36,0.14285714285714285,0.5
17873,woman,out,36,0.125,0.2857142857142857
17874,woman,something,36,NA,NA
17875,woman,fright,37,0.1,0.3076923076923077
17876,woman,funny,38,0.125,0.3076923076923077
17877,woman,giggle,39,0.1,0.3076923076923077
17878,woman,hurray,40,NA,NA
17879,woman,happiness,41,0.1111111111111111,0.3333333333333333
17880,woman,happy,42,0.125,0.2222222222222222
17881,woman,hmmmmm,43,NA,NA
17882,woman,horse,44,0.1111111111111111,0.5
17883,woman,horse,45,0.1111111111111111,0.5
17884,woman,neighing,45,0.1111111111111111,0.2
17885,woman,how,46,NA,NA
17886,woman,are,46,0.125,0.3076923076923077
17887,woman,you,46,NA,NA
17888,woman,hurry,47,0.1111111111111111,0.2857142857142857
17889,woman,up,47,0.125,0.2222222222222222
17890,woman,i,48,0.16666666666666666,0.5454545454545454
17891,woman,am,48,0.125,0.3076923076923077
17892,woman,lora,48,NA,NA
17893,woman,i,49,0.16666666666666666,0.5454545454545454
17894,woman,am,49,0.125,0.3076923076923077
17895,woman,tired,49,0.125,0.2222222222222222
17896,woman,i,50,0.16666666666666666,0.5454545454545454
17897,woman,don't,50,NA,NA
17898,woman,know,50,0.125,0.2857142857142857
17899,woman,i,51,0.16666666666666666,0.5454545454545454
17900,woman,dunno,51,NA,NA
17901,woman,i'm,52,NA,NA
17902,woman,a,52,0.09090909090909091,0.2857142857142857
17903,woman,runner,52,0.2,0.6666666666666666
17904,woman,i'm,53,NA,NA
17905,woman,admired,53,0.125,0.2222222222222222
17906,woman,i'm,54,NA,NA
17907,woman,alone,54,0.125,0.2222222222222222
17908,woman,i'm,55,NA,NA
17909,woman,surprised,55,0.125,0.2222222222222222
17910,woman,imitating,56,0.1,0.18181818181818182
17911,woman,a,56,0.09090909090909091,0.2857142857142857
17912,woman,trumpet,56,0.1111111111111111,0.4
17913,woman,imitating,57,0.1,0.18181818181818182
17914,woman,beat,57,0.16666666666666666,0.631578947368421
17915,woman,imitating,58,0.1,0.18181818181818182
17916,woman,wolf,58,0.2,0.6
17917,woman,sound,58,0.125,0.36363636363636365
17918,woman,"impressed,",59,NA,NA
17919,woman,surprised,59,0.125,0.2222222222222222
17920,woman,inquireness,60,NA,NA
17921,woman,japanese,61,0.16666666666666666,0.631578947368421
17922,woman,woman,61,1.0,1.0
17923,woman,singing,61,0.125,0.2857142857142857
17924,woman,laughing,62,0.125,0.2222222222222222
17925,woman,laugh,63,0.1111111111111111,0.3333333333333333
17926,woman,laughter,64,0.1111111111111111,0.3333333333333333
17927,woman,lets,65,0.125,0.42857142857142855
17928,woman,"go,",65,NA,NA
17929,woman,no?,65,NA,NA
17930,woman,light,66,0.2,0.6666666666666666
17931,woman,snicker,66,0.1,0.3076923076923077
17932,woman,like,67,0.125,0.25
17933,woman,italian,67,0.16666666666666666,0.631578947368421
17934,woman,language,67,0.14285714285714285,0.4
17935,woman,making,68,0.125,0.42857142857142855
17936,woman,fun,68,0.1111111111111111,0.3333333333333333
17937,woman,men’s,69,NA,NA
17938,woman,low,69,0.125,0.5714285714285714
17939,woman,,69,0.125,0.5714285714285714
17940,woman,uuuu,69,NA,NA
17941,woman,monkey,70,0.16666666666666666,0.631578947368421
17942,woman,mumbling,71,0.08333333333333333,0.26666666666666666
17943,woman,naughty,72,0.125,0.2222222222222222
17944,woman,nervousness,73,0.1,0.3076923076923077
17945,woman,noding,74,0.125,0.2222222222222222
17946,woman,nonsense,75,0.125,0.5
17947,woman,not,76,0.125,0.2222222222222222
17948,woman,sure,76,0.125,0.2222222222222222
17949,woman,oh,77,0.07692307692307693,0.3333333333333333
17950,woman,dear,77,0.2,0.6666666666666666
17951,woman,or,77,0.08333333333333333,0.42105263157894735
17952,woman,what,77,NA,NA
17953,woman,is,77,0.125,0.2222222222222222
17954,woman,it,77,0.08333333333333333,0.26666666666666666
17955,woman,oh,78,0.07692307692307693,0.3333333333333333
17956,woman,no,78,0.125,0.3333333333333333
17957,woman,no,78,0.125,0.3333333333333333
17958,woman,oh,79,0.07692307692307693,0.3333333333333333
17959,woman,what?,79,NA,NA
17960,woman,a,79,0.09090909090909091,0.2857142857142857
17961,woman,questioning,79,0.125,0.2857142857142857
17962,woman,sound,79,0.125,0.36363636363636365
17963,woman,oh!,80,NA,NA
17964,woman,oooh!,81,NA,NA
17965,woman,pleasantly,82,0.125,0.2222222222222222
17966,woman,surprised,82,0.125,0.2222222222222222
17967,woman,pleased,83,0.125,0.2222222222222222
17968,woman,pomodoro,84,NA,NA
17969,woman,pronunciation,85,0.1111111111111111,0.3333333333333333
17970,woman,questioning,86,0.125,0.2857142857142857
17971,woman,realization,87,0.1,0.3076923076923077
17972,woman,reject,88,0.125,0.2857142857142857
17973,woman,idea,88,0.1111111111111111,0.3333333333333333
17974,woman,relief,89,0.2,0.6666666666666666
17975,woman,shout,90,0.1111111111111111,0.3333333333333333
17976,woman,sleep,91,0.1111111111111111,0.3333333333333333
17977,woman,satisfied,92,0.125,0.2222222222222222
17978,woman,scared,93,0.125,0.2222222222222222
17979,woman,scary,94,0.125,0.2222222222222222
17980,woman,shivering,95,0.125,0.2857142857142857
17981,woman,shivers,96,0.1,0.2857142857142857
17982,woman,shock,97,0.14285714285714285,0.5
17983,woman,shyness,98,0.08333333333333333,0.26666666666666666
17984,woman,sigh,99,0.1111111111111111,0.3333333333333333
17985,woman,sing,100,0.1111111111111111,0.2
17986,woman,singing,101,0.125,0.2857142857142857
17987,woman,so,102,0.125,0.2857142857142857
17988,woman,good,102,0.125,0.5333333333333333
17989,woman,soothing,103,0.125,0.2222222222222222
17990,woman,strange,104,0.125,0.2222222222222222
17991,woman,dialect,104,0.1,0.3076923076923077
17992,woman,suprise,105,NA,NA
17993,woman,surprise,106,0.1111111111111111,0.3076923076923077
17994,woman,surprise,107,0.1111111111111111,0.3076923076923077
17995,woman,d,107,0.125,0.2857142857142857
17996,woman,surprised,108,0.125,0.2222222222222222
17997,woman,surprised,109,0.125,0.2222222222222222
17998,woman,inquiry,109,0.08333333333333333,0.26666666666666666
17999,woman,surprize,110,NA,NA
18000,woman,suspense,111,0.09090909090909091,0.2857142857142857
18001,woman,talk,112,0.1,0.3076923076923077
18002,woman,talking,113,0.1,0.3076923076923077
18003,woman,the,114,NA,NA
18004,woman,person,114,0.3333333333333333,0.75
18005,woman,doesn't,114,NA,NA
18006,woman,know,114,0.125,0.2857142857142857
18007,woman,something,114,NA,NA
18008,woman,tired,115,0.125,0.2222222222222222
18009,woman,uuh,116,0.1111111111111111,0.3333333333333333
18010,woman,vamo,117,NA,NA
18011,woman,nuno,117,NA,NA
18012,woman,vocalist,118,0.14285714285714285,0.6
18013,woman,welcome,119,0.125,0.3076923076923077
18014,woman,welcome,120,0.125,0.3076923076923077
18015,woman,home,120,0.125,0.47058823529411764
18016,woman,what,121,NA,NA
18017,woman,a,121,0.09090909090909091,0.2857142857142857
18018,woman,surprise,121,0.1111111111111111,0.3076923076923077
18019,woman,what,122,NA,NA
18020,woman,we,122,NA,NA
18021,woman,doing,122,0.125,0.2222222222222222
18022,woman,now,122,0.125,0.3333333333333333
18023,woman,"whimsy,",123,NA,NA
18024,woman,joy,123,0.125,0.3076923076923077
18025,woman,whinny,124,0.1111111111111111,0.2857142857142857
18026,woman,woman,125,1.0,1.0
18027,woman,"woman,",126,NA,NA
18028,woman,quiet,126,0.125,0.3333333333333333
18029,woman,women’s,127,NA,NA
18030,woman,,127,0.125,0.5714285714285714
18031,woman,inarticulate.sounds,127,NA,NA
18032,woman,wow,128,0.1,0.3076923076923077
18033,woman,yawn,129,0.1111111111111111,0.2857142857142857
18034,woman,yawning,130,0.125,0.2857142857142857
18035,woman,a,131,0.09090909090909091,0.2857142857142857
18036,woman,banana,131,0.125,0.631578947368421
18037,woman,a,132,0.09090909090909091,0.2857142857142857
18038,woman,request,132,0.125,0.36363636363636365
18039,woman,aahaaa,133,NA,NA
18040,woman,admired,134,0.125,0.2222222222222222
18041,woman,sound,134,0.125,0.36363636363636365
18042,woman,agree,135,0.125,0.2222222222222222
18043,woman,agreeing,136,0.125,0.2222222222222222
18044,woman,sound,136,0.125,0.36363636363636365
18045,woman,amazed,137,0.125,0.2222222222222222
18046,woman,amazement,138,0.1111111111111111,0.3333333333333333
18047,woman,amazing,139,0.125,0.2222222222222222
18048,woman,amerola,140,NA,NA
18049,woman,amerono,141,NA,NA
18050,woman,amonana,142,NA,NA
18051,woman,amonona,143,NA,NA
18052,woman,amusement,144,0.09090909090909091,0.2857142857142857
18053,woman,annoyed,145,0.125,0.2222222222222222
18054,woman,asleep,146,0.125,0.2222222222222222
18055,woman,astonishment,147,0.1111111111111111,0.3333333333333333
18056,woman,attention,148,0.1,0.3076923076923077
18057,woman,awakening,149,0.1111111111111111,0.25
18058,woman,awe,150,0.1,0.3076923076923077
18059,woman,awhoowhoowhoo,151,NA,NA
18060,woman,babble,152,0.1,0.3076923076923077
18061,woman,baby,153,0.3333333333333333,0.9
18062,woman,cooing,153,0.1111111111111111,0.2
18063,woman,baby,154,0.3333333333333333,0.9
18064,woman,talk,154,0.1,0.3076923076923077
18065,woman,banana,155,0.125,0.631578947368421
18066,woman,be,156,0.125,0.3076923076923077
18067,woman,quiet,156,0.125,0.3333333333333333
18068,woman,being,157,0.25,0.8
18069,woman,startled,157,0.125,0.2222222222222222
18070,woman,bewilderment,158,0.08333333333333333,0.26666666666666666
18071,woman,bored,159,0.125,0.2222222222222222
18072,woman,bottom,160,0.125,0.46153846153846156
18073,woman,kick,160,0.125,0.3076923076923077
18074,woman,but,161,0.125,0.2222222222222222
18075,woman,why?,161,NA,NA
18076,woman,c'mon,162,NA,NA
18077,woman,bruno,162,0.14285714285714285,0.6
18078,woman,calling,163,0.125,0.2857142857142857
18079,woman,someone,163,0.3333333333333333,0.75
18080,woman,cartoon,164,0.1111111111111111,0.42105263157894735
18081,woman,character,164,0.3333333333333333,0.6666666666666666
18082,woman,talking,164,0.1,0.3076923076923077
18083,woman,cheerful,165,0.125,0.2222222222222222
18084,woman,cheering,166,0.125,0.3076923076923077
18085,woman,child,167,0.25,0.7058823529411765
18086,woman,child,168,0.25,0.7058823529411765
18087,woman,vocalization,168,0.14285714285714285,0.4
18088,woman,chills,169,0.125,0.46153846153846156
18089,woman,chinese,170,0.16666666666666666,0.631578947368421
18090,woman,woman,170,1.0,1.0
18091,woman,calling,170,0.125,0.2857142857142857
18092,woman,others,170,NA,NA
18093,woman,chipper,171,0.125,0.2222222222222222
18094,woman,chuckle,172,0.1,0.3076923076923077
18095,woman,cloun,173,NA,NA
18096,woman,cold,174,0.14285714285714285,0.5
18097,woman,come,175,0.125,0.3076923076923077
18098,woman,along,175,0.125,0.2222222222222222
18099,woman,come,176,0.125,0.3076923076923077
18100,woman,on,176,0.125,0.2222222222222222
18101,woman,complaint,177,0.1,0.3076923076923077
18102,woman,confused,178,0.125,0.2222222222222222
18103,woman,confusion,179,0.1111111111111111,0.3333333333333333
18104,woman,coyness,180,0.1,0.3076923076923077
18105,woman,cozy,181,0.125,0.47058823529411764
18106,woman,damage,182,0.1111111111111111,0.3076923076923077
18107,woman,dancing,183,0.1111111111111111,0.2857142857142857
18108,woman,delight,184,0.125,0.3076923076923077
18109,woman,delighted,185,0.125,0.2222222222222222
18110,woman,disapproval,186,0.125,0.36363636363636365
18111,woman,distance,187,0.125,0.42857142857142855
18112,woman,distrust,188,0.125,0.36363636363636365
18113,woman,dog,189,0.16666666666666666,0.6666666666666666
18114,woman,dog,190,0.16666666666666666,0.6666666666666666
18115,woman,bark,190,0.1111111111111111,0.5
18116,woman,don't,191,NA,NA
18117,woman,know,191,0.125,0.2857142857142857
18118,woman,dont,192,NA,NA
18119,woman,know,192,0.125,0.2857142857142857
18120,woman,drunk,193,0.14285714285714285,0.6
18121,woman,enjoyment,194,0.1,0.3076923076923077
18122,woman,excited,195,0.125,0.2222222222222222
18123,woman,excitment,196,NA,NA
18124,woman,exclamation,197,0.1111111111111111,0.3333333333333333
18125,woman,exitement,198,NA,NA
18126,woman,expressing,199,0.125,0.2222222222222222
18127,woman,pleasant,199,0.125,0.2222222222222222
18128,woman,surprise,199,0.1111111111111111,0.3076923076923077
18129,woman,fairy,200,0.16666666666666666,0.631578947368421
18130,woman,fake,201,0.14285714285714285,0.6
18131,woman,italian,201,0.16666666666666666,0.631578947368421
18132,woman,family,202,0.2,0.6666666666666666
18133,woman,fantastic,203,0.125,0.2222222222222222
18134,woman,feeling,204,0.125,0.36363636363636365
18135,woman,giddy,204,0.125,0.2222222222222222
18136,woman,forlorn,205,0.125,0.2222222222222222
18137,woman,freaked,206,0.1,0.18181818181818182
18138,woman,freight,207,0.1,0.47058823529411764
18139,woman,frightened,208,0.125,0.2222222222222222
18140,woman,funny,209,0.125,0.3076923076923077
18141,woman,getting,210,0.125,0.3333333333333333
18142,woman,icy,210,0.125,0.2222222222222222
18143,woman,cold,210,0.14285714285714285,0.5
18144,woman,getting,211,0.125,0.3333333333333333
18145,woman,to,211,NA,NA
18146,woman,sleep,211,0.1111111111111111,0.3333333333333333
18147,woman,ghost,212,0.16666666666666666,0.631578947368421
18148,woman,giggle,213,0.1,0.3076923076923077
18149,woman,giggling,214,0.1,0.18181818181818182
18150,woman,giggly,215,NA,NA
18151,woman,girl,216,0.5,0.9473684210526315
18152,woman,goosebumps,217,0.09090909090909091,0.2857142857142857
18153,woman,got,218,0.125,0.2222222222222222
18154,woman,it,218,0.08333333333333333,0.26666666666666666
18155,woman,gtreetings,219,NA,NA
18156,woman,hahhhhhhhmrrrdddhhh,220,NA,NA
18157,woman,hahohohoho,221,NA,NA
18158,woman,hammanono,222,NA,NA
18159,woman,happiness,223,0.1111111111111111,0.3333333333333333
18160,woman,happy,224,0.125,0.2222222222222222
18161,woman,happy,225,0.125,0.2222222222222222
18162,woman,horse,225,0.1111111111111111,0.5
18163,woman,happy,226,0.125,0.2222222222222222
18164,woman,surprise,226,0.1111111111111111,0.3076923076923077
18165,woman,happy,227,0.125,0.2222222222222222
18166,woman,woman,227,1.0,1.0
18167,woman,"happy,",228,NA,NA
18168,woman,whimsical,228,0.125,0.2222222222222222
18169,woman,having,229,0.125,0.2222222222222222
18170,woman,fun,229,0.1111111111111111,0.3333333333333333
18171,woman,here,230,0.125,0.46153846153846156
18172,woman,i,230,0.16666666666666666,0.5454545454545454
18173,woman,come,230,0.125,0.3076923076923077
18174,woman,hhhmmmmmm,231,NA,NA
18175,woman,hmmhmmmmhmmhmhm,232,NA,NA
18176,woman,hold,233,0.125,0.4444444444444444
18177,woman,on,233,0.125,0.2222222222222222
18178,woman,holding,234,0.125,0.36363636363636365
18179,woman,someone,234,0.3333333333333333,0.75
18180,woman,back,234,0.14285714285714285,0.6
18181,woman,home,235,0.125,0.47058823529411764
18182,woman,alone,235,0.125,0.2222222222222222
18183,woman,honolulu,236,0.09090909090909091,0.375
18184,woman,horse,237,0.1111111111111111,0.5
18185,woman,horse,238,0.1111111111111111,0.5
18186,woman,neigh,238,0.1111111111111111,0.2857142857142857
18187,woman,horse,239,0.1111111111111111,0.5
18188,woman,neighing,239,0.1111111111111111,0.2
18189,woman,horse,240,0.1111111111111111,0.5
18190,woman,shy,240,0.125,0.2857142857142857
18191,woman,horse,241,0.1111111111111111,0.5
18192,woman,sound,241,0.125,0.36363636363636365
18193,woman,horse,242,0.1111111111111111,0.5
18194,woman,sounds,242,0.125,0.36363636363636365
18195,woman,how,243,NA,NA
18196,woman,are,243,0.125,0.3076923076923077
18197,woman,you,243,NA,NA
18198,woman,hu-hu-hu-hum,244,NA,NA
18199,woman,hum,245,0.1111111111111111,0.42857142857142855
18200,woman,humming,246,0.1111111111111111,0.2857142857142857
18201,woman,humming,247,0.1111111111111111,0.2857142857142857
18202,woman,with,247,NA,NA
18203,woman,excitement,247,0.09090909090909091,0.2857142857142857
18204,woman,hurry,248,0.1111111111111111,0.2857142857142857
18205,woman,hurt,249,0.125,0.3076923076923077
18206,woman,i,250,0.16666666666666666,0.5454545454545454
18207,woman,don't,250,NA,NA
18208,woman,know,250,0.125,0.2857142857142857
18209,woman,i'll,251,NA,NA
18210,woman,consider,251,0.125,0.2222222222222222
18211,woman,it,251,0.08333333333333333,0.26666666666666666
18212,woman,idiot,252,0.2,0.6666666666666666
18213,woman,idk,253,NA,NA
18214,woman,impatience,254,0.09090909090909091,0.2857142857142857
18215,woman,impersonating,255,0.09090909090909091,0.16666666666666666
18216,woman,in,256,0.125,0.3333333333333333
18217,woman,love,256,0.2,0.6666666666666666
18218,woman,information,257,0.16666666666666666,0.5454545454545454
18219,woman,interesting,258,0.125,0.2222222222222222
18220,woman,joke,259,0.1111111111111111,0.3333333333333333
18221,woman,lady,260,0.5,0.9473684210526315
18222,woman,laugh,261,0.1111111111111111,0.3333333333333333
18223,woman,laughing,262,0.125,0.2222222222222222
18224,woman,laughing,263,0.125,0.2222222222222222
18225,woman,horse,263,0.1111111111111111,0.5
18226,woman,laughter,264,0.1111111111111111,0.3333333333333333
18227,woman,laziness,265,0.1111111111111111,0.3333333333333333
18228,woman,let's,266,NA,NA
18229,woman,go,266,0.125,0.4
18230,woman,mama,267,0.1,0.5217391304347826
18231,woman,man,268,0.3333333333333333,0.7058823529411765
18232,woman,man,269,0.3333333333333333,0.7058823529411765
18233,woman,sound,269,0.125,0.36363636363636365
18234,woman,mananana,270,NA,NA
18235,woman,mocking,271,0.125,0.2222222222222222
18236,woman,mouth,272,0.16666666666666666,0.631578947368421
18237,woman,sound,272,0.125,0.36363636363636365
18238,woman,mumble,273,0.1111111111111111,0.3333333333333333
18239,woman,mumbling,274,0.08333333333333333,0.26666666666666666
18240,woman,murmur,275,0.1111111111111111,0.3076923076923077
18241,woman,nap,276,0.1111111111111111,0.4444444444444444
18242,woman,neighing,277,0.1111111111111111,0.2
18243,woman,noise,277,0.1111111111111111,0.3333333333333333
18244,woman,nooo,278,NA,NA
18245,woman,oeuhhh,279,NA,NA
18246,woman,oh,280,0.07692307692307693,0.3333333333333333
18247,woman,mo,280,0.1,0.3333333333333333
18248,woman,no,280,0.125,0.3333333333333333
18249,woman,no,280,0.125,0.3333333333333333
18250,woman,oh,281,0.07692307692307693,0.3333333333333333
18251,woman,my,281,NA,NA
18252,woman,oh,282,0.07692307692307693,0.3333333333333333
18253,woman,no,282,0.125,0.3333333333333333
18254,woman,oh,283,0.07692307692307693,0.3333333333333333
18255,woman,wow,283,0.1,0.3076923076923077
18256,woman,ohh,284,NA,NA
18257,woman,ohhh,285,NA,NA
18258,woman,ohhh,286,NA,NA
18259,woman,(surprise),286,NA,NA
18260,woman,omanora,287,NA,NA
18261,woman,ommmihhsss,288,NA,NA
18262,woman,omolola,289,NA,NA
18263,woman,omonono,290,NA,NA
18264,woman,ooh,291,0.1,0.18181818181818182
18265,woman,ooh,292,0.1,0.18181818181818182
18266,woman,excitement,292,0.09090909090909091,0.2857142857142857
18267,woman,oohhh,293,NA,NA
18268,woman,sound,293,0.125,0.36363636363636365
18269,woman,oooh,294,NA,NA
18270,woman,oooo,295,NA,NA
18271,woman,ooooh,296,NA,NA
18272,woman,oul,297,NA,NA
18273,woman,owl,298,0.1,0.5714285714285714
18274,woman,owww,299,NA,NA
18275,woman,playful,300,0.125,0.2222222222222222
18276,woman,smile,300,0.1,0.3076923076923077
18277,woman,pleasant,301,0.125,0.2222222222222222
18278,woman,pleasantly,302,0.125,0.2222222222222222
18279,woman,surprised,302,0.125,0.2222222222222222
18280,woman,pleased,303,0.125,0.2222222222222222
18281,woman,pleasur,304,NA,NA
18282,woman,pleasure,305,0.1111111111111111,0.3333333333333333
18283,woman,pomeroro,306,NA,NA
18284,woman,prolongued,307,NA,NA
18285,woman,whimper,307,0.1,0.26666666666666666
18286,woman,question,308,0.1111111111111111,0.4
18287,woman,questioning,309,0.125,0.2857142857142857
18288,woman,rabbit,310,0.09090909090909091,0.5217391304347826
18289,woman,realization,311,0.1,0.3076923076923077
18290,woman,relief,312,0.2,0.6666666666666666
18291,woman,relief,313,0.2,0.6666666666666666
18292,woman,and,313,NA,NA
18293,woman,pleasant,313,0.125,0.2222222222222222
18294,woman,surprise,313,0.1111111111111111,0.3076923076923077
18295,woman,sadness,314,0.125,0.36363636363636365
18296,woman,satisfaction,315,0.09090909090909091,0.2857142857142857
18297,woman,satisfaing,316,NA,NA
18298,woman,satisfied,317,0.125,0.2222222222222222
18299,woman,saying,318,0.125,0.3333333333333333
18300,woman,-,318,NA,NA
18301,woman,but,318,0.125,0.2222222222222222
18302,woman,why?,318,NA,NA
18303,woman,saying,319,0.125,0.3333333333333333
18304,woman,no,319,0.125,0.3333333333333333
18305,woman,scared,320,0.125,0.2222222222222222
18306,woman,shiver,321,0.1,0.2857142857142857
18307,woman,shivering,322,0.125,0.2857142857142857
18308,woman,shivering,323,0.125,0.2857142857142857
18309,woman,in,323,0.125,0.3333333333333333
18310,woman,cold,323,0.14285714285714285,0.5
18311,woman,shock,324,0.14285714285714285,0.5
18312,woman,shocked,325,0.125,0.2222222222222222
18313,woman,shuddering,326,0.125,0.2222222222222222
18314,woman,shy,327,0.125,0.2857142857142857
18315,woman,sigh,328,0.1111111111111111,0.3333333333333333
18316,woman,silliness,329,0.1111111111111111,0.3333333333333333
18317,woman,sing,330,0.1111111111111111,0.2
18318,woman,singing,331,0.125,0.2857142857142857
18319,woman,singing,332,0.125,0.2857142857142857
18320,woman,puppet,332,0.2,0.6666666666666666
18321,woman,song,332,0.1111111111111111,0.375
18322,woman,singing,333,0.125,0.2857142857142857
18323,woman,softly,333,0.125,0.2222222222222222
18324,woman,singing?,334,NA,NA
18325,woman,sinking,335,0.1111111111111111,0.2857142857142857
18326,woman,sleep,336,0.1111111111111111,0.3333333333333333
18327,woman,sleeping,337,0.125,0.3333333333333333
18328,woman,smiling,338,0.125,0.3076923076923077
18329,woman,snickering,339,0.1,0.18181818181818182
18330,woman,snoring,340,0.1111111111111111,0.3076923076923077
18331,woman,soft,341,0.125,0.2222222222222222
18332,woman,meh,341,NA,NA
18333,woman,meh,341,NA,NA
18334,woman,meh,341,NA,NA
18335,woman,ma,341,0.1,0.5217391304347826
18336,woman,something,342,NA,NA
18337,woman,is,342,0.125,0.2222222222222222
18338,woman,rolling,342,0.125,0.3076923076923077
18339,woman,something,343,NA,NA
18340,woman,tasty,343,0.125,0.2222222222222222
18341,woman,sound,344,0.125,0.36363636363636365
18342,woman,speaking,345,0.125,0.3333333333333333
18343,woman,speaking,346,0.125,0.3333333333333333
18344,woman,without,346,NA,NA
18345,woman,being,346,0.25,0.8
18346,woman,able,346,0.125,0.2222222222222222
18347,woman,strange,347,0.125,0.2222222222222222
18348,woman,suprise,348,NA,NA
18349,woman,suprised,349,NA,NA
18350,woman,surprise,350,0.1111111111111111,0.3076923076923077
18351,woman,surprise,351,0.1111111111111111,0.3076923076923077
18352,woman,expresion,351,NA,NA
18353,woman,"surprise,",352,NA,NA
18354,woman,unexpected,352,0.125,0.2222222222222222
18355,woman,surprised,353,0.125,0.2222222222222222
18356,woman,surprised,354,0.125,0.2222222222222222
18357,woman,gay,354,0.25,0.7058823529411765
18358,woman,man,354,0.3333333333333333,0.7058823529411765
18359,woman,surprised,355,0.125,0.2222222222222222
18360,woman,grunt,355,0.2,0.6666666666666666
18361,woman,surprised,356,0.125,0.2222222222222222
18362,woman,woman,356,1.0,1.0
18363,woman,taking,357,0.125,0.3076923076923077
18364,woman,care,357,0.1111111111111111,0.2857142857142857
18365,woman,talking,358,0.1,0.3076923076923077
18366,woman,teeheeee,359,NA,NA
18367,woman,tired,360,0.125,0.2222222222222222
18368,woman,titter,361,0.1,0.3076923076923077
18369,woman,trying,362,0.125,0.2222222222222222
18370,woman,to,362,NA,NA
18371,woman,laugh,362,0.1111111111111111,0.3333333333333333
18372,woman,uh-hmmm,363,NA,NA
18373,woman,uhh,364,NA,NA
18374,woman,uhhh,365,NA,NA
18375,woman,uhm,366,NA,NA
18376,woman,uhm,366,NA,NA
18377,woman,uhuhhhh,367,NA,NA
18378,woman,um,368,NA,NA
18379,woman,un,368,0.1111111111111111,0.42857142857142855
18380,woman,uno,368,NA,NA
18381,woman,ummadono,369,NA,NA
18382,woman,underarmour,370,NA,NA
18383,woman,understanding,371,0.125,0.3333333333333333
18384,woman,awe,371,0.1,0.3076923076923077
18385,woman,unintellible,372,NA,NA
18386,woman,noises,372,0.1111111111111111,0.3333333333333333
18387,woman,uuuuuuuu,373,NA,NA
18388,woman,vamos,374,NA,NA
18389,woman,uno,374,NA,NA
18390,woman,waking,375,0.125,0.26666666666666666
18391,woman,up,375,0.125,0.2222222222222222
18392,woman,warming,376,0.125,0.3333333333333333
18393,woman,up,376,0.125,0.2222222222222222
18394,woman,went,377,0.125,0.2222222222222222
18395,woman,that,377,NA,NA
18396,woman,way,377,0.125,0.5333333333333333
18397,woman,what,378,NA,NA
18398,woman,whine,379,0.1111111111111111,0.26666666666666666
18399,woman,whoooo,380,NA,NA
18400,woman,witch,381,0.3333333333333333,0.9
18401,woman,woman,382,1.0,1.0
18402,woman,calling,382,0.125,0.2857142857142857
18403,woman,someone,382,0.3333333333333333,0.75
18404,woman,wondering,383,0.125,0.2222222222222222
18405,woman,woo,384,0.125,0.2222222222222222
18406,woman,woohoo,385,NA,NA
18407,woman,woooah,386,NA,NA
18408,woman,woooh,387,NA,NA
18409,woman,worried,388,0.125,0.2222222222222222
18410,woman,worried,389,0.125,0.2222222222222222
18411,woman,for,389,NA,NA
18412,woman,someone,389,0.3333333333333333,0.75
18413,woman,or,389,0.08333333333333333,0.42105263157894735
18414,woman,showing,389,0.125,0.36363636363636365
18415,woman,empathy,389,0.1,0.3076923076923077
18416,woman,worry,390,0.125,0.2857142857142857
18417,woman,wow,391,0.1,0.3076923076923077
18418,woman,wowowow,392,NA,NA
18419,woman,yawn,393,0.1111111111111111,0.2857142857142857
18420,woman,yawning,394,0.125,0.2857142857142857
18421,woman,yawning/stretching,395,NA,NA
18422,woman,yelp,396,0.1,0.2857142857142857
18423,woman,young,397,0.2,0.7058823529411765
18424,woman,,398,0.125,0.5714285714285714
